1.046853290200000e-05 1.952864802382905e+05 1.952864802382905e+05 0.000000000000000e+00 0.000000000000000e+00 0.000000000000000e+00 1.952864835027967e+05 0.000000000000000e+00 0.000000000000000e+00 0.000000000000000e+00 1.943973709307700e+05 1.943973709307700e+05 0.000000000000000e+00
1.052896840198000e-05 1.952864800802188e+05 1.952864800802188e+05 0.000000000000000e+00 0.000000000000000e+00 0.000000000000000e+00 1.952864834231564e+05 0.000000000000000e+00 0.000000000000000e+00 0.000000000000000e+00 1.943973707912033e+05 1.943973707912033e+05 0.000000000000000e+00
1.058975279991000e-05 1.952864791174889e+05 1.952864791174889e+05 0.000000000000000e+00 0.000000000000000e+00 0.000000000000000e+00 1.952864825392644e+05 0.000000000000000e+00 0.000000000000000e+00 0.000000000000000e+00 1.943973317171194e+05 1.943973317171194e+05 0.000000000000000e+00
1.065088811000000e-05 1.952864791454410e+05 1.952864791454410e+05 0.000000000000000e+00 0.000000000000000e+00 0.000000000000000e+00 1.952864826466402e+05 0.000000000000000e+00 0.000000000000000e+00 0.000000000000000e+00 1.943973276179924e+05 1.943973276179924e+05 0.000000000000000e+00
1.071237635808000e-05 1.952864791663339e+05 1.952864791663339e+05 0.000000000000000e+00 0.000000000000000e+00 0.000000000000000e+00 1.952864827480360e+05 0.000000000000000e+00 0.000000000000000e+00 0.000000000000000e+00 1.943973243765757e+05 1.943973243765757e+05 0.000000000000000e+00
1.077421958170000e-05 1.952864804945691e+05 1.952864804945691e+05 0.000000000000000e+00 0.000000000000000e+00 0.000000000000000e+00 1.952864841579876e+05 0.000000000000000e+00 0.000000000000000e+00 0.000000000000000e+00 1.943973192898186e+05 1.943973192898186e+05 0.000000000000000e+00
1.083641983014000e-05 1.952864804313306e+05 1.952864804313306e+05 0.000000000000000e+00 0.000000000000000e+00 0.000000000000000e+00 1.952864841771265e+05 0.000000000000000e+00 0.000000000000000e+00 0.000000000000000e+00 1.943973187611011e+05 1.943973187611011e+05 0.000000000000000e+00
1.089897916453000e-05 1.952864803425561e+05 1.952864803425561e+05 0.000000000000000e+00 0.000000000000000e+00 0.000000000000000e+00 1.952864841717988e+05 0.000000000000000e+00 0.000000000000000e+00 0.000000000000000e+00 1.943973198060559e+05 1.943973198060559e+05 0.000000000000000e+00
1.096189965790000e-05 1.952864802247403e+05 1.952864802247403e+05 0.000000000000000e+00 0.000000000000000e+00 0.000000000000000e+00 1.952864841385788e+05 0.000000000000000e+00 0.000000000000000e+00 0.000000000000000e+00 1.943973227696065e+05 1.943973227696065e+05 0.000000000000000e+00
1.102518339524000e-05 1.952864800477236e+05 1.952864800477236e+05 0.000000000000000e+00 0.000000000000000e+00 0.000000000000000e+00 1.952864840469241e+05 0.000000000000000e+00 0.000000000000000e+00 0.000000000000000e+00 1.943973206367104e+05 1.943973206367104e+05 0.000000000000000e+00
1.108883247359000e-05 1.952864782686398e+05 1.952864782686398e+05 0.000000000000000e+00 0.000000000000000e+00 0.000000000000000e+00 1.952864823542046e+05 0.000000000000000e+00 0.000000000000000e+00 0.000000000000000e+00 1.943973190066467e+05 1.943973190066467e+05 0.000000000000000e+00
1.115284900208000e-05 1.952864782078035e+05 1.952864782078035e+05 0.000000000000000e+00 0.000000000000000e+00 0.000000000000000e+00 1.952864823809594e+05 0.000000000000000e+00 0.000000000000000e+00 0.000000000000000e+00 1.943973160009322e+05 1.943973160009322e+05 0.000000000000000e+00
1.121723510201000e-05 1.952864780340419e+05 1.952864780340419e+05 0.000000000000000e+00 0.000000000000000e+00 0.000000000000000e+00 1.952864822969655e+05 0.000000000000000e+00 0.000000000000000e+00 0.000000000000000e+00 1.943973152783699e+05 1.943973152783699e+05 0.000000000000000e+00
1.128199290696000e-05 1.952864778040808e+05 1.952864778040808e+05 0.000000000000000e+00 0.000000000000000e+00 0.000000000000000e+00 1.952864821546074e+05 0.000000000000000e+00 0.000000000000000e+00 0.000000000000000e+00 1.943973140185489e+05 1.943973140185489e+05 0.000000000000000e+00
1.134712456280000e-05 1.952864775888313e+05 1.952864775888313e+05 0.000000000000000e+00 0.000000000000000e+00 0.000000000000000e+00 1.952864820304472e+05 0.000000000000000e+00 0.000000000000000e+00 0.000000000000000e+00 1.943973136888146e+05 1.943973136888146e+05 0.000000000000000e+00
1.141263222779000e-05 1.952864773834740e+05 1.952864773834740e+05 0.000000000000000e+00 0.000000000000000e+00 0.000000000000000e+00 1.952864819165143e+05 0.000000000000000e+00 0.000000000000000e+00 0.000000000000000e+00 1.943973211474374e+05 1.943973211474374e+05 0.000000000000000e+00
1.147851807266000e-05 1.952864770832211e+05 1.952864770832211e+05 0.000000000000000e+00 0.000000000000000e+00 0.000000000000000e+00 1.952864817089526e+05 0.000000000000000e+00 0.000000000000000e+00 0.000000000000000e+00 1.943973145647836e+05 1.943973145647836e+05 0.000000000000000e+00
1.154478428066000e-05 1.952864767316755e+05 1.952864767316755e+05 0.000000000000000e+00 0.000000000000000e+00 0.000000000000000e+00 1.952864814510006e+05 0.000000000000000e+00 0.000000000000000e+00 0.000000000000000e+00 1.943973248773099e+05 1.943973248773099e+05 0.000000000000000e+00
1.161143304765000e-05 1.952864763646093e+05 1.952864763646093e+05 0.000000000000000e+00 0.000000000000000e+00 0.000000000000000e+00 1.952864811784936e+05 0.000000000000000e+00 0.000000000000000e+00 0.000000000000000e+00 1.943973307818035e+05 1.943973307818035e+05 0.000000000000000e+00
1.167846658217000e-05 1.952864759289687e+05 1.952864759289687e+05 0.000000000000000e+00 0.000000000000000e+00 0.000000000000000e+00 1.952864808387090e+05 0.000000000000000e+00 0.000000000000000e+00 0.000000000000000e+00 1.943973040585042e+05 1.943973040585042e+05 0.000000000000000e+00
1.174588710552000e-05 1.952864756245728e+05 1.952864756245728e+05 0.000000000000000e+00 0.000000000000000e+00 0.000000000000000e+00 1.952864806312428e+05 0.000000000000000e+00 0.000000000000000e+00 0.000000000000000e+00 1.943973026317646e+05 1.943973026317646e+05 0.000000000000000e+00
1.181369685179000e-05 1.952864752846263e+05 1.952864752846263e+05 0.000000000000000e+00 0.000000000000000e+00 0.000000000000000e+00 1.952864803893507e+05 0.000000000000000e+00 0.000000000000000e+00 0.000000000000000e+00 1.943973015038939e+05 1.943973015038939e+05 0.000000000000000e+00
1.188189806800000e-05 1.952864748076311e+05 1.952864748076311e+05 0.000000000000000e+00 0.000000000000000e+00 0.000000000000000e+00 1.952864800115819e+05 0.000000000000000e+00 0.000000000000000e+00 0.000000000000000e+00 1.943973232740178e+05 1.943973232740178e+05 0.000000000000000e+00
1.195049301412000e-05 1.952864744564917e+05 1.952864744564917e+05 0.000000000000000e+00 0.000000000000000e+00 0.000000000000000e+00 1.952864797608844e+05 0.000000000000000e+00 0.000000000000000e+00 0.000000000000000e+00 1.943973002772110e+05 1.943973002772110e+05 0.000000000000000e+00
1.201948396320000e-05 1.952864741087620e+05 1.952864741087620e+05 0.000000000000000e+00 0.000000000000000e+00 0.000000000000000e+00 1.952864795147238e+05 0.000000000000000e+00 0.000000000000000e+00 0.000000000000000e+00 1.943973002176029e+05 1.943973002176029e+05 0.000000000000000e+00
1.208887320136000e-05 1.952864641938182e+05 1.952864641938182e+05 0.000000000000000e+00 0.000000000000000e+00 0.000000000000000e+00 1.952864697025172e+05 0.000000000000000e+00 0.000000000000000e+00 0.000000000000000e+00 1.943974059332474e+05 1.943974059332474e+05 0.000000000000000e+00
1.215866302798000e-05 1.952864636422154e+05 1.952864636422154e+05 0.000000000000000e+00 0.000000000000000e+00 0.000000000000000e+00 1.952864692546062e+05 0.000000000000000e+00 0.000000000000000e+00 0.000000000000000e+00 1.943974014202493e+05 1.943974014202493e+05 0.000000000000000e+00
1.222885575565000e-05 1.952864629339975e+05 1.952864629339975e+05 0.000000000000000e+00 0.000000000000000e+00 0.000000000000000e+00 1.952864686515737e+05 0.000000000000000e+00 0.000000000000000e+00 0.000000000000000e+00 1.943973939343497e+05 1.943973939343497e+05 0.000000000000000e+00
1.229945371037000e-05 1.952864629849592e+05 1.952864629849592e+05 0.000000000000000e+00 0.000000000000000e+00 0.000000000000000e+00 1.952864688088687e+05 0.000000000000000e+00 0.000000000000000e+00 0.000000000000000e+00 1.943974068351594e+05 1.943974068351594e+05 0.000000000000000e+00
1.237045923153000e-05 1.952864623493157e+05 1.952864623493157e+05 0.000000000000000e+00 0.000000000000000e+00 0.000000000000000e+00 1.952864682821931e+05 0.000000000000000e+00 0.000000000000000e+00 0.000000000000000e+00 1.943974047303177e+05 1.943974047303177e+05 0.000000000000000e+00
1.244187467203000e-05 1.952864616018355e+05 1.952864616018355e+05 0.000000000000000e+00 0.000000000000000e+00 0.000000000000000e+00 1.952864676423402e+05 0.000000000000000e+00 0.000000000000000e+00 0.000000000000000e+00 1.943974000805958e+05 1.943974000805958e+05 0.000000000000000e+00
1.251370239837000e-05 1.952864609081394e+05 1.952864609081394e+05 0.000000000000000e+00 0.000000000000000e+00 0.000000000000000e+00 1.952864670593078e+05 0.000000000000000e+00 0.000000000000000e+00 0.000000000000000e+00 1.943973947735072e+05 1.943973947735072e+05 0.000000000000000e+00
1.258594479070000e-05 1.952864602165052e+05 1.952864602165052e+05 0.000000000000000e+00 0.000000000000000e+00 0.000000000000000e+00 1.952864664789937e+05 0.000000000000000e+00 0.000000000000000e+00 0.000000000000000e+00 1.943973913298325e+05 1.943973913298325e+05 0.000000000000000e+00
1.265860424292000e-05 1.952864594033379e+05 1.952864594033379e+05 0.000000000000000e+00 0.000000000000000e+00 0.000000000000000e+00 1.952864657769171e+05 0.000000000000000e+00 0.000000000000000e+00 0.000000000000000e+00 1.943973833129992e+05 1.943973833129992e+05 0.000000000000000e+00
1.273168316272000e-05 1.952864586902180e+05 1.952864586902180e+05 0.000000000000000e+00 0.000000000000000e+00 0.000000000000000e+00 1.952864651771314e+05 0.000000000000000e+00 0.000000000000000e+00 0.000000000000000e+00 1.943973848807331e+05 1.943973848807331e+05 0.000000000000000e+00
1.280518397174000e-05 1.952864580160404e+05 1.952864580160404e+05 0.000000000000000e+00 0.000000000000000e+00 0.000000000000000e+00 1.952864646217944e+05 0.000000000000000e+00 0.000000000000000e+00 0.000000000000000e+00 1.943973819071129e+05 1.943973819071129e+05 0.000000000000000e+00
1.287910910556000e-05 1.952864573103760e+05 1.952864573103760e+05 0.000000000000000e+00 0.000000000000000e+00 0.000000000000000e+00 1.952864640316237e+05 0.000000000000000e+00 0.000000000000000e+00 0.000000000000000e+00 1.943973730112594e+05 1.943973730112594e+05 0.000000000000000e+00
1.295346101383000e-05 1.952864566257214e+05 1.952864566257214e+05 0.000000000000000e+00 0.000000000000000e+00 0.000000000000000e+00 1.952864634647014e+05 0.000000000000000e+00 0.000000000000000e+00 0.000000000000000e+00 1.943973653667882e+05 1.943973653667882e+05 0.000000000000000e+00
1.302824216035000e-05 1.952864558648532e+05 1.952864558648532e+05 0.000000000000000e+00 0.000000000000000e+00 0.000000000000000e+00 1.952864628242185e+05 0.000000000000000e+00 0.000000000000000e+00 0.000000000000000e+00 1.943973565783558e+05 1.943973565783558e+05 0.000000000000000e+00
1.310345502315000e-05 1.952864552215075e+05 1.952864552215075e+05 0.000000000000000e+00 0.000000000000000e+00 0.000000000000000e+00 1.952864623014949e+05 0.000000000000000e+00 0.000000000000000e+00 0.000000000000000e+00 1.943973463942333e+05 1.943973463942333e+05 0.000000000000000e+00
1.317910209454000e-05 1.952864545062873e+05 1.952864545062873e+05 0.000000000000000e+00 0.000000000000000e+00 0.000000000000000e+00 1.952864617063203e+05 0.000000000000000e+00 0.000000000000000e+00 0.000000000000000e+00 1.943973351500451e+05 1.943973351500451e+05 0.000000000000000e+00
1.325518588124000e-05 1.952864537813321e+05 1.952864537813321e+05 0.000000000000000e+00 0.000000000000000e+00 0.000000000000000e+00 1.952864611062859e+05 0.000000000000000e+00 0.000000000000000e+00 0.000000000000000e+00 1.943973703141704e+05 1.943973703141704e+05 0.000000000000000e+00
1.333170890443000e-05 1.952864530024477e+05 1.952864530024477e+05 0.000000000000000e+00 0.000000000000000e+00 0.000000000000000e+00 1.952864604526935e+05 0.000000000000000e+00 0.000000000000000e+00 0.000000000000000e+00 1.943973673592897e+05 1.943973673592897e+05 0.000000000000000e+00
1.340867369985000e-05 1.952864521597528e+05 1.952864521597528e+05 0.000000000000000e+00 0.000000000000000e+00 0.000000000000000e+00 1.952864597366205e+05 0.000000000000000e+00 0.000000000000000e+00 0.000000000000000e+00 1.943973653069032e+05 1.943973653069032e+05 0.000000000000000e+00
1.348608281789000e-05 1.952864511443819e+05 1.952864511443819e+05 0.000000000000000e+00 0.000000000000000e+00 0.000000000000000e+00 1.952864588467501e+05 0.000000000000000e+00 0.000000000000000e+00 0.000000000000000e+00 1.943973628823482e+05 1.943973628823482e+05 0.000000000000000e+00
1.356393882365000e-05 1.952864504263576e+05 1.952864504263576e+05 0.000000000000000e+00 0.000000000000000e+00 0.000000000000000e+00 1.952864582580226e+05 0.000000000000000e+00 0.000000000000000e+00 0.000000000000000e+00 1.943973638252163e+05 1.943973638252163e+05 0.000000000000000e+00
1.364224429703000e-05 1.952864493002117e+05 1.952864493002117e+05 0.000000000000000e+00 0.000000000000000e+00 0.000000000000000e+00 1.952864572599948e+05 0.000000000000000e+00 0.000000000000000e+00 0.000000000000000e+00 1.943973595940745e+05 1.943973595940745e+05 0.000000000000000e+00
1.372100183284000e-05 1.952864482784462e+05 1.952864482784462e+05 0.000000000000000e+00 0.000000000000000e+00 0.000000000000000e+00 1.952864563730285e+05 0.000000000000000e+00 0.000000000000000e+00 0.000000000000000e+00 1.943973581796829e+05 1.943973581796829e+05 0.000000000000000e+00
1.380021404087000e-05 1.952864472429075e+05 1.952864472429075e+05 0.000000000000000e+00 0.000000000000000e+00 0.000000000000000e+00 1.952864554705949e+05 0.000000000000000e+00 0.000000000000000e+00 0.000000000000000e+00 1.943973573318403e+05 1.943973573318403e+05 0.000000000000000e+00
1.387988354596000e-05 1.952864462176937e+05 1.952864462176937e+05 0.000000000000000e+00 0.000000000000000e+00 0.000000000000000e+00 1.952864545810217e+05 0.000000000000000e+00 0.000000000000000e+00 0.000000000000000e+00 1.943973023912636e+05 1.943973023912636e+05 0.000000000000000e+00
1.396001298813000e-05 1.952864456349343e+05 1.952864456349343e+05 0.000000000000000e+00 0.000000000000000e+00 0.000000000000000e+00 1.952864541378095e+05 0.000000000000000e+00 0.000000000000000e+00 0.000000000000000e+00 1.943973612095008e+05 1.943973612095008e+05 0.000000000000000e+00
1.404060502262000e-05 1.952864447154001e+05 1.952864447154001e+05 0.000000000000000e+00 0.000000000000000e+00 0.000000000000000e+00 1.952864533539082e+05 0.000000000000000e+00 0.000000000000000e+00 0.000000000000000e+00 1.943973591576446e+05 1.943973591576446e+05 0.000000000000000e+00
1.412166231999000e-05 1.952864436252416e+05 1.952864436252416e+05 0.000000000000000e+00 0.000000000000000e+00 0.000000000000000e+00 1.952864524069760e+05 0.000000000000000e+00 0.000000000000000e+00 0.000000000000000e+00 1.943972861162500e+05 1.943972861162500e+05 0.000000000000000e+00
1.420318756626000e-05 1.952864426767654e+05 1.952864426767654e+05 0.000000000000000e+00 0.000000000000000e+00 0.000000000000000e+00 1.952864515993380e+05 0.000000000000000e+00 0.000000000000000e+00 0.000000000000000e+00 1.943973556466460e+05 1.943973556466460e+05 0.000000000000000e+00
1.428518346290000e-05 1.952864417776898e+05 1.952864417776898e+05 0.000000000000000e+00 0.000000000000000e+00 0.000000000000000e+00 1.952864508427245e+05 0.000000000000000e+00 0.000000000000000e+00 0.000000000000000e+00 1.943973429777595e+05 1.943973429777595e+05 0.000000000000000e+00
1.436765272703000e-05 1.952864407981545e+05 1.952864407981545e+05 0.000000000000000e+00 0.000000000000000e+00 0.000000000000000e+00 1.952864500093077e+05 0.000000000000000e+00 0.000000000000000e+00 0.000000000000000e+00 1.943973391917968e+05 1.943973391917968e+05 0.000000000000000e+00
1.445059809141000e-05 1.952864398231617e+05 1.952864398231617e+05 0.000000000000000e+00 0.000000000000000e+00 0.000000000000000e+00 1.952864491807857e+05 0.000000000000000e+00 0.000000000000000e+00 0.000000000000000e+00 1.943973487998453e+05 1.943973487998453e+05 0.000000000000000e+00
1.453402230460000e-05 1.952864389205780e+05 1.952864389205780e+05 0.000000000000000e+00 0.000000000000000e+00 0.000000000000000e+00 1.952864484251178e+05 0.000000000000000e+00 0.000000000000000e+00 0.000000000000000e+00 1.943973460727749e+05 1.943973460727749e+05 0.000000000000000e+00
1.461792813103000e-05 1.952864377522647e+05 1.952864377522647e+05 0.000000000000000e+00 0.000000000000000e+00 0.000000000000000e+00 1.952864474103283e+05 0.000000000000000e+00 0.000000000000000e+00 0.000000000000000e+00 1.943973369025913e+05 1.943973369025913e+05 0.000000000000000e+00
1.470231835109000e-05 1.952864367812436e+05 1.952864367812436e+05 0.000000000000000e+00 0.000000000000000e+00 0.000000000000000e+00 1.952864465902162e+05 0.000000000000000e+00 0.000000000000000e+00 0.000000000000000e+00 1.943973420908605e+05 1.943973420908605e+05 0.000000000000000e+00
1.478719576120000e-05 1.952864357534102e+05 1.952864357534102e+05 0.000000000000000e+00 0.000000000000000e+00 0.000000000000000e+00 1.952864457151032e+05 0.000000000000000e+00 0.000000000000000e+00 0.000000000000000e+00 1.943973394776790e+05 1.943973394776790e+05 0.000000000000000e+00
1.487256317395000e-05 1.952864346666925e+05 1.952864346666925e+05 0.000000000000000e+00 0.000000000000000e+00 0.000000000000000e+00 1.952864447846260e+05 0.000000000000000e+00 0.000000000000000e+00 0.000000000000000e+00 1.943973368675289e+05 1.943973368675289e+05 0.000000000000000e+00
1.495842341815000e-05 1.952864335726061e+05 1.952864335726061e+05 0.000000000000000e+00 0.000000000000000e+00 0.000000000000000e+00 1.952864438447164e+05 0.000000000000000e+00 0.000000000000000e+00 0.000000000000000e+00 1.943973346726651e+05 1.943973346726651e+05 0.000000000000000e+00
1.504477933895000e-05 1.952864324722868e+05 1.952864324722868e+05 0.000000000000000e+00 0.000000000000000e+00 0.000000000000000e+00 1.952864429058468e+05 0.000000000000000e+00 0.000000000000000e+00 0.000000000000000e+00 1.943973324027834e+05 1.943973324027834e+05 0.000000000000000e+00
1.513163379792000e-05 1.952864313292635e+05 1.952864313292635e+05 0.000000000000000e+00 0.000000000000000e+00 0.000000000000000e+00 1.952864419231194e+05 0.000000000000000e+00 0.000000000000000e+00 0.000000000000000e+00 1.943973222691582e+05 1.943973222691582e+05 0.000000000000000e+00
1.521898967315000e-05 1.952864303024441e+05 1.952864303024441e+05 0.000000000000000e+00 0.000000000000000e+00 0.000000000000000e+00 1.952864410598878e+05 0.000000000000000e+00 0.000000000000000e+00 0.000000000000000e+00 1.943973207177405e+05 1.943973207177405e+05 0.000000000000000e+00
1.530684985936000e-05 1.952864291186072e+05 1.952864291186072e+05 0.000000000000000e+00 0.000000000000000e+00 0.000000000000000e+00 1.952864400375927e+05 0.000000000000000e+00 0.000000000000000e+00 0.000000000000000e+00 1.943973181422284e+05 1.943973181422284e+05 0.000000000000000e+00
1.539521726796000e-05 1.952864279823665e+05 1.952864279823665e+05 0.000000000000000e+00 0.000000000000000e+00 0.000000000000000e+00 1.952864390721076e+05 0.000000000000000e+00 0.000000000000000e+00 0.000000000000000e+00 1.943973210205363e+05 1.943973210205363e+05 0.000000000000000e+00
1.548409482717000e-05 1.952864267503680e+05 1.952864267503680e+05 0.000000000000000e+00 0.000000000000000e+00 0.000000000000000e+00 1.952864380067625e+05 0.000000000000000e+00 0.000000000000000e+00 0.000000000000000e+00 1.943973142160490e+05 1.943973142160490e+05 0.000000000000000e+00
1.557348548213000e-05 1.952864255814281e+05 1.952864255814281e+05 0.000000000000000e+00 0.000000000000000e+00 0.000000000000000e+00 1.952864370082321e+05 0.000000000000000e+00 0.000000000000000e+00 0.000000000000000e+00 1.943973106793888e+05 1.943973106793888e+05 0.000000000000000e+00
1.566339219498000e-05 1.952864242742208e+05 1.952864242742208e+05 0.000000000000000e+00 0.000000000000000e+00 0.000000000000000e+00 1.952864358735427e+05 0.000000000000000e+00 0.000000000000000e+00 0.000000000000000e+00 1.943973094177289e+05 1.943973094177289e+05 0.000000000000000e+00
1.575381794494000e-05 1.952864230456333e+05 1.952864230456333e+05 0.000000000000000e+00 0.000000000000000e+00 0.000000000000000e+00 1.952864348165852e+05 0.000000000000000e+00 0.000000000000000e+00 0.000000000000000e+00 1.943973139801575e+05 1.943973139801575e+05 0.000000000000000e+00
1.584476572845000e-05 1.952864216160567e+05 1.952864216160567e+05 0.000000000000000e+00 0.000000000000000e+00 0.000000000000000e+00 1.952864335667099e+05 0.000000000000000e+00 0.000000000000000e+00 0.000000000000000e+00 1.943973167473081e+05 1.943973167473081e+05 0.000000000000000e+00
1.593623855925000e-05 1.952864201275730e+05 1.952864201275730e+05 0.000000000000000e+00 0.000000000000000e+00 0.000000000000000e+00 1.952864322554847e+05 0.000000000000000e+00 0.000000000000000e+00 0.000000000000000e+00 1.943973034840904e+05 1.943973034840904e+05 0.000000000000000e+00
1.602823946847000e-05 1.952864188680859e+05 1.952864188680859e+05 0.000000000000000e+00 0.000000000000000e+00 0.000000000000000e+00 1.952864311770180e+05 0.000000000000000e+00 0.000000000000000e+00 0.000000000000000e+00 1.943973103604490e+05 1.943973103604490e+05 0.000000000000000e+00
1.612077150472000e-05 1.952864172775005e+05 1.952864172775005e+05 0.000000000000000e+00 0.000000000000000e+00 0.000000000000000e+00 1.952864297694995e+05 0.000000000000000e+00 0.000000000000000e+00 0.000000000000000e+00 1.943973025223110e+05 1.943973025223110e+05 0.000000000000000e+00
1.621383773426000e-05 1.952864160358368e+05 1.952864160358368e+05 0.000000000000000e+00 0.000000000000000e+00 0.000000000000000e+00 1.952864287121544e+05 0.000000000000000e+00 0.000000000000000e+00 0.000000000000000e+00 1.943973121784074e+05 1.943973121784074e+05 0.000000000000000e+00
1.630744124100000e-05 1.952864144941437e+05 1.952864144941437e+05 0.000000000000000e+00 0.000000000000000e+00 0.000000000000000e+00 1.952864273553402e+05 0.000000000000000e+00 0.000000000000000e+00 0.000000000000000e+00 1.943973010821171e+05 1.943973010821171e+05 0.000000000000000e+00
1.640158512668000e-05 1.952864132298189e+05 1.952864132298189e+05 0.000000000000000e+00 0.000000000000000e+00 0.000000000000000e+00 1.952864262823430e+05 0.000000000000000e+00 0.000000000000000e+00 0.000000000000000e+00 1.943973040009803e+05 1.943973040009803e+05 0.000000000000000e+00
1.649627251094000e-05 1.952864117370188e+05 1.952864117370188e+05 0.000000000000000e+00 0.000000000000000e+00 0.000000000000000e+00 1.952864249803259e+05 0.000000000000000e+00 0.000000000000000e+00 0.000000000000000e+00 1.943972925385418e+05 1.943972925385418e+05 0.000000000000000e+00
1.659150653144000e-05 1.952864102720556e+05 1.952864102720556e+05 0.000000000000000e+00 0.000000000000000e+00 0.000000000000000e+00 1.952864237085580e+05 0.000000000000000e+00 0.000000000000000e+00 0.000000000000000e+00 1.943973048584090e+05 1.943973048584090e+05 0.000000000000000e+00
1.668729034394000e-05 1.952864088160891e+05 1.952864088160891e+05 0.000000000000000e+00 0.000000000000000e+00 0.000000000000000e+00 1.952864224496199e+05 0.000000000000000e+00 0.000000000000000e+00 0.000000000000000e+00 1.943973021101824e+05 1.943973021101824e+05 0.000000000000000e+00
1.678362712243000e-05 1.952864074487966e+05 1.952864074487966e+05 0.000000000000000e+00 0.000000000000000e+00 0.000000000000000e+00 1.952864212812495e+05 0.000000000000000e+00 0.000000000000000e+00 0.000000000000000e+00 1.943972769624629e+05 1.943972769624629e+05 0.000000000000000e+00
1.688052005920000e-05 1.952864211130399e+05 1.952864211130399e+05 0.000000000000000e+00 0.000000000000000e+00 0.000000000000000e+00 1.952864351422405e+05 0.000000000000000e+00 0.000000000000000e+00 0.000000000000000e+00 1.943972244641650e+05 1.943972244641650e+05 0.000000000000000e+00
1.697797236501000e-05 1.952864046169815e+05 1.952864046169815e+05 0.000000000000000e+00 0.000000000000000e+00 0.000000000000000e+00 1.952864188507696e+05 0.000000000000000e+00 0.000000000000000e+00 0.000000000000000e+00 1.943972629283540e+05 1.943972629283540e+05 0.000000000000000e+00
1.707598726911000e-05 1.952864031497795e+05 1.952864031497795e+05 0.000000000000000e+00 0.000000000000000e+00 0.000000000000000e+00 1.952864175885031e+05 0.000000000000000e+00 0.000000000000000e+00 0.000000000000000e+00 1.943972560509567e+05 1.943972560509567e+05 0.000000000000000e+00
1.717456801943000e-05 1.952864026869370e+05 1.952864026869370e+05 0.000000000000000e+00 0.000000000000000e+00 0.000000000000000e+00 1.952864173308309e+05 0.000000000000000e+00 0.000000000000000e+00 0.000000000000000e+00 1.943972566401796e+05 1.943972566401796e+05 0.000000000000000e+00
1.727371788264000e-05 1.952864010624095e+05 1.952864010624095e+05 0.000000000000000e+00 0.000000000000000e+00 0.000000000000000e+00 1.952864159177524e+05 0.000000000000000e+00 0.000000000000000e+00 0.000000000000000e+00 1.943972539581349e+05 1.943972539581349e+05 0.000000000000000e+00
1.737344014425000e-05 1.952863994819828e+05 1.952863994819828e+05 0.000000000000000e+00 0.000000000000000e+00 0.000000000000000e+00 1.952864145487135e+05 0.000000000000000e+00 0.000000000000000e+00 0.000000000000000e+00 1.943972872563451e+05 1.943972872563451e+05 0.000000000000000e+00
1.747373810876000e-05 1.952863979038526e+05 1.952863979038526e+05 0.000000000000000e+00 0.000000000000000e+00 0.000000000000000e+00 1.952864131831432e+05 0.000000000000000e+00 0.000000000000000e+00 0.000000000000000e+00 1.943972841267228e+05 1.943972841267228e+05 0.000000000000000e+00
1.757461509973000e-05 1.952863965593588e+05 1.952863965593588e+05 0.000000000000000e+00 0.000000000000000e+00 0.000000000000000e+00 1.952864120567999e+05 0.000000000000000e+00 0.000000000000000e+00 0.000000000000000e+00 1.943972827374414e+05 1.943972827374414e+05 0.000000000000000e+00
1.767607445994000e-05 1.952863948905766e+05 1.952863948905766e+05 0.000000000000000e+00 0.000000000000000e+00 0.000000000000000e+00 1.952864106102138e+05 0.000000000000000e+00 0.000000000000000e+00 0.000000000000000e+00 1.943972743554267e+05 1.943972743554267e+05 0.000000000000000e+00
1.777811955142000e-05 1.952863931098992e+05 1.952863931098992e+05 0.000000000000000e+00 0.000000000000000e+00 0.000000000000000e+00 1.952864090512467e+05 0.000000000000000e+00 0.000000000000000e+00 0.000000000000000e+00 1.943972721768458e+05 1.943972721768458e+05 0.000000000000000e+00
1.788075375564000e-05 1.952863914208726e+05 1.952863914208726e+05 0.000000000000000e+00 0.000000000000000e+00 0.000000000000000e+00 1.952864075859611e+05 0.000000000000000e+00 0.000000000000000e+00 0.000000000000000e+00 1.943972670110303e+05 1.943972670110303e+05 0.000000000000000e+00
1.798398047359000e-05 1.952863896428623e+05 1.952863896428623e+05 0.000000000000000e+00 0.000000000000000e+00 0.000000000000000e+00 1.952864060360655e+05 0.000000000000000e+00 0.000000000000000e+00 0.000000000000000e+00 1.943972628832196e+05 1.943972628832196e+05 0.000000000000000e+00
1.808780312589000e-05 1.952863878534969e+05 1.952863878534969e+05 0.000000000000000e+00 0.000000000000000e+00 0.000000000000000e+00 1.952864044751847e+05 0.000000000000000e+00 0.000000000000000e+00 0.000000000000000e+00 1.943972618918584e+05 1.943972618918584e+05 0.000000000000000e+00
1.819222515289000e-05 1.952863860937229e+05 1.952863860937229e+05 0.000000000000000e+00 0.000000000000000e+00 0.000000000000000e+00 1.952864029483980e+05 0.000000000000000e+00 0.000000000000000e+00 0.000000000000000e+00 1.943972615181736e+05 1.943972615181736e+05 0.000000000000000e+00
1.829725001484000e-05 1.952863843489774e+05 1.952863843489774e+05 0.000000000000000e+00 0.000000000000000e+00 0.000000000000000e+00 1.952864014392114e+05 0.000000000000000e+00 0.000000000000000e+00 0.000000000000000e+00 1.943972529199556e+05 1.943972529199556e+05 0.000000000000000e+00
1.840288119194000e-05 1.952863825851547e+05 1.952863825851547e+05 0.000000000000000e+00 0.000000000000000e+00 0.000000000000000e+00 1.952863999117808e+05 0.000000000000000e+00 0.000000000000000e+00 0.000000000000000e+00 1.943972397054216e+05 1.943972397054216e+05 0.000000000000000e+00
1.850912218447000e-05 1.952863936520107e+05 1.952863936520107e+05 0.000000000000000e+00 0.000000000000000e+00 0.000000000000000e+00 1.952864112193972e+05 0.000000000000000e+00 0.000000000000000e+00 0.000000000000000e+00 1.943972114307660e+05 1.943972114307660e+05 0.000000000000000e+00
1.861597651295000e-05 1.952863916789821e+05 1.952863916789821e+05 0.000000000000000e+00 0.000000000000000e+00 0.000000000000000e+00 1.952864094893020e+05 0.000000000000000e+00 0.000000000000000e+00 0.000000000000000e+00 1.943972092694004e+05 1.943972092694004e+05 0.000000000000000e+00
1.872344771820000e-05 1.952863767815405e+05 1.952863767815405e+05 0.000000000000000e+00 0.000000000000000e+00 0.000000000000000e+00 1.952863948395757e+05 0.000000000000000e+00 0.000000000000000e+00 0.000000000000000e+00 1.943972445896098e+05 1.943972445896098e+05 0.000000000000000e+00
1.883153936149000e-05 1.952863749852053e+05 1.952863749852053e+05 0.000000000000000e+00 0.000000000000000e+00 0.000000000000000e+00 1.952863932905876e+05 0.000000000000000e+00 0.000000000000000e+00 0.000000000000000e+00 1.943972355471686e+05 1.943972355471686e+05 0.000000000000000e+00
1.894025502464000e-05 1.952863730558680e+05 1.952863730558680e+05 0.000000000000000e+00 0.000000000000000e+00 0.000000000000000e+00 1.952863916159250e+05 0.000000000000000e+00 0.000000000000000e+00 0.000000000000000e+00 1.943972631793736e+05 1.943972631793736e+05 0.000000000000000e+00
1.904959831017000e-05 1.952863711138646e+05 1.952863711138646e+05 0.000000000000000e+00 0.000000000000000e+00 0.000000000000000e+00 1.952863899288522e+05 0.000000000000000e+00 0.000000000000000e+00 0.000000000000000e+00 1.943972613729284e+05 1.943972613729284e+05 0.000000000000000e+00
1.915957284137000e-05 1.952863691546146e+05 1.952863691546146e+05 0.000000000000000e+00 0.000000000000000e+00 0.000000000000000e+00 1.952863882277851e+05 0.000000000000000e+00 0.000000000000000e+00 0.000000000000000e+00 1.943972586584726e+05 1.943972586584726e+05 0.000000000000000e+00
1.927018226247000e-05 1.952863815258607e+05 1.952863815258607e+05 0.000000000000000e+00 0.000000000000000e+00 0.000000000000000e+00 1.952864008597770e+05 0.000000000000000e+00 0.000000000000000e+00 0.000000000000000e+00 1.943971825594936e+05 1.943971825594936e+05 0.000000000000000e+00
1.938143023872000e-05 1.952863793799294e+05 1.952863793799294e+05 0.000000000000000e+00 0.000000000000000e+00 0.000000000000000e+00 1.952863989789120e+05 0.000000000000000e+00 0.000000000000000e+00 0.000000000000000e+00 1.943971804684017e+05 1.943971804684017e+05 0.000000000000000e+00
1.949332045656000e-05 1.952863773292500e+05 1.952863773292500e+05 0.000000000000000e+00 0.000000000000000e+00 0.000000000000000e+00 1.952863971934836e+05 0.000000000000000e+00 0.000000000000000e+00 0.000000000000000e+00 1.943971786079273e+05 1.943971786079273e+05 0.000000000000000e+00
1.960585662366000e-05 1.952863753497099e+05 1.952863753497099e+05 0.000000000000000e+00 0.000000000000000e+00 0.000000000000000e+00 1.952863954841133e+05 0.000000000000000e+00 0.000000000000000e+00 0.000000000000000e+00 1.943971776344155e+05 1.943971776344155e+05 0.000000000000000e+00
1.971904246916000e-05 1.952863731318933e+05 1.952863731318933e+05 0.000000000000000e+00 0.000000000000000e+00 0.000000000000000e+00 1.952863935399381e+05 0.000000000000000e+00 0.000000000000000e+00 0.000000000000000e+00 1.943971742840071e+05 1.943971742840071e+05 0.000000000000000e+00
1.983288174366000e-05 1.952863711405283e+05 1.952863711405283e+05 0.000000000000000e+00 0.000000000000000e+00 0.000000000000000e+00 1.952863918252419e+05 0.000000000000000e+00 0.000000000000000e+00 0.000000000000000e+00 1.943971737020067e+05 1.943971737020067e+05 0.000000000000000e+00
1.994737821948000e-05 1.952863687073418e+05 1.952863687073418e+05 0.000000000000000e+00 0.000000000000000e+00 0.000000000000000e+00 1.952863896715102e+05 0.000000000000000e+00 0.000000000000000e+00 0.000000000000000e+00 1.943971754082826e+05 1.943971754082826e+05 0.000000000000000e+00
2.006253569066000e-05 1.952863664939015e+05 1.952863664939015e+05 0.000000000000000e+00 0.000000000000000e+00 0.000000000000000e+00 1.952863877407206e+05 0.000000000000000e+00 0.000000000000000e+00 0.000000000000000e+00 1.943971737084369e+05 1.943971737084369e+05 0.000000000000000e+00
2.017835797317000e-05 1.952863643359631e+05 1.952863643359631e+05 0.000000000000000e+00 0.000000000000000e+00 0.000000000000000e+00 1.952863858700181e+05 0.000000000000000e+00 0.000000000000000e+00 0.000000000000000e+00 1.943971729890681e+05 1.943971729890681e+05 0.000000000000000e+00
2.029484890502000e-05 1.952863620978875e+05 1.952863620978875e+05 0.000000000000000e+00 0.000000000000000e+00 0.000000000000000e+00 1.952863839213023e+05 0.000000000000000e+00 0.000000000000000e+00 0.000000000000000e+00 1.943971707311660e+05 1.943971707311660e+05 0.000000000000000e+00
2.041201234636000e-05 1.952863599097744e+05 1.952863599097744e+05 0.000000000000000e+00 0.000000000000000e+00 0.000000000000000e+00 1.952863820250783e+05 0.000000000000000e+00 0.000000000000000e+00 0.000000000000000e+00 1.943971678608307e+05 1.943971678608307e+05 0.000000000000000e+00
2.052985217963000e-05 1.952863575846663e+05 1.952863575846663e+05 0.000000000000000e+00 0.000000000000000e+00 0.000000000000000e+00 1.952863799962240e+05 0.000000000000000e+00 0.000000000000000e+00 0.000000000000000e+00 1.943971649924328e+05 1.943971649924328e+05 0.000000000000000e+00
2.064837230968000e-05 1.952863551517883e+05 1.952863551517883e+05 0.000000000000000e+00 0.000000000000000e+00 0.000000000000000e+00 1.952863778629711e+05 0.000000000000000e+00 0.000000000000000e+00 0.000000000000000e+00 1.943971641657525e+05 1.943971641657525e+05 0.000000000000000e+00
2.076757666391000e-05 1.952863527818526e+05 1.952863527818526e+05 0.000000000000000e+00 0.000000000000000e+00 0.000000000000000e+00 1.952863757962394e+05 0.000000000000000e+00 0.000000000000000e+00 0.000000000000000e+00 1.943971611314429e+05 1.943971611314429e+05 0.000000000000000e+00
2.088746919238000e-05 1.952863503367173e+05 1.952863503367173e+05 0.000000000000000e+00 0.000000000000000e+00 0.000000000000000e+00 1.952863736574004e+05 0.000000000000000e+00 0.000000000000000e+00 0.000000000000000e+00 1.943971586791215e+05 1.943971586791215e+05 0.000000000000000e+00
2.100805386798000e-05 1.952863479258769e+05 1.952863479258769e+05 0.000000000000000e+00 0.000000000000000e+00 0.000000000000000e+00 1.952863715568657e+05 0.000000000000000e+00 0.000000000000000e+00 0.000000000000000e+00 1.943971565080221e+05 1.943971565080221e+05 0.000000000000000e+00
2.112933468650000e-05 1.952863456311134e+05 1.952863456311134e+05 0.000000000000000e+00 0.000000000000000e+00 0.000000000000000e+00 1.952863695759585e+05 0.000000000000000e+00 0.000000000000000e+00 0.000000000000000e+00 1.943971562258441e+05 1.943971562258441e+05 0.000000000000000e+00
2.125131566683000e-05 1.952863432279379e+05 1.952863432279379e+05 0.000000000000000e+00 0.000000000000000e+00 0.000000000000000e+00 1.952863674902809e+05 0.000000000000000e+00 0.000000000000000e+00 0.000000000000000e+00 1.943971523993656e+05 1.943971523993656e+05 0.000000000000000e+00
2.137400085105000e-05 1.952863404432851e+05 1.952863404432851e+05 0.000000000000000e+00 0.000000000000000e+00 0.000000000000000e+00 1.952863650257931e+05 0.000000000000000e+00 0.000000000000000e+00 0.000000000000000e+00 1.943971492966541e+05 1.943971492966541e+05 0.000000000000000e+00
2.149739430456000e-05 1.952863381195878e+05 1.952863381195878e+05 0.000000000000000e+00 0.000000000000000e+00 0.000000000000000e+00 1.952863630268433e+05 0.000000000000000e+00 0.000000000000000e+00 0.000000000000000e+00 1.943971476499389e+05 1.943971476499389e+05 0.000000000000000e+00
2.162150011625000e-05 1.952863355626647e+05 1.952863355626647e+05 0.000000000000000e+00 0.000000000000000e+00 0.000000000000000e+00 1.952863607988908e+05 0.000000000000000e+00 0.000000000000000e+00 0.000000000000000e+00 1.943971453376521e+05 1.943971453376521e+05 0.000000000000000e+00
2.174632239861000e-05 1.952863329512663e+05 1.952863329512663e+05 0.000000000000000e+00 0.000000000000000e+00 0.000000000000000e+00 1.952863585197883e+05 0.000000000000000e+00 0.000000000000000e+00 0.000000000000000e+00 1.943971449933238e+05 1.943971449933238e+05 0.000000000000000e+00
2.187186528788000e-05 1.952863302760636e+05 1.952863302760636e+05 0.000000000000000e+00 0.000000000000000e+00 0.000000000000000e+00 1.952863561807787e+05 0.000000000000000e+00 0.000000000000000e+00 0.000000000000000e+00 1.943971416780140e+05 1.943971416780140e+05 0.000000000000000e+00
2.199813294415000e-05 1.952863275240252e+05 1.952863275240252e+05 0.000000000000000e+00 0.000000000000000e+00 0.000000000000000e+00 1.952863537693335e+05 0.000000000000000e+00 0.000000000000000e+00 0.000000000000000e+00 1.943971378920250e+05 1.943971378920250e+05 0.000000000000000e+00
2.212512955156000e-05 1.952863250644918e+05 1.952863250644918e+05 0.000000000000000e+00 0.000000000000000e+00 0.000000000000000e+00 1.952863516539790e+05 0.000000000000000e+00 0.000000000000000e+00 0.000000000000000e+00 1.943971357146561e+05 1.943971357146561e+05 0.000000000000000e+00
2.225285931838000e-05 1.952863221496395e+05 1.952863221496395e+05 0.000000000000000e+00 0.000000000000000e+00 0.000000000000000e+00 1.952863490871948e+05 0.000000000000000e+00 0.000000000000000e+00 0.000000000000000e+00 1.943971330178239e+05 1.943971330178239e+05 0.000000000000000e+00
2.238132647719000e-05 1.952863195300292e+05 1.952863195300292e+05 0.000000000000000e+00 0.000000000000000e+00 0.000000000000000e+00 1.952863468176785e+05 0.000000000000000e+00 0.000000000000000e+00 0.000000000000000e+00 1.943971317494276e+05 1.943971317494276e+05 0.000000000000000e+00
2.251053528501000e-05 1.952863168502132e+05 1.952863168502132e+05 0.000000000000000e+00 0.000000000000000e+00 0.000000000000000e+00 1.952863444970936e+05 0.000000000000000e+00 0.000000000000000e+00 0.000000000000000e+00 1.943971305869862e+05 1.943971305869862e+05 0.000000000000000e+00
2.264049002341000e-05 1.952863141390414e+05 1.952863141390414e+05 0.000000000000000e+00 0.000000000000000e+00 0.000000000000000e+00 1.952863421461630e+05 0.000000000000000e+00 0.000000000000000e+00 0.000000000000000e+00 1.943971273107178e+05 1.943971273107178e+05 0.000000000000000e+00
2.277119499871000e-05 1.952863139168379e+05 1.952863139168379e+05 0.000000000000000e+00 0.000000000000000e+00 0.000000000000000e+00 1.952863422864963e+05 0.000000000000000e+00 0.000000000000000e+00 0.000000000000000e+00 1.943971231527166e+05 1.943971231527166e+05 0.000000000000000e+00
2.290265454206000e-05 1.952863094774356e+05 1.952863094774356e+05 0.000000000000000e+00 0.000000000000000e+00 0.000000000000000e+00 1.952863382154130e+05 0.000000000000000e+00 0.000000000000000e+00 0.000000000000000e+00 1.943971236979125e+05 1.943971236979125e+05 0.000000000000000e+00
2.303487300964000e-05 1.952863053616104e+05 1.952863053616104e+05 0.000000000000000e+00 0.000000000000000e+00 0.000000000000000e+00 1.952863344721523e+05 0.000000000000000e+00 0.000000000000000e+00 0.000000000000000e+00 1.943971203868587e+05 1.943971203868587e+05 0.000000000000000e+00
2.316785478276000e-05 1.952863024807015e+05 1.952863024807015e+05 0.000000000000000e+00 0.000000000000000e+00 0.000000000000000e+00 1.952863319683768e+05 0.000000000000000e+00 0.000000000000000e+00 0.000000000000000e+00 1.943971175850857e+05 1.943971175850857e+05 0.000000000000000e+00
2.330160426804000e-05 1.952863044754988e+05 1.952863044754988e+05 0.000000000000000e+00 0.000000000000000e+00 0.000000000000000e+00 1.952863343448032e+05 0.000000000000000e+00 0.000000000000000e+00 0.000000000000000e+00 1.943971083987219e+05 1.943971083987219e+05 0.000000000000000e+00
2.343612589752000e-05 1.952863015642100e+05 1.952863015642100e+05 0.000000000000000e+00 0.000000000000000e+00 0.000000000000000e+00 1.952863318195296e+05 0.000000000000000e+00 0.000000000000000e+00 0.000000000000000e+00 1.943971053324741e+05 1.943971053324741e+05 0.000000000000000e+00
2.357142412884000e-05 1.952862986434400e+05 1.952862986434400e+05 0.000000000000000e+00 0.000000000000000e+00 0.000000000000000e+00 1.952863292891495e+05 0.000000000000000e+00 0.000000000000000e+00 0.000000000000000e+00 1.943971024147542e+05 1.943971024147542e+05 0.000000000000000e+00
2.370750344538000e-05 1.952862956149225e+05 1.952862956149225e+05 0.000000000000000e+00 0.000000000000000e+00 0.000000000000000e+00 1.952863266561060e+05 0.000000000000000e+00 0.000000000000000e+00 0.000000000000000e+00 1.943970992357283e+05 1.943970992357283e+05 0.000000000000000e+00
2.384436835638000e-05 1.952862926471117e+05 1.952862926471117e+05 0.000000000000000e+00 0.000000000000000e+00 0.000000000000000e+00 1.952863240878601e+05 0.000000000000000e+00 0.000000000000000e+00 0.000000000000000e+00 1.943970960314122e+05 1.943970960314122e+05 0.000000000000000e+00
2.398202339714000e-05 1.952862895446307e+05 1.952862895446307e+05 0.000000000000000e+00 0.000000000000000e+00 0.000000000000000e+00 1.952863213879511e+05 0.000000000000000e+00 0.000000000000000e+00 0.000000000000000e+00 1.943970928258325e+05 1.943970928258325e+05 0.000000000000000e+00
2.412047312912000e-05 1.952862824505883e+05 1.952862824505883e+05 0.000000000000000e+00 0.000000000000000e+00 0.000000000000000e+00 1.952863147054617e+05 0.000000000000000e+00 0.000000000000000e+00 0.000000000000000e+00 1.943971005362436e+05 1.943971005362436e+05 0.000000000000000e+00
2.425972214013000e-05 1.952862792552356e+05 1.952862792552356e+05 0.000000000000000e+00 0.000000000000000e+00 0.000000000000000e+00 1.952863119252125e+05 0.000000000000000e+00 0.000000000000000e+00 0.000000000000000e+00 1.943970966374408e+05 1.943970966374408e+05 0.000000000000000e+00
2.439977504445000e-05 1.952862761480541e+05 1.952862761480541e+05 0.000000000000000e+00 0.000000000000000e+00 0.000000000000000e+00 1.952863092364159e+05 0.000000000000000e+00 0.000000000000000e+00 0.000000000000000e+00 1.943970943974431e+05 1.943970943974431e+05 0.000000000000000e+00
2.454063648301000e-05 1.952862748323205e+05 1.952862748323205e+05 0.000000000000000e+00 0.000000000000000e+00 0.000000000000000e+00 1.952863083461822e+05 0.000000000000000e+00 0.000000000000000e+00 0.000000000000000e+00 1.943970891619229e+05 1.943970891619229e+05 0.000000000000000e+00
2.468231112352000e-05 1.952862715946860e+05 1.952862715946860e+05 0.000000000000000e+00 0.000000000000000e+00 0.000000000000000e+00 1.952863055335195e+05 0.000000000000000e+00 0.000000000000000e+00 0.000000000000000e+00 1.943970859892618e+05 1.943970859892618e+05 0.000000000000000e+00
2.482480366067000e-05 1.952862683035890e+05 1.952862683035890e+05 0.000000000000000e+00 0.000000000000000e+00 0.000000000000000e+00 1.952863026767802e+05 0.000000000000000e+00 0.000000000000000e+00 0.000000000000000e+00 1.943970828216731e+05 1.943970828216731e+05 0.000000000000000e+00
2.496811881621000e-05 1.952862649163142e+05 1.952862649163142e+05 0.000000000000000e+00 0.000000000000000e+00 0.000000000000000e+00 1.952862997269076e+05 0.000000000000000e+00 0.000000000000000e+00 0.000000000000000e+00 1.943970797022638e+05 1.943970797022638e+05 0.000000000000000e+00
2.511226133917000e-05 1.952862614972619e+05 1.952862614972619e+05 0.000000000000000e+00 0.000000000000000e+00 0.000000000000000e+00 1.952862967535936e+05 0.000000000000000e+00 0.000000000000000e+00 0.000000000000000e+00 1.943970765390299e+05 1.943970765390299e+05 0.000000000000000e+00
2.525723600600000e-05 1.952862580519438e+05 1.952862580519438e+05 0.000000000000000e+00 0.000000000000000e+00 0.000000000000000e+00 1.952862937566646e+05 0.000000000000000e+00 0.000000000000000e+00 0.000000000000000e+00 1.943970733194588e+05 1.943970733194588e+05 0.000000000000000e+00
2.540304762071000e-05 1.952862553694987e+05 1.952862553694987e+05 0.000000000000000e+00 0.000000000000000e+00 0.000000000000000e+00 1.952862915276427e+05 0.000000000000000e+00 0.000000000000000e+00 0.000000000000000e+00 1.943970818494074e+05 1.943970818494074e+05 0.000000000000000e+00
2.554970101506000e-05 1.952862518964215e+05 1.952862518964215e+05 0.000000000000000e+00 0.000000000000000e+00 0.000000000000000e+00 1.952862885133598e+05 0.000000000000000e+00 0.000000000000000e+00 0.000000000000000e+00 1.943970788982589e+05 1.943970788982589e+05 0.000000000000000e+00
2.569720104869000e-05 1.952862483812943e+05 1.952862483812943e+05 0.000000000000000e+00 0.000000000000000e+00 0.000000000000000e+00 1.952862854623467e+05 0.000000000000000e+00 0.000000000000000e+00 0.000000000000000e+00 1.943970758951789e+05 1.943970758951789e+05 0.000000000000000e+00
2.584555260932000e-05 1.952862448128214e+05 1.952862448128214e+05 0.000000000000000e+00 0.000000000000000e+00 0.000000000000000e+00 1.952862823604470e+05 0.000000000000000e+00 0.000000000000000e+00 0.000000000000000e+00 1.943970729362158e+05 1.943970729362158e+05 0.000000000000000e+00
2.599476061284000e-05 1.952862411857765e+05 1.952862411857765e+05 0.000000000000000e+00 0.000000000000000e+00 0.000000000000000e+00 1.952862792084535e+05 0.000000000000000e+00 0.000000000000000e+00 0.000000000000000e+00 1.943970524090965e+05 1.943970524090965e+05 0.000000000000000e+00
2.614483000358000e-05 1.952862322873138e+05 1.952862322873138e+05 0.000000000000000e+00 0.000000000000000e+00 0.000000000000000e+00 1.952862707883227e+05 0.000000000000000e+00 0.000000000000000e+00 0.000000000000000e+00 1.943970675728432e+05 1.943970675728432e+05 0.000000000000000e+00
2.629576575436000e-05 1.952862285643002e+05 1.952862285643002e+05 0.000000000000000e+00 0.000000000000000e+00 0.000000000000000e+00 1.952862675512068e+05 0.000000000000000e+00 0.000000000000000e+00 0.000000000000000e+00 1.943970640885835e+05 1.943970640885835e+05 0.000000000000000e+00
2.644757286674000e-05 1.952862247369491e+05 1.952862247369491e+05 0.000000000000000e+00 0.000000000000000e+00 0.000000000000000e+00 1.952862642155147e+05 0.000000000000000e+00 0.000000000000000e+00 0.000000000000000e+00 1.943970606838594e+05 1.943970606838594e+05 0.000000000000000e+00
2.660025637114000e-05 1.952862208233879e+05 1.952862208233879e+05 0.000000000000000e+00 0.000000000000000e+00 0.000000000000000e+00 1.952862607996615e+05 0.000000000000000e+00 0.000000000000000e+00 0.000000000000000e+00 1.943970575359627e+05 1.943970575359627e+05 0.000000000000000e+00
2.675382132703000e-05 1.952862169556853e+05 1.952862169556853e+05 0.000000000000000e+00 0.000000000000000e+00 0.000000000000000e+00 1.952862574376661e+05 0.000000000000000e+00 0.000000000000000e+00 0.000000000000000e+00 1.943970533319511e+05 1.943970533319511e+05 0.000000000000000e+00
2.690827282309000e-05 1.952862129947390e+05 1.952862129947390e+05 0.000000000000000e+00 0.000000000000000e+00 0.000000000000000e+00 1.952862539814173e+05 0.000000000000000e+00 0.000000000000000e+00 0.000000000000000e+00 1.943970508014405e+05 1.943970508014405e+05 0.000000000000000e+00
2.706361597737000e-05 1.952862090624747e+05 1.952862090624747e+05 0.000000000000000e+00 0.000000000000000e+00 0.000000000000000e+00 1.952862505637850e+05 0.000000000000000e+00 0.000000000000000e+00 0.000000000000000e+00 1.943970366193270e+05 1.943970366193270e+05 0.000000000000000e+00
2.721985593746000e-05 1.952862050877913e+05 1.952862050877913e+05 0.000000000000000e+00 0.000000000000000e+00 0.000000000000000e+00 1.952862471124418e+05 0.000000000000000e+00 0.000000000000000e+00 0.000000000000000e+00 1.943970314282621e+05 1.943970314282621e+05 0.000000000000000e+00
2.737699788068000e-05 1.952862012065164e+05 1.952862012065164e+05 0.000000000000000e+00 0.000000000000000e+00 0.000000000000000e+00 1.952862437580494e+05 0.000000000000000e+00 0.000000000000000e+00 0.000000000000000e+00 1.943970268879744e+05 1.943970268879744e+05 0.000000000000000e+00
2.753504701425000e-05 1.952862002913504e+05 1.952862002913504e+05 0.000000000000000e+00 0.000000000000000e+00 0.000000000000000e+00 1.952862433748268e+05 0.000000000000000e+00 0.000000000000000e+00 0.000000000000000e+00 1.943970343872316e+05 1.943970343872316e+05 0.000000000000000e+00
2.769400857542000e-05 1.952861961748943e+05 1.952861961748943e+05 0.000000000000000e+00 0.000000000000000e+00 0.000000000000000e+00 1.952862397972045e+05 0.000000000000000e+00 0.000000000000000e+00 0.000000000000000e+00 1.943970313341668e+05 1.943970313341668e+05 0.000000000000000e+00
2.785388783169000e-05 1.952861919479847e+05 1.952861919479847e+05 0.000000000000000e+00 0.000000000000000e+00 0.000000000000000e+00 1.952862361155332e+05 0.000000000000000e+00 0.000000000000000e+00 0.000000000000000e+00 1.943970274121805e+05 1.943970274121805e+05 0.000000000000000e+00
2.801469008099000e-05 1.952861876527233e+05 1.952861876527233e+05 0.000000000000000e+00 0.000000000000000e+00 0.000000000000000e+00 1.952862323726238e+05 0.000000000000000e+00 0.000000000000000e+00 0.000000000000000e+00 1.943970237993177e+05 1.943970237993177e+05 0.000000000000000e+00
2.817642065180000e-05 1.952861833201505e+05 1.952861833201505e+05 0.000000000000000e+00 0.000000000000000e+00 0.000000000000000e+00 1.952862285964928e+05 0.000000000000000e+00 0.000000000000000e+00 0.000000000000000e+00 1.943970198450901e+05 1.943970198450901e+05 0.000000000000000e+00
2.833908490339000e-05 1.952861789584192e+05 1.952861789584192e+05 0.000000000000000e+00 0.000000000000000e+00 0.000000000000000e+00 1.952862247972018e+05 0.000000000000000e+00 0.000000000000000e+00 0.000000000000000e+00 1.943970159320302e+05 1.943970159320302e+05 0.000000000000000e+00
2.850268822595000e-05 1.952861745103374e+05 1.952861745103374e+05 0.000000000000000e+00 0.000000000000000e+00 0.000000000000000e+00 1.952862209206973e+05 0.000000000000000e+00 0.000000000000000e+00 0.000000000000000e+00 1.943970118209942e+05 1.943970118209942e+05 0.000000000000000e+00
2.866723604079000e-05 1.952861700308474e+05 1.952861700308474e+05 0.000000000000000e+00 0.000000000000000e+00 0.000000000000000e+00 1.952862170188588e+05 0.000000000000000e+00 0.000000000000000e+00 0.000000000000000e+00 1.943970080092712e+05 1.943970080092712e+05 0.000000000000000e+00
2.883273380054000e-05 1.952861654356193e+05 1.952861654356193e+05 0.000000000000000e+00 0.000000000000000e+00 0.000000000000000e+00 1.952862130093977e+05 0.000000000000000e+00 0.000000000000000e+00 0.000000000000000e+00 1.943970039697115e+05 1.943970039697115e+05 0.000000000000000e+00
2.899918698929000e-05 1.952861608474473e+05 1.952861608474473e+05 0.000000000000000e+00 0.000000000000000e+00 0.000000000000000e+00 1.952862090122171e+05 0.000000000000000e+00 0.000000000000000e+00 0.000000000000000e+00 1.943969999177671e+05 1.943969999177671e+05 0.000000000000000e+00
2.916660112277000e-05 1.952861562059297e+05 1.952861562059297e+05 0.000000000000000e+00 0.000000000000000e+00 0.000000000000000e+00 1.952862049685282e+05 0.000000000000000e+00 0.000000000000000e+00 0.000000000000000e+00 1.943969957819342e+05 1.943969957819342e+05 0.000000000000000e+00
2.933498174860000e-05 1.952861515099613e+05 1.952861515099613e+05 0.000000000000000e+00 0.000000000000000e+00 0.000000000000000e+00 1.952862008772910e+05 0.000000000000000e+00 0.000000000000000e+00 0.000000000000000e+00 1.943969915893113e+05 1.943969915893113e+05 0.000000000000000e+00
2.950433444639000e-05 1.952861467516405e+05 1.952861467516405e+05 0.000000000000000e+00 0.000000000000000e+00 0.000000000000000e+00 1.952861967305495e+05 0.000000000000000e+00 0.000000000000000e+00 0.000000000000000e+00 1.943969876351268e+05 1.943969876351268e+05 0.000000000000000e+00
2.967466482797000e-05 1.952861419459449e+05 1.952861419459449e+05 0.000000000000000e+00 0.000000000000000e+00 0.000000000000000e+00 1.952861925436622e+05 0.000000000000000e+00 0.000000000000000e+00 0.000000000000000e+00 1.943969833519309e+05 1.943969833519309e+05 0.000000000000000e+00
2.984597853758000e-05 1.952861371380988e+05 1.952861371380988e+05 0.000000000000000e+00 0.000000000000000e+00 0.000000000000000e+00 1.952861883618114e+05 0.000000000000000e+00 0.000000000000000e+00 0.000000000000000e+00 1.943969787304198e+05 1.943969787304198e+05 0.000000000000000e+00
3.001828125203000e-05 1.952861322236149e+05 1.952861322236149e+05 0.000000000000000e+00 0.000000000000000e+00 0.000000000000000e+00 1.952861840826823e+05 0.000000000000000e+00 0.000000000000000e+00 0.000000000000000e+00 1.943969741153302e+05 1.943969741153302e+05 0.000000000000000e+00
3.019157868090000e-05 1.952861272540029e+05 1.952861272540029e+05 0.000000000000000e+00 0.000000000000000e+00 0.000000000000000e+00 1.952861797493069e+05 0.000000000000000e+00 0.000000000000000e+00 0.000000000000000e+00 1.943969697373289e+05 1.943969697373289e+05 0.000000000000000e+00
3.036587656675000e-05 1.952861221722765e+05 1.952861221722765e+05 0.000000000000000e+00 0.000000000000000e+00 0.000000000000000e+00 1.952861753177998e+05 0.000000000000000e+00 0.000000000000000e+00 0.000000000000000e+00 1.943969655023359e+05 1.943969655023359e+05 0.000000000000000e+00
3.054118068527000e-05 1.952861171325101e+05 1.952861171325101e+05 0.000000000000000e+00 0.000000000000000e+00 0.000000000000000e+00 1.952861709328167e+05 0.000000000000000e+00 0.000000000000000e+00 0.000000000000000e+00 1.943969605406470e+05 1.943969605406470e+05 0.000000000000000e+00
3.071749684551000e-05 1.952861119850126e+05 1.952861119850126e+05 0.000000000000000e+00 0.000000000000000e+00 0.000000000000000e+00 1.952861664487558e+05 0.000000000000000e+00 0.000000000000000e+00 0.000000000000000e+00 1.943969560873237e+05 1.943969560873237e+05 0.000000000000000e+00
3.089483089006000e-05 1.952861067616490e+05 1.952861067616490e+05 0.000000000000000e+00 0.000000000000000e+00 0.000000000000000e+00 1.952861618982663e+05 0.000000000000000e+00 0.000000000000000e+00 0.000000000000000e+00 1.943969515829744e+05 1.943969515829744e+05 0.000000000000000e+00
3.107318869521000e-05 1.952861014439503e+05 1.952861014439503e+05 0.000000000000000e+00 0.000000000000000e+00 0.000000000000000e+00 1.952861572573536e+05 0.000000000000000e+00 0.000000000000000e+00 0.000000000000000e+00 1.943969469636714e+05 1.943969469636714e+05 0.000000000000000e+00
3.125257617122000e-05 1.952860961583089e+05 1.952860961583089e+05 0.000000000000000e+00 0.000000000000000e+00 0.000000000000000e+00 1.952861526595826e+05 0.000000000000000e+00 0.000000000000000e+00 0.000000000000000e+00 1.943969419976415e+05 1.943969419976415e+05 0.000000000000000e+00
3.143299926242000e-05 1.952860907731640e+05 1.952860907731640e+05 0.000000000000000e+00 0.000000000000000e+00 0.000000000000000e+00 1.952861479667308e+05 0.000000000000000e+00 0.000000000000000e+00 0.000000000000000e+00 1.943969372070690e+05 1.943969372070690e+05 0.000000000000000e+00
3.161446394750000e-05 1.952860852650483e+05 1.952860852650483e+05 0.000000000000000e+00 0.000000000000000e+00 0.000000000000000e+00 1.952861431617473e+05 0.000000000000000e+00 0.000000000000000e+00 0.000000000000000e+00 1.943969325618908e+05 1.943969325618908e+05 0.000000000000000e+00
3.179697623963000e-05 1.952860798015925e+05 1.952860798015925e+05 0.000000000000000e+00 0.000000000000000e+00 0.000000000000000e+00 1.952861384075707e+05 0.000000000000000e+00 0.000000000000000e+00 0.000000000000000e+00 1.943969274392089e+05 1.943969274392089e+05 0.000000000000000e+00
3.198054218673000e-05 1.952860742233432e+05 1.952860742233432e+05 0.000000000000000e+00 0.000000000000000e+00 0.000000000000000e+00 1.952861335494159e+05 0.000000000000000e+00 0.000000000000000e+00 0.000000000000000e+00 1.943969223247323e+05 1.943969223247323e+05 0.000000000000000e+00
3.216516787160000e-05 1.952860685773956e+05 1.952860685773956e+05 0.000000000000000e+00 0.000000000000000e+00 0.000000000000000e+00 1.952861286303063e+05 0.000000000000000e+00 0.000000000000000e+00 0.000000000000000e+00 1.943969173080972e+05 1.943969173080972e+05 0.000000000000000e+00
3.235085941218000e-05 1.952860628612737e+05 1.952860628612737e+05 0.000000000000000e+00 0.000000000000000e+00 0.000000000000000e+00 1.952861236495027e+05 0.000000000000000e+00 0.000000000000000e+00 0.000000000000000e+00 1.943969122959940e+05 1.943969122959940e+05 0.000000000000000e+00
3.253762296173000e-05 1.952860570875838e+05 1.952860570875838e+05 0.000000000000000e+00 0.000000000000000e+00 0.000000000000000e+00 1.952861186203998e+05 0.000000000000000e+00 0.000000000000000e+00 0.000000000000000e+00 1.943969070318292e+05 1.943969070318292e+05 0.000000000000000e+00
3.272546470902000e-05 1.952860512349928e+05 1.952860512349928e+05 0.000000000000000e+00 0.000000000000000e+00 0.000000000000000e+00 1.952861135203087e+05 0.000000000000000e+00 0.000000000000000e+00 0.000000000000000e+00 1.943969019634705e+05 1.943969019634705e+05 0.000000000000000e+00
3.291439087854000e-05 1.952860453261383e+05 1.952860453261383e+05 0.000000000000000e+00 0.000000000000000e+00 0.000000000000000e+00 1.952861083727184e+05 0.000000000000000e+00 0.000000000000000e+00 0.000000000000000e+00 1.943968966462825e+05 1.943968966462825e+05 0.000000000000000e+00
3.310440773075000e-05 1.952860393525031e+05 1.952860393525031e+05 0.000000000000000e+00 0.000000000000000e+00 0.000000000000000e+00 1.952861031692009e+05 0.000000000000000e+00 0.000000000000000e+00 0.000000000000000e+00 1.943968913508278e+05 1.943968913508278e+05 0.000000000000000e+00
3.329552156221000e-05 1.952860333036166e+05 1.952860333036166e+05 0.000000000000000e+00 0.000000000000000e+00 0.000000000000000e+00 1.952860978992751e+05 0.000000000000000e+00 0.000000000000000e+00 0.000000000000000e+00 1.943968857360933e+05 1.943968857360933e+05 0.000000000000000e+00
3.348773870587000e-05 1.952860271833963e+05 1.952860271833963e+05 0.000000000000000e+00 0.000000000000000e+00 0.000000000000000e+00 1.952860925671167e+05 0.000000000000000e+00 0.000000000000000e+00 0.000000000000000e+00 1.943968802718540e+05 1.943968802718540e+05 0.000000000000000e+00
3.368106553120000e-05 1.952860209930034e+05 1.952860209930034e+05 0.000000000000000e+00 0.000000000000000e+00 0.000000000000000e+00 1.952860871738921e+05 0.000000000000000e+00 0.000000000000000e+00 0.000000000000000e+00 1.943968747395499e+05 1.943968747395499e+05 0.000000000000000e+00
3.387550844448000e-05 1.952860147303536e+05 1.952860147303536e+05 0.000000000000000e+00 0.000000000000000e+00 0.000000000000000e+00 1.952860817176702e+05 0.000000000000000e+00 0.000000000000000e+00 0.000000000000000e+00 1.943968691522381e+05 1.943968691522381e+05 0.000000000000000e+00
3.407107388895000e-05 1.952860083852402e+05 1.952860083852402e+05 0.000000000000000e+00 0.000000000000000e+00 0.000000000000000e+00 1.952860761882819e+05 0.000000000000000e+00 0.000000000000000e+00 0.000000000000000e+00 1.943968636735087e+05 1.943968636735087e+05 0.000000000000000e+00
3.426776834504000e-05 1.952860019969218e+05 1.952860019969218e+05 0.000000000000000e+00 0.000000000000000e+00 0.000000000000000e+00 1.952860706255140e+05 0.000000000000000e+00 0.000000000000000e+00 0.000000000000000e+00 1.943968573420472e+05 1.943968573420472e+05 0.000000000000000e+00
3.446559833063000e-05 1.952859955713682e+05 1.952859955713682e+05 0.000000000000000e+00 0.000000000000000e+00 0.000000000000000e+00 1.952860650347340e+05 0.000000000000000e+00 0.000000000000000e+00 0.000000000000000e+00 1.943968508816015e+05 1.943968508816015e+05 0.000000000000000e+00
3.466457040118000e-05 1.952859890123510e+05 1.952859890123510e+05 0.000000000000000e+00 0.000000000000000e+00 0.000000000000000e+00 1.952860593198965e+05 0.000000000000000e+00 0.000000000000000e+00 0.000000000000000e+00 1.943968444233002e+05 1.943968444233002e+05 0.000000000000000e+00
3.486469115004000e-05 1.952859824118620e+05 1.952859824118620e+05 0.000000000000000e+00 0.000000000000000e+00 0.000000000000000e+00 1.952860535733075e+05 0.000000000000000e+00 0.000000000000000e+00 0.000000000000000e+00 1.943968378007862e+05 1.943968378007862e+05 0.000000000000000e+00
3.506596720858000e-05 1.952859756782060e+05 1.952859756782060e+05 0.000000000000000e+00 0.000000000000000e+00 0.000000000000000e+00 1.952860477008426e+05 0.000000000000000e+00 0.000000000000000e+00 0.000000000000000e+00 1.943968313735781e+05 1.943968313735781e+05 0.000000000000000e+00
3.526840524650000e-05 1.952859689149543e+05 1.952859689149543e+05 0.000000000000000e+00 0.000000000000000e+00 0.000000000000000e+00 1.952860418117939e+05 0.000000000000000e+00 0.000000000000000e+00 0.000000000000000e+00 1.943968243926819e+05 1.943968243926819e+05 0.000000000000000e+00
3.547201197195000e-05 1.952859644149477e+05 1.952859644149477e+05 0.000000000000000e+00 0.000000000000000e+00 0.000000000000000e+00 1.952860381950142e+05 0.000000000000000e+00 0.000000000000000e+00 0.000000000000000e+00 1.943968048766250e+05 1.943968048766250e+05 0.000000000000000e+00
3.567679413187000e-05 1.952859574883952e+05 1.952859574883952e+05 0.000000000000000e+00 0.000000000000000e+00 0.000000000000000e+00 1.952860321651972e+05 0.000000000000000e+00 0.000000000000000e+00 0.000000000000000e+00 1.943967984732872e+05 1.943967984732872e+05 0.000000000000000e+00
3.588275851209000e-05 1.952859505689471e+05 1.952859505689471e+05 0.000000000000000e+00 0.000000000000000e+00 0.000000000000000e+00 1.952860261510393e+05 0.000000000000000e+00 0.000000000000000e+00 0.000000000000000e+00 1.943967919749738e+05 1.943967919749738e+05 0.000000000000000e+00
3.608991193766000e-05 1.952859435045113e+05 1.952859435045113e+05 0.000000000000000e+00 0.000000000000000e+00 0.000000000000000e+00 1.952860200048181e+05 0.000000000000000e+00 0.000000000000000e+00 0.000000000000000e+00 1.943967854638923e+05 1.943967854638923e+05 0.000000000000000e+00
3.629826127300000e-05 1.952859364170631e+05 1.952859364170631e+05 0.000000000000000e+00 0.000000000000000e+00 0.000000000000000e+00 1.952860138423881e+05 0.000000000000000e+00 0.000000000000000e+00 0.000000000000000e+00 1.943967789032421e+05 1.943967789032421e+05 0.000000000000000e+00
3.650781342218000e-05 1.952859292475429e+05 1.952859292475429e+05 0.000000000000000e+00 0.000000000000000e+00 0.000000000000000e+00 1.952860076071830e+05 0.000000000000000e+00 0.000000000000000e+00 0.000000000000000e+00 1.943967720833034e+05 1.943967720833034e+05 0.000000000000000e+00
3.671857532912000e-05 1.952859154036863e+05 1.952859154036863e+05 0.000000000000000e+00 0.000000000000000e+00 0.000000000000000e+00 1.952859947087544e+05 0.000000000000000e+00 0.000000000000000e+00 0.000000000000000e+00 1.943967663840474e+05 1.943967663840474e+05 0.000000000000000e+00
3.693055397783000e-05 1.952859079566418e+05 1.952859079566418e+05 0.000000000000000e+00 0.000000000000000e+00 0.000000000000000e+00 1.952859882240500e+05 0.000000000000000e+00 0.000000000000000e+00 0.000000000000000e+00 1.943967597067249e+05 1.943967597067249e+05 0.000000000000000e+00
3.714375639264000e-05 1.952859004258913e+05 1.952859004258913e+05 0.000000000000000e+00 0.000000000000000e+00 0.000000000000000e+00 1.952859816609951e+05 0.000000000000000e+00 0.000000000000000e+00 0.000000000000000e+00 1.943967528200123e+05 1.943967528200123e+05 0.000000000000000e+00
3.735818963841000e-05 1.952858928086014e+05 1.952858928086014e+05 0.000000000000000e+00 0.000000000000000e+00 0.000000000000000e+00 1.952859750244480e+05 0.000000000000000e+00 0.000000000000000e+00 0.000000000000000e+00 1.943967460224341e+05 1.943967460224341e+05 0.000000000000000e+00
3.757386082083000e-05 1.952858851087768e+05 1.952858851087768e+05 0.000000000000000e+00 0.000000000000000e+00 0.000000000000000e+00 1.952859683166764e+05 0.000000000000000e+00 0.000000000000000e+00 0.000000000000000e+00 1.943967391758953e+05 1.943967391758953e+05 0.000000000000000e+00
3.779077708656000e-05 1.952858773088706e+05 1.952858773088706e+05 0.000000000000000e+00 0.000000000000000e+00 0.000000000000000e+00 1.952859615202766e+05 0.000000000000000e+00 0.000000000000000e+00 0.000000000000000e+00 1.943967323548143e+05 1.943967323548143e+05 0.000000000000000e+00
3.800894562357000e-05 1.952858694243841e+05 1.952858694243841e+05 0.000000000000000e+00 0.000000000000000e+00 0.000000000000000e+00 1.952859546509989e+05 0.000000000000000e+00 0.000000000000000e+00 0.000000000000000e+00 1.943967252924450e+05 1.943967252924450e+05 0.000000000000000e+00
3.822837366128000e-05 1.952858614551180e+05 1.952858614551180e+05 0.000000000000000e+00 0.000000000000000e+00 0.000000000000000e+00 1.952859477103881e+05 0.000000000000000e+00 0.000000000000000e+00 0.000000000000000e+00 1.943967180359763e+05 1.943967180359763e+05 0.000000000000000e+00
3.844906847088000e-05 1.952858533321267e+05 1.952858533321267e+05 0.000000000000000e+00 0.000000000000000e+00 0.000000000000000e+00 1.952859406233674e+05 0.000000000000000e+00 0.000000000000000e+00 0.000000000000000e+00 1.943967109450285e+05 1.943967109450285e+05 0.000000000000000e+00
3.867103736552000e-05 1.952858452263147e+05 1.952858452263147e+05 0.000000000000000e+00 0.000000000000000e+00 0.000000000000000e+00 1.952859335672517e+05 0.000000000000000e+00 0.000000000000000e+00 0.000000000000000e+00 1.943967036863716e+05 1.943967036863716e+05 0.000000000000000e+00
3.889428770058000e-05 1.952858435245546e+05 1.952858435245546e+05 0.000000000000000e+00 0.000000000000000e+00 0.000000000000000e+00 1.952859329308482e+05 0.000000000000000e+00 0.000000000000000e+00 0.000000000000000e+00 1.943966953277561e+05 1.943966953277561e+05 0.000000000000000e+00
3.911882687388000e-05 1.952858352065937e+05 1.952858352065937e+05 0.000000000000000e+00 0.000000000000000e+00 0.000000000000000e+00 1.952859256890657e+05 0.000000000000000e+00 0.000000000000000e+00 0.000000000000000e+00 1.943966876569740e+05 1.943966876569740e+05 0.000000000000000e+00
3.934466232598000e-05 1.952858268041861e+05 1.952858268041861e+05 0.000000000000000e+00 0.000000000000000e+00 0.000000000000000e+00 1.952859183744127e+05 0.000000000000000e+00 0.000000000000000e+00 0.000000000000000e+00 1.943966799786475e+05 1.943966799786475e+05 0.000000000000000e+00
3.957180154037000e-05 1.952858182969974e+05 1.952858182969974e+05 0.000000000000000e+00 0.000000000000000e+00 0.000000000000000e+00 1.952859109663108e+05 0.000000000000000e+00 0.000000000000000e+00 0.000000000000000e+00 1.943966722399005e+05 1.943966722399005e+05 0.000000000000000e+00
3.980025204375000e-05 1.952858096412650e+05 1.952858096412650e+05 0.000000000000000e+00 0.000000000000000e+00 0.000000000000000e+00 1.952859034246117e+05 0.000000000000000e+00 0.000000000000000e+00 0.000000000000000e+00 1.943966646770305e+05 1.943966646770305e+05 0.000000000000000e+00
4.003002140629000e-05 1.952858009798204e+05 1.952858009798204e+05 0.000000000000000e+00 0.000000000000000e+00 0.000000000000000e+00 1.952858958901382e+05 0.000000000000000e+00 0.000000000000000e+00 0.000000000000000e+00 1.943966564845795e+05 1.943966564845795e+05 0.000000000000000e+00
4.026111724183000e-05 1.952857921121559e+05 1.952857921121559e+05 0.000000000000000e+00 0.000000000000000e+00 0.000000000000000e+00 1.952858881633067e+05 0.000000000000000e+00 0.000000000000000e+00 0.000000000000000e+00 1.943966484557146e+05 1.943966484557146e+05 0.000000000000000e+00
4.049354720818000e-05 1.952857831993288e+05 1.952857831993288e+05 0.000000000000000e+00 0.000000000000000e+00 0.000000000000000e+00 1.952858804028706e+05 0.000000000000000e+00 0.000000000000000e+00 0.000000000000000e+00 1.943966403847909e+05 1.943966403847909e+05 0.000000000000000e+00
4.072731900738000e-05 1.952857741381435e+05 1.952857741381435e+05 0.000000000000000e+00 0.000000000000000e+00 0.000000000000000e+00 1.952858725039754e+05 0.000000000000000e+00 0.000000000000000e+00 0.000000000000000e+00 1.943966324097751e+05 1.943966324097751e+05 0.000000000000000e+00
4.096244038590000e-05 1.952857608375341e+05 1.952857608375341e+05 0.000000000000000e+00 0.000000000000000e+00 0.000000000000000e+00 1.952858603805877e+05 0.000000000000000e+00 0.000000000000000e+00 0.000000000000000e+00 1.943966152418034e+05 1.943966152418034e+05 0.000000000000000e+00
4.119891913495000e-05 1.952857505781100e+05 1.952857505781100e+05 0.000000000000000e+00 0.000000000000000e+00 0.000000000000000e+00 1.952858513135129e+05 0.000000000000000e+00 0.000000000000000e+00 0.000000000000000e+00 1.943966162076534e+05 1.943966162076534e+05 0.000000000000000e+00
4.143676309072000e-05 1.952857421204923e+05 1.952857421204923e+05 0.000000000000000e+00 0.000000000000000e+00 0.000000000000000e+00 1.952858440661312e+05 0.000000000000000e+00 0.000000000000000e+00 0.000000000000000e+00 1.943965981624094e+05 1.943965981624094e+05 0.000000000000000e+00
4.167598013463000e-05 1.952857318449958e+05 1.952857318449958e+05 0.000000000000000e+00 0.000000000000000e+00 0.000000000000000e+00 1.952858350070596e+05 0.000000000000000e+00 0.000000000000000e+00 0.000000000000000e+00 1.943965983438877e+05 1.943965983438877e+05 0.000000000000000e+00
4.191657819361000e-05 1.952857236540298e+05 1.952857236540298e+05 0.000000000000000e+00 0.000000000000000e+00 0.000000000000000e+00 1.952858280524368e+05 0.000000000000000e+00 0.000000000000000e+00 0.000000000000000e+00 1.943965958250101e+05 1.943965958250101e+05 0.000000000000000e+00
4.215856524034000e-05 1.952857125391805e+05 1.952857125391805e+05 0.000000000000000e+00 0.000000000000000e+00 0.000000000000000e+00 1.952858181891941e+05 0.000000000000000e+00 0.000000000000000e+00 0.000000000000000e+00 1.943965747327761e+05 1.943965747327761e+05 0.000000000000000e+00
4.240194929354000e-05 1.952857027750029e+05 1.952857027750029e+05 0.000000000000000e+00 0.000000000000000e+00 0.000000000000000e+00 1.952858096902059e+05 0.000000000000000e+00 0.000000000000000e+00 0.000000000000000e+00 1.943965671710782e+05 1.943965671710782e+05 0.000000000000000e+00
4.264673841820000e-05 1.952856928959764e+05 1.952856928959764e+05 0.000000000000000e+00 0.000000000000000e+00 0.000000000000000e+00 1.952858010876127e+05 0.000000000000000e+00 0.000000000000000e+00 0.000000000000000e+00 1.943965598113826e+05 1.943965598113826e+05 0.000000000000000e+00
4.289294072591000e-05 1.952856828528042e+05 1.952856828528042e+05 0.000000000000000e+00 0.000000000000000e+00 0.000000000000000e+00 1.952857923373265e+05 0.000000000000000e+00 0.000000000000000e+00 0.000000000000000e+00 1.943965523521712e+05 1.943965523521712e+05 0.000000000000000e+00
4.314056437505000e-05 1.952856731513671e+05 1.952856731513671e+05 0.000000000000000e+00 0.000000000000000e+00 0.000000000000000e+00 1.952857839437022e+05 0.000000000000000e+00 0.000000000000000e+00 0.000000000000000e+00 1.943965524378590e+05 1.943965524378590e+05 0.000000000000000e+00
4.338961757112000e-05 1.952856625044025e+05 1.952856625044025e+05 0.000000000000000e+00 0.000000000000000e+00 0.000000000000000e+00 1.952857746214464e+05 0.000000000000000e+00 0.000000000000000e+00 0.000000000000000e+00 1.943965342674925e+05 1.943965342674925e+05 0.000000000000000e+00
4.364010856698000e-05 1.952856522068801e+05 1.952856522068801e+05 0.000000000000000e+00 0.000000000000000e+00 0.000000000000000e+00 1.952857656621280e+05 0.000000000000000e+00 0.000000000000000e+00 0.000000000000000e+00 1.943965415470861e+05 1.943965415470861e+05 0.000000000000000e+00
4.389204566314000e-05 1.952856416906996e+05 1.952856416906996e+05 0.000000000000000e+00 0.000000000000000e+00 0.000000000000000e+00 1.952857564968812e+05 0.000000000000000e+00 0.000000000000000e+00 0.000000000000000e+00 1.943965319126435e+05 1.943965319126435e+05 0.000000000000000e+00
4.414543720803000e-05 1.952856310517072e+05 1.952856310517072e+05 0.000000000000000e+00 0.000000000000000e+00 0.000000000000000e+00 1.952857472267028e+05 0.000000000000000e+00 0.000000000000000e+00 0.000000000000000e+00 1.943965205981607e+05 1.943965205981607e+05 0.000000000000000e+00
4.440029159827000e-05 1.952856202507600e+05 1.952856202507600e+05 0.000000000000000e+00 0.000000000000000e+00 0.000000000000000e+00 1.952857378118873e+05 0.000000000000000e+00 0.000000000000000e+00 0.000000000000000e+00 1.943965195738999e+05 1.943965195738999e+05 0.000000000000000e+00
4.465661727896000e-05 1.952856093535132e+05 1.952856093535132e+05 0.000000000000000e+00 0.000000000000000e+00 0.000000000000000e+00 1.952857283170639e+05 0.000000000000000e+00 0.000000000000000e+00 0.000000000000000e+00 1.943965104832518e+05 1.943965104832518e+05 0.000000000000000e+00
4.491442274396000e-05 1.952855983619118e+05 1.952855983619118e+05 0.000000000000000e+00 0.000000000000000e+00 0.000000000000000e+00 1.952857187430831e+05 0.000000000000000e+00 0.000000000000000e+00 0.000000000000000e+00 1.943964996845385e+05 1.943964996845385e+05 0.000000000000000e+00
4.517371653614000e-05 1.952855873004618e+05 1.952855873004618e+05 0.000000000000000e+00 0.000000000000000e+00 0.000000000000000e+00 1.952857091141101e+05 0.000000000000000e+00 0.000000000000000e+00 0.000000000000000e+00 1.943964665833938e+05 1.943964665833938e+05 0.000000000000000e+00
4.543450724773000e-05 1.952855759831888e+05 1.952855759831888e+05 0.000000000000000e+00 0.000000000000000e+00 0.000000000000000e+00 1.952856992494842e+05 0.000000000000000e+00 0.000000000000000e+00 0.000000000000000e+00 1.943964570144776e+05 1.943964570144776e+05 0.000000000000000e+00
4.569680352052000e-05 1.952855643399743e+05 1.952855643399743e+05 0.000000000000000e+00 0.000000000000000e+00 0.000000000000000e+00 1.952856890718766e+05 0.000000000000000e+00 0.000000000000000e+00 0.000000000000000e+00 1.943964523843699e+05 1.943964523843699e+05 0.000000000000000e+00
4.596061404623000e-05 1.952855525931609e+05 1.952855525931609e+05 0.000000000000000e+00 0.000000000000000e+00 0.000000000000000e+00 1.952856788097197e+05 0.000000000000000e+00 0.000000000000000e+00 0.000000000000000e+00 1.943964473861160e+05 1.943964473861160e+05 0.000000000000000e+00
4.622594756671000e-05 1.952855415442495e+05 1.952855415442495e+05 0.000000000000000e+00 0.000000000000000e+00 0.000000000000000e+00 1.952856692644010e+05 0.000000000000000e+00 0.000000000000000e+00 0.000000000000000e+00 1.943964309939354e+05 1.943964309939354e+05 0.000000000000000e+00
4.649281287433000e-05 1.952855297769936e+05 1.952855297769936e+05 0.000000000000000e+00 0.000000000000000e+00 0.000000000000000e+00 1.952856590175666e+05 0.000000000000000e+00 0.000000000000000e+00 0.000000000000000e+00 1.943964219360556e+05 1.943964219360556e+05 0.000000000000000e+00
4.676121881218000e-05 1.952855178617283e+05 1.952855178617283e+05 0.000000000000000e+00 0.000000000000000e+00 0.000000000000000e+00 1.952856486366664e+05 0.000000000000000e+00 0.000000000000000e+00 0.000000000000000e+00 1.943964128507753e+05 1.943964128507753e+05 0.000000000000000e+00
4.703117427442000e-05 1.952855058331183e+05 1.952855058331183e+05 0.000000000000000e+00 0.000000000000000e+00 0.000000000000000e+00 1.952856381603799e+05 0.000000000000000e+00 0.000000000000000e+00 0.000000000000000e+00 1.943964039948165e+05 1.943964039948165e+05 0.000000000000000e+00
4.730268820655000e-05 1.952854936284499e+05 1.952854936284499e+05 0.000000000000000e+00 0.000000000000000e+00 0.000000000000000e+00 1.952856275288077e+05 0.000000000000000e+00 0.000000000000000e+00 0.000000000000000e+00 1.943963929346153e+05 1.943963929346153e+05 0.000000000000000e+00
4.757576960572000e-05 1.952854813089915e+05 1.952854813089915e+05 0.000000000000000e+00 0.000000000000000e+00 0.000000000000000e+00 1.952856168032553e+05 0.000000000000000e+00 0.000000000000000e+00 0.000000000000000e+00 1.943963836873037e+05 1.943963836873037e+05 0.000000000000000e+00
4.785042752101000e-05 1.952854688105446e+05 1.952854688105446e+05 0.000000000000000e+00 0.000000000000000e+00 0.000000000000000e+00 1.952856059137804e+05 0.000000000000000e+00 0.000000000000000e+00 0.000000000000000e+00 1.943963747951115e+05 1.943963747951115e+05 0.000000000000000e+00
4.812667105375000e-05 1.952854568122307e+05 1.952854568122307e+05 0.000000000000000e+00 0.000000000000000e+00 0.000000000000000e+00 1.952855955429644e+05 0.000000000000000e+00 0.000000000000000e+00 0.000000000000000e+00 1.943963595157540e+05 1.943963595157540e+05 0.000000000000000e+00
4.840450935781000e-05 1.952854432961898e+05 1.952854432961898e+05 0.000000000000000e+00 0.000000000000000e+00 0.000000000000000e+00 1.952855836718715e+05 0.000000000000000e+00 0.000000000000000e+00 0.000000000000000e+00 1.943963403630810e+05 1.943963403630810e+05 0.000000000000000e+00
4.868395163990000e-05 1.952854303984266e+05 1.952854303984266e+05 0.000000000000000e+00 0.000000000000000e+00 0.000000000000000e+00 1.952855724376442e+05 0.000000000000000e+00 0.000000000000000e+00 0.000000000000000e+00 1.943963297600123e+05 1.943963297600123e+05 0.000000000000000e+00
4.896500715989000e-05 1.952854182969412e+05 1.952854182969412e+05 0.000000000000000e+00 0.000000000000000e+00 0.000000000000000e+00 1.952855620222825e+05 0.000000000000000e+00 0.000000000000000e+00 0.000000000000000e+00 1.943963257139831e+05 1.943963257139831e+05 0.000000000000000e+00
4.924768523111000e-05 1.952854029255781e+05 1.952854029255781e+05 0.000000000000000e+00 0.000000000000000e+00 0.000000000000000e+00 1.952855483566139e+05 0.000000000000000e+00 0.000000000000000e+00 0.000000000000000e+00 1.943963071708970e+05 1.943963071708970e+05 0.000000000000000e+00
4.953199522063000e-05 1.952853939189472e+05 1.952853939189472e+05 0.000000000000000e+00 0.000000000000000e+00 0.000000000000000e+00 1.952855410740032e+05 0.000000000000000e+00 0.000000000000000e+00 0.000000000000000e+00 1.943963065989717e+05 1.943963065989717e+05 0.000000000000000e+00
4.981794654964000e-05 1.952853758889694e+05 1.952853758889694e+05 0.000000000000000e+00 0.000000000000000e+00 0.000000000000000e+00 1.952855247900872e+05 0.000000000000000e+00 0.000000000000000e+00 0.000000000000000e+00 1.943962830867938e+05 1.943962830867938e+05 0.000000000000000e+00
5.010554869369000e-05 1.952853623985100e+05 1.952853623985100e+05 0.000000000000000e+00 0.000000000000000e+00 0.000000000000000e+00 1.952855130603156e+05 0.000000000000000e+00 0.000000000000000e+00 0.000000000000000e+00 1.943962690922479e+05 1.943962690922479e+05 0.000000000000000e+00
5.039481118304000e-05 1.952853475708138e+05 1.952853475708138e+05 0.000000000000000e+00 0.000000000000000e+00 0.000000000000000e+00 1.952855000171875e+05 0.000000000000000e+00 0.000000000000000e+00 0.000000000000000e+00 1.943962736609254e+05 1.943962736609254e+05 0.000000000000000e+00
5.068574360296000e-05 1.952853336173813e+05 1.952853336173813e+05 0.000000000000000e+00 0.000000000000000e+00 0.000000000000000e+00 1.952854878704675e+05 0.000000000000000e+00 0.000000000000000e+00 0.000000000000000e+00 1.943962616657501e+05 1.943962616657501e+05 0.000000000000000e+00
5.097835559407000e-05 1.952853195399280e+05 1.952853195399280e+05 0.000000000000000e+00 0.000000000000000e+00 0.000000000000000e+00 1.952854756178994e+05 0.000000000000000e+00 0.000000000000000e+00 0.000000000000000e+00 1.943962500306861e+05 1.943962500306861e+05 0.000000000000000e+00
5.127265685264000e-05 1.952853051726212e+05 1.952853051726212e+05 0.000000000000000e+00 0.000000000000000e+00 0.000000000000000e+00 1.952854630968855e+05 0.000000000000000e+00 0.000000000000000e+00 0.000000000000000e+00 1.943962361679098e+05 1.943962361679098e+05 0.000000000000000e+00
5.156865713091000e-05 1.952852908585501e+05 1.952852908585501e+05 0.000000000000000e+00 0.000000000000000e+00 0.000000000000000e+00 1.952854506526673e+05 0.000000000000000e+00 0.000000000000000e+00 0.000000000000000e+00 1.943962249418031e+05 1.943962249418031e+05 0.000000000000000e+00
5.186636623745000e-05 1.952852764937422e+05 1.952852764937422e+05 0.000000000000000e+00 0.000000000000000e+00 0.000000000000000e+00 1.952854381800547e+05 0.000000000000000e+00 0.000000000000000e+00 0.000000000000000e+00 1.943962144527956e+05 1.943962144527956e+05 0.000000000000000e+00
5.216579403741000e-05 1.952852620073595e+05 1.952852620073595e+05 0.000000000000000e+00 0.000000000000000e+00 0.000000000000000e+00 1.952854256059938e+05 0.000000000000000e+00 0.000000000000000e+00 0.000000000000000e+00 1.943962040981999e+05 1.943962040981999e+05 0.000000000000000e+00
5.246695045292000e-05 1.952852474360961e+05 1.952852474360961e+05 0.000000000000000e+00 0.000000000000000e+00 0.000000000000000e+00 1.952854129696814e+05 0.000000000000000e+00 0.000000000000000e+00 0.000000000000000e+00 1.943961670332090e+05 1.943961670332090e+05 0.000000000000000e+00
5.276984546339000e-05 1.952852323922779e+05 1.952852323922779e+05 0.000000000000000e+00 0.000000000000000e+00 0.000000000000000e+00 1.952853998797405e+05 0.000000000000000e+00 0.000000000000000e+00 0.000000000000000e+00 1.943961545839424e+05 1.943961545839424e+05 0.000000000000000e+00
5.307448910585000e-05 1.952852171320627e+05 1.952852171320627e+05 0.000000000000000e+00 0.000000000000000e+00 0.000000000000000e+00 1.952853866036450e+05 0.000000000000000e+00 0.000000000000000e+00 0.000000000000000e+00 1.943961431849433e+05 1.943961431849433e+05 0.000000000000000e+00
5.338089147524000e-05 1.952852016050720e+05 1.952852016050720e+05 0.000000000000000e+00 0.000000000000000e+00 0.000000000000000e+00 1.952853730795227e+05 0.000000000000000e+00 0.000000000000000e+00 0.000000000000000e+00 1.943961334899135e+05 1.943961334899135e+05 0.000000000000000e+00
5.368906272482000e-05 1.952851849293477e+05 1.952851849293477e+05 0.000000000000000e+00 0.000000000000000e+00 0.000000000000000e+00 1.952853584231615e+05 0.000000000000000e+00 0.000000000000000e+00 0.000000000000000e+00 1.943961237750970e+05 1.943961237750970e+05 0.000000000000000e+00
5.399901306643000e-05 1.952851698614036e+05 1.952851698614036e+05 0.000000000000000e+00 0.000000000000000e+00 0.000000000000000e+00 1.952853454039072e+05 0.000000000000000e+00 0.000000000000000e+00 0.000000000000000e+00 1.943960996288103e+05 1.943960996288103e+05 0.000000000000000e+00
5.431075277089000e-05 1.952851537925908e+05 1.952851537925908e+05 0.000000000000000e+00 0.000000000000000e+00 0.000000000000000e+00 1.952853314085373e+05 0.000000000000000e+00 0.000000000000000e+00 0.000000000000000e+00 1.943960874526111e+05 1.943960874526111e+05 0.000000000000000e+00
5.462429216831000e-05 1.952851382560415e+05 1.952851382560415e+05 0.000000000000000e+00 0.000000000000000e+00 0.000000000000000e+00 1.952853179720606e+05 0.000000000000000e+00 0.000000000000000e+00 0.000000000000000e+00 1.943960859768475e+05 1.943960859768475e+05 0.000000000000000e+00
5.493964164843000e-05 1.952851217520052e+05 1.952851217520052e+05 0.000000000000000e+00 0.000000000000000e+00 0.000000000000000e+00 1.952853035873258e+05 0.000000000000000e+00 0.000000000000000e+00 0.000000000000000e+00 1.943960614189534e+05 1.943960614189534e+05 0.000000000000000e+00
5.525681166095000e-05 1.952851050811281e+05 1.952851050811281e+05 0.000000000000000e+00 0.000000000000000e+00 0.000000000000000e+00 1.952852890642225e+05 0.000000000000000e+00 0.000000000000000e+00 0.000000000000000e+00 1.943960475640497e+05 1.943960475640497e+05 0.000000000000000e+00
5.557581271595000e-05 1.952850882155727e+05 1.952850882155727e+05 0.000000000000000e+00 0.000000000000000e+00 0.000000000000000e+00 1.952852743717518e+05 0.000000000000000e+00 0.000000000000000e+00 0.000000000000000e+00 1.943960343356728e+05 1.943960343356728e+05 0.000000000000000e+00
5.589665538413000e-05 1.952850711593505e+05 1.952850711593505e+05 0.000000000000000e+00 0.000000000000000e+00 0.000000000000000e+00 1.952852595122952e+05 0.000000000000000e+00 0.000000000000000e+00 0.000000000000000e+00 1.943960213747363e+05 1.943960213747363e+05 0.000000000000000e+00
5.621935029725000e-05 1.952850554620207e+05 1.952850554620207e+05 0.000000000000000e+00 0.000000000000000e+00 0.000000000000000e+00 1.952852460325880e+05 0.000000000000000e+00 0.000000000000000e+00 0.000000000000000e+00 1.943959991176052e+05 1.943959991176052e+05 0.000000000000000e+00
5.654390814843000e-05 1.952850356447700e+05 1.952850356447700e+05 0.000000000000000e+00 0.000000000000000e+00 0.000000000000000e+00 1.952852284625750e+05 0.000000000000000e+00 0.000000000000000e+00 0.000000000000000e+00 1.943959724773697e+05 1.943959724773697e+05 0.000000000000000e+00
5.687033969254000e-05 1.952850184242886e+05 1.952850184242886e+05 0.000000000000000e+00 0.000000000000000e+00 0.000000000000000e+00 1.952852135158000e+05 0.000000000000000e+00 0.000000000000000e+00 0.000000000000000e+00 1.943959612475570e+05 1.943959612475570e+05 0.000000000000000e+00
5.719865574651000e-05 1.952850003197162e+05 1.952850003197162e+05 0.000000000000000e+00 0.000000000000000e+00 0.000000000000000e+00 1.952851977093811e+05 0.000000000000000e+00 0.000000000000000e+00 0.000000000000000e+00 1.943959607405199e+05 1.943959607405199e+05 0.000000000000000e+00
5.752886718975000e-05 1.952849833561260e+05 1.952849833561260e+05 0.000000000000000e+00 0.000000000000000e+00 0.000000000000000e+00 1.952851830715813e+05 0.000000000000000e+00 0.000000000000000e+00 0.000000000000000e+00 1.943959423686349e+05 1.943959423686349e+05 0.000000000000000e+00
5.786098496446000e-05 1.952849642137104e+05 1.952849642137104e+05 0.000000000000000e+00 0.000000000000000e+00 0.000000000000000e+00 1.952851662808358e+05 0.000000000000000e+00 0.000000000000000e+00 0.000000000000000e+00 1.943959260379132e+05 1.943959260379132e+05 0.000000000000000e+00
5.819502007600000e-05 1.952849457401684e+05 1.952849457401684e+05 0.000000000000000e+00 0.000000000000000e+00 0.000000000000000e+00 1.952851501873452e+05 0.000000000000000e+00 0.000000000000000e+00 0.000000000000000e+00 1.943959100357716e+05 1.943959100357716e+05 0.000000000000000e+00
5.853098359329000e-05 1.952849271385370e+05 1.952849271385370e+05 0.000000000000000e+00 0.000000000000000e+00 0.000000000000000e+00 1.952851339971453e+05 0.000000000000000e+00 0.000000000000000e+00 0.000000000000000e+00 1.943958878701088e+05 1.943958878701088e+05 0.000000000000000e+00
5.886888664912000e-05 1.952849071649286e+05 1.952849071649286e+05 0.000000000000000e+00 0.000000000000000e+00 0.000000000000000e+00 1.952851164569676e+05 0.000000000000000e+00 0.000000000000000e+00 0.000000000000000e+00 1.943958798237822e+05 1.943958798237822e+05 0.000000000000000e+00
5.920874044059000e-05 1.952848888089218e+05 1.952848888089218e+05 0.000000000000000e+00 0.000000000000000e+00 0.000000000000000e+00 1.952851005599888e+05 0.000000000000000e+00 0.000000000000000e+00 0.000000000000000e+00 1.943958489611273e+05 1.943958489611273e+05 0.000000000000000e+00
5.955055622941000e-05 1.952848696901161e+05 1.952848696901161e+05 0.000000000000000e+00 0.000000000000000e+00 0.000000000000000e+00 1.952850839343852e+05 0.000000000000000e+00 0.000000000000000e+00 0.000000000000000e+00 1.943958285276172e+05 1.943958285276172e+05 0.000000000000000e+00
5.989434534231000e-05 1.952848500664647e+05 1.952848500664647e+05 0.000000000000000e+00 0.000000000000000e+00 0.000000000000000e+00 1.952850668340529e+05 0.000000000000000e+00 0.000000000000000e+00 0.000000000000000e+00 1.943958116800086e+05 1.943958116800086e+05 0.000000000000000e+00
6.024011917142000e-05 1.952848303778427e+05 1.952848303778427e+05 0.000000000000000e+00 0.000000000000000e+00 0.000000000000000e+00 1.952850496926504e+05 0.000000000000000e+00 0.000000000000000e+00 0.000000000000000e+00 1.943958054545936e+05 1.943958054545936e+05 0.000000000000000e+00
6.058788917463000e-05 1.952848090534189e+05 1.952848090534189e+05 0.000000000000000e+00 0.000000000000000e+00 0.000000000000000e+00 1.952850309495922e+05 0.000000000000000e+00 0.000000000000000e+00 0.000000000000000e+00 1.943957739285969e+05 1.943957739285969e+05 0.000000000000000e+00
6.093766687597000e-05 1.952847909241056e+05 1.952847909241056e+05 0.000000000000000e+00 0.000000000000000e+00 0.000000000000000e+00 1.952850154293954e+05 0.000000000000000e+00 0.000000000000000e+00 0.000000000000000e+00 1.943957714742971e+05 1.943957714742971e+05 0.000000000000000e+00
6.128946386602999e-05 1.952847694634806e+05 1.952847694634806e+05 0.000000000000000e+00 0.000000000000000e+00 0.000000000000000e+00 1.952849966078837e+05 0.000000000000000e+00 0.000000000000000e+00 0.000000000000000e+00 1.943957519917505e+05 1.943957519917505e+05 0.000000000000000e+00
6.164329180227000e-05 1.952847486857839e+05 1.952847486857839e+05 0.000000000000000e+00 0.000000000000000e+00 0.000000000000000e+00 1.952849784991055e+05 0.000000000000000e+00 0.000000000000000e+00 0.000000000000000e+00 1.943957333132864e+05 1.943957333132864e+05 0.000000000000000e+00
6.199916240948000e-05 1.952847281185585e+05 1.952847281185585e+05 0.000000000000000e+00 0.000000000000000e+00 0.000000000000000e+00 1.952849606367470e+05 0.000000000000000e+00 0.000000000000000e+00 0.000000000000000e+00 1.943957224084402e+05 1.943957224084402e+05 0.000000000000000e+00
6.235708748012000e-05 1.952847048244546e+05 1.952847048244546e+05 0.000000000000000e+00 0.000000000000000e+00 0.000000000000000e+00 1.952849400738218e+05 0.000000000000000e+00 0.000000000000000e+00 0.000000000000000e+00 1.943957009143594e+05 1.943957009143594e+05 0.000000000000000e+00
6.271707887475000e-05 1.952846855086239e+05 1.952846855086239e+05 0.000000000000000e+00 0.000000000000000e+00 0.000000000000000e+00 1.952849235209511e+05 0.000000000000000e+00 0.000000000000000e+00 0.000000000000000e+00 1.943956804584097e+05 1.943956804584097e+05 0.000000000000000e+00
6.307914852238001e-05 1.952846637262667e+05 1.952846637262667e+05 0.000000000000000e+00 0.000000000000000e+00 0.000000000000000e+00 1.952849045348768e+05 0.000000000000000e+00 0.000000000000000e+00 0.000000000000000e+00 1.943956580583191e+05 1.943956580583191e+05 0.000000000000000e+00
6.344330842089999e-05 1.952846405011347e+05 1.952846405011347e+05 0.000000000000000e+00 0.000000000000000e+00 0.000000000000000e+00 1.952848841418364e+05 0.000000000000000e+00 0.000000000000000e+00 0.000000000000000e+00 1.943956344470808e+05 1.943956344470808e+05 0.000000000000000e+00
6.380957063745000e-05 1.952846183312749e+05 1.952846183312749e+05 0.000000000000000e+00 0.000000000000000e+00 0.000000000000000e+00 1.952848648335924e+05 0.000000000000000e+00 0.000000000000000e+00 0.000000000000000e+00 1.943956148369260e+05 1.943956148369260e+05 0.000000000000000e+00
6.417794730884999e-05 1.952845964302342e+05 1.952845964302342e+05 0.000000000000000e+00 0.000000000000000e+00 0.000000000000000e+00 1.952848458295343e+05 0.000000000000000e+00 0.000000000000000e+00 0.000000000000000e+00 1.943955932496350e+05 1.943955932496350e+05 0.000000000000000e+00
6.454845064199000e-05 1.952845733728754e+05 1.952845733728754e+05 0.000000000000000e+00 0.000000000000000e+00 0.000000000000000e+00 1.952848256978582e+05 0.000000000000000e+00 0.000000000000000e+00 0.000000000000000e+00 1.943955709120708e+05 1.943955709120708e+05 0.000000000000000e+00
6.492109291421000e-05 1.952845506361297e+05 1.952845506361297e+05 0.000000000000000e+00 0.000000000000000e+00 0.000000000000000e+00 1.952848059207027e+05 0.000000000000000e+00 0.000000000000000e+00 0.000000000000000e+00 1.943955529677743e+05 1.943955529677743e+05 0.000000000000000e+00
6.529588647374000e-05 1.952845274450562e+05 1.952845274450562e+05 0.000000000000000e+00 0.000000000000000e+00 0.000000000000000e+00 1.952847857260068e+05 0.000000000000000e+00 0.000000000000000e+00 0.000000000000000e+00 1.943955292816744e+05 1.943955292816744e+05 0.000000000000000e+00
6.567284374011000e-05 1.952845035054353e+05 1.952845035054353e+05 0.000000000000000e+00 0.000000000000000e+00 0.000000000000000e+00 1.952847648176920e+05 0.000000000000000e+00 0.000000000000000e+00 0.000000000000000e+00 1.943955188585646e+05 1.943955188585646e+05 0.000000000000000e+00
6.605197720453000e-05 1.952844807878624e+05 1.952844807878624e+05 0.000000000000000e+00 0.000000000000000e+00 0.000000000000000e+00 1.952847451666970e+05 0.000000000000000e+00 0.000000000000000e+00 0.000000000000000e+00 1.943954806436997e+05 1.943954806436997e+05 0.000000000000000e+00
6.643329943032000e-05 1.952844567634374e+05 1.952844567634374e+05 0.000000000000000e+00 0.000000000000000e+00 0.000000000000000e+00 1.952847242431807e+05 0.000000000000000e+00 0.000000000000000e+00 0.000000000000000e+00 1.943954591901337e+05 1.943954591901337e+05 0.000000000000000e+00
6.681682305334001e-05 1.952844324756061e+05 1.952844324756061e+05 0.000000000000000e+00 0.000000000000000e+00 0.000000000000000e+00 1.952847030942107e+05 0.000000000000000e+00 0.000000000000000e+00 0.000000000000000e+00 1.943954379244481e+05 1.943954379244481e+05 0.000000000000000e+00
6.720256078240999e-05 1.952844079080228e+05 1.952844079080228e+05 0.000000000000000e+00 0.000000000000000e+00 0.000000000000000e+00 1.952846817003996e+05 0.000000000000000e+00 0.000000000000000e+00 0.000000000000000e+00 1.943954170658691e+05 1.943954170658691e+05 0.000000000000000e+00
6.759052539968000e-05 1.952843807901238e+05 1.952843807901238e+05 0.000000000000000e+00 0.000000000000000e+00 0.000000000000000e+00 1.952846577913133e+05 0.000000000000000e+00 0.000000000000000e+00 0.000000000000000e+00 1.943954155412666e+05 1.943954155412666e+05 0.000000000000000e+00
6.798072976112999e-05 1.952843555971747e+05 1.952843555971747e+05 0.000000000000000e+00 0.000000000000000e+00 0.000000000000000e+00 1.952846358461037e+05 0.000000000000000e+00 0.000000000000000e+00 0.000000000000000e+00 1.943953947336152e+05 1.943953947336152e+05 0.000000000000000e+00
6.837318679695000e-05 1.952843300621633e+05 1.952843300621633e+05 0.000000000000000e+00 0.000000000000000e+00 0.000000000000000e+00 1.952846135976064e+05 0.000000000000000e+00 0.000000000000000e+00 0.000000000000000e+00 1.943953752686103e+05 1.943953752686103e+05 0.000000000000000e+00
6.876790951196000e-05 1.952843043514304e+05 1.952843043514304e+05 0.000000000000000e+00 0.000000000000000e+00 0.000000000000000e+00 1.952845912067853e+05 0.000000000000000e+00 0.000000000000000e+00 0.000000000000000e+00 1.943953361406701e+05 1.943953361406701e+05 0.000000000000000e+00
6.916491098607000e-05 1.952842783037484e+05 1.952842783037484e+05 0.000000000000000e+00 0.000000000000000e+00 0.000000000000000e+00 1.952845685207205e+05 0.000000000000000e+00 0.000000000000000e+00 0.000000000000000e+00 1.943953127468720e+05 1.943953127468720e+05 0.000000000000000e+00
6.956420437470000e-05 1.952842519561955e+05 1.952842519561955e+05 0.000000000000000e+00 0.000000000000000e+00 0.000000000000000e+00 1.952845455738258e+05 0.000000000000000e+00 0.000000000000000e+00 0.000000000000000e+00 1.943952896372614e+05 1.943952896372614e+05 0.000000000000000e+00
6.996580290922000e-05 1.952842253327771e+05 1.952842253327771e+05 0.000000000000000e+00 0.000000000000000e+00 0.000000000000000e+00 1.952845223902351e+05 0.000000000000000e+00 0.000000000000000e+00 0.000000000000000e+00 1.943952663211003e+05 1.943952663211003e+05 0.000000000000000e+00
7.036971989738001e-05 1.952841984447623e+05 1.952841984447623e+05 0.000000000000000e+00 0.000000000000000e+00 0.000000000000000e+00 1.952844989828200e+05 0.000000000000000e+00 0.000000000000000e+00 0.000000000000000e+00 1.943952417198537e+05 1.943952417198537e+05 0.000000000000000e+00
7.077596872377000e-05 1.952841711063922e+05 1.952841711063922e+05 0.000000000000000e+00 0.000000000000000e+00 0.000000000000000e+00 1.952844751652209e+05 0.000000000000000e+00 0.000000000000000e+00 0.000000000000000e+00 1.943952184702406e+05 1.943952184702406e+05 0.000000000000000e+00
7.118456285022001e-05 1.952841443941068e+05 1.952841443941068e+05 0.000000000000000e+00 0.000000000000000e+00 0.000000000000000e+00 1.952844520079391e+05 0.000000000000000e+00 0.000000000000000e+00 0.000000000000000e+00 1.943951952708419e+05 1.943951952708419e+05 0.000000000000000e+00
7.159551581630000e-05 1.952841172225801e+05 1.952841172225801e+05 0.000000000000000e+00 0.000000000000000e+00 0.000000000000000e+00 1.952844284388495e+05 0.000000000000000e+00 0.000000000000000e+00 0.000000000000000e+00 1.943951681515579e+05 1.943951681515579e+05 0.000000000000000e+00
7.200884123975000e-05 1.952840889698302e+05 1.952840889698302e+05 0.000000000000000e+00 0.000000000000000e+00 0.000000000000000e+00 1.952844038288748e+05 0.000000000000000e+00 0.000000000000000e+00 0.000000000000000e+00 1.943951427936686e+05 1.943951427936686e+05 0.000000000000000e+00
7.242455281691000e-05 1.952840603057332e+05 1.952840603057332e+05 0.000000000000000e+00 0.000000000000000e+00 0.000000000000000e+00 1.952843788572883e+05 0.000000000000000e+00 0.000000000000000e+00 0.000000000000000e+00 1.943951176431657e+05 1.943951176431657e+05 0.000000000000000e+00
7.284266432320000e-05 1.952840307592120e+05 1.952840307592120e+05 0.000000000000000e+00 0.000000000000000e+00 0.000000000000000e+00 1.952843530351433e+05 0.000000000000000e+00 0.000000000000000e+00 0.000000000000000e+00 1.943950948998414e+05 1.943950948998414e+05 0.000000000000000e+00
7.326318961355001e-05 1.952840013054176e+05 1.952840013054176e+05 0.000000000000000e+00 0.000000000000000e+00 0.000000000000000e+00 1.952843273620113e+05 0.000000000000000e+00 0.000000000000000e+00 0.000000000000000e+00 1.943950617073891e+05 1.943950617073891e+05 0.000000000000000e+00
7.368614262289999e-05 1.952839716856724e+05 1.952839716856724e+05 0.000000000000000e+00 0.000000000000000e+00 0.000000000000000e+00 1.952843015581224e+05 0.000000000000000e+00 0.000000000000000e+00 0.000000000000000e+00 1.943950355613492e+05 1.943950355613492e+05 0.000000000000000e+00
7.411153736661000e-05 1.952839416970499e+05 1.952839416970499e+05 0.000000000000000e+00 0.000000000000000e+00 0.000000000000000e+00 1.952842754256123e+05 0.000000000000000e+00 0.000000000000000e+00 0.000000000000000e+00 1.943950091987540e+05 1.943950091987540e+05 0.000000000000000e+00
7.453938794099000e-05 1.952839117457311e+05 1.952839117457311e+05 0.000000000000000e+00 0.000000000000000e+00 0.000000000000000e+00 1.952842493795755e+05 0.000000000000000e+00 0.000000000000000e+00 0.000000000000000e+00 1.943949817199488e+05 1.943949817199488e+05 0.000000000000000e+00
7.496970852368000e-05 1.952838810706056e+05 1.952838810706056e+05 0.000000000000000e+00 0.000000000000000e+00 0.000000000000000e+00 1.952842226517376e+05 0.000000000000000e+00 0.000000000000000e+00 0.000000000000000e+00 1.943949558402670e+05 1.943949558402670e+05 0.000000000000000e+00
7.540251337421000e-05 1.952838500182741e+05 1.952838500182741e+05 0.000000000000000e+00 0.000000000000000e+00 0.000000000000000e+00 1.952841955965740e+05 0.000000000000000e+00 0.000000000000000e+00 0.000000000000000e+00 1.943949297771142e+05 1.943949297771142e+05 0.000000000000000e+00
7.583781683441001e-05 1.952838186136199e+05 1.952838186136199e+05 0.000000000000000e+00 0.000000000000000e+00 0.000000000000000e+00 1.952841682314883e+05 0.000000000000000e+00 0.000000000000000e+00 0.000000000000000e+00 1.943949037372342e+05 1.943949037372342e+05 0.000000000000000e+00
7.627563332891000e-05 1.952837869266458e+05 1.952837869266458e+05 0.000000000000000e+00 0.000000000000000e+00 0.000000000000000e+00 1.952841406344847e+05 0.000000000000000e+00 0.000000000000000e+00 0.000000000000000e+00 1.943948784184794e+05 1.943948784184794e+05 0.000000000000000e+00
7.671597736560999e-05 1.952837547100839e+05 1.952837547100839e+05 0.000000000000000e+00 0.000000000000000e+00 0.000000000000000e+00 1.952841125564124e+05 0.000000000000000e+00 0.000000000000000e+00 0.000000000000000e+00 1.943948531866539e+05 1.943948531866539e+05 0.000000000000000e+00
7.715886353618000e-05 1.952837221748817e+05 1.952837221748817e+05 0.000000000000000e+00 0.000000000000000e+00 0.000000000000000e+00 1.952840842034546e+05 0.000000000000000e+00 0.000000000000000e+00 0.000000000000000e+00 1.943948277069182e+05 1.943948277069182e+05 0.000000000000000e+00
7.760430651651999e-05 1.952836892595581e+05 1.952836892595581e+05 0.000000000000000e+00 0.000000000000000e+00 0.000000000000000e+00 1.952840555203876e+05 0.000000000000000e+00 0.000000000000000e+00 0.000000000000000e+00 1.943947876313214e+05 1.943947876313214e+05 0.000000000000000e+00
7.805232106724999e-05 1.952836560207150e+05 1.952836560207150e+05 0.000000000000000e+00 0.000000000000000e+00 0.000000000000000e+00 1.952840265606153e+05 0.000000000000000e+00 0.000000000000000e+00 0.000000000000000e+00 1.943947586158363e+05 1.943947586158363e+05 0.000000000000000e+00
7.850292203420000e-05 1.952836222843654e+05 1.952836222843654e+05 0.000000000000000e+00 0.000000000000000e+00 0.000000000000000e+00 1.952839971561185e+05 0.000000000000000e+00 0.000000000000000e+00 0.000000000000000e+00 1.943947294611212e+05 1.943947294611212e+05 0.000000000000000e+00
7.895612434892000e-05 1.952835874067537e+05 1.952835874067537e+05 0.000000000000000e+00 0.000000000000000e+00 0.000000000000000e+00 1.952839666633819e+05 0.000000000000000e+00 0.000000000000000e+00 0.000000000000000e+00 1.943947009032405e+05 1.943947009032405e+05 0.000000000000000e+00
7.941194302916000e-05 1.952835531798318e+05 1.952835531798318e+05 0.000000000000000e+00 0.000000000000000e+00 0.000000000000000e+00 1.952839368681897e+05 0.000000000000000e+00 0.000000000000000e+00 0.000000000000000e+00 1.943946704428993e+05 1.943946704428993e+05 0.000000000000000e+00
7.987039317935999e-05 1.952835180665928e+05 1.952835180665928e+05 0.000000000000000e+00 0.000000000000000e+00 0.000000000000000e+00 1.952839062382758e+05 0.000000000000000e+00 0.000000000000000e+00 0.000000000000000e+00 1.943946403761312e+05 1.943946403761312e+05 0.000000000000000e+00
8.033148999116001e-05 1.952834827725600e+05 1.952834827725600e+05 0.000000000000000e+00 0.000000000000000e+00 0.000000000000000e+00 1.952838754772937e+05 0.000000000000000e+00 0.000000000000000e+00 0.000000000000000e+00 1.943946096933024e+05 1.943946096933024e+05 0.000000000000000e+00
8.079524874390000e-05 1.952834471255816e+05 1.952834471255816e+05 0.000000000000000e+00 0.000000000000000e+00 0.000000000000000e+00 1.952838444197871e+05 0.000000000000000e+00 0.000000000000000e+00 0.000000000000000e+00 1.943945787110068e+05 1.943945787110068e+05 0.000000000000000e+00
8.126168480514000e-05 1.952834107436881e+05 1.952834107436881e+05 0.000000000000000e+00 0.000000000000000e+00 0.000000000000000e+00 1.952838126753276e+05 0.000000000000000e+00 0.000000000000000e+00 0.000000000000000e+00 1.943945485552005e+05 1.943945485552005e+05 0.000000000000000e+00
8.173081363114999e-05 1.952833742493013e+05 1.952833742493013e+05 0.000000000000000e+00 0.000000000000000e+00 0.000000000000000e+00 1.952837808767636e+05 0.000000000000000e+00 0.000000000000000e+00 0.000000000000000e+00 1.943945181964160e+05 1.943945181964160e+05 0.000000000000000e+00
8.220265076742000e-05 1.952833373543103e+05 1.952833373543103e+05 0.000000000000000e+00 0.000000000000000e+00 0.000000000000000e+00 1.952837487287878e+05 0.000000000000000e+00 0.000000000000000e+00 0.000000000000000e+00 1.943944887033317e+05 1.943944887033317e+05 0.000000000000000e+00
8.267721184921000e-05 1.952832994267480e+05 1.952832994267480e+05 0.000000000000000e+00 0.000000000000000e+00 0.000000000000000e+00 1.952837156048325e+05 0.000000000000000e+00 0.000000000000000e+00 0.000000000000000e+00 1.943944525410569e+05 1.943944525410569e+05 0.000000000000000e+00
8.315451260203001e-05 1.952832616972344e+05 1.952832616972344e+05 0.000000000000000e+00 0.000000000000000e+00 0.000000000000000e+00 1.952836827346392e+05 0.000000000000000e+00 0.000000000000000e+00 0.000000000000000e+00 1.943944180511614e+05 1.943944180511614e+05 0.000000000000000e+00
8.363456884216000e-05 1.952832233640139e+05 1.952832233640139e+05 0.000000000000000e+00 0.000000000000000e+00 0.000000000000000e+00 1.952836493152424e+05 0.000000000000000e+00 0.000000000000000e+00 0.000000000000000e+00 1.943943843540391e+05 1.943943843540391e+05 0.000000000000000e+00
8.411739647721000e-05 1.952831851341449e+05 1.952831851341449e+05 0.000000000000000e+00 0.000000000000000e+00 0.000000000000000e+00 1.952836160629784e+05 0.000000000000000e+00 0.000000000000000e+00 0.000000000000000e+00 1.943943488602309e+05 1.943943488602309e+05 0.000000000000000e+00
8.460301150661000e-05 1.952831471606977e+05 1.952831471606977e+05 0.000000000000000e+00 0.000000000000000e+00 0.000000000000000e+00 1.952835831205923e+05 0.000000000000000e+00 0.000000000000000e+00 0.000000000000000e+00 1.943943131144556e+05 1.943943131144556e+05 0.000000000000000e+00
8.509143002218000e-05 1.952831075984400e+05 1.952831075984400e+05 0.000000000000000e+00 0.000000000000000e+00 0.000000000000000e+00 1.952835486427502e+05 0.000000000000000e+00 0.000000000000000e+00 0.000000000000000e+00 1.943942790528494e+05 1.943942790528494e+05 0.000000000000000e+00
8.558266820860001e-05 1.952830676049657e+05 1.952830676049657e+05 0.000000000000000e+00 0.000000000000000e+00 0.000000000000000e+00 1.952835137975815e+05 0.000000000000000e+00 0.000000000000000e+00 0.000000000000000e+00 1.943942453434053e+05 1.943942453434053e+05 0.000000000000000e+00
8.607674234403000e-05 1.952830270719120e+05 1.952830270719120e+05 0.000000000000000e+00 0.000000000000000e+00 0.000000000000000e+00 1.952834784689981e+05 0.000000000000000e+00 0.000000000000000e+00 0.000000000000000e+00 1.943942076487093e+05 1.943942076487093e+05 0.000000000000000e+00
8.657366880057001e-05 1.952829861063247e+05 1.952829861063247e+05 0.000000000000000e+00 0.000000000000000e+00 0.000000000000000e+00 1.952834427686378e+05 0.000000000000000e+00 0.000000000000000e+00 0.000000000000000e+00 1.943941714396658e+05 1.943941714396658e+05 0.000000000000000e+00
8.707346404484000e-05 1.952829446760374e+05 1.952829446760374e+05 0.000000000000000e+00 0.000000000000000e+00 0.000000000000000e+00 1.952834066640832e+05 0.000000000000000e+00 0.000000000000000e+00 0.000000000000000e+00 1.943941342095779e+05 1.943941342095779e+05 0.000000000000000e+00
8.757614463855000e-05 1.952829030078834e+05 1.952829030078834e+05 0.000000000000000e+00 0.000000000000000e+00 0.000000000000000e+00 1.952833703859285e+05 0.000000000000000e+00 0.000000000000000e+00 0.000000000000000e+00 1.943940971080775e+05 1.943940971080775e+05 0.000000000000000e+00
8.808172723900000e-05 1.952828605587186e+05 1.952828605587186e+05 0.000000000000000e+00 0.000000000000000e+00 0.000000000000000e+00 1.952833333919973e+05 0.000000000000000e+00 0.000000000000000e+00 0.000000000000000e+00 1.943940612116186e+05 1.943940612116186e+05 0.000000000000000e+00
8.859022859965000e-05 1.952828176778483e+05 1.952828176778483e+05 0.000000000000000e+00 0.000000000000000e+00 0.000000000000000e+00 1.952832960262830e+05 0.000000000000000e+00 0.000000000000000e+00 0.000000000000000e+00 1.943940234924199e+05 1.943940234924199e+05 0.000000000000000e+00
8.910166557069999e-05 1.952827742580811e+05 1.952827742580811e+05 0.000000000000000e+00 0.000000000000000e+00 0.000000000000000e+00 1.952832581848915e+05 0.000000000000000e+00 0.000000000000000e+00 0.000000000000000e+00 1.943939873502641e+05 1.943939873502641e+05 0.000000000000000e+00
8.961605509960000e-05 1.952827305483917e+05 1.952827305483917e+05 0.000000000000000e+00 0.000000000000000e+00 0.000000000000000e+00 1.952832201221194e+05 0.000000000000000e+00 0.000000000000000e+00 0.000000000000000e+00 1.943939446186966e+05 1.943939446186966e+05 0.000000000000000e+00
9.013341423165000e-05 1.952826861256410e+05 1.952826861256410e+05 0.000000000000000e+00 0.000000000000000e+00 0.000000000000000e+00 1.952831814085135e+05 0.000000000000000e+00 0.000000000000000e+00 0.000000000000000e+00 1.943939059916309e+05 1.943939059916309e+05 0.000000000000000e+00
9.065376011058000e-05 1.952826412833003e+05 1.952826412833003e+05 0.000000000000000e+00 0.000000000000000e+00 0.000000000000000e+00 1.952831423413324e+05 0.000000000000000e+00 0.000000000000000e+00 0.000000000000000e+00 1.943938669503218e+05 1.943938669503218e+05 0.000000000000000e+00
9.117710997904001e-05 1.952825958124278e+05 1.952825958124278e+05 0.000000000000000e+00 0.000000000000000e+00 0.000000000000000e+00 1.952831027111862e+05 0.000000000000000e+00 0.000000000000000e+00 0.000000000000000e+00 1.943938279174885e+05 1.943938279174885e+05 0.000000000000000e+00
9.170348117926000e-05 1.952825498410658e+05 1.952825498410658e+05 0.000000000000000e+00 0.000000000000000e+00 0.000000000000000e+00 1.952830626492118e+05 0.000000000000000e+00 0.000000000000000e+00 0.000000000000000e+00 1.943937844492884e+05 1.943937844492884e+05 0.000000000000000e+00
9.223289115359000e-05 1.952825033970769e+05 1.952825033970769e+05 0.000000000000000e+00 0.000000000000000e+00 0.000000000000000e+00 1.952830221803302e+05 0.000000000000000e+00 0.000000000000000e+00 0.000000000000000e+00 1.943937427375580e+05 1.943937427375580e+05 0.000000000000000e+00
9.276535744505000e-05 1.952824563366309e+05 1.952824563366309e+05 0.000000000000000e+00 0.000000000000000e+00 0.000000000000000e+00 1.952829811679807e+05 0.000000000000000e+00 0.000000000000000e+00 0.000000000000000e+00 1.943937011715007e+05 1.943937011715007e+05 0.000000000000000e+00
9.330089769796000e-05 1.952824086462891e+05 1.952824086462891e+05 0.000000000000000e+00 0.000000000000000e+00 0.000000000000000e+00 1.952829395953799e+05 0.000000000000000e+00 0.000000000000000e+00 0.000000000000000e+00 1.943936589995277e+05 1.943936589995277e+05 0.000000000000000e+00
9.383952965848999e-05 1.952823605068945e+05 1.952823605068945e+05 0.000000000000000e+00 0.000000000000000e+00 0.000000000000000e+00 1.952828976449223e+05 0.000000000000000e+00 0.000000000000000e+00 0.000000000000000e+00 1.943936168145956e+05 1.943936168145956e+05 0.000000000000000e+00
9.438127117526000e-05 1.952823121883297e+05 1.952823121883297e+05 0.000000000000000e+00 0.000000000000000e+00 0.000000000000000e+00 1.952828555852887e+05 0.000000000000000e+00 0.000000000000000e+00 0.000000000000000e+00 1.943935718726777e+05 1.943935718726777e+05 0.000000000000000e+00
9.492614019994000e-05 1.952822629730148e+05 1.952822629730148e+05 0.000000000000000e+00 0.000000000000000e+00 0.000000000000000e+00 1.952828127063169e+05 0.000000000000000e+00 0.000000000000000e+00 0.000000000000000e+00 1.943935284013446e+05 1.943935284013446e+05 0.000000000000000e+00
9.547415478783000e-05 1.952822132639029e+05 1.952822132639029e+05 0.000000000000000e+00 0.000000000000000e+00 0.000000000000000e+00 1.952827693997651e+05 0.000000000000000e+00 0.000000000000000e+00 0.000000000000000e+00 1.943934839465428e+05 1.943934839465428e+05 0.000000000000000e+00
9.602533309846000e-05 1.952821628850102e+05 1.952821628850102e+05 0.000000000000000e+00 0.000000000000000e+00 0.000000000000000e+00 1.952827255039645e+05 0.000000000000000e+00 0.000000000000000e+00 0.000000000000000e+00 1.943934391560683e+05 1.943934391560683e+05 0.000000000000000e+00
9.657969339619999e-05 1.952821119522199e+05 1.952821119522199e+05 0.000000000000000e+00 0.000000000000000e+00 0.000000000000000e+00 1.952826811249728e+05 0.000000000000000e+00 0.000000000000000e+00 0.000000000000000e+00 1.943933940827030e+05 1.943933940827030e+05 0.000000000000000e+00
9.713725405086000e-05 1.952820593726507e+05 1.952820593726507e+05 0.000000000000000e+00 0.000000000000000e+00 0.000000000000000e+00 1.952826351630758e+05 0.000000000000000e+00 0.000000000000000e+00 0.000000000000000e+00 1.943933449848738e+05 1.943933449848738e+05 0.000000000000000e+00
9.769803353831000e-05 1.952820072687517e+05 1.952820072687517e+05 0.000000000000000e+00 0.000000000000000e+00 0.000000000000000e+00 1.952825897667651e+05 0.000000000000000e+00 0.000000000000000e+00 0.000000000000000e+00 1.943932984929908e+05 1.943932984929908e+05 0.000000000000000e+00
9.826205044107000e-05 1.952819545543101e+05 1.952819545543101e+05 0.000000000000000e+00 0.000000000000000e+00 0.000000000000000e+00 1.952825438366000e+05 0.000000000000000e+00 0.000000000000000e+00 0.000000000000000e+00 1.943932514069050e+05 1.943932514069050e+05 0.000000000000000e+00
9.882932344895000e-05 1.952819024719549e+05 1.952819024719549e+05 0.000000000000000e+00 0.000000000000000e+00 0.000000000000000e+00 1.952824986171276e+05 0.000000000000000e+00 0.000000000000000e+00 0.000000000000000e+00 1.943932047770437e+05 1.943932047770437e+05 0.000000000000000e+00
9.939987135964000e-05 1.952818484960754e+05 1.952818484960754e+05 0.000000000000000e+00 0.000000000000000e+00 0.000000000000000e+00 1.952824515860339e+05 0.000000000000000e+00 0.000000000000000e+00 0.000000000000000e+00 1.943931567047758e+05 1.943931567047758e+05 0.000000000000000e+00
9.997371307936000e-05 1.952817938846420e+05 1.952817938846420e+05 0.000000000000000e+00 0.000000000000000e+00 0.000000000000000e+00 1.952824039966026e+05 0.000000000000000e+00 0.000000000000000e+00 0.000000000000000e+00 1.943931084683012e+05 1.943931084683012e+05 0.000000000000000e+00
1.005508676235000e-04 1.952817386363316e+05 1.952817386363316e+05 0.000000000000000e+00 0.000000000000000e+00 0.000000000000000e+00 1.952823558555079e+05 0.000000000000000e+00 0.000000000000000e+00 0.000000000000000e+00 1.943930598767324e+05 1.943930598767324e+05 0.000000000000000e+00
1.011313541172000e-04 1.952816822669662e+05 1.952816822669662e+05 0.000000000000000e+00 0.000000000000000e+00 0.000000000000000e+00 1.952823066855643e+05 0.000000000000000e+00 0.000000000000000e+00 0.000000000000000e+00 1.943930142187701e+05 1.943930142187701e+05 0.000000000000000e+00
1.017151917959000e-04 1.952816257276698e+05 1.952816257276698e+05 0.000000000000000e+00 0.000000000000000e+00 0.000000000000000e+00 1.952822574159070e+05 0.000000000000000e+00 0.000000000000000e+00 0.000000000000000e+00 1.943929653971515e+05 1.943929653971515e+05 0.000000000000000e+00
1.023024000064000e-04 1.952815685637955e+05 1.952815685637955e+05 0.000000000000000e+00 0.000000000000000e+00 0.000000000000000e+00 1.952822076058731e+05 0.000000000000000e+00 0.000000000000000e+00 0.000000000000000e+00 1.943929118377086e+05 1.943929118377086e+05 0.000000000000000e+00
1.028929982069000e-04 1.952815107572309e+05 1.952815107572309e+05 0.000000000000000e+00 0.000000000000000e+00 0.000000000000000e+00 1.952821572395997e+05 0.000000000000000e+00 0.000000000000000e+00 0.000000000000000e+00 1.943928602698961e+05 1.943928602698961e+05 0.000000000000000e+00
1.034870059680000e-04 1.952814522432400e+05 1.952814522432400e+05 0.000000000000000e+00 0.000000000000000e+00 0.000000000000000e+00 1.952821062505145e+05 0.000000000000000e+00 0.000000000000000e+00 0.000000000000000e+00 1.943928081802179e+05 1.943928081802179e+05 0.000000000000000e+00
1.040844429733000e-04 1.952813930676320e+05 1.952813930676320e+05 0.000000000000000e+00 0.000000000000000e+00 0.000000000000000e+00 1.952820546898797e+05 0.000000000000000e+00 0.000000000000000e+00 0.000000000000000e+00 1.943927552950636e+05 1.943927552950636e+05 0.000000000000000e+00
1.046853290201000e-04 1.952813332410991e+05 1.952813332410991e+05 0.000000000000000e+00 0.000000000000000e+00 0.000000000000000e+00 1.952820025642778e+05 0.000000000000000e+00 0.000000000000000e+00 0.000000000000000e+00 1.943927018572462e+05 1.943927018572462e+05 0.000000000000000e+00
1.052896840198000e-04 1.952812727459601e+05 1.952812727459601e+05 0.000000000000000e+00 0.000000000000000e+00 0.000000000000000e+00 1.952819498589231e+05 0.000000000000000e+00 0.000000000000000e+00 0.000000000000000e+00 1.943926476473829e+05 1.943926476473829e+05 0.000000000000000e+00
1.058975279991000e-04 1.952812114148328e+05 1.952812114148328e+05 0.000000000000000e+00 0.000000000000000e+00 0.000000000000000e+00 1.952818964064746e+05 0.000000000000000e+00 0.000000000000000e+00 0.000000000000000e+00 1.943925934692605e+05 1.943925934692605e+05 0.000000000000000e+00
1.065088811000000e-04 1.952811495574503e+05 1.952811495574503e+05 0.000000000000000e+00 0.000000000000000e+00 0.000000000000000e+00 1.952818425192102e+05 0.000000000000000e+00 0.000000000000000e+00 0.000000000000000e+00 1.943925404441074e+05 1.943925404441074e+05 0.000000000000000e+00
1.071237635808000e-04 1.952810868259002e+05 1.952810868259002e+05 0.000000000000000e+00 0.000000000000000e+00 0.000000000000000e+00 1.952817878535215e+05 0.000000000000000e+00 0.000000000000000e+00 0.000000000000000e+00 1.943924857512864e+05 1.943924857512864e+05 0.000000000000000e+00
1.077421958170000e-04 1.952810234931850e+05 1.952810234931850e+05 0.000000000000000e+00 0.000000000000000e+00 0.000000000000000e+00 1.952817326769602e+05 0.000000000000000e+00 0.000000000000000e+00 0.000000000000000e+00 1.943924266517604e+05 1.943924266517604e+05 0.000000000000000e+00
1.083641983014000e-04 1.952809593488045e+05 1.952809593488045e+05 0.000000000000000e+00 0.000000000000000e+00 0.000000000000000e+00 1.952816767873529e+05 0.000000000000000e+00 0.000000000000000e+00 0.000000000000000e+00 1.943923698169235e+05 1.943923698169235e+05 0.000000000000000e+00
1.089897916453000e-04 1.952808944910291e+05 1.952808944910291e+05 0.000000000000000e+00 0.000000000000000e+00 0.000000000000000e+00 1.952816202765752e+05 0.000000000000000e+00 0.000000000000000e+00 0.000000000000000e+00 1.943923110549378e+05 1.943923110549378e+05 0.000000000000000e+00
1.096189965790000e-04 1.952808288793724e+05 1.952808288793724e+05 0.000000000000000e+00 0.000000000000000e+00 0.000000000000000e+00 1.952815631077788e+05 0.000000000000000e+00 0.000000000000000e+00 0.000000000000000e+00 1.943922527720769e+05 1.943922527720769e+05 0.000000000000000e+00
1.102518339524000e-04 1.952807625198518e+05 1.952807625198518e+05 0.000000000000000e+00 0.000000000000000e+00 0.000000000000000e+00 1.952815052881826e+05 0.000000000000000e+00 0.000000000000000e+00 0.000000000000000e+00 1.943921936098679e+05 1.943921936098679e+05 0.000000000000000e+00
1.108883247359000e-04 1.952806953933922e+05 1.952806953933922e+05 0.000000000000000e+00 0.000000000000000e+00 0.000000000000000e+00 1.952814468024350e+05 0.000000000000000e+00 0.000000000000000e+00 0.000000000000000e+00 1.943921343223029e+05 1.943921343223029e+05 0.000000000000000e+00
1.115284900208000e-04 1.952806274880452e+05 1.952806274880452e+05 0.000000000000000e+00 0.000000000000000e+00 0.000000000000000e+00 1.952813876378261e+05 0.000000000000000e+00 0.000000000000000e+00 0.000000000000000e+00 1.943920742315410e+05 1.943920742315410e+05 0.000000000000000e+00
1.121723510201000e-04 1.952805587732037e+05 1.952805587732037e+05 0.000000000000000e+00 0.000000000000000e+00 0.000000000000000e+00 1.952813277683335e+05 0.000000000000000e+00 0.000000000000000e+00 0.000000000000000e+00 1.943920143981794e+05 1.943920143981794e+05 0.000000000000000e+00
1.128199290696000e-04 1.952804896882650e+05 1.952804896882650e+05 0.000000000000000e+00 0.000000000000000e+00 0.000000000000000e+00 1.952812676241788e+05 0.000000000000000e+00 0.000000000000000e+00 0.000000000000000e+00 1.943919441483202e+05 1.943919441483202e+05 0.000000000000000e+00
1.134712456280000e-04 1.952804193489513e+05 1.952804193489513e+05 0.000000000000000e+00 0.000000000000000e+00 0.000000000000000e+00 1.952812063270193e+05 0.000000000000000e+00 0.000000000000000e+00 0.000000000000000e+00 1.943918849063878e+05 1.943918849063878e+05 0.000000000000000e+00
1.141263222779000e-04 1.952803482987988e+05 1.952803482987988e+05 0.000000000000000e+00 0.000000000000000e+00 0.000000000000000e+00 1.952811444299010e+05 0.000000000000000e+00 0.000000000000000e+00 0.000000000000000e+00 1.943918209518938e+05 1.943918209518938e+05 0.000000000000000e+00
1.147851807266000e-04 1.952802763718522e+05 1.952802763718522e+05 0.000000000000000e+00 0.000000000000000e+00 0.000000000000000e+00 1.952810817612959e+05 0.000000000000000e+00 0.000000000000000e+00 0.000000000000000e+00 1.943917568908184e+05 1.943917568908184e+05 0.000000000000000e+00
1.154478428066000e-04 1.952802036520478e+05 1.952802036520478e+05 0.000000000000000e+00 0.000000000000000e+00 0.000000000000000e+00 1.952810184078792e+05 0.000000000000000e+00 0.000000000000000e+00 0.000000000000000e+00 1.943916915920476e+05 1.943916915920476e+05 0.000000000000000e+00
1.161143304765000e-04 1.952801300418847e+05 1.952801300418847e+05 0.000000000000000e+00 0.000000000000000e+00 0.000000000000000e+00 1.952809542710349e+05 0.000000000000000e+00 0.000000000000000e+00 0.000000000000000e+00 1.943916263617247e+05 1.943916263617247e+05 0.000000000000000e+00
1.167846658217000e-04 1.952800554284307e+05 1.952800554284307e+05 0.000000000000000e+00 0.000000000000000e+00 0.000000000000000e+00 1.952808892457249e+05 0.000000000000000e+00 0.000000000000000e+00 0.000000000000000e+00 1.943915628324554e+05 1.943915628324554e+05 0.000000000000000e+00
1.174588710552000e-04 1.952799801181827e+05 1.952799801181827e+05 0.000000000000000e+00 0.000000000000000e+00 0.000000000000000e+00 1.952808236286160e+05 0.000000000000000e+00 0.000000000000000e+00 0.000000000000000e+00 1.943914900377055e+05 1.943914900377055e+05 0.000000000000000e+00
1.181369685179000e-04 1.952799039333833e+05 1.952799039333833e+05 0.000000000000000e+00 0.000000000000000e+00 0.000000000000000e+00 1.952807572502185e+05 0.000000000000000e+00 0.000000000000000e+00 0.000000000000000e+00 1.943914220032848e+05 1.943914220032848e+05 0.000000000000000e+00
1.188189806800000e-04 1.952798263666126e+05 1.952798263666126e+05 0.000000000000000e+00 0.000000000000000e+00 0.000000000000000e+00 1.952806896048042e+05 0.000000000000000e+00 0.000000000000000e+00 0.000000000000000e+00 1.943913565983211e+05 1.943913565983211e+05 0.000000000000000e+00
1.195049301412000e-04 1.952797491789914e+05 1.952797491789914e+05 0.000000000000000e+00 0.000000000000000e+00 0.000000000000000e+00 1.952806224429975e+05 0.000000000000000e+00 0.000000000000000e+00 0.000000000000000e+00 1.943912894035970e+05 1.943912894035970e+05 0.000000000000000e+00
1.201948396320000e-04 1.952796700966372e+05 1.952796700966372e+05 0.000000000000000e+00 0.000000000000000e+00 0.000000000000000e+00 1.952805535358168e+05 0.000000000000000e+00 0.000000000000000e+00 0.000000000000000e+00 1.943912141306504e+05 1.943912141306504e+05 0.000000000000000e+00
1.208887320136000e-04 1.952795897724868e+05 1.952795897724868e+05 0.000000000000000e+00 0.000000000000000e+00 0.000000000000000e+00 1.952804834685919e+05 0.000000000000000e+00 0.000000000000000e+00 0.000000000000000e+00 1.943911501135436e+05 1.943911501135436e+05 0.000000000000000e+00
1.215866302798000e-04 1.952795089265756e+05 1.952795089265756e+05 0.000000000000000e+00 0.000000000000000e+00 0.000000000000000e+00 1.952804130105807e+05 0.000000000000000e+00 0.000000000000000e+00 0.000000000000000e+00 1.943910769063338e+05 1.943910769063338e+05 0.000000000000000e+00
1.222885575565000e-04 1.952794273151361e+05 1.952794273151361e+05 0.000000000000000e+00 0.000000000000000e+00 0.000000000000000e+00 1.952803419087813e+05 0.000000000000000e+00 0.000000000000000e+00 0.000000000000000e+00 1.943910043803570e+05 1.943910043803570e+05 0.000000000000000e+00
1.229945371037000e-04 1.952793447565544e+05 1.952793447565544e+05 0.000000000000000e+00 0.000000000000000e+00 0.000000000000000e+00 1.952802699796998e+05 0.000000000000000e+00 0.000000000000000e+00 0.000000000000000e+00 1.943909304431763e+05 1.943909304431763e+05 0.000000000000000e+00
1.237045923153000e-04 1.952792612349027e+05 1.952792612349027e+05 0.000000000000000e+00 0.000000000000000e+00 0.000000000000000e+00 1.952801972111381e+05 0.000000000000000e+00 0.000000000000000e+00 0.000000000000000e+00 1.943908563317731e+05 1.943908563317731e+05 0.000000000000000e+00
1.244187467203000e-04 1.952791772126561e+05 1.952791772126561e+05 0.000000000000000e+00 0.000000000000000e+00 0.000000000000000e+00 1.952801240695566e+05 0.000000000000000e+00 0.000000000000000e+00 0.000000000000000e+00 1.943907769773959e+05 1.943907769773959e+05 0.000000000000000e+00
1.251370239837000e-04 1.952790916155198e+05 1.952790916155198e+05 0.000000000000000e+00 0.000000000000000e+00 0.000000000000000e+00 1.952800494800224e+05 0.000000000000000e+00 0.000000000000000e+00 0.000000000000000e+00 1.943907061119582e+05 1.943907061119582e+05 0.000000000000000e+00
1.258594479070000e-04 1.952790050062453e+05 1.952790050062453e+05 0.000000000000000e+00 0.000000000000000e+00 0.000000000000000e+00 1.952799739870501e+05 0.000000000000000e+00 0.000000000000000e+00 0.000000000000000e+00 1.943906263850953e+05 1.943906263850953e+05 0.000000000000000e+00
1.265860424292000e-04 1.952789175483532e+05 1.952789175483532e+05 0.000000000000000e+00 0.000000000000000e+00 0.000000000000000e+00 1.952798978018633e+05 0.000000000000000e+00 0.000000000000000e+00 0.000000000000000e+00 1.943905494497012e+05 1.943905494497012e+05 0.000000000000000e+00
1.273168316272000e-04 1.952788290197496e+05 1.952788290197496e+05 0.000000000000000e+00 0.000000000000000e+00 0.000000000000000e+00 1.952798206609811e+05 0.000000000000000e+00 0.000000000000000e+00 0.000000000000000e+00 1.943904696670548e+05 1.943904696670548e+05 0.000000000000000e+00
1.280518397174000e-04 1.952787395520397e+05 1.952787395520397e+05 0.000000000000000e+00 0.000000000000000e+00 0.000000000000000e+00 1.952797427162642e+05 0.000000000000000e+00 0.000000000000000e+00 0.000000000000000e+00 1.943903908200246e+05 1.943903908200246e+05 0.000000000000000e+00
1.287910910556000e-04 1.952786498387397e+05 1.952786498387397e+05 0.000000000000000e+00 0.000000000000000e+00 0.000000000000000e+00 1.952796646462755e+05 0.000000000000000e+00 0.000000000000000e+00 0.000000000000000e+00 1.943903040849344e+05 1.943903040849344e+05 0.000000000000000e+00
1.295346101383000e-04 1.952785574356666e+05 1.952785574356666e+05 0.000000000000000e+00 0.000000000000000e+00 0.000000000000000e+00 1.952795840417859e+05 0.000000000000000e+00 0.000000000000000e+00 0.000000000000000e+00 1.943902269665654e+05 1.943902269665654e+05 0.000000000000000e+00
1.302824216036000e-04 1.952784656455051e+05 1.952784656455051e+05 0.000000000000000e+00 0.000000000000000e+00 0.000000000000000e+00 1.952795041718821e+05 0.000000000000000e+00 0.000000000000000e+00 0.000000000000000e+00 1.943901386781715e+05 1.943901386781715e+05 0.000000000000000e+00
1.310345502315000e-04 1.952783719522162e+05 1.952783719522162e+05 0.000000000000000e+00 0.000000000000000e+00 0.000000000000000e+00 1.952794225471328e+05 0.000000000000000e+00 0.000000000000000e+00 0.000000000000000e+00 1.943900550005712e+05 1.943900550005712e+05 0.000000000000000e+00
1.317910209454000e-04 1.952782771917676e+05 1.952782771917676e+05 0.000000000000000e+00 0.000000000000000e+00 0.000000000000000e+00 1.952793399910133e+05 0.000000000000000e+00 0.000000000000000e+00 0.000000000000000e+00 1.943899703755672e+05 1.943899703755672e+05 0.000000000000000e+00
1.325518588124000e-04 1.952781811477493e+05 1.952781811477493e+05 0.000000000000000e+00 0.000000000000000e+00 0.000000000000000e+00 1.952792563081360e+05 0.000000000000000e+00 0.000000000000000e+00 0.000000000000000e+00 1.943898899659383e+05 1.943898899659383e+05 0.000000000000000e+00
1.333170890443000e-04 1.952780843249567e+05 1.952780843249567e+05 0.000000000000000e+00 0.000000000000000e+00 0.000000000000000e+00 1.952791719603344e+05 0.000000000000000e+00 0.000000000000000e+00 0.000000000000000e+00 1.943897989405597e+05 1.943897989405597e+05 0.000000000000000e+00
1.340867369985000e-04 1.952779861919947e+05 1.952779861919947e+05 0.000000000000000e+00 0.000000000000000e+00 0.000000000000000e+00 1.952790864612508e+05 0.000000000000000e+00 0.000000000000000e+00 0.000000000000000e+00 1.943897108981843e+05 1.943897108981843e+05 0.000000000000000e+00
1.348608281789000e-04 1.952778869520336e+05 1.952778869520336e+05 0.000000000000000e+00 0.000000000000000e+00 0.000000000000000e+00 1.952790000025926e+05 0.000000000000000e+00 0.000000000000000e+00 0.000000000000000e+00 1.943896226067058e+05 1.943896226067058e+05 0.000000000000000e+00
1.356393882365000e-04 1.952777865618872e+05 1.952777865618872e+05 0.000000000000000e+00 0.000000000000000e+00 0.000000000000000e+00 1.952789125422165e+05 0.000000000000000e+00 0.000000000000000e+00 0.000000000000000e+00 1.943895348170642e+05 1.943895348170642e+05 0.000000000000000e+00
1.364224429703000e-04 1.952776849464059e+05 1.952776849464059e+05 0.000000000000000e+00 0.000000000000000e+00 0.000000000000000e+00 1.952788240039634e+05 0.000000000000000e+00 0.000000000000000e+00 0.000000000000000e+00 1.943894459988119e+05 1.943894459988119e+05 0.000000000000000e+00
1.372100183284000e-04 1.952775822032366e+05 1.952775822032366e+05 0.000000000000000e+00 0.000000000000000e+00 0.000000000000000e+00 1.952787344869651e+05 0.000000000000000e+00 0.000000000000000e+00 0.000000000000000e+00 1.943893543240762e+05 1.943893543240762e+05 0.000000000000000e+00
1.380021404087000e-04 1.952774783464829e+05 1.952774783464829e+05 0.000000000000000e+00 0.000000000000000e+00 0.000000000000000e+00 1.952786440134444e+05 0.000000000000000e+00 0.000000000000000e+00 0.000000000000000e+00 1.943892610036338e+05 1.943892610036338e+05 0.000000000000000e+00
1.387988354596000e-04 1.952773732317642e+05 1.952773732317642e+05 0.000000000000000e+00 0.000000000000000e+00 0.000000000000000e+00 1.952785524342293e+05 0.000000000000000e+00 0.000000000000000e+00 0.000000000000000e+00 1.943891680113909e+05 1.943891680113909e+05 0.000000000000000e+00
1.396001298813000e-04 1.952772668371435e+05 1.952772668371435e+05 0.000000000000000e+00 0.000000000000000e+00 0.000000000000000e+00 1.952784597373413e+05 0.000000000000000e+00 0.000000000000000e+00 0.000000000000000e+00 1.943890730181612e+05 1.943890730181612e+05 0.000000000000000e+00
1.404060502262000e-04 1.952771592164633e+05 1.952771592164633e+05 0.000000000000000e+00 0.000000000000000e+00 0.000000000000000e+00 1.952783659704746e+05 0.000000000000000e+00 0.000000000000000e+00 0.000000000000000e+00 1.943889771276471e+05 1.943889771276471e+05 0.000000000000000e+00
1.412166231999000e-04 1.952770503925676e+05 1.952770503925676e+05 0.000000000000000e+00 0.000000000000000e+00 0.000000000000000e+00 1.952782711579120e+05 0.000000000000000e+00 0.000000000000000e+00 0.000000000000000e+00 1.943888778212037e+05 1.943888778212037e+05 0.000000000000000e+00
1.420318756626000e-04 1.952769402496265e+05 1.952769402496265e+05 0.000000000000000e+00 0.000000000000000e+00 0.000000000000000e+00 1.952781751981199e+05 0.000000000000000e+00 0.000000000000000e+00 0.000000000000000e+00 1.943887801756446e+05 1.943887801756446e+05 0.000000000000000e+00
1.428518346290000e-04 1.952768288873404e+05 1.952768288873404e+05 0.000000000000000e+00 0.000000000000000e+00 0.000000000000000e+00 1.952780781810343e+05 0.000000000000000e+00 0.000000000000000e+00 0.000000000000000e+00 1.943886810261670e+05 1.943886810261670e+05 0.000000000000000e+00
1.436765272703000e-04 1.952767162934932e+05 1.952767162934932e+05 0.000000000000000e+00 0.000000000000000e+00 0.000000000000000e+00 1.952779800916216e+05 0.000000000000000e+00 0.000000000000000e+00 0.000000000000000e+00 1.943885803859012e+05 1.943885803859012e+05 0.000000000000000e+00
1.445059809141000e-04 1.952766023687247e+05 1.952766023687247e+05 0.000000000000000e+00 0.000000000000000e+00 0.000000000000000e+00 1.952778808409232e+05 0.000000000000000e+00 0.000000000000000e+00 0.000000000000000e+00 1.943884787561114e+05 1.943884787561114e+05 0.000000000000000e+00
1.453402230460000e-04 1.952764870671530e+05 1.952764870671530e+05 0.000000000000000e+00 0.000000000000000e+00 0.000000000000000e+00 1.952777803870425e+05 0.000000000000000e+00 0.000000000000000e+00 0.000000000000000e+00 1.943883763653938e+05 1.943883763653938e+05 0.000000000000000e+00
1.461792813103000e-04 1.952763704664857e+05 1.952763704664857e+05 0.000000000000000e+00 0.000000000000000e+00 0.000000000000000e+00 1.952776788002239e+05 0.000000000000000e+00 0.000000000000000e+00 0.000000000000000e+00 1.943882722309907e+05 1.943882722309907e+05 0.000000000000000e+00
1.470231835109000e-04 1.952762525064957e+05 1.952762525064957e+05 0.000000000000000e+00 0.000000000000000e+00 0.000000000000000e+00 1.952775760285762e+05 0.000000000000000e+00 0.000000000000000e+00 0.000000000000000e+00 1.943881669337743e+05 1.943881669337743e+05 0.000000000000000e+00
1.478719576120000e-04 1.952761332220057e+05 1.952761332220057e+05 0.000000000000000e+00 0.000000000000000e+00 0.000000000000000e+00 1.952774721078481e+05 0.000000000000000e+00 0.000000000000000e+00 0.000000000000000e+00 1.943880605203311e+05 1.943880605203311e+05 0.000000000000000e+00
1.487256317395000e-04 1.952760124639793e+05 1.952760124639793e+05 0.000000000000000e+00 0.000000000000000e+00 0.000000000000000e+00 1.952773668934949e+05 0.000000000000000e+00 0.000000000000000e+00 0.000000000000000e+00 1.943879526610426e+05 1.943879526610426e+05 0.000000000000000e+00
1.495842341815000e-04 1.952758903587584e+05 1.952758903587584e+05 0.000000000000000e+00 0.000000000000000e+00 0.000000000000000e+00 1.952772605177996e+05 0.000000000000000e+00 0.000000000000000e+00 0.000000000000000e+00 1.943878440195904e+05 1.943878440195904e+05 0.000000000000000e+00
1.504477933895000e-04 1.952757668426775e+05 1.952757668426775e+05 0.000000000000000e+00 0.000000000000000e+00 0.000000000000000e+00 1.952771529034975e+05 0.000000000000000e+00 0.000000000000000e+00 0.000000000000000e+00 1.943877337443691e+05 1.943877337443691e+05 0.000000000000000e+00
1.513163379792000e-04 1.952756419282108e+05 1.952756419282108e+05 0.000000000000000e+00 0.000000000000000e+00 0.000000000000000e+00 1.952770440752611e+05 0.000000000000000e+00 0.000000000000000e+00 0.000000000000000e+00 1.943876215504946e+05 1.943876215504946e+05 0.000000000000000e+00
1.521898967316000e-04 1.952755154878007e+05 1.952755154878007e+05 0.000000000000000e+00 0.000000000000000e+00 0.000000000000000e+00 1.952769339133157e+05 0.000000000000000e+00 0.000000000000000e+00 0.000000000000000e+00 1.943875091689165e+05 1.943875091689165e+05 0.000000000000000e+00
1.530684985936000e-04 1.952753875810481e+05 1.952753875810481e+05 0.000000000000000e+00 0.000000000000000e+00 0.000000000000000e+00 1.952768224712043e+05 0.000000000000000e+00 0.000000000000000e+00 0.000000000000000e+00 1.943873949357418e+05 1.943873949357418e+05 0.000000000000000e+00
1.539521726796000e-04 1.952752583284256e+05 1.952752583284256e+05 0.000000000000000e+00 0.000000000000000e+00 0.000000000000000e+00 1.952767098738340e+05 0.000000000000000e+00 0.000000000000000e+00 0.000000000000000e+00 1.943872797495523e+05 1.943872797495523e+05 0.000000000000000e+00
1.548409482717000e-04 1.952751274923558e+05 1.952751274923558e+05 0.000000000000000e+00 0.000000000000000e+00 0.000000000000000e+00 1.952765958865852e+05 0.000000000000000e+00 0.000000000000000e+00 0.000000000000000e+00 1.943871631863562e+05 1.943871631863562e+05 0.000000000000000e+00
1.557348548213000e-04 1.952749951473557e+05 1.952749951473557e+05 0.000000000000000e+00 0.000000000000000e+00 0.000000000000000e+00 1.952764805841537e+05 0.000000000000000e+00 0.000000000000000e+00 0.000000000000000e+00 1.943870452768380e+05 1.943870452768380e+05 0.000000000000000e+00
1.566339219498000e-04 1.952748609168863e+05 1.952748609168863e+05 0.000000000000000e+00 0.000000000000000e+00 0.000000000000000e+00 1.952763635867941e+05 0.000000000000000e+00 0.000000000000000e+00 0.000000000000000e+00 1.943869256521780e+05 1.943869256521780e+05 0.000000000000000e+00
1.575381794494000e-04 1.952747254613987e+05 1.952747254613987e+05 0.000000000000000e+00 0.000000000000000e+00 0.000000000000000e+00 1.952762455712012e+05 0.000000000000000e+00 0.000000000000000e+00 0.000000000000000e+00 1.943868053572193e+05 1.943868053572193e+05 0.000000000000000e+00
1.584476572845000e-04 1.952745884466609e+05 1.952745884466609e+05 0.000000000000000e+00 0.000000000000000e+00 0.000000000000000e+00 1.952761262019640e+05 0.000000000000000e+00 0.000000000000000e+00 0.000000000000000e+00 1.943866833765706e+05 1.943866833765706e+05 0.000000000000000e+00
1.593623855925000e-04 1.952744499583238e+05 1.952744499583238e+05 0.000000000000000e+00 0.000000000000000e+00 0.000000000000000e+00 1.952760055641197e+05 0.000000000000000e+00 0.000000000000000e+00 0.000000000000000e+00 1.943865602033040e+05 1.943865602033040e+05 0.000000000000000e+00
1.602823946847000e-04 1.952743097648432e+05 1.952743097648432e+05 0.000000000000000e+00 0.000000000000000e+00 0.000000000000000e+00 1.952758834246695e+05 0.000000000000000e+00 0.000000000000000e+00 0.000000000000000e+00 1.943864351099110e+05 1.943864351099110e+05 0.000000000000000e+00
1.612077150472000e-04 1.952741678630966e+05 1.952741678630966e+05 0.000000000000000e+00 0.000000000000000e+00 0.000000000000000e+00 1.952757597768111e+05 0.000000000000000e+00 0.000000000000000e+00 0.000000000000000e+00 1.943863093922827e+05 1.943863093922827e+05 0.000000000000000e+00
1.621383773426000e-04 1.952740244766991e+05 1.952740244766991e+05 0.000000000000000e+00 0.000000000000000e+00 0.000000000000000e+00 1.952756348710466e+05 0.000000000000000e+00 0.000000000000000e+00 0.000000000000000e+00 1.943861808120350e+05 1.943861808120350e+05 0.000000000000000e+00
1.630744124100000e-04 1.952738791386769e+05 1.952738791386769e+05 0.000000000000000e+00 0.000000000000000e+00 0.000000000000000e+00 1.952755081913442e+05 0.000000000000000e+00 0.000000000000000e+00 0.000000000000000e+00 1.943860512260121e+05 1.943860512260121e+05 0.000000000000000e+00
1.640158512668000e-04 1.952737325657406e+05 1.952737325657406e+05 0.000000000000000e+00 0.000000000000000e+00 0.000000000000000e+00 1.952753805492571e+05 0.000000000000000e+00 0.000000000000000e+00 0.000000000000000e+00 1.943859207238881e+05 1.943859207238881e+05 0.000000000000000e+00
1.649627251094000e-04 1.952735841648874e+05 1.952735841648874e+05 0.000000000000000e+00 0.000000000000000e+00 0.000000000000000e+00 1.952752512755544e+05 0.000000000000000e+00 0.000000000000000e+00 0.000000000000000e+00 1.943857885719552e+05 1.943857885719552e+05 0.000000000000000e+00
1.659150653144000e-04 1.952734337784655e+05 1.952734337784655e+05 0.000000000000000e+00 0.000000000000000e+00 0.000000000000000e+00 1.952751202279644e+05 0.000000000000000e+00 0.000000000000000e+00 0.000000000000000e+00 1.943856540319686e+05 1.943856540319686e+05 0.000000000000000e+00
1.668729034394000e-04 1.952732820441368e+05 1.952732820441368e+05 0.000000000000000e+00 0.000000000000000e+00 0.000000000000000e+00 1.952749880602605e+05 0.000000000000000e+00 0.000000000000000e+00 0.000000000000000e+00 1.943855194102101e+05 1.943855194102101e+05 0.000000000000000e+00
1.678362712243000e-04 1.952731280253321e+05 1.952731280253321e+05 0.000000000000000e+00 0.000000000000000e+00 0.000000000000000e+00 1.952748538621981e+05 0.000000000000000e+00 0.000000000000000e+00 0.000000000000000e+00 1.943853839810420e+05 1.943853839810420e+05 0.000000000000000e+00
1.688052005920000e-04 1.952729727673604e+05 1.952729727673604e+05 0.000000000000000e+00 0.000000000000000e+00 0.000000000000000e+00 1.952747186023352e+05 0.000000000000000e+00 0.000000000000000e+00 0.000000000000000e+00 1.943852430239094e+05 1.943852430239094e+05 0.000000000000000e+00
1.697797236501000e-04 1.952728155958352e+05 1.952728155958352e+05 0.000000000000000e+00 0.000000000000000e+00 0.000000000000000e+00 1.952745816840505e+05 0.000000000000000e+00 0.000000000000000e+00 0.000000000000000e+00 1.943851023733684e+05 1.943851023733684e+05 0.000000000000000e+00
1.707598726911000e-04 1.952726561304378e+05 1.952726561304378e+05 0.000000000000000e+00 0.000000000000000e+00 0.000000000000000e+00 1.952744427296332e+05 0.000000000000000e+00 0.000000000000000e+00 0.000000000000000e+00 1.943849610623247e+05 1.943849610623247e+05 0.000000000000000e+00
1.717456801943000e-04 1.952724952175281e+05 1.952724952175281e+05 0.000000000000000e+00 0.000000000000000e+00 0.000000000000000e+00 1.952743025486561e+05 0.000000000000000e+00 0.000000000000000e+00 0.000000000000000e+00 1.943848173413137e+05 1.943848173413137e+05 0.000000000000000e+00
1.727371788264000e-04 1.952723327365762e+05 1.952723327365762e+05 0.000000000000000e+00 0.000000000000000e+00 0.000000000000000e+00 1.952741610042792e+05 0.000000000000000e+00 0.000000000000000e+00 0.000000000000000e+00 1.943846720101594e+05 1.943846720101594e+05 0.000000000000000e+00
1.737344014425000e-04 1.952721680175172e+05 1.952721680175172e+05 0.000000000000000e+00 0.000000000000000e+00 0.000000000000000e+00 1.952740174933852e+05 0.000000000000000e+00 0.000000000000000e+00 0.000000000000000e+00 1.943845254098272e+05 1.943845254098272e+05 0.000000000000000e+00
1.747373810876000e-04 1.952720015154627e+05 1.952720015154627e+05 0.000000000000000e+00 0.000000000000000e+00 0.000000000000000e+00 1.952738724488132e+05 0.000000000000000e+00 0.000000000000000e+00 0.000000000000000e+00 1.943843760671400e+05 1.943843760671400e+05 0.000000000000000e+00
1.757461509973000e-04 1.952718329622257e+05 1.952718329622257e+05 0.000000000000000e+00 0.000000000000000e+00 0.000000000000000e+00 1.952737255891614e+05 0.000000000000000e+00 0.000000000000000e+00 0.000000000000000e+00 1.943842254868158e+05 1.943842254868158e+05 0.000000000000000e+00
1.767607445994000e-04 1.952716622880472e+05 1.952716622880472e+05 0.000000000000000e+00 0.000000000000000e+00 0.000000000000000e+00 1.952735768741531e+05 0.000000000000000e+00 0.000000000000000e+00 0.000000000000000e+00 1.943840744609193e+05 1.943840744609193e+05 0.000000000000000e+00
1.777811955142000e-04 1.952714899202281e+05 1.952714899202281e+05 0.000000000000000e+00 0.000000000000000e+00 0.000000000000000e+00 1.952734267219612e+05 0.000000000000000e+00 0.000000000000000e+00 0.000000000000000e+00 1.943839202123976e+05 1.943839202123976e+05 0.000000000000000e+00
1.788075375564000e-04 1.952713152119463e+05 1.952713152119463e+05 0.000000000000000e+00 0.000000000000000e+00 0.000000000000000e+00 1.952732744903165e+05 0.000000000000000e+00 0.000000000000000e+00 0.000000000000000e+00 1.943837657445669e+05 1.943837657445669e+05 0.000000000000000e+00
1.798398047359000e-04 1.952711387595022e+05 1.952711387595022e+05 0.000000000000000e+00 0.000000000000000e+00 0.000000000000000e+00 1.952731207574749e+05 0.000000000000000e+00 0.000000000000000e+00 0.000000000000000e+00 1.943836073403154e+05 1.943836073403154e+05 0.000000000000000e+00
1.808780312589000e-04 1.952709603007332e+05 1.952709603007332e+05 0.000000000000000e+00 0.000000000000000e+00 0.000000000000000e+00 1.952729652941420e+05 0.000000000000000e+00 0.000000000000000e+00 0.000000000000000e+00 1.943834486446394e+05 1.943834486446394e+05 0.000000000000000e+00
1.819222515289000e-04 1.952707796684852e+05 1.952707796684852e+05 0.000000000000000e+00 0.000000000000000e+00 0.000000000000000e+00 1.952728079220223e+05 0.000000000000000e+00 0.000000000000000e+00 0.000000000000000e+00 1.943832882884191e+05 1.943832882884191e+05 0.000000000000000e+00
1.829725001484000e-04 1.952705969951989e+05 1.952705969951989e+05 0.000000000000000e+00 0.000000000000000e+00 0.000000000000000e+00 1.952726487707929e+05 0.000000000000000e+00 0.000000000000000e+00 0.000000000000000e+00 1.943831255226239e+05 1.943831255226239e+05 0.000000000000000e+00
1.840288119194000e-04 1.952704124447586e+05 1.952704124447586e+05 0.000000000000000e+00 0.000000000000000e+00 0.000000000000000e+00 1.952724880124946e+05 0.000000000000000e+00 0.000000000000000e+00 0.000000000000000e+00 1.943829590171778e+05 1.943829590171778e+05 0.000000000000000e+00
1.850912218447000e-04 1.952702253111973e+05 1.952702253111973e+05 0.000000000000000e+00 0.000000000000000e+00 0.000000000000000e+00 1.952723249605283e+05 0.000000000000000e+00 0.000000000000000e+00 0.000000000000000e+00 1.943827927721764e+05 1.943827927721764e+05 0.000000000000000e+00
1.861597651295000e-04 1.952700362393786e+05 1.952700362393786e+05 0.000000000000000e+00 0.000000000000000e+00 0.000000000000000e+00 1.952721602277002e+05 0.000000000000000e+00 0.000000000000000e+00 0.000000000000000e+00 1.943826237915041e+05 1.943826237915041e+05 0.000000000000000e+00
1.872344771820000e-04 1.952698450988072e+05 1.952698450988072e+05 0.000000000000000e+00 0.000000000000000e+00 0.000000000000000e+00 1.952719937229958e+05 0.000000000000000e+00 0.000000000000000e+00 0.000000000000000e+00 1.943824530764298e+05 1.943824530764298e+05 0.000000000000000e+00
1.883153936149000e-04 1.952696519058126e+05 1.952696519058126e+05 0.000000000000000e+00 0.000000000000000e+00 0.000000000000000e+00 1.952718254365902e+05 0.000000000000000e+00 0.000000000000000e+00 0.000000000000000e+00 1.943822789196575e+05 1.943822789196575e+05 0.000000000000000e+00
1.894025502464000e-04 1.952694559950915e+05 1.952694559950915e+05 0.000000000000000e+00 0.000000000000000e+00 0.000000000000000e+00 1.952716547351490e+05 0.000000000000000e+00 0.000000000000000e+00 0.000000000000000e+00 1.943821055289841e+05 1.943821055289841e+05 0.000000000000000e+00
1.904959831017000e-04 1.952692581289108e+05 1.952692581289108e+05 0.000000000000000e+00 0.000000000000000e+00 0.000000000000000e+00 1.952714823677028e+05 0.000000000000000e+00 0.000000000000000e+00 0.000000000000000e+00 1.943819270615313e+05 1.943819270615313e+05 0.000000000000000e+00
1.915957284137000e-04 1.952690576409269e+05 1.952690576409269e+05 0.000000000000000e+00 0.000000000000000e+00 0.000000000000000e+00 1.952713076740546e+05 0.000000000000000e+00 0.000000000000000e+00 0.000000000000000e+00 1.943817492614021e+05 1.943817492614021e+05 0.000000000000000e+00
1.927018226247000e-04 1.952688548439185e+05 1.952688548439185e+05 0.000000000000000e+00 0.000000000000000e+00 0.000000000000000e+00 1.952711310028015e+05 0.000000000000000e+00 0.000000000000000e+00 0.000000000000000e+00 1.943815692302353e+05 1.943815692302353e+05 0.000000000000000e+00
1.938143023872000e-04 1.952686498992066e+05 1.952686498992066e+05 0.000000000000000e+00 0.000000000000000e+00 0.000000000000000e+00 1.952709524290300e+05 0.000000000000000e+00 0.000000000000000e+00 0.000000000000000e+00 1.943813866836996e+05 1.943813866836996e+05 0.000000000000000e+00
1.949332045656000e-04 1.952684425459125e+05 1.952684425459125e+05 0.000000000000000e+00 0.000000000000000e+00 0.000000000000000e+00 1.952707717747458e+05 0.000000000000000e+00 0.000000000000000e+00 0.000000000000000e+00 1.943812020600809e+05 1.943812020600809e+05 0.000000000000000e+00
1.960585662366000e-04 1.952682329118274e+05 1.952682329118274e+05 0.000000000000000e+00 0.000000000000000e+00 0.000000000000000e+00 1.952705891440929e+05 0.000000000000000e+00 0.000000000000000e+00 0.000000000000000e+00 1.943810139367494e+05 1.943810139367494e+05 0.000000000000000e+00
1.971904246916000e-04 1.952680207389938e+05 1.952680207389938e+05 0.000000000000000e+00 0.000000000000000e+00 0.000000000000000e+00 1.952704043127169e+05 0.000000000000000e+00 0.000000000000000e+00 0.000000000000000e+00 1.943808244994933e+05 1.943808244994933e+05 0.000000000000000e+00
1.983288174366000e-04 1.952678061345227e+05 1.952678061345227e+05 0.000000000000000e+00 0.000000000000000e+00 0.000000000000000e+00 1.952702173330584e+05 0.000000000000000e+00 0.000000000000000e+00 0.000000000000000e+00 1.943806333377115e+05 1.943806333377115e+05 0.000000000000000e+00
1.994737821948000e-04 1.952675890045437e+05 1.952675890045437e+05 0.000000000000000e+00 0.000000000000000e+00 0.000000000000000e+00 1.952700281671814e+05 0.000000000000000e+00 0.000000000000000e+00 0.000000000000000e+00 1.943804399451557e+05 1.943804399451557e+05 0.000000000000000e+00
2.006253569066000e-04 1.952673692749278e+05 1.952673692749278e+05 0.000000000000000e+00 0.000000000000000e+00 0.000000000000000e+00 1.952698367354244e+05 0.000000000000000e+00 0.000000000000000e+00 0.000000000000000e+00 1.943802431885039e+05 1.943802431885039e+05 0.000000000000000e+00
2.017835797317000e-04 1.952671472452417e+05 1.952671472452417e+05 0.000000000000000e+00 0.000000000000000e+00 0.000000000000000e+00 1.952696433147457e+05 0.000000000000000e+00 0.000000000000000e+00 0.000000000000000e+00 1.943800454517741e+05 1.943800454517741e+05 0.000000000000000e+00
2.029484890502000e-04 1.952669225678004e+05 1.952669225678004e+05 0.000000000000000e+00 0.000000000000000e+00 0.000000000000000e+00 1.952694475824308e+05 0.000000000000000e+00 0.000000000000000e+00 0.000000000000000e+00 1.943798444653134e+05 1.943798444653134e+05 0.000000000000000e+00
2.041201234636000e-04 1.952666952292672e+05 1.952666952292672e+05 0.000000000000000e+00 0.000000000000000e+00 0.000000000000000e+00 1.952692495275459e+05 0.000000000000000e+00 0.000000000000000e+00 0.000000000000000e+00 1.943796418230348e+05 1.943796418230348e+05 0.000000000000000e+00
2.052985217963000e-04 1.952664652951367e+05 1.952664652951367e+05 0.000000000000000e+00 0.000000000000000e+00 0.000000000000000e+00 1.952690492000167e+05 0.000000000000000e+00 0.000000000000000e+00 0.000000000000000e+00 1.943794362641360e+05 1.943794362641360e+05 0.000000000000000e+00
2.064837230968000e-04 1.952662325001422e+05 1.952662325001422e+05 0.000000000000000e+00 0.000000000000000e+00 0.000000000000000e+00 1.952688463870186e+05 0.000000000000000e+00 0.000000000000000e+00 0.000000000000000e+00 1.943792302936879e+05 1.943792302936879e+05 0.000000000000000e+00
2.076757666391000e-04 1.952659971785894e+05 1.952659971785894e+05 0.000000000000000e+00 0.000000000000000e+00 0.000000000000000e+00 1.952686413676172e+05 0.000000000000000e+00 0.000000000000000e+00 0.000000000000000e+00 1.943790194740084e+05 1.943790194740084e+05 0.000000000000000e+00
2.088746919238000e-04 1.952657591336330e+05 1.952657591336330e+05 0.000000000000000e+00 0.000000000000000e+00 0.000000000000000e+00 1.952684339799151e+05 0.000000000000000e+00 0.000000000000000e+00 0.000000000000000e+00 1.943788076653001e+05 1.943788076653001e+05 0.000000000000000e+00
2.100805386798000e-04 1.952655185665087e+05 1.952655185665087e+05 0.000000000000000e+00 0.000000000000000e+00 0.000000000000000e+00 1.952682243976679e+05 0.000000000000000e+00 0.000000000000000e+00 0.000000000000000e+00 1.943785912032417e+05 1.943785912032417e+05 0.000000000000000e+00
2.112933468650000e-04 1.952652749382237e+05 1.952652749382237e+05 0.000000000000000e+00 0.000000000000000e+00 0.000000000000000e+00 1.952680121357142e+05 0.000000000000000e+00 0.000000000000000e+00 0.000000000000000e+00 1.943783736948301e+05 1.943783736948301e+05 0.000000000000000e+00
2.125131566683000e-04 1.952650285987573e+05 1.952650285987573e+05 0.000000000000000e+00 0.000000000000000e+00 0.000000000000000e+00 1.952677975310065e+05 0.000000000000000e+00 0.000000000000000e+00 0.000000000000000e+00 1.943781530093901e+05 1.943781530093901e+05 0.000000000000000e+00
2.137400085105000e-04 1.952647792185801e+05 1.952647792185801e+05 0.000000000000000e+00 0.000000000000000e+00 0.000000000000000e+00 1.952675802659818e+05 0.000000000000000e+00 0.000000000000000e+00 0.000000000000000e+00 1.943779321713928e+05 1.943779321713928e+05 0.000000000000000e+00
2.149739430456000e-04 1.952645272382803e+05 1.952645272382803e+05 0.000000000000000e+00 0.000000000000000e+00 0.000000000000000e+00 1.952673607444809e+05 0.000000000000000e+00 0.000000000000000e+00 0.000000000000000e+00 1.943777062458919e+05 1.943777062458919e+05 0.000000000000000e+00
2.162150011625000e-04 1.952642722163484e+05 1.952642722163484e+05 0.000000000000000e+00 0.000000000000000e+00 0.000000000000000e+00 1.952671385601374e+05 0.000000000000000e+00 0.000000000000000e+00 0.000000000000000e+00 1.943774786136360e+05 1.943774786136360e+05 0.000000000000000e+00
2.174632239861000e-04 1.952640142740431e+05 1.952640142740431e+05 0.000000000000000e+00 0.000000000000000e+00 0.000000000000000e+00 1.952669138335404e+05 0.000000000000000e+00 0.000000000000000e+00 0.000000000000000e+00 1.943772479083016e+05 1.943772479083016e+05 0.000000000000000e+00
2.187186528788000e-04 1.952637532706776e+05 1.952637532706776e+05 0.000000000000000e+00 0.000000000000000e+00 0.000000000000000e+00 1.952666864463602e+05 0.000000000000000e+00 0.000000000000000e+00 0.000000000000000e+00 1.943770151193084e+05 1.943770151193084e+05 0.000000000000000e+00
2.199813294415000e-04 1.952634891446208e+05 1.952634891446208e+05 0.000000000000000e+00 0.000000000000000e+00 0.000000000000000e+00 1.952664563424234e+05 0.000000000000000e+00 0.000000000000000e+00 0.000000000000000e+00 1.943767807088891e+05 1.943767807088891e+05 0.000000000000000e+00
2.212512955156000e-04 1.952632220602299e+05 1.952632220602299e+05 0.000000000000000e+00 0.000000000000000e+00 0.000000000000000e+00 1.952662236641704e+05 0.000000000000000e+00 0.000000000000000e+00 0.000000000000000e+00 1.943765412230562e+05 1.943765412230562e+05 0.000000000000000e+00
2.225285931838000e-04 1.952629517596204e+05 1.952629517596204e+05 0.000000000000000e+00 0.000000000000000e+00 0.000000000000000e+00 1.952659881931010e+05 0.000000000000000e+00 0.000000000000000e+00 0.000000000000000e+00 1.943763016521560e+05 1.943763016521560e+05 0.000000000000000e+00
2.238132647719000e-04 1.952626786014144e+05 1.952626786014144e+05 0.000000000000000e+00 0.000000000000000e+00 0.000000000000000e+00 1.952657501844488e+05 0.000000000000000e+00 0.000000000000000e+00 0.000000000000000e+00 1.943760571885816e+05 1.943760571885816e+05 0.000000000000000e+00
2.251053528501000e-04 1.952624021372634e+05 1.952624021372634e+05 0.000000000000000e+00 0.000000000000000e+00 0.000000000000000e+00 1.952655093394975e+05 0.000000000000000e+00 0.000000000000000e+00 0.000000000000000e+00 1.943758097917190e+05 1.943758097917190e+05 0.000000000000000e+00
2.264049002341000e-04 1.952621225588239e+05 1.952621225588239e+05 0.000000000000000e+00 0.000000000000000e+00 0.000000000000000e+00 1.952652657771196e+05 0.000000000000000e+00 0.000000000000000e+00 0.000000000000000e+00 1.943755597643510e+05 1.943755597643510e+05 0.000000000000000e+00
2.277119499871000e-04 1.952618395721331e+05 1.952618395721331e+05 0.000000000000000e+00 0.000000000000000e+00 0.000000000000000e+00 1.952650192198713e+05 0.000000000000000e+00 0.000000000000000e+00 0.000000000000000e+00 1.943753080625765e+05 1.943753080625765e+05 0.000000000000000e+00
2.290265454206000e-04 1.952615535188302e+05 1.952615535188302e+05 0.000000000000000e+00 0.000000000000000e+00 0.000000000000000e+00 1.952647700169739e+05 0.000000000000000e+00 0.000000000000000e+00 0.000000000000000e+00 1.943750522431468e+05 1.943750522431468e+05 0.000000000000000e+00
2.303487300964000e-04 1.952612640600074e+05 1.952612640600074e+05 0.000000000000000e+00 0.000000000000000e+00 0.000000000000000e+00 1.952645178351111e+05 0.000000000000000e+00 0.000000000000000e+00 0.000000000000000e+00 1.943747937270943e+05 1.943747937270943e+05 0.000000000000000e+00
2.316785478276000e-04 1.952609711590928e+05 1.952609711590928e+05 0.000000000000000e+00 0.000000000000000e+00 0.000000000000000e+00 1.952642626423390e+05 0.000000000000000e+00 0.000000000000000e+00 0.000000000000000e+00 1.943745339149740e+05 1.943745339149740e+05 0.000000000000000e+00
2.330160426804000e-04 1.952606748537231e+05 1.952606748537231e+05 0.000000000000000e+00 0.000000000000000e+00 0.000000000000000e+00 1.952640044935255e+05 0.000000000000000e+00 0.000000000000000e+00 0.000000000000000e+00 1.943742701827388e+05 1.943742701827388e+05 0.000000000000000e+00
2.343612589752000e-04 1.952603752844555e+05 1.952603752844555e+05 0.000000000000000e+00 0.000000000000000e+00 0.000000000000000e+00 1.952637435077351e+05 0.000000000000000e+00 0.000000000000000e+00 0.000000000000000e+00 1.943740015970681e+05 1.943740015970681e+05 0.000000000000000e+00
2.357142412884000e-04 1.952600722062103e+05 1.952600722062103e+05 0.000000000000000e+00 0.000000000000000e+00 0.000000000000000e+00 1.952634794651822e+05 0.000000000000000e+00 0.000000000000000e+00 0.000000000000000e+00 1.943737311301914e+05 1.943737311301914e+05 0.000000000000000e+00
2.370750344538000e-04 1.952597655663626e+05 1.952597655663626e+05 0.000000000000000e+00 0.000000000000000e+00 0.000000000000000e+00 1.952632123450735e+05 0.000000000000000e+00 0.000000000000000e+00 0.000000000000000e+00 1.943734564596910e+05 1.943734564596910e+05 0.000000000000000e+00
2.384436835638000e-04 1.952594554610126e+05 1.952594554610126e+05 0.000000000000000e+00 0.000000000000000e+00 0.000000000000000e+00 1.952629421832941e+05 0.000000000000000e+00 0.000000000000000e+00 0.000000000000000e+00 1.943731796180240e+05 1.943731796180240e+05 0.000000000000000e+00
2.398202339714000e-04 1.952591416809202e+05 1.952591416809202e+05 0.000000000000000e+00 0.000000000000000e+00 0.000000000000000e+00 1.952626687973895e+05 0.000000000000000e+00 0.000000000000000e+00 0.000000000000000e+00 1.943729010014658e+05 1.943729010014658e+05 0.000000000000000e+00
2.412047312912000e-04 1.952588242472884e+05 1.952588242472884e+05 0.000000000000000e+00 0.000000000000000e+00 0.000000000000000e+00 1.952623922527177e+05 0.000000000000000e+00 0.000000000000000e+00 0.000000000000000e+00 1.943726180881881e+05 1.943726180881881e+05 0.000000000000000e+00
2.425972214013000e-04 1.952585033035324e+05 1.952585033035324e+05 0.000000000000000e+00 0.000000000000000e+00 0.000000000000000e+00 1.952621126229831e+05 0.000000000000000e+00 0.000000000000000e+00 0.000000000000000e+00 1.943723316081240e+05 1.943723316081240e+05 0.000000000000000e+00
2.439977504445000e-04 1.952581783975223e+05 1.952581783975223e+05 0.000000000000000e+00 0.000000000000000e+00 0.000000000000000e+00 1.952618296211443e+05 0.000000000000000e+00 0.000000000000000e+00 0.000000000000000e+00 1.943720409844551e+05 1.943720409844551e+05 0.000000000000000e+00
2.454063648301000e-04 1.952578500044091e+05 1.952578500044091e+05 0.000000000000000e+00 0.000000000000000e+00 0.000000000000000e+00 1.952615434999799e+05 0.000000000000000e+00 0.000000000000000e+00 0.000000000000000e+00 1.943717469878792e+05 1.943717469878792e+05 0.000000000000000e+00
2.468231112352000e-04 1.952575176021259e+05 1.952575176021259e+05 0.000000000000000e+00 0.000000000000000e+00 0.000000000000000e+00 1.952612539183779e+05 0.000000000000000e+00 0.000000000000000e+00 0.000000000000000e+00 1.943714505518892e+05 1.943714505518892e+05 0.000000000000000e+00
2.482480366067000e-04 1.952571814627596e+05 1.952571814627596e+05 0.000000000000000e+00 0.000000000000000e+00 0.000000000000000e+00 1.952609610738686e+05 0.000000000000000e+00 0.000000000000000e+00 0.000000000000000e+00 1.943711505798466e+05 1.943711505798466e+05 0.000000000000000e+00
2.496811881621000e-04 1.952568413456141e+05 1.952568413456141e+05 0.000000000000000e+00 0.000000000000000e+00 0.000000000000000e+00 1.952606647670478e+05 0.000000000000000e+00 0.000000000000000e+00 0.000000000000000e+00 1.943708468590038e+05 1.943708468590038e+05 0.000000000000000e+00
2.511226133917000e-04 1.952564974025840e+05 1.952564974025840e+05 0.000000000000000e+00 0.000000000000000e+00 0.000000000000000e+00 1.952603651151326e+05 0.000000000000000e+00 0.000000000000000e+00 0.000000000000000e+00 1.943705399917473e+05 1.943705399917473e+05 0.000000000000000e+00
2.525723600600000e-04 1.952561493940439e+05 1.952561493940439e+05 0.000000000000000e+00 0.000000000000000e+00 0.000000000000000e+00 1.952600619611005e+05 0.000000000000000e+00 0.000000000000000e+00 0.000000000000000e+00 1.943702297565169e+05 1.943702297565169e+05 0.000000000000000e+00
2.540304762071000e-04 1.952557973685289e+05 1.952557973685289e+05 0.000000000000000e+00 0.000000000000000e+00 0.000000000000000e+00 1.952597552753232e+05 0.000000000000000e+00 0.000000000000000e+00 0.000000000000000e+00 1.943699165206602e+05 1.943699165206602e+05 0.000000000000000e+00
2.554970101506000e-04 1.952554412880880e+05 1.952554412880880e+05 0.000000000000000e+00 0.000000000000000e+00 0.000000000000000e+00 1.952594450468683e+05 0.000000000000000e+00 0.000000000000000e+00 0.000000000000000e+00 1.943695975029538e+05 1.943695975029538e+05 0.000000000000000e+00
2.569720104869000e-04 1.952550810766096e+05 1.952550810766096e+05 0.000000000000000e+00 0.000000000000000e+00 0.000000000000000e+00 1.952591312284524e+05 0.000000000000000e+00 0.000000000000000e+00 0.000000000000000e+00 1.943692758299025e+05 1.943692758299025e+05 0.000000000000000e+00
2.584555260932000e-04 1.952547167036007e+05 1.952547167036007e+05 0.000000000000000e+00 0.000000000000000e+00 0.000000000000000e+00 1.952588137788906e+05 0.000000000000000e+00 0.000000000000000e+00 0.000000000000000e+00 1.943689512972072e+05 1.943689512972072e+05 0.000000000000000e+00
2.599476061285000e-04 1.952543480812775e+05 1.952543480812775e+05 0.000000000000000e+00 0.000000000000000e+00 0.000000000000000e+00 1.952584926596802e+05 0.000000000000000e+00 0.000000000000000e+00 0.000000000000000e+00 1.943686232437003e+05 1.943686232437003e+05 0.000000000000000e+00
2.614483000358000e-04 1.952539752068842e+05 1.952539752068842e+05 0.000000000000000e+00 0.000000000000000e+00 0.000000000000000e+00 1.952581678116723e+05 0.000000000000000e+00 0.000000000000000e+00 0.000000000000000e+00 1.943682897625002e+05 1.943682897625002e+05 0.000000000000000e+00
2.629576575436000e-04 1.952535980873849e+05 1.952535980873849e+05 0.000000000000000e+00 0.000000000000000e+00 0.000000000000000e+00 1.952578392524516e+05 0.000000000000000e+00 0.000000000000000e+00 0.000000000000000e+00 1.943679530739507e+05 1.943679530739507e+05 0.000000000000000e+00
2.644757286674000e-04 1.952532165533756e+05 1.952532165533756e+05 0.000000000000000e+00 0.000000000000000e+00 0.000000000000000e+00 1.952575068615199e+05 0.000000000000000e+00 0.000000000000000e+00 0.000000000000000e+00 1.943676114651992e+05 1.943676114651992e+05 0.000000000000000e+00
2.660025637114000e-04 1.952528305508345e+05 1.952528305508345e+05 0.000000000000000e+00 0.000000000000000e+00 0.000000000000000e+00 1.952571705739358e+05 0.000000000000000e+00 0.000000000000000e+00 0.000000000000000e+00 1.943672675852586e+05 1.943672675852586e+05 0.000000000000000e+00
2.675382132703000e-04 1.952524400954693e+05 1.952524400954693e+05 0.000000000000000e+00 0.000000000000000e+00 0.000000000000000e+00 1.952568304448809e+05 0.000000000000000e+00 0.000000000000000e+00 0.000000000000000e+00 1.943669192757634e+05 1.943669192757634e+05 0.000000000000000e+00
2.690827282309000e-04 1.952520452403581e+05 1.952520452403581e+05 0.000000000000000e+00 0.000000000000000e+00 0.000000000000000e+00 1.952564864175699e+05 0.000000000000000e+00 0.000000000000000e+00 0.000000000000000e+00 1.943665676573241e+05 1.943665676573241e+05 0.000000000000000e+00
2.706361597737000e-04 1.952516457299248e+05 1.952516457299248e+05 0.000000000000000e+00 0.000000000000000e+00 0.000000000000000e+00 1.952561383646626e+05 0.000000000000000e+00 0.000000000000000e+00 0.000000000000000e+00 1.943662093867897e+05 1.943662093867897e+05 0.000000000000000e+00
2.721985593746000e-04 1.952512415379040e+05 1.952512415379040e+05 0.000000000000000e+00 0.000000000000000e+00 0.000000000000000e+00 1.952557862701085e+05 0.000000000000000e+00 0.000000000000000e+00 0.000000000000000e+00 1.943658508705953e+05 1.943658508705953e+05 0.000000000000000e+00
2.737699788068000e-04 1.952508327944728e+05 1.952508327944728e+05 0.000000000000000e+00 0.000000000000000e+00 0.000000000000000e+00 1.952554301477074e+05 0.000000000000000e+00 0.000000000000000e+00 0.000000000000000e+00 1.943654844584472e+05 1.943654844584472e+05 0.000000000000000e+00
2.753504701425000e-04 1.952504192463703e+05 1.952504192463703e+05 0.000000000000000e+00 0.000000000000000e+00 0.000000000000000e+00 1.952550698758317e+05 0.000000000000000e+00 0.000000000000000e+00 0.000000000000000e+00 1.943651155856856e+05 1.943651155856856e+05 0.000000000000000e+00
2.769400857542000e-04 1.952500009695930e+05 1.952500009695930e+05 0.000000000000000e+00 0.000000000000000e+00 0.000000000000000e+00 1.952547054724468e+05 0.000000000000000e+00 0.000000000000000e+00 0.000000000000000e+00 1.943647420636509e+05 1.943647420636509e+05 0.000000000000000e+00
2.785388783169000e-04 1.952495777535018e+05 1.952495777535018e+05 0.000000000000000e+00 0.000000000000000e+00 0.000000000000000e+00 1.952543367652580e+05 0.000000000000000e+00 0.000000000000000e+00 0.000000000000000e+00 1.943643654454397e+05 1.943643654454397e+05 0.000000000000000e+00
2.801469008099000e-04 1.952491497109355e+05 1.952491497109355e+05 0.000000000000000e+00 0.000000000000000e+00 0.000000000000000e+00 1.952539638445665e+05 0.000000000000000e+00 0.000000000000000e+00 0.000000000000000e+00 1.943639823255025e+05 1.943639823255025e+05 0.000000000000000e+00
2.817642065180000e-04 1.952487166967837e+05 1.952487166967837e+05 0.000000000000000e+00 0.000000000000000e+00 0.000000000000000e+00 1.952535866159350e+05 0.000000000000000e+00 0.000000000000000e+00 0.000000000000000e+00 1.943635957779873e+05 1.943635957779873e+05 0.000000000000000e+00
2.833908490339000e-04 1.952482785933768e+05 1.952482785933768e+05 0.000000000000000e+00 0.000000000000000e+00 0.000000000000000e+00 1.952532049758984e+05 0.000000000000000e+00 0.000000000000000e+00 0.000000000000000e+00 1.943632052799638e+05 1.943632052799638e+05 0.000000000000000e+00
2.850268822595000e-04 1.952478354845651e+05 1.952478354845651e+05 0.000000000000000e+00 0.000000000000000e+00 0.000000000000000e+00 1.952528189189834e+05 0.000000000000000e+00 0.000000000000000e+00 0.000000000000000e+00 1.943628101125339e+05 1.943628101125339e+05 0.000000000000000e+00
2.866723604079000e-04 1.952473872792455e+05 1.952473872792455e+05 0.000000000000000e+00 0.000000000000000e+00 0.000000000000000e+00 1.952524284776720e+05 0.000000000000000e+00 0.000000000000000e+00 0.000000000000000e+00 1.943624099529356e+05 1.943624099529356e+05 0.000000000000000e+00
2.883273380054000e-04 1.952469338582869e+05 1.952469338582869e+05 0.000000000000000e+00 0.000000000000000e+00 0.000000000000000e+00 1.952520334683885e+05 0.000000000000000e+00 0.000000000000000e+00 0.000000000000000e+00 1.943620053169000e+05 1.943620053169000e+05 0.000000000000000e+00
2.899918698929000e-04 1.952464751723197e+05 1.952464751723197e+05 0.000000000000000e+00 0.000000000000000e+00 0.000000000000000e+00 1.952516338736630e+05 0.000000000000000e+00 0.000000000000000e+00 0.000000000000000e+00 1.943615959224657e+05 1.943615959224657e+05 0.000000000000000e+00
2.916660112277000e-04 1.952460111697309e+05 1.952460111697309e+05 0.000000000000000e+00 0.000000000000000e+00 0.000000000000000e+00 1.952512296192032e+05 0.000000000000000e+00 0.000000000000000e+00 0.000000000000000e+00 1.943611821232881e+05 1.943611821232881e+05 0.000000000000000e+00
2.933498174860000e-04 1.952455418335605e+05 1.952455418335605e+05 0.000000000000000e+00 0.000000000000000e+00 0.000000000000000e+00 1.952508207469128e+05 0.000000000000000e+00 0.000000000000000e+00 0.000000000000000e+00 1.943607631886215e+05 1.943607631886215e+05 0.000000000000000e+00
2.950433444639000e-04 1.952450671094207e+05 1.952450671094207e+05 0.000000000000000e+00 0.000000000000000e+00 0.000000000000000e+00 1.952504071711045e+05 0.000000000000000e+00 0.000000000000000e+00 0.000000000000000e+00 1.943603392759321e+05 1.943603392759321e+05 0.000000000000000e+00
2.967466482798000e-04 1.952445867980763e+05 1.952445867980763e+05 0.000000000000000e+00 0.000000000000000e+00 0.000000000000000e+00 1.952499887609620e+05 0.000000000000000e+00 0.000000000000000e+00 0.000000000000000e+00 1.943599105155240e+05 1.943599105155240e+05 0.000000000000000e+00
2.984597853758000e-04 1.952441009382697e+05 1.952441009382697e+05 0.000000000000000e+00 0.000000000000000e+00 0.000000000000000e+00 1.952495654903806e+05 0.000000000000000e+00 0.000000000000000e+00 0.000000000000000e+00 1.943594771837288e+05 1.943594771837288e+05 0.000000000000000e+00
3.001828125203000e-04 1.952436095387791e+05 1.952436095387791e+05 0.000000000000000e+00 0.000000000000000e+00 0.000000000000000e+00 1.952491373775860e+05 0.000000000000000e+00 0.000000000000000e+00 0.000000000000000e+00 1.943590384856391e+05 1.943590384856391e+05 0.000000000000000e+00
3.019157868090000e-04 1.952431124035179e+05 1.952431124035179e+05 0.000000000000000e+00 0.000000000000000e+00 0.000000000000000e+00 1.952487042870433e+05 0.000000000000000e+00 0.000000000000000e+00 0.000000000000000e+00 1.943585948553769e+05 1.943585948553769e+05 0.000000000000000e+00
3.036587656675000e-04 1.952426095053652e+05 1.952426095053652e+05 0.000000000000000e+00 0.000000000000000e+00 0.000000000000000e+00 1.952482661895750e+05 0.000000000000000e+00 0.000000000000000e+00 0.000000000000000e+00 1.943581459136006e+05 1.943581459136006e+05 0.000000000000000e+00
3.054118068527000e-04 1.952421007850527e+05 1.952421007850527e+05 0.000000000000000e+00 0.000000000000000e+00 0.000000000000000e+00 1.952478230106916e+05 0.000000000000000e+00 0.000000000000000e+00 0.000000000000000e+00 1.943576920418872e+05 1.943576920418872e+05 0.000000000000000e+00
3.071749684551000e-04 1.952415862034570e+05 1.952415862034570e+05 0.000000000000000e+00 0.000000000000000e+00 0.000000000000000e+00 1.952473747123414e+05 0.000000000000000e+00 0.000000000000000e+00 0.000000000000000e+00 1.943572326314498e+05 1.943572326314498e+05 0.000000000000000e+00
3.089483089006000e-04 1.952410654203999e+05 1.952410654203999e+05 0.000000000000000e+00 0.000000000000000e+00 0.000000000000000e+00 1.952469211681423e+05 0.000000000000000e+00 0.000000000000000e+00 0.000000000000000e+00 1.943567679976329e+05 1.943567679976329e+05 0.000000000000000e+00
3.107318869522000e-04 1.952405389147356e+05 1.952405389147356e+05 0.000000000000000e+00 0.000000000000000e+00 0.000000000000000e+00 1.952464624824518e+05 0.000000000000000e+00 0.000000000000000e+00 0.000000000000000e+00 1.943562977743940e+05 1.943562977743940e+05 0.000000000000000e+00
3.125257617122000e-04 1.952400063854718e+05 1.952400063854718e+05 0.000000000000000e+00 0.000000000000000e+00 0.000000000000000e+00 1.952459985253107e+05 0.000000000000000e+00 0.000000000000000e+00 0.000000000000000e+00 1.943558222903502e+05 1.943558222903502e+05 0.000000000000000e+00
3.143299926242000e-04 1.952394676550459e+05 1.952394676550459e+05 0.000000000000000e+00 0.000000000000000e+00 0.000000000000000e+00 1.952455291419508e+05 0.000000000000000e+00 0.000000000000000e+00 0.000000000000000e+00 1.943553407099076e+05 1.943553407099076e+05 0.000000000000000e+00
3.161446394750000e-04 1.952389225569032e+05 1.952389225569032e+05 0.000000000000000e+00 0.000000000000000e+00 0.000000000000000e+00 1.952450543190317e+05 0.000000000000000e+00 0.000000000000000e+00 0.000000000000000e+00 1.943548547962690e+05 1.943548547962690e+05 0.000000000000000e+00
3.179697623963000e-04 1.952383711780512e+05 1.952383711780512e+05 0.000000000000000e+00 0.000000000000000e+00 0.000000000000000e+00 1.952445739742986e+05 0.000000000000000e+00 0.000000000000000e+00 0.000000000000000e+00 1.943543629567396e+05 1.943543629567396e+05 0.000000000000000e+00
3.198054218673000e-04 1.952378134101796e+05 1.952378134101796e+05 0.000000000000000e+00 0.000000000000000e+00 0.000000000000000e+00 1.952440880693643e+05 0.000000000000000e+00 0.000000000000000e+00 0.000000000000000e+00 1.943538652612138e+05 1.943538652612138e+05 0.000000000000000e+00
3.216516787160000e-04 1.952372491582570e+05 1.952372491582570e+05 0.000000000000000e+00 0.000000000000000e+00 0.000000000000000e+00 1.952435965170671e+05 0.000000000000000e+00 0.000000000000000e+00 0.000000000000000e+00 1.943533615907618e+05 1.943533615907618e+05 0.000000000000000e+00
3.235085941219000e-04 1.952366784301807e+05 1.952366784301807e+05 0.000000000000000e+00 0.000000000000000e+00 0.000000000000000e+00 1.952430993138544e+05 0.000000000000000e+00 0.000000000000000e+00 0.000000000000000e+00 1.943528523866980e+05 1.943528523866980e+05 0.000000000000000e+00
3.253762296173000e-04 1.952361011167822e+05 1.952361011167822e+05 0.000000000000000e+00 0.000000000000000e+00 0.000000000000000e+00 1.952425963734073e+05 0.000000000000000e+00 0.000000000000000e+00 0.000000000000000e+00 1.943523365793346e+05 1.943523365793346e+05 0.000000000000000e+00
3.272546470902000e-04 1.952355170984719e+05 1.952355170984719e+05 0.000000000000000e+00 0.000000000000000e+00 0.000000000000000e+00 1.952420875999159e+05 0.000000000000000e+00 0.000000000000000e+00 0.000000000000000e+00 1.943518152236237e+05 1.943518152236237e+05 0.000000000000000e+00
3.291439087854000e-04 1.952349262700473e+05 1.952349262700473e+05 0.000000000000000e+00 0.000000000000000e+00 0.000000000000000e+00 1.952415728839014e+05 0.000000000000000e+00 0.000000000000000e+00 0.000000000000000e+00 1.943512883468109e+05 1.943512883468109e+05 0.000000000000000e+00
3.310440773075000e-04 1.952343286612259e+05 1.952343286612259e+05 0.000000000000000e+00 0.000000000000000e+00 0.000000000000000e+00 1.952410522785829e+05 0.000000000000000e+00 0.000000000000000e+00 0.000000000000000e+00 1.943507548006327e+05 1.943507548006327e+05 0.000000000000000e+00
3.329552156221000e-04 1.952337241867299e+05 1.952337241867299e+05 0.000000000000000e+00 0.000000000000000e+00 0.000000000000000e+00 1.952405256728636e+05 0.000000000000000e+00 0.000000000000000e+00 0.000000000000000e+00 1.943502151374161e+05 1.943502151374161e+05 0.000000000000000e+00
3.348773870587000e-04 1.952331126290858e+05 1.952331126290858e+05 0.000000000000000e+00 0.000000000000000e+00 0.000000000000000e+00 1.952399929082970e+05 0.000000000000000e+00 0.000000000000000e+00 0.000000000000000e+00 1.943496693880733e+05 1.943496693880733e+05 0.000000000000000e+00
3.368106553120000e-04 1.952324941163529e+05 1.952324941163529e+05 0.000000000000000e+00 0.000000000000000e+00 0.000000000000000e+00 1.952394540795852e+05 0.000000000000000e+00 0.000000000000000e+00 0.000000000000000e+00 1.943491171033142e+05 1.943491171033142e+05 0.000000000000000e+00
3.387550844448000e-04 1.952318681712010e+05 1.952318681712010e+05 0.000000000000000e+00 0.000000000000000e+00 0.000000000000000e+00 1.952389087681488e+05 0.000000000000000e+00 0.000000000000000e+00 0.000000000000000e+00 1.943485590088344e+05 1.943485590088344e+05 0.000000000000000e+00
3.407107388895000e-04 1.952312352365681e+05 1.952312352365681e+05 0.000000000000000e+00 0.000000000000000e+00 0.000000000000000e+00 1.952383573808105e+05 0.000000000000000e+00 0.000000000000000e+00 0.000000000000000e+00 1.943479943098762e+05 1.943479943098762e+05 0.000000000000000e+00
3.426776834504000e-04 1.952305949406167e+05 1.952305949406167e+05 0.000000000000000e+00 0.000000000000000e+00 0.000000000000000e+00 1.952377995878487e+05 0.000000000000000e+00 0.000000000000000e+00 0.000000000000000e+00 1.943474222689636e+05 1.943474222689636e+05 0.000000000000000e+00
3.446559833063000e-04 1.952299472158443e+05 1.952299472158443e+05 0.000000000000000e+00 0.000000000000000e+00 0.000000000000000e+00 1.952372353090971e+05 0.000000000000000e+00 0.000000000000000e+00 0.000000000000000e+00 1.943468442411014e+05 1.943468442411014e+05 0.000000000000000e+00
3.466457040118000e-04 1.952292920499794e+05 1.952292920499794e+05 0.000000000000000e+00 0.000000000000000e+00 0.000000000000000e+00 1.952366645356649e+05 0.000000000000000e+00 0.000000000000000e+00 0.000000000000000e+00 1.943462588611333e+05 1.943462588611333e+05 0.000000000000000e+00
3.486469115004000e-04 1.952286292656631e+05 1.952286292656631e+05 0.000000000000000e+00 0.000000000000000e+00 0.000000000000000e+00 1.952360871459258e+05 0.000000000000000e+00 0.000000000000000e+00 0.000000000000000e+00 1.943456674853585e+05 1.943456674853585e+05 0.000000000000000e+00
3.506596720858000e-04 1.952279587821612e+05 1.952279587821612e+05 0.000000000000000e+00 0.000000000000000e+00 0.000000000000000e+00 1.952355030548428e+05 0.000000000000000e+00 0.000000000000000e+00 0.000000000000000e+00 1.943450689628137e+05 1.943450689628137e+05 0.000000000000000e+00
3.526840524650000e-04 1.952272805963630e+05 1.952272805963630e+05 0.000000000000000e+00 0.000000000000000e+00 0.000000000000000e+00 1.952349122546747e+05 0.000000000000000e+00 0.000000000000000e+00 0.000000000000000e+00 1.943444635447087e+05 1.943444635447087e+05 0.000000000000000e+00
3.547201197195000e-04 1.952265944372826e+05 1.952265944372826e+05 0.000000000000000e+00 0.000000000000000e+00 0.000000000000000e+00 1.952343145116387e+05 0.000000000000000e+00 0.000000000000000e+00 0.000000000000000e+00 1.943438514597206e+05 1.943438514597206e+05 0.000000000000000e+00
3.567679413187000e-04 1.952259003852834e+05 1.952259003852834e+05 0.000000000000000e+00 0.000000000000000e+00 0.000000000000000e+00 1.952337098999500e+05 0.000000000000000e+00 0.000000000000000e+00 0.000000000000000e+00 1.943432318313932e+05 1.943432318313932e+05 0.000000000000000e+00
3.588275851209000e-04 1.952251984075283e+05 1.952251984075283e+05 0.000000000000000e+00 0.000000000000000e+00 0.000000000000000e+00 1.952330983880845e+05 0.000000000000000e+00 0.000000000000000e+00 0.000000000000000e+00 1.943426049151816e+05 1.943426049151816e+05 0.000000000000000e+00
3.608991193766000e-04 1.952244881866254e+05 1.952244881866254e+05 0.000000000000000e+00 0.000000000000000e+00 0.000000000000000e+00 1.952324797267930e+05 0.000000000000000e+00 0.000000000000000e+00 0.000000000000000e+00 1.943419712755296e+05 1.943419712755296e+05 0.000000000000000e+00
3.629826127300000e-04 1.952237698261752e+05 1.952237698261752e+05 0.000000000000000e+00 0.000000000000000e+00 0.000000000000000e+00 1.952318539366716e+05 0.000000000000000e+00 0.000000000000000e+00 0.000000000000000e+00 1.943413300079889e+05 1.943413300079889e+05 0.000000000000000e+00
3.650781342218000e-04 1.952230431186196e+05 1.952230431186196e+05 0.000000000000000e+00 0.000000000000000e+00 0.000000000000000e+00 1.952312208656673e+05 0.000000000000000e+00 0.000000000000000e+00 0.000000000000000e+00 1.943406814941611e+05 1.943406814941611e+05 0.000000000000000e+00
3.671857532912000e-04 1.952223080750884e+05 1.952223080750884e+05 0.000000000000000e+00 0.000000000000000e+00 0.000000000000000e+00 1.952305805360845e+05 0.000000000000000e+00 0.000000000000000e+00 0.000000000000000e+00 1.943400253762546e+05 1.943400253762546e+05 0.000000000000000e+00
3.693055397783000e-04 1.952215644508647e+05 1.952215644508647e+05 0.000000000000000e+00 0.000000000000000e+00 0.000000000000000e+00 1.952299327063542e+05 0.000000000000000e+00 0.000000000000000e+00 0.000000000000000e+00 1.943393623283407e+05 1.943393623283407e+05 0.000000000000000e+00
3.714375639264000e-04 1.952208123404384e+05 1.952208123404384e+05 0.000000000000000e+00 0.000000000000000e+00 0.000000000000000e+00 1.952292774928580e+05 0.000000000000000e+00 0.000000000000000e+00 0.000000000000000e+00 1.943386907456977e+05 1.943386907456977e+05 0.000000000000000e+00
3.735818963841000e-04 1.952200513994943e+05 1.952200513994943e+05 0.000000000000000e+00 0.000000000000000e+00 0.000000000000000e+00 1.952286146232421e+05 0.000000000000000e+00 0.000000000000000e+00 0.000000000000000e+00 1.943380117068019e+05 1.943380117068019e+05 0.000000000000000e+00
3.757386082083000e-04 1.952192817339962e+05 1.952192817339962e+05 0.000000000000000e+00 0.000000000000000e+00 0.000000000000000e+00 1.952279441230098e+05 0.000000000000000e+00 0.000000000000000e+00 0.000000000000000e+00 1.943373246646043e+05 1.943373246646043e+05 0.000000000000000e+00
3.779077708656000e-04 1.952185031327909e+05 1.952185031327909e+05 0.000000000000000e+00 0.000000000000000e+00 0.000000000000000e+00 1.952272658567498e+05 0.000000000000000e+00 0.000000000000000e+00 0.000000000000000e+00 1.943366297594223e+05 1.943366297594223e+05 0.000000000000000e+00
3.800894562357000e-04 1.952177155042852e+05 1.952177155042852e+05 0.000000000000000e+00 0.000000000000000e+00 0.000000000000000e+00 1.952265797344740e+05 0.000000000000000e+00 0.000000000000000e+00 0.000000000000000e+00 1.943359268325584e+05 1.943359268325584e+05 0.000000000000000e+00
3.822837366128000e-04 1.952169188090473e+05 1.952169188090473e+05 0.000000000000000e+00 0.000000000000000e+00 0.000000000000000e+00 1.952258857022785e+05 0.000000000000000e+00 0.000000000000000e+00 0.000000000000000e+00 1.943352157605361e+05 1.943352157605361e+05 0.000000000000000e+00
3.844906847088000e-04 1.952161128571535e+05 1.952161128571535e+05 0.000000000000000e+00 0.000000000000000e+00 0.000000000000000e+00 1.952251836069535e+05 0.000000000000000e+00 0.000000000000000e+00 0.000000000000000e+00 1.943344965755184e+05 1.943344965755184e+05 0.000000000000000e+00
3.867103736552000e-04 1.952152976623542e+05 1.952152976623542e+05 0.000000000000000e+00 0.000000000000000e+00 0.000000000000000e+00 1.952244734556751e+05 0.000000000000000e+00 0.000000000000000e+00 0.000000000000000e+00 1.943337684887271e+05 1.943337684887271e+05 0.000000000000000e+00
3.889428770058000e-04 1.952144729214875e+05 1.952144729214875e+05 0.000000000000000e+00 0.000000000000000e+00 0.000000000000000e+00 1.952237549961559e+05 0.000000000000000e+00 0.000000000000000e+00 0.000000000000000e+00 1.943330324340314e+05 1.943330324340314e+05 0.000000000000000e+00
3.911882687388000e-04 1.952136387446612e+05 1.952136387446612e+05 0.000000000000000e+00 0.000000000000000e+00 0.000000000000000e+00 1.952230283161276e+05 0.000000000000000e+00 0.000000000000000e+00 0.000000000000000e+00 1.943322877802626e+05 1.943322877802626e+05 0.000000000000000e+00
3.934466232598000e-04 1.952127948546972e+05 1.952127948546972e+05 0.000000000000000e+00 0.000000000000000e+00 0.000000000000000e+00 1.952222931723373e+05 0.000000000000000e+00 0.000000000000000e+00 0.000000000000000e+00 1.943315344660131e+05 1.943315344660131e+05 0.000000000000000e+00
3.957180154037000e-04 1.952119412565720e+05 1.952119412565720e+05 0.000000000000000e+00 0.000000000000000e+00 0.000000000000000e+00 1.952215495878262e+05 0.000000000000000e+00 0.000000000000000e+00 0.000000000000000e+00 1.943307724757930e+05 1.943307724757930e+05 0.000000000000000e+00
3.980025204375000e-04 1.952110777557092e+05 1.952110777557092e+05 0.000000000000000e+00 0.000000000000000e+00 0.000000000000000e+00 1.952207973646172e+05 0.000000000000000e+00 0.000000000000000e+00 0.000000000000000e+00 1.943300017114848e+05 1.943300017114848e+05 0.000000000000000e+00
4.003002140629000e-04 1.952102041935273e+05 1.952102041935273e+05 0.000000000000000e+00 0.000000000000000e+00 0.000000000000000e+00 1.952200363769253e+05 0.000000000000000e+00 0.000000000000000e+00 0.000000000000000e+00 1.943292222425362e+05 1.943292222425362e+05 0.000000000000000e+00
4.026111724183000e-04 1.952093206070607e+05 1.952093206070607e+05 0.000000000000000e+00 0.000000000000000e+00 0.000000000000000e+00 1.952192666750135e+05 0.000000000000000e+00 0.000000000000000e+00 0.000000000000000e+00 1.943284332393901e+05 1.943284332393901e+05 0.000000000000000e+00
4.049354720818000e-04 1.952084267938159e+05 1.952084267938159e+05 0.000000000000000e+00 0.000000000000000e+00 0.000000000000000e+00 1.952184880557343e+05 0.000000000000000e+00 0.000000000000000e+00 0.000000000000000e+00 1.943276353800779e+05 1.943276353800779e+05 0.000000000000000e+00
4.072731900738000e-04 1.952075226276315e+05 1.952075226276315e+05 0.000000000000000e+00 0.000000000000000e+00 0.000000000000000e+00 1.952177004125713e+05 0.000000000000000e+00 0.000000000000000e+00 0.000000000000000e+00 1.943268283956580e+05 1.943268283956580e+05 0.000000000000000e+00
4.096244038590000e-04 1.952066080616923e+05 1.952066080616923e+05 0.000000000000000e+00 0.000000000000000e+00 0.000000000000000e+00 1.952169037165682e+05 0.000000000000000e+00 0.000000000000000e+00 0.000000000000000e+00 1.943260119617396e+05 1.943260119617396e+05 0.000000000000000e+00
4.119891913495000e-04 1.952056829348200e+05 1.952056829348200e+05 0.000000000000000e+00 0.000000000000000e+00 0.000000000000000e+00 1.952160978066003e+05 0.000000000000000e+00 0.000000000000000e+00 0.000000000000000e+00 1.943251860468295e+05 1.943251860468295e+05 0.000000000000000e+00
4.143676309072000e-04 1.952047470154980e+05 1.952047470154980e+05 0.000000000000000e+00 0.000000000000000e+00 0.000000000000000e+00 1.952152825012335e+05 0.000000000000000e+00 0.000000000000000e+00 0.000000000000000e+00 1.943243507595551e+05 1.943243507595551e+05 0.000000000000000e+00
4.167598013464000e-04 1.952038002806371e+05 1.952038002806371e+05 0.000000000000000e+00 0.000000000000000e+00 0.000000000000000e+00 1.952144577730345e+05 0.000000000000000e+00 0.000000000000000e+00 0.000000000000000e+00 1.943235056930963e+05 1.943235056930963e+05 0.000000000000000e+00
4.191657819361000e-04 1.952028426273129e+05 1.952028426273129e+05 0.000000000000000e+00 0.000000000000000e+00 0.000000000000000e+00 1.952136235827250e+05 0.000000000000000e+00 0.000000000000000e+00 0.000000000000000e+00 1.943226507745071e+05 1.943226507745071e+05 0.000000000000000e+00
4.215856524034000e-04 1.952018738774236e+05 1.952018738774236e+05 0.000000000000000e+00 0.000000000000000e+00 0.000000000000000e+00 1.952127796840346e+05 0.000000000000000e+00 0.000000000000000e+00 0.000000000000000e+00 1.943217861285994e+05 1.943217861285994e+05 0.000000000000000e+00
4.240194929354000e-04 1.952008939711825e+05 1.952008939711825e+05 0.000000000000000e+00 0.000000000000000e+00 0.000000000000000e+00 1.952119260506584e+05 0.000000000000000e+00 0.000000000000000e+00 0.000000000000000e+00 1.943209114873061e+05 1.943209114873061e+05 0.000000000000000e+00
4.264673841820000e-04 1.951999027393321e+05 1.951999027393321e+05 0.000000000000000e+00 0.000000000000000e+00 0.000000000000000e+00 1.952110625788662e+05 0.000000000000000e+00 0.000000000000000e+00 0.000000000000000e+00 1.943200266803947e+05 1.943200266803947e+05 0.000000000000000e+00
4.289294072591000e-04 1.951988999843226e+05 1.951988999843226e+05 0.000000000000000e+00 0.000000000000000e+00 0.000000000000000e+00 1.952101890701846e+05 0.000000000000000e+00 0.000000000000000e+00 0.000000000000000e+00 1.943191317228148e+05 1.943191317228148e+05 0.000000000000000e+00
4.314056437505000e-04 1.951978856574081e+05 1.951978856574081e+05 0.000000000000000e+00 0.000000000000000e+00 0.000000000000000e+00 1.952093054871242e+05 0.000000000000000e+00 0.000000000000000e+00 0.000000000000000e+00 1.943182260172587e+05 1.943182260172587e+05 0.000000000000000e+00
4.338961757112000e-04 1.951968595824608e+05 1.951968595824608e+05 0.000000000000000e+00 0.000000000000000e+00 0.000000000000000e+00 1.952084116872978e+05 0.000000000000000e+00 0.000000000000000e+00 0.000000000000000e+00 1.943173100986925e+05 1.943173100986925e+05 0.000000000000000e+00
4.364010856698000e-04 1.951958216438441e+05 1.951958216438441e+05 0.000000000000000e+00 0.000000000000000e+00 0.000000000000000e+00 1.952075075259031e+05 0.000000000000000e+00 0.000000000000000e+00 0.000000000000000e+00 1.943163836957761e+05 1.943163836957761e+05 0.000000000000000e+00
4.389204566314000e-04 1.951947717781829e+05 1.951947717781829e+05 0.000000000000000e+00 0.000000000000000e+00 0.000000000000000e+00 1.952065929627962e+05 0.000000000000000e+00 0.000000000000000e+00 0.000000000000000e+00 1.943154464142512e+05 1.943154464142512e+05 0.000000000000000e+00
4.414543720803000e-04 1.951937096581940e+05 1.951937096581940e+05 0.000000000000000e+00 0.000000000000000e+00 0.000000000000000e+00 1.952056677398028e+05 0.000000000000000e+00 0.000000000000000e+00 0.000000000000000e+00 1.943144986226141e+05 1.943144986226141e+05 0.000000000000000e+00
4.440029159827000e-04 1.951926353659409e+05 1.951926353659409e+05 0.000000000000000e+00 0.000000000000000e+00 0.000000000000000e+00 1.952047319283064e+05 0.000000000000000e+00 0.000000000000000e+00 0.000000000000000e+00 1.943135394758169e+05 1.943135394758169e+05 0.000000000000000e+00
4.465661727896000e-04 1.951915485998979e+05 1.951915485998979e+05 0.000000000000000e+00 0.000000000000000e+00 0.000000000000000e+00 1.952037852505060e+05 0.000000000000000e+00 0.000000000000000e+00 0.000000000000000e+00 1.943125694211769e+05 1.943125694211769e+05 0.000000000000000e+00
4.491442274396000e-04 1.951904492983728e+05 1.951904492983728e+05 0.000000000000000e+00 0.000000000000000e+00 0.000000000000000e+00 1.952028276517458e+05 0.000000000000000e+00 0.000000000000000e+00 0.000000000000000e+00 1.943115882722789e+05 1.943115882722789e+05 0.000000000000000e+00
4.517371653614000e-04 1.951893373133911e+05 1.951893373133911e+05 0.000000000000000e+00 0.000000000000000e+00 0.000000000000000e+00 1.952018590348226e+05 0.000000000000000e+00 0.000000000000000e+00 0.000000000000000e+00 1.943105949979304e+05 1.943105949979304e+05 0.000000000000000e+00
4.543450724773000e-04 1.951882123638407e+05 1.951882123638407e+05 0.000000000000000e+00 0.000000000000000e+00 0.000000000000000e+00 1.952008790420118e+05 0.000000000000000e+00 0.000000000000000e+00 0.000000000000000e+00 1.943095912660855e+05 1.943095912660855e+05 0.000000000000000e+00
4.569680352052000e-04 1.951870744899908e+05 1.951870744899908e+05 0.000000000000000e+00 0.000000000000000e+00 0.000000000000000e+00 1.951998878694110e+05 0.000000000000000e+00 0.000000000000000e+00 0.000000000000000e+00 1.943085749361240e+05 1.943085749361240e+05 0.000000000000000e+00
4.596061404623000e-04 1.951859234427098e+05 1.951859234427098e+05 0.000000000000000e+00 0.000000000000000e+00 0.000000000000000e+00 1.951988851851667e+05 0.000000000000000e+00 0.000000000000000e+00 0.000000000000000e+00 1.943075474786220e+05 1.943075474786220e+05 0.000000000000000e+00
4.622594756671000e-04 1.951847590473029e+05 1.951847590473029e+05 0.000000000000000e+00 0.000000000000000e+00 0.000000000000000e+00 1.951978708557605e+05 0.000000000000000e+00 0.000000000000000e+00 0.000000000000000e+00 1.943065082720605e+05 1.943065082720605e+05 0.000000000000000e+00
4.649281287433000e-04 1.951835812953058e+05 1.951835812953058e+05 0.000000000000000e+00 0.000000000000000e+00 0.000000000000000e+00 1.951968449130477e+05 0.000000000000000e+00 0.000000000000000e+00 0.000000000000000e+00 1.943054569092253e+05 1.943054569092253e+05 0.000000000000000e+00
4.676121881218000e-04 1.951823899439205e+05 1.951823899439205e+05 0.000000000000000e+00 0.000000000000000e+00 0.000000000000000e+00 1.951958071003757e+05 0.000000000000000e+00 0.000000000000000e+00 0.000000000000000e+00 1.943043933210447e+05 1.943043933210447e+05 0.000000000000000e+00
4.703117427442000e-04 1.951811845635623e+05 1.951811845635623e+05 0.000000000000000e+00 0.000000000000000e+00 0.000000000000000e+00 1.951947570994897e+05 0.000000000000000e+00 0.000000000000000e+00 0.000000000000000e+00 1.943033178782761e+05 1.943033178782761e+05 0.000000000000000e+00
4.730268820656000e-04 1.951799654471127e+05 1.951799654471127e+05 0.000000000000000e+00 0.000000000000000e+00 0.000000000000000e+00 1.951936951313488e+05 0.000000000000000e+00 0.000000000000000e+00 0.000000000000000e+00 1.943022297004987e+05 1.943022297004987e+05 0.000000000000000e+00
4.757576960572000e-04 1.951787323722016e+05 1.951787323722016e+05 0.000000000000000e+00 0.000000000000000e+00 0.000000000000000e+00 1.951926209760293e+05 0.000000000000000e+00 0.000000000000000e+00 0.000000000000000e+00 1.943011289009784e+05 1.943011289009784e+05 0.000000000000000e+00
4.785042752101000e-04 1.951774848781061e+05 1.951774848781061e+05 0.000000000000000e+00 0.000000000000000e+00 0.000000000000000e+00 1.951915343131417e+05 0.000000000000000e+00 0.000000000000000e+00 0.000000000000000e+00 1.943000149955849e+05 1.943000149955849e+05 0.000000000000000e+00
4.812667105375000e-04 1.951762229467089e+05 1.951762229467089e+05 0.000000000000000e+00 0.000000000000000e+00 0.000000000000000e+00 1.951904350496151e+05 0.000000000000000e+00 0.000000000000000e+00 0.000000000000000e+00 1.942988886019027e+05 1.942988886019027e+05 0.000000000000000e+00
4.840450935781000e-04 1.951749464851614e+05 1.951749464851614e+05 0.000000000000000e+00 0.000000000000000e+00 0.000000000000000e+00 1.951893231216985e+05 0.000000000000000e+00 0.000000000000000e+00 0.000000000000000e+00 1.942977491930404e+05 1.942977491930404e+05 0.000000000000000e+00
4.868395163990000e-04 1.951736552081048e+05 1.951736552081048e+05 0.000000000000000e+00 0.000000000000000e+00 0.000000000000000e+00 1.951881983226033e+05 0.000000000000000e+00 0.000000000000000e+00 0.000000000000000e+00 1.942965965921667e+05 1.942965965921667e+05 0.000000000000000e+00
4.896500715989000e-04 1.951723488120049e+05 1.951723488120049e+05 0.000000000000000e+00 0.000000000000000e+00 0.000000000000000e+00 1.951870605281549e+05 0.000000000000000e+00 0.000000000000000e+00 0.000000000000000e+00 1.942954303017734e+05 1.942954303017734e+05 0.000000000000000e+00
4.924768523111000e-04 1.951710276447211e+05 1.951710276447211e+05 0.000000000000000e+00 0.000000000000000e+00 0.000000000000000e+00 1.951859096000979e+05 0.000000000000000e+00 0.000000000000000e+00 0.000000000000000e+00 1.942942506446220e+05 1.942942506446220e+05 0.000000000000000e+00
4.953199522064000e-04 1.951696909441092e+05 1.951696909441092e+05 0.000000000000000e+00 0.000000000000000e+00 0.000000000000000e+00 1.951847453002938e+05 0.000000000000000e+00 0.000000000000000e+00 0.000000000000000e+00 1.942930579671561e+05 1.942930579671561e+05 0.000000000000000e+00
4.981794654965000e-04 1.951683389658513e+05 1.951683389658513e+05 0.000000000000000e+00 0.000000000000000e+00 0.000000000000000e+00 1.951835676502820e+05 0.000000000000000e+00 0.000000000000000e+00 0.000000000000000e+00 1.942918511372673e+05 1.942918511372673e+05 0.000000000000000e+00
5.010554869369000e-04 1.951669712022266e+05 1.951669712022266e+05 0.000000000000000e+00 0.000000000000000e+00 0.000000000000000e+00 1.951823763193429e+05 0.000000000000000e+00 0.000000000000000e+00 0.000000000000000e+00 1.942906298223783e+05 1.942906298223783e+05 0.000000000000000e+00
5.039481118304000e-04 1.951655877830426e+05 1.951655877830426e+05 0.000000000000000e+00 0.000000000000000e+00 0.000000000000000e+00 1.951811712216142e+05 0.000000000000000e+00 0.000000000000000e+00 0.000000000000000e+00 1.942893954324206e+05 1.942893954324206e+05 0.000000000000000e+00
5.068574360296000e-04 1.951641884427035e+05 1.951641884427035e+05 0.000000000000000e+00 0.000000000000000e+00 0.000000000000000e+00 1.951799522226659e+05 0.000000000000000e+00 0.000000000000000e+00 0.000000000000000e+00 1.942881462905350e+05 1.942881462905350e+05 0.000000000000000e+00
5.097835559407000e-04 1.951627728270075e+05 1.951627728270075e+05 0.000000000000000e+00 0.000000000000000e+00 0.000000000000000e+00 1.951787191573145e+05 0.000000000000000e+00 0.000000000000000e+00 0.000000000000000e+00 1.942868824816477e+05 1.942868824816477e+05 0.000000000000000e+00
5.127265685264000e-04 1.951613408771117e+05 1.951613408771117e+05 0.000000000000000e+00 0.000000000000000e+00 0.000000000000000e+00 1.951774718318733e+05 0.000000000000000e+00 0.000000000000000e+00 0.000000000000000e+00 1.942856041840400e+05 1.942856041840400e+05 0.000000000000000e+00
5.156865713092000e-04 1.951598923204176e+05 1.951598923204176e+05 0.000000000000000e+00 0.000000000000000e+00 0.000000000000000e+00 1.951762100470508e+05 0.000000000000000e+00 0.000000000000000e+00 0.000000000000000e+00 1.942843112314521e+05 1.942843112314521e+05 0.000000000000000e+00
5.186636623745000e-04 1.951584270600255e+05 1.951584270600255e+05 0.000000000000000e+00 0.000000000000000e+00 0.000000000000000e+00 1.951749337210504e+05 0.000000000000000e+00 0.000000000000000e+00 0.000000000000000e+00 1.942830031771431e+05 1.942830031771431e+05 0.000000000000000e+00
5.216579403741000e-04 1.951569449460669e+05 1.951569449460669e+05 0.000000000000000e+00 0.000000000000000e+00 0.000000000000000e+00 1.951736426483424e+05 0.000000000000000e+00 0.000000000000000e+00 0.000000000000000e+00 1.942816797867330e+05 1.942816797867330e+05 0.000000000000000e+00
5.246695045292000e-04 1.951554455569914e+05 1.951554455569914e+05 0.000000000000000e+00 0.000000000000000e+00 0.000000000000000e+00 1.951723366857146e+05 0.000000000000000e+00 0.000000000000000e+00 0.000000000000000e+00 1.942803412234428e+05 1.942803412234428e+05 0.000000000000000e+00
5.276984546340000e-04 1.951539288796328e+05 1.951539288796328e+05 0.000000000000000e+00 0.000000000000000e+00 0.000000000000000e+00 1.951710155547064e+05 0.000000000000000e+00 0.000000000000000e+00 0.000000000000000e+00 1.942789874731269e+05 1.942789874731269e+05 0.000000000000000e+00
5.307448910585000e-04 1.951523945778924e+05 1.951523945778924e+05 0.000000000000000e+00 0.000000000000000e+00 0.000000000000000e+00 1.951696792301094e+05 0.000000000000000e+00 0.000000000000000e+00 0.000000000000000e+00 1.942776176154647e+05 1.942776176154647e+05 0.000000000000000e+00
5.338089147524000e-04 1.951508426417025e+05 1.951508426417025e+05 0.000000000000000e+00 0.000000000000000e+00 0.000000000000000e+00 1.951683274278455e+05 0.000000000000000e+00 0.000000000000000e+00 0.000000000000000e+00 1.942762322335632e+05 1.942762322335632e+05 0.000000000000000e+00
5.368906272482000e-04 1.951492727630682e+05 1.951492727630682e+05 0.000000000000000e+00 0.000000000000000e+00 0.000000000000000e+00 1.951669600109784e+05 0.000000000000000e+00 0.000000000000000e+00 0.000000000000000e+00 1.942748309029495e+05 1.942748309029495e+05 0.000000000000000e+00
5.399901306643000e-04 1.951476849078339e+05 1.951476849078339e+05 0.000000000000000e+00 0.000000000000000e+00 0.000000000000000e+00 1.951655768315523e+05 0.000000000000000e+00 0.000000000000000e+00 0.000000000000000e+00 1.942734133471176e+05 1.942734133471176e+05 0.000000000000000e+00
5.431075277090000e-04 1.951460787213292e+05 1.951460787213292e+05 0.000000000000000e+00 0.000000000000000e+00 0.000000000000000e+00 1.951641777161444e+05 0.000000000000000e+00 0.000000000000000e+00 0.000000000000000e+00 1.942719792652144e+05 1.942719792652144e+05 0.000000000000000e+00
5.462429216831000e-04 1.951444538187117e+05 1.951444538187117e+05 0.000000000000000e+00 0.000000000000000e+00 0.000000000000000e+00 1.951627623748842e+05 0.000000000000000e+00 0.000000000000000e+00 0.000000000000000e+00 1.942705286983511e+05 1.942705286983511e+05 0.000000000000000e+00
5.493964164843000e-04 1.951428101058096e+05 1.951428101058096e+05 0.000000000000000e+00 0.000000000000000e+00 0.000000000000000e+00 1.951613306881044e+05 0.000000000000000e+00 0.000000000000000e+00 0.000000000000000e+00 1.942690613028616e+05 1.942690613028616e+05 0.000000000000000e+00
5.525681166096000e-04 1.951411473563550e+05 1.951411473563550e+05 0.000000000000000e+00 0.000000000000000e+00 0.000000000000000e+00 1.951598823928327e+05 0.000000000000000e+00 0.000000000000000e+00 0.000000000000000e+00 1.942675769101408e+05 1.942675769101408e+05 0.000000000000000e+00
5.557581271595000e-04 1.951394655779875e+05 1.951394655779875e+05 0.000000000000000e+00 0.000000000000000e+00 0.000000000000000e+00 1.951584174988951e+05 0.000000000000000e+00 0.000000000000000e+00 0.000000000000000e+00 1.942660753860234e+05 1.942660753860234e+05 0.000000000000000e+00
5.589665538413000e-04 1.951377641969936e+05 1.951377641969936e+05 0.000000000000000e+00 0.000000000000000e+00 0.000000000000000e+00 1.951569356456594e+05 0.000000000000000e+00 0.000000000000000e+00 0.000000000000000e+00 1.942645565374199e+05 1.942645565374199e+05 0.000000000000000e+00
5.621935029725000e-04 1.951360432207364e+05 1.951360432207364e+05 0.000000000000000e+00 0.000000000000000e+00 0.000000000000000e+00 1.951554366183997e+05 0.000000000000000e+00 0.000000000000000e+00 0.000000000000000e+00 1.942630202937534e+05 1.942630202937534e+05 0.000000000000000e+00
5.654390814843000e-04 1.951343024363920e+05 1.951343024363920e+05 0.000000000000000e+00 0.000000000000000e+00 0.000000000000000e+00 1.951539203776607e+05 0.000000000000000e+00 0.000000000000000e+00 0.000000000000000e+00 1.942614660417059e+05 1.942614660417059e+05 0.000000000000000e+00
5.687033969254000e-04 1.951325415347146e+05 1.951325415347146e+05 0.000000000000000e+00 0.000000000000000e+00 0.000000000000000e+00 1.951523865115223e+05 0.000000000000000e+00 0.000000000000000e+00 0.000000000000000e+00 1.942598941523320e+05 1.942598941523320e+05 0.000000000000000e+00
5.719865574651000e-04 1.951307602376305e+05 1.951307602376305e+05 0.000000000000000e+00 0.000000000000000e+00 0.000000000000000e+00 1.951508349912306e+05 0.000000000000000e+00 0.000000000000000e+00 0.000000000000000e+00 1.942583035244989e+05 1.942583035244989e+05 0.000000000000000e+00
5.752886718975000e-04 1.951289583711467e+05 1.951289583711467e+05 0.000000000000000e+00 0.000000000000000e+00 0.000000000000000e+00 1.951492655299697e+05 0.000000000000000e+00 0.000000000000000e+00 0.000000000000000e+00 1.942566952940361e+05 1.942566952940361e+05 0.000000000000000e+00
5.786098496446000e-04 1.951271357264586e+05 1.951271357264586e+05 0.000000000000000e+00 0.000000000000000e+00 0.000000000000000e+00 1.951476779739670e+05 0.000000000000000e+00 0.000000000000000e+00 0.000000000000000e+00 1.942550681509041e+05 1.942550681509041e+05 0.000000000000000e+00
5.819502007600000e-04 1.951252920504248e+05 1.951252920504248e+05 0.000000000000000e+00 0.000000000000000e+00 0.000000000000000e+00 1.951460721092230e+05 0.000000000000000e+00 0.000000000000000e+00 0.000000000000000e+00 1.942534219423055e+05 1.942534219423055e+05 0.000000000000000e+00
5.853098359329001e-04 1.951234268196103e+05 1.951234268196103e+05 0.000000000000000e+00 0.000000000000000e+00 0.000000000000000e+00 1.951444474256627e+05 0.000000000000000e+00 0.000000000000000e+00 0.000000000000000e+00 1.942517573531670e+05 1.942517573531670e+05 0.000000000000000e+00
5.886888664912001e-04 1.951215404197343e+05 1.951215404197343e+05 0.000000000000000e+00 0.000000000000000e+00 0.000000000000000e+00 1.951428044067018e+05 0.000000000000000e+00 0.000000000000000e+00 0.000000000000000e+00 1.942500727016837e+05 1.942500727016837e+05 0.000000000000000e+00
5.920874044059000e-04 1.951196320984207e+05 1.951196320984207e+05 0.000000000000000e+00 0.000000000000000e+00 0.000000000000000e+00 1.951411422689923e+05 0.000000000000000e+00 0.000000000000000e+00 0.000000000000000e+00 1.942483689092356e+05 1.942483689092356e+05 0.000000000000000e+00
5.955055622941000e-04 1.951177016644424e+05 1.951177016644424e+05 0.000000000000000e+00 0.000000000000000e+00 0.000000000000000e+00 1.951394608389838e+05 0.000000000000000e+00 0.000000000000000e+00 0.000000000000000e+00 1.942466457596299e+05 1.942466457596299e+05 0.000000000000000e+00
5.989434534231000e-04 1.951157488903306e+05 1.951157488903306e+05 0.000000000000000e+00 0.000000000000000e+00 0.000000000000000e+00 1.951377600453272e+05 0.000000000000000e+00 0.000000000000000e+00 0.000000000000000e+00 1.942449021273095e+05 1.942449021273095e+05 0.000000000000000e+00
6.024011917142000e-04 1.951137736547290e+05 1.951137736547290e+05 0.000000000000000e+00 0.000000000000000e+00 0.000000000000000e+00 1.951360395937005e+05 0.000000000000000e+00 0.000000000000000e+00 0.000000000000000e+00 1.942431386830696e+05 1.942431386830696e+05 0.000000000000000e+00
6.058788917463000e-04 1.951117755279840e+05 1.951117755279840e+05 0.000000000000000e+00 0.000000000000000e+00 0.000000000000000e+00 1.951342991919108e+05 0.000000000000000e+00 0.000000000000000e+00 0.000000000000000e+00 1.942413551333775e+05 1.942413551333775e+05 0.000000000000000e+00
6.093766687598000e-04 1.951097545067312e+05 1.951097545067312e+05 0.000000000000000e+00 0.000000000000000e+00 0.000000000000000e+00 1.951325388497839e+05 0.000000000000000e+00 0.000000000000000e+00 0.000000000000000e+00 1.942395507757438e+05 1.942395507757438e+05 0.000000000000000e+00
6.128946386603000e-04 1.951077101661538e+05 1.951077101661538e+05 0.000000000000000e+00 0.000000000000000e+00 0.000000000000000e+00 1.951307583091785e+05 0.000000000000000e+00 0.000000000000000e+00 0.000000000000000e+00 1.942377249522328e+05 1.942377249522328e+05 0.000000000000000e+00
6.164329180227001e-04 1.951056417422759e+05 1.951056417422759e+05 0.000000000000000e+00 0.000000000000000e+00 0.000000000000000e+00 1.951289568651396e+05 0.000000000000000e+00 0.000000000000000e+00 0.000000000000000e+00 1.942358785092873e+05 1.942358785092873e+05 0.000000000000000e+00
6.199916240948000e-04 1.951035498443150e+05 1.951035498443150e+05 0.000000000000000e+00 0.000000000000000e+00 0.000000000000000e+00 1.951271349557659e+05 0.000000000000000e+00 0.000000000000000e+00 0.000000000000000e+00 1.942340106497637e+05 1.942340106497637e+05 0.000000000000000e+00
6.235708748013000e-04 1.951014337374769e+05 1.951014337374769e+05 0.000000000000000e+00 0.000000000000000e+00 0.000000000000000e+00 1.951252918518080e+05 0.000000000000000e+00 0.000000000000000e+00 0.000000000000000e+00 1.942321214670980e+05 1.942321214670980e+05 0.000000000000000e+00
6.271707887475000e-04 1.950992931306113e+05 1.950992931306113e+05 0.000000000000000e+00 0.000000000000000e+00 0.000000000000000e+00 1.951234274239879e+05 0.000000000000000e+00 0.000000000000000e+00 0.000000000000000e+00 1.942302104308729e+05 1.942302104308729e+05 0.000000000000000e+00
6.307914852238000e-04 1.950971277801286e+05 1.950971277801286e+05 0.000000000000000e+00 0.000000000000000e+00 0.000000000000000e+00 1.951215415763156e+05 0.000000000000000e+00 0.000000000000000e+00 0.000000000000000e+00 1.942282771988980e+05 1.942282771988980e+05 0.000000000000000e+00
6.344330842090000e-04 1.950949375519749e+05 1.950949375519749e+05 0.000000000000000e+00 0.000000000000000e+00 0.000000000000000e+00 1.951196339939433e+05 0.000000000000000e+00 0.000000000000000e+00 0.000000000000000e+00 1.942263216047222e+05 1.942263216047222e+05 0.000000000000000e+00
6.380957063745000e-04 1.950927222327006e+05 1.950927222327006e+05 0.000000000000000e+00 0.000000000000000e+00 0.000000000000000e+00 1.951177042869998e+05 0.000000000000000e+00 0.000000000000000e+00 0.000000000000000e+00 1.942243436471421e+05 1.942243436471421e+05 0.000000000000000e+00
6.417794730885000e-04 1.950904811077224e+05 1.950904811077224e+05 0.000000000000000e+00 0.000000000000000e+00 0.000000000000000e+00 1.951157523184854e+05 0.000000000000000e+00 0.000000000000000e+00 0.000000000000000e+00 1.942223426394715e+05 1.942223426394715e+05 0.000000000000000e+00
6.454845064199000e-04 1.950882141552179e+05 1.950882141552179e+05 0.000000000000000e+00 0.000000000000000e+00 0.000000000000000e+00 1.951137779548859e+05 0.000000000000000e+00 0.000000000000000e+00 0.000000000000000e+00 1.942203183875121e+05 1.942203183875121e+05 0.000000000000000e+00
6.492109291421000e-04 1.950859210024012e+05 1.950859210024012e+05 0.000000000000000e+00 0.000000000000000e+00 0.000000000000000e+00 1.951117806929459e+05 0.000000000000000e+00 0.000000000000000e+00 0.000000000000000e+00 1.942182709054798e+05 1.942182709054798e+05 0.000000000000000e+00
6.529588647375000e-04 1.950836012513763e+05 1.950836012513763e+05 0.000000000000000e+00 0.000000000000000e+00 0.000000000000000e+00 1.951097603535383e+05 0.000000000000000e+00 0.000000000000000e+00 0.000000000000000e+00 1.942162000092967e+05 1.942162000092967e+05 0.000000000000000e+00
6.567284374011000e-04 1.950812546355487e+05 1.950812546355487e+05 0.000000000000000e+00 0.000000000000000e+00 0.000000000000000e+00 1.951077166893206e+05 0.000000000000000e+00 0.000000000000000e+00 0.000000000000000e+00 1.942141049416386e+05 1.942141049416386e+05 0.000000000000000e+00
6.605197720453000e-04 1.950788812331629e+05 1.950788812331629e+05 0.000000000000000e+00 0.000000000000000e+00 0.000000000000000e+00 1.951056495271438e+05 0.000000000000000e+00 0.000000000000000e+00 0.000000000000000e+00 1.942119855913955e+05 1.942119855913955e+05 0.000000000000000e+00
6.643329943032000e-04 1.950764803148866e+05 1.950764803148866e+05 0.000000000000000e+00 0.000000000000000e+00 0.000000000000000e+00 1.951035584522889e+05 0.000000000000000e+00 0.000000000000000e+00 0.000000000000000e+00 1.942098420071593e+05 1.942098420071593e+05 0.000000000000000e+00
6.681682305334000e-04 1.950740517293149e+05 1.950740517293149e+05 0.000000000000000e+00 0.000000000000000e+00 0.000000000000000e+00 1.951014433047491e+05 0.000000000000000e+00 0.000000000000000e+00 0.000000000000000e+00 1.942076735655872e+05 1.942076735655872e+05 0.000000000000000e+00
6.720256078241000e-04 1.950715950783789e+05 1.950715950783789e+05 0.000000000000000e+00 0.000000000000000e+00 0.000000000000000e+00 1.950993036763266e+05 0.000000000000000e+00 0.000000000000000e+00 0.000000000000000e+00 1.942054800664833e+05 1.942054800664833e+05 0.000000000000000e+00
6.759052539968000e-04 1.950691100416430e+05 1.950691100416430e+05 0.000000000000000e+00 0.000000000000000e+00 0.000000000000000e+00 1.950971394379492e+05 0.000000000000000e+00 0.000000000000000e+00 0.000000000000000e+00 1.942032613349242e+05 1.942032613349242e+05 0.000000000000000e+00
6.798072976114000e-04 1.950665963988117e+05 1.950665963988117e+05 0.000000000000000e+00 0.000000000000000e+00 0.000000000000000e+00 1.950949501992975e+05 0.000000000000000e+00 0.000000000000000e+00 0.000000000000000e+00 1.942010170571647e+05 1.942010170571647e+05 0.000000000000000e+00
6.837318679695000e-04 1.950640538482929e+05 1.950640538482929e+05 0.000000000000000e+00 0.000000000000000e+00 0.000000000000000e+00 1.950927358209956e+05 0.000000000000000e+00 0.000000000000000e+00 0.000000000000000e+00 1.941987463488471e+05 1.941987463488471e+05 0.000000000000000e+00
6.876790951196000e-04 1.950614817991345e+05 1.950614817991345e+05 0.000000000000000e+00 0.000000000000000e+00 0.000000000000000e+00 1.950904957753149e+05 0.000000000000000e+00 0.000000000000000e+00 0.000000000000000e+00 1.941964498040825e+05 1.941964498040825e+05 0.000000000000000e+00
6.916491098607000e-04 1.950588799776917e+05 1.950588799776917e+05 0.000000000000000e+00 0.000000000000000e+00 0.000000000000000e+00 1.950882298105917e+05 0.000000000000000e+00 0.000000000000000e+00 0.000000000000000e+00 1.941941268244056e+05 1.941941268244056e+05 0.000000000000000e+00
6.956420437470000e-04 1.950562482605840e+05 1.950562482605840e+05 0.000000000000000e+00 0.000000000000000e+00 0.000000000000000e+00 1.950859378053838e+05 0.000000000000000e+00 0.000000000000000e+00 0.000000000000000e+00 1.941917769491071e+05 1.941917769491071e+05 0.000000000000000e+00
6.996580290922000e-04 1.950535862127603e+05 1.950535862127603e+05 0.000000000000000e+00 0.000000000000000e+00 0.000000000000000e+00 1.950836194156656e+05 0.000000000000000e+00 0.000000000000000e+00 0.000000000000000e+00 1.941893999096847e+05 1.941893999096847e+05 0.000000000000000e+00
7.036971989738000e-04 1.950508934411089e+05 1.950508934411089e+05 0.000000000000000e+00 0.000000000000000e+00 0.000000000000000e+00 1.950812742241964e+05 0.000000000000000e+00 0.000000000000000e+00 0.000000000000000e+00 1.941869955918133e+05 1.941869955918133e+05 0.000000000000000e+00
7.077596872377000e-04 1.950481696783876e+05 1.950481696783876e+05 0.000000000000000e+00 0.000000000000000e+00 0.000000000000000e+00 1.950789020653694e+05 0.000000000000000e+00 0.000000000000000e+00 0.000000000000000e+00 1.941845632883746e+05 1.941845632883746e+05 0.000000000000000e+00
7.118456285021999e-04 1.950454142075614e+05 1.950454142075614e+05 0.000000000000000e+00 0.000000000000000e+00 0.000000000000000e+00 1.950765023600381e+05 0.000000000000000e+00 0.000000000000000e+00 0.000000000000000e+00 1.941821031025077e+05 1.941821031025077e+05 0.000000000000000e+00
7.159551581629999e-04 1.950426273096054e+05 1.950426273096054e+05 0.000000000000000e+00 0.000000000000000e+00 0.000000000000000e+00 1.950740752151874e+05 0.000000000000000e+00 0.000000000000000e+00 0.000000000000000e+00 1.941796142888354e+05 1.941796142888354e+05 0.000000000000000e+00
7.200884123975000e-04 1.950398081533062e+05 1.950398081533062e+05 0.000000000000000e+00 0.000000000000000e+00 0.000000000000000e+00 1.950716199438993e+05 0.000000000000000e+00 0.000000000000000e+00 0.000000000000000e+00 1.941770969788593e+05 1.941770969788593e+05 0.000000000000000e+00
7.242455281691000e-04 1.950369561631023e+05 1.950369561631023e+05 0.000000000000000e+00 0.000000000000000e+00 0.000000000000000e+00 1.950691363766668e+05 0.000000000000000e+00 0.000000000000000e+00 0.000000000000000e+00 1.941745502438858e+05 1.941745502438858e+05 0.000000000000000e+00
7.284266432320000e-04 1.950340714972727e+05 1.950340714972727e+05 0.000000000000000e+00 0.000000000000000e+00 0.000000000000000e+00 1.950666240840262e+05 0.000000000000000e+00 0.000000000000000e+00 0.000000000000000e+00 1.941719745279467e+05 1.941719745279467e+05 0.000000000000000e+00
7.326318961355000e-04 1.950311534586728e+05 1.950311534586728e+05 0.000000000000000e+00 0.000000000000000e+00 0.000000000000000e+00 1.950640830165368e+05 0.000000000000000e+00 0.000000000000000e+00 0.000000000000000e+00 1.941693687325222e+05 1.941693687325222e+05 0.000000000000000e+00
7.368614262290000e-04 1.950282017368237e+05 1.950282017368237e+05 0.000000000000000e+00 0.000000000000000e+00 0.000000000000000e+00 1.950615123999821e+05 0.000000000000000e+00 0.000000000000000e+00 0.000000000000000e+00 1.941667332424541e+05 1.941667332424541e+05 0.000000000000000e+00
7.411153736661000e-04 1.950252160905413e+05 1.950252160905413e+05 0.000000000000000e+00 0.000000000000000e+00 0.000000000000000e+00 1.950589122820258e+05 0.000000000000000e+00 0.000000000000000e+00 0.000000000000000e+00 1.941640672539374e+05 1.941640672539374e+05 0.000000000000000e+00
7.453938794098999e-04 1.950221961205198e+05 1.950221961205198e+05 0.000000000000000e+00 0.000000000000000e+00 0.000000000000000e+00 1.950562823700994e+05 0.000000000000000e+00 0.000000000000000e+00 0.000000000000000e+00 1.941613702285737e+05 1.941613702285737e+05 0.000000000000000e+00
7.496970852367999e-04 1.950191413193931e+05 1.950191413193931e+05 0.000000000000000e+00 0.000000000000000e+00 0.000000000000000e+00 1.950536220058333e+05 0.000000000000000e+00 0.000000000000000e+00 0.000000000000000e+00 1.941586422091912e+05 1.941586422091912e+05 0.000000000000000e+00
7.540251337421000e-04 1.950160510047174e+05 1.950160510047174e+05 0.000000000000000e+00 0.000000000000000e+00 0.000000000000000e+00 1.950509308120726e+05 0.000000000000000e+00 0.000000000000000e+00 0.000000000000000e+00 1.941558827870240e+05 1.941558827870240e+05 0.000000000000000e+00
7.583781683441000e-04 1.950129253113935e+05 1.950129253113935e+05 0.000000000000000e+00 0.000000000000000e+00 0.000000000000000e+00 1.950482087997284e+05 0.000000000000000e+00 0.000000000000000e+00 0.000000000000000e+00 1.941530914792613e+05 1.941530914792613e+05 0.000000000000000e+00
7.627563332891001e-04 1.950097635758142e+05 1.950097635758142e+05 0.000000000000000e+00 0.000000000000000e+00 0.000000000000000e+00 1.950454554030030e+05 0.000000000000000e+00 0.000000000000000e+00 0.000000000000000e+00 1.941502680933553e+05 1.941502680933553e+05 0.000000000000000e+00
7.671597736561000e-04 1.950065653291716e+05 1.950065653291716e+05 0.000000000000000e+00 0.000000000000000e+00 0.000000000000000e+00 1.950426702173450e+05 0.000000000000000e+00 0.000000000000000e+00 0.000000000000000e+00 1.941474119728445e+05 1.941474119728445e+05 0.000000000000000e+00
7.715886353618999e-04 1.950033300689116e+05 1.950033300689116e+05 0.000000000000000e+00 0.000000000000000e+00 0.000000000000000e+00 1.950398528816944e+05 0.000000000000000e+00 0.000000000000000e+00 0.000000000000000e+00 1.941445229912566e+05 1.941445229912566e+05 0.000000000000000e+00
7.760430651652000e-04 1.950000576481278e+05 1.950000576481278e+05 0.000000000000000e+00 0.000000000000000e+00 0.000000000000000e+00 1.950370031291197e+05 0.000000000000000e+00 0.000000000000000e+00 0.000000000000000e+00 1.941416006023190e+05 1.941416006023190e+05 0.000000000000000e+00
7.805232106725000e-04 1.949967477865934e+05 1.949967477865934e+05 0.000000000000000e+00 0.000000000000000e+00 0.000000000000000e+00 1.950341206086131e+05 0.000000000000000e+00 0.000000000000000e+00 0.000000000000000e+00 1.941386447143921e+05 1.941386447143921e+05 0.000000000000000e+00
7.850292203420000e-04 1.949933995697863e+05 1.949933995697863e+05 0.000000000000000e+00 0.000000000000000e+00 0.000000000000000e+00 1.950312048647450e+05 0.000000000000000e+00 0.000000000000000e+00 0.000000000000000e+00 1.941356545326078e+05 1.941356545326078e+05 0.000000000000000e+00
7.895612434893001e-04 1.949900126766137e+05 1.949900126766137e+05 0.000000000000000e+00 0.000000000000000e+00 0.000000000000000e+00 1.950282555360931e+05 0.000000000000000e+00 0.000000000000000e+00 0.000000000000000e+00 1.941326298478146e+05 1.941326298478146e+05 0.000000000000000e+00
7.941194302917000e-04 1.949865866145904e+05 1.949865866145904e+05 0.000000000000000e+00 0.000000000000000e+00 0.000000000000000e+00 1.950252720528370e+05 0.000000000000000e+00 0.000000000000000e+00 0.000000000000000e+00 1.941295703837711e+05 1.941295703837711e+05 0.000000000000000e+00
7.987039317936000e-04 1.949831213453441e+05 1.949831213453441e+05 0.000000000000000e+00 0.000000000000000e+00 0.000000000000000e+00 1.950222543904185e+05 0.000000000000000e+00 0.000000000000000e+00 0.000000000000000e+00 1.941264756035263e+05 1.941264756035263e+05 0.000000000000000e+00
8.033148999116000e-04 1.949796158935434e+05 1.949796158935434e+05 0.000000000000000e+00 0.000000000000000e+00 0.000000000000000e+00 1.950192018450032e+05 0.000000000000000e+00 0.000000000000000e+00 0.000000000000000e+00 1.941233451078401e+05 1.941233451078401e+05 0.000000000000000e+00
8.079524874390000e-04 1.949760702307197e+05 1.949760702307197e+05 0.000000000000000e+00 0.000000000000000e+00 0.000000000000000e+00 1.950161142899710e+05 0.000000000000000e+00 0.000000000000000e+00 0.000000000000000e+00 1.941201784211732e+05 1.941201784211732e+05 0.000000000000000e+00
8.126168480514000e-04 1.949724834961422e+05 1.949724834961422e+05 0.000000000000000e+00 0.000000000000000e+00 0.000000000000000e+00 1.950129909466997e+05 0.000000000000000e+00 0.000000000000000e+00 0.000000000000000e+00 1.941169753305969e+05 1.941169753305969e+05 0.000000000000000e+00
8.173081363115001e-04 1.949688556479205e+05 1.949688556479205e+05 0.000000000000000e+00 0.000000000000000e+00 0.000000000000000e+00 1.950098316977226e+05 0.000000000000000e+00 0.000000000000000e+00 0.000000000000000e+00 1.941137354192684e+05 1.941137354192684e+05 0.000000000000000e+00
8.220265076743000e-04 1.949651859542513e+05 1.949651859542513e+05 0.000000000000000e+00 0.000000000000000e+00 0.000000000000000e+00 1.950066361693908e+05 0.000000000000000e+00 0.000000000000000e+00 0.000000000000000e+00 1.941104579185844e+05 1.941104579185844e+05 0.000000000000000e+00
8.267721184922000e-04 1.949614739907177e+05 1.949614739907177e+05 0.000000000000000e+00 0.000000000000000e+00 0.000000000000000e+00 1.950034038461841e+05 0.000000000000000e+00 0.000000000000000e+00 0.000000000000000e+00 1.941071426461803e+05 1.941071426461803e+05 0.000000000000000e+00
8.315451260203000e-04 1.949577193079328e+05 1.949577193079328e+05 0.000000000000000e+00 0.000000000000000e+00 0.000000000000000e+00 1.950001342587965e+05 0.000000000000000e+00 0.000000000000000e+00 0.000000000000000e+00 1.941037892885960e+05 1.941037892885960e+05 0.000000000000000e+00
8.363456884215999e-04 1.949539211797242e+05 1.949539211797242e+05 0.000000000000000e+00 0.000000000000000e+00 0.000000000000000e+00 1.949968269556778e+05 0.000000000000000e+00 0.000000000000000e+00 0.000000000000000e+00 1.941003972550252e+05 1.941003972550252e+05 0.000000000000000e+00
8.411739647721000e-04 1.949500793803402e+05 1.949500793803402e+05 0.000000000000000e+00 0.000000000000000e+00 0.000000000000000e+00 1.949934816624701e+05 0.000000000000000e+00 0.000000000000000e+00 0.000000000000000e+00 1.940969659647083e+05 1.940969659647083e+05 0.000000000000000e+00
8.460301150661000e-04 1.949461932145006e+05 1.949461932145006e+05 0.000000000000000e+00 0.000000000000000e+00 0.000000000000000e+00 1.949900977509418e+05 0.000000000000000e+00 0.000000000000000e+00 0.000000000000000e+00 1.940934952448722e+05 1.940934952448722e+05 0.000000000000000e+00
8.509143002218000e-04 1.949422621746028e+05 1.949422621746028e+05 0.000000000000000e+00 0.000000000000000e+00 0.000000000000000e+00 1.949866749007993e+05 0.000000000000000e+00 0.000000000000000e+00 0.000000000000000e+00 1.940899843048043e+05 1.940899843048043e+05 0.000000000000000e+00
8.558266820861000e-04 1.949382853974773e+05 1.949382853974773e+05 0.000000000000000e+00 0.000000000000000e+00 0.000000000000000e+00 1.949832125803832e+05 0.000000000000000e+00 0.000000000000000e+00 0.000000000000000e+00 1.940864327050855e+05 1.940864327050855e+05 0.000000000000000e+00
8.607674234403000e-04 1.949342642672625e+05 1.949342642672625e+05 0.000000000000000e+00 0.000000000000000e+00 0.000000000000000e+00 1.949797106503131e+05 0.000000000000000e+00 0.000000000000000e+00 0.000000000000000e+00 1.940828409410490e+05 1.940828409410490e+05 0.000000000000000e+00
8.657366880057000e-04 1.949301952673378e+05 1.949301952673378e+05 0.000000000000000e+00 0.000000000000000e+00 0.000000000000000e+00 1.949761681598260e+05 0.000000000000000e+00 0.000000000000000e+00 0.000000000000000e+00 1.940792068256960e+05 1.940792068256960e+05 0.000000000000000e+00
8.707346404484000e-04 1.949260802928484e+05 1.949260802928484e+05 0.000000000000000e+00 0.000000000000000e+00 0.000000000000000e+00 1.949725850006352e+05 0.000000000000000e+00 0.000000000000000e+00 0.000000000000000e+00 1.940755315890610e+05 1.940755315890610e+05 0.000000000000000e+00
8.757614463855000e-04 1.949219178928713e+05 1.949219178928713e+05 0.000000000000000e+00 0.000000000000000e+00 0.000000000000000e+00 1.949689606769314e+05 0.000000000000000e+00 0.000000000000000e+00 0.000000000000000e+00 1.940718138170354e+05 1.940718138170354e+05 0.000000000000000e+00
8.808172723900000e-04 1.949177074105312e+05 1.949177074105312e+05 0.000000000000000e+00 0.000000000000000e+00 0.000000000000000e+00 1.949652944955822e+05 0.000000000000000e+00 0.000000000000000e+00 0.000000000000000e+00 1.940680532440648e+05 1.940680532440648e+05 0.000000000000000e+00
8.859022859966000e-04 1.949134486104422e+05 1.949134486104422e+05 0.000000000000000e+00 0.000000000000000e+00 0.000000000000000e+00 1.949615862398603e+05 0.000000000000000e+00 0.000000000000000e+00 0.000000000000000e+00 1.940642491176532e+05 1.940642491176532e+05 0.000000000000000e+00
8.910166557070000e-04 1.949091405504169e+05 1.949091405504169e+05 0.000000000000000e+00 0.000000000000000e+00 0.000000000000000e+00 1.949578353104672e+05 0.000000000000000e+00 0.000000000000000e+00 0.000000000000000e+00 1.940604011861782e+05 1.940604011861782e+05 0.000000000000000e+00
8.961605509960000e-04 1.949047830330068e+05 1.949047830330068e+05 0.000000000000000e+00 0.000000000000000e+00 0.000000000000000e+00 1.949540412007326e+05 0.000000000000000e+00 0.000000000000000e+00 0.000000000000000e+00 1.940565089901782e+05 1.940565089901782e+05 0.000000000000000e+00
9.013341423166000e-04 1.949003756165140e+05 1.949003756165140e+05 0.000000000000000e+00 0.000000000000000e+00 0.000000000000000e+00 1.949502035129633e+05 0.000000000000000e+00 0.000000000000000e+00 0.000000000000000e+00 1.940525721340108e+05 1.940525721340108e+05 0.000000000000000e+00
9.065376011058000e-04 1.948959170527057e+05 1.948959170527057e+05 0.000000000000000e+00 0.000000000000000e+00 0.000000000000000e+00 1.949463215271879e+05 0.000000000000000e+00 0.000000000000000e+00 0.000000000000000e+00 1.940485898121768e+05 1.940485898121768e+05 0.000000000000000e+00
9.117710997904000e-04 1.948914075065194e+05 1.948914075065194e+05 0.000000000000000e+00 0.000000000000000e+00 0.000000000000000e+00 1.949423950670436e+05 0.000000000000000e+00 0.000000000000000e+00 0.000000000000000e+00 1.940445615212068e+05 1.940445615212068e+05 0.000000000000000e+00
9.170348117927000e-04 1.948868459337002e+05 1.948868459337002e+05 0.000000000000000e+00 0.000000000000000e+00 0.000000000000000e+00 1.949384233404537e+05 0.000000000000000e+00 0.000000000000000e+00 0.000000000000000e+00 1.940404870120914e+05 1.940404870120914e+05 0.000000000000000e+00
9.223289115359000e-04 1.948822319093177e+05 1.948822319093177e+05 0.000000000000000e+00 0.000000000000000e+00 0.000000000000000e+00 1.949344060050279e+05 0.000000000000000e+00 0.000000000000000e+00 0.000000000000000e+00 1.940363653801449e+05 1.940363653801449e+05 0.000000000000000e+00
9.276535744505000e-04 1.948775644131329e+05 1.948775644131329e+05 0.000000000000000e+00 0.000000000000000e+00 0.000000000000000e+00 1.949303423459333e+05 0.000000000000000e+00 0.000000000000000e+00 0.000000000000000e+00 1.940321962638856e+05 1.940321962638856e+05 0.000000000000000e+00
9.330089769796000e-04 1.948728436517548e+05 1.948728436517548e+05 0.000000000000000e+00 0.000000000000000e+00 0.000000000000000e+00 1.949262320654254e+05 0.000000000000000e+00 0.000000000000000e+00 0.000000000000000e+00 1.940279792632303e+05 1.940279792632303e+05 0.000000000000000e+00
9.383952965849000e-04 1.948680680658818e+05 1.948680680658818e+05 0.000000000000000e+00 0.000000000000000e+00 0.000000000000000e+00 1.949220743614003e+05 0.000000000000000e+00 0.000000000000000e+00 0.000000000000000e+00 1.940237134686579e+05 1.940237134686579e+05 0.000000000000000e+00
9.438127117526000e-04 1.948632379881095e+05 1.948632379881095e+05 0.000000000000000e+00 0.000000000000000e+00 0.000000000000000e+00 1.949178690432176e+05 0.000000000000000e+00 0.000000000000000e+00 0.000000000000000e+00 1.940193987468886e+05 1.940193987468886e+05 0.000000000000000e+00
9.492614019994000e-04 1.948583520767602e+05 1.948583520767602e+05 0.000000000000000e+00 0.000000000000000e+00 0.000000000000000e+00 1.949136152387984e+05 0.000000000000000e+00 0.000000000000000e+00 0.000000000000000e+00 1.940150342979193e+05 1.940150342979193e+05 0.000000000000000e+00
9.547415478783000e-04 1.948534100315293e+05 1.948534100315293e+05 0.000000000000000e+00 0.000000000000000e+00 0.000000000000000e+00 1.949093125934421e+05 0.000000000000000e+00 0.000000000000000e+00 0.000000000000000e+00 1.940106195206782e+05 1.940106195206782e+05 0.000000000000000e+00
9.602533309846000e-04 1.948484110431641e+05 1.948484110431641e+05 0.000000000000000e+00 0.000000000000000e+00 0.000000000000000e+00 1.949049604088172e+05 0.000000000000000e+00 0.000000000000000e+00 0.000000000000000e+00 1.940061539945470e+05 1.940061539945470e+05 0.000000000000000e+00
9.657969339620000e-04 1.948433548801594e+05 1.948433548801594e+05 0.000000000000000e+00 0.000000000000000e+00 0.000000000000000e+00 1.949005583752547e+05 0.000000000000000e+00 0.000000000000000e+00 0.000000000000000e+00 1.940016371207181e+05 1.940016371207181e+05 0.000000000000000e+00
9.713725405086000e-04 1.948382404610392e+05 1.948382404610392e+05 0.000000000000000e+00 0.000000000000000e+00 0.000000000000000e+00 1.948961056959929e+05 0.000000000000000e+00 0.000000000000000e+00 0.000000000000000e+00 1.939970681509578e+05 1.939970681509578e+05 0.000000000000000e+00
9.769803353831001e-04 1.948330673502083e+05 1.948330673502083e+05 0.000000000000000e+00 0.000000000000000e+00 0.000000000000000e+00 1.948916019111215e+05 0.000000000000000e+00 0.000000000000000e+00 0.000000000000000e+00 1.939924466529058e+05 1.939924466529058e+05 0.000000000000000e+00
9.826205044108000e-04 1.948278346311194e+05 1.948278346311194e+05 0.000000000000000e+00 0.000000000000000e+00 0.000000000000000e+00 1.948870462879567e+05 0.000000000000000e+00 0.000000000000000e+00 0.000000000000000e+00 1.939877719320539e+05 1.939877719320539e+05 0.000000000000000e+00
9.882932344895000e-04 1.948225416135071e+05 1.948225416135071e+05 0.000000000000000e+00 0.000000000000000e+00 0.000000000000000e+00 1.948824383018814e+05 0.000000000000000e+00 0.000000000000000e+00 0.000000000000000e+00 1.939830434590065e+05 1.939830434590065e+05 0.000000000000000e+00
9.939987135963999e-04 1.948171878823971e+05 1.948171878823971e+05 0.000000000000000e+00 0.000000000000000e+00 0.000000000000000e+00 1.948777774395953e+05 0.000000000000000e+00 0.000000000000000e+00 0.000000000000000e+00 1.939782604837253e+05 1.939782604837253e+05 0.000000000000000e+00
9.997371307937000e-04 1.948117725842829e+05 1.948117725842829e+05 0.000000000000000e+00 0.000000000000000e+00 0.000000000000000e+00 1.948730629910133e+05 0.000000000000000e+00 0.000000000000000e+00 0.000000000000000e+00 1.939734224000273e+05 1.939734224000273e+05 0.000000000000000e+00
1.005508676235000e-03 1.948062946086631e+05 1.948062946086631e+05 0.000000000000000e+00 0.000000000000000e+00 0.000000000000000e+00 1.948682943223410e+05 0.000000000000000e+00 0.000000000000000e+00 0.000000000000000e+00 1.939685286202005e+05 1.939685286202005e+05 0.000000000000000e+00
1.011313541172000e-03 1.948007543592279e+05 1.948007543592279e+05 0.000000000000000e+00 0.000000000000000e+00 0.000000000000000e+00 1.948634710613937e+05 0.000000000000000e+00 0.000000000000000e+00 0.000000000000000e+00 1.939635787536355e+05 1.939635787536355e+05 0.000000000000000e+00
1.017151917959000e-03 1.947951499689215e+05 1.947951499689215e+05 0.000000000000000e+00 0.000000000000000e+00 0.000000000000000e+00 1.948585922629097e+05 0.000000000000000e+00 0.000000000000000e+00 0.000000000000000e+00 1.939585717598118e+05 1.939585717598118e+05 0.000000000000000e+00
1.023024000064000e-03 1.947894815405717e+05 1.947894815405717e+05 0.000000000000000e+00 0.000000000000000e+00 0.000000000000000e+00 1.948536575613173e+05 0.000000000000000e+00 0.000000000000000e+00 0.000000000000000e+00 1.939535072463156e+05 1.939535072463156e+05 0.000000000000000e+00
1.028929982069000e-03 1.947837478111355e+05 1.947837478111355e+05 0.000000000000000e+00 0.000000000000000e+00 0.000000000000000e+00 1.948486661132347e+05 0.000000000000000e+00 0.000000000000000e+00 0.000000000000000e+00 1.939483844770467e+05 1.939483844770467e+05 0.000000000000000e+00
1.034870059680000e-03 1.947779482227259e+05 1.947779482227259e+05 0.000000000000000e+00 0.000000000000000e+00 0.000000000000000e+00 1.948436174290681e+05 0.000000000000000e+00 0.000000000000000e+00 0.000000000000000e+00 1.939432027926311e+05 1.939432027926311e+05 0.000000000000000e+00
1.040844429733000e-03 1.947720820761012e+05 1.947720820761012e+05 0.000000000000000e+00 0.000000000000000e+00 0.000000000000000e+00 1.948385107103502e+05 0.000000000000000e+00 0.000000000000000e+00 0.000000000000000e+00 1.939379615912453e+05 1.939379615912453e+05 0.000000000000000e+00
1.046853290201000e-03 1.947661485033130e+05 1.947661485033130e+05 0.000000000000000e+00 0.000000000000000e+00 0.000000000000000e+00 1.948333454814151e+05 0.000000000000000e+00 0.000000000000000e+00 0.000000000000000e+00 1.939326600298389e+05 1.939326600298389e+05 0.000000000000000e+00
1.052896840198000e-03 1.947601467527957e+05 1.947601467527957e+05 0.000000000000000e+00 0.000000000000000e+00 0.000000000000000e+00 1.948281209458002e+05 0.000000000000000e+00 0.000000000000000e+00 0.000000000000000e+00 1.939272975088959e+05 1.939272975088959e+05 0.000000000000000e+00
1.058975279991000e-03 1.947540759621050e+05 1.947540759621050e+05 0.000000000000000e+00 0.000000000000000e+00 0.000000000000000e+00 1.948228363266959e+05 0.000000000000000e+00 0.000000000000000e+00 0.000000000000000e+00 1.939218732761815e+05 1.939218732761815e+05 0.000000000000000e+00
1.065088811000000e-03 1.947479352718486e+05 1.947479352718486e+05 0.000000000000000e+00 0.000000000000000e+00 0.000000000000000e+00 1.948174910768033e+05 0.000000000000000e+00 0.000000000000000e+00 0.000000000000000e+00 1.939163865270314e+05 1.939163865270314e+05 0.000000000000000e+00
1.071237635808000e-03 1.947417242054605e+05 1.947417242054605e+05 0.000000000000000e+00 0.000000000000000e+00 0.000000000000000e+00 1.948120845572536e+05 0.000000000000000e+00 0.000000000000000e+00 0.000000000000000e+00 1.939108367984069e+05 1.939108367984069e+05 0.000000000000000e+00
1.077421958170000e-03 1.947354424413114e+05 1.947354424413114e+05 0.000000000000000e+00 0.000000000000000e+00 0.000000000000000e+00 1.948066161584710e+05 0.000000000000000e+00 0.000000000000000e+00 0.000000000000000e+00 1.939052235261681e+05 1.939052235261681e+05 0.000000000000000e+00
1.083641983014000e-03 1.947290876796767e+05 1.947290876796767e+05 0.000000000000000e+00 0.000000000000000e+00 0.000000000000000e+00 1.948010847771174e+05 0.000000000000000e+00 0.000000000000000e+00 0.000000000000000e+00 1.938995454092762e+05 1.938995454092762e+05 0.000000000000000e+00
1.089897916453000e-03 1.947226603279494e+05 1.947226603279494e+05 0.000000000000000e+00 0.000000000000000e+00 0.000000000000000e+00 1.947954900990280e+05 0.000000000000000e+00 0.000000000000000e+00 0.000000000000000e+00 1.938938020920992e+05 1.938938020920992e+05 0.000000000000000e+00
1.096189965790000e-03 1.947161591252393e+05 1.947161591252393e+05 0.000000000000000e+00 0.000000000000000e+00 0.000000000000000e+00 1.947898312572622e+05 0.000000000000000e+00 0.000000000000000e+00 0.000000000000000e+00 1.938879927655563e+05 1.938879927655563e+05 0.000000000000000e+00
1.102518339524000e-03 1.947095833862734e+05 1.947095833862734e+05 0.000000000000000e+00 0.000000000000000e+00 0.000000000000000e+00 1.947841076373824e+05 0.000000000000000e+00 0.000000000000000e+00 0.000000000000000e+00 1.938821166722595e+05 1.938821166722595e+05 0.000000000000000e+00
1.108883247359000e-03 1.947029319636875e+05 1.947029319636875e+05 0.000000000000000e+00 0.000000000000000e+00 0.000000000000000e+00 1.947783180747182e+05 0.000000000000000e+00 0.000000000000000e+00 0.000000000000000e+00 1.938761730298372e+05 1.938761730298372e+05 0.000000000000000e+00
1.115284900208000e-03 1.946962041749044e+05 1.946962041749044e+05 0.000000000000000e+00 0.000000000000000e+00 0.000000000000000e+00 1.947724622061909e+05 0.000000000000000e+00 0.000000000000000e+00 0.000000000000000e+00 1.938701610945597e+05 1.938701610945597e+05 0.000000000000000e+00
1.121723510201000e-03 1.946893997422072e+05 1.946893997422072e+05 0.000000000000000e+00 0.000000000000000e+00 0.000000000000000e+00 1.947665395541754e+05 0.000000000000000e+00 0.000000000000000e+00 0.000000000000000e+00 1.938640802627214e+05 1.938640802627214e+05 0.000000000000000e+00
1.128199290696000e-03 1.946825167426202e+05 1.946825167426202e+05 0.000000000000000e+00 0.000000000000000e+00 0.000000000000000e+00 1.947605486376077e+05 0.000000000000000e+00 0.000000000000000e+00 0.000000000000000e+00 1.938579293704812e+05 1.938579293704812e+05 0.000000000000000e+00
1.134712456280000e-03 1.946755548605477e+05 1.946755548605477e+05 0.000000000000000e+00 0.000000000000000e+00 0.000000000000000e+00 1.947544892145091e+05 0.000000000000000e+00 0.000000000000000e+00 0.000000000000000e+00 1.938517078635291e+05 1.938517078635291e+05 0.000000000000000e+00
1.141263222779000e-03 1.946685129950711e+05 1.946685129950711e+05 0.000000000000000e+00 0.000000000000000e+00 0.000000000000000e+00 1.947483602395070e+05 0.000000000000000e+00 0.000000000000000e+00 0.000000000000000e+00 1.938454148772081e+05 1.938454148772081e+05 0.000000000000000e+00
1.147851807266000e-03 1.946613905970885e+05 1.946613905970885e+05 0.000000000000000e+00 0.000000000000000e+00 0.000000000000000e+00 1.947421611871688e+05 0.000000000000000e+00 0.000000000000000e+00 0.000000000000000e+00 1.938390497361033e+05 1.938390497361033e+05 0.000000000000000e+00
1.154478428066000e-03 1.946541865308577e+05 1.946541865308577e+05 0.000000000000000e+00 0.000000000000000e+00 0.000000000000000e+00 1.947358910977751e+05 0.000000000000000e+00 0.000000000000000e+00 0.000000000000000e+00 1.938326113924650e+05 1.938326113924650e+05 0.000000000000000e+00
1.161143304765000e-03 1.946468997822905e+05 1.946468997822905e+05 0.000000000000000e+00 0.000000000000000e+00 0.000000000000000e+00 1.947295490963918e+05 0.000000000000000e+00 0.000000000000000e+00 0.000000000000000e+00 1.938260991460239e+05 1.938260991460239e+05 0.000000000000000e+00
1.167846658217000e-03 1.946395288849747e+05 1.946395288849747e+05 0.000000000000000e+00 0.000000000000000e+00 0.000000000000000e+00 1.947231343250804e+05 0.000000000000000e+00 0.000000000000000e+00 0.000000000000000e+00 1.938195119129478e+05 1.938195119129478e+05 0.000000000000000e+00
1.174588710552000e-03 1.946320725813462e+05 1.946320725813462e+05 0.000000000000000e+00 0.000000000000000e+00 0.000000000000000e+00 1.947166446734584e+05 0.000000000000000e+00 0.000000000000000e+00 0.000000000000000e+00 1.938128487662866e+05 1.938128487662866e+05 0.000000000000000e+00
1.181369685179000e-03 1.946245339420177e+05 1.946245339420177e+05 0.000000000000000e+00 0.000000000000000e+00 0.000000000000000e+00 1.947100839324160e+05 0.000000000000000e+00 0.000000000000000e+00 0.000000000000000e+00 1.938061101516881e+05 1.938061101516881e+05 0.000000000000000e+00
1.188189806800000e-03 1.946169072558088e+05 1.946169072558088e+05 0.000000000000000e+00 0.000000000000000e+00 0.000000000000000e+00 1.947034464656345e+05 0.000000000000000e+00 0.000000000000000e+00 0.000000000000000e+00 1.937992936927507e+05 1.937992936927507e+05 0.000000000000000e+00
1.195049301412000e-03 1.946091939130545e+05 1.946091939130545e+05 0.000000000000000e+00 0.000000000000000e+00 0.000000000000000e+00 1.946967333590414e+05 0.000000000000000e+00 0.000000000000000e+00 0.000000000000000e+00 1.937923992524790e+05 1.937923992524790e+05 0.000000000000000e+00
1.201948396320000e-03 1.946013913470163e+05 1.946013913470163e+05 0.000000000000000e+00 0.000000000000000e+00 0.000000000000000e+00 1.946899430773144e+05 0.000000000000000e+00 0.000000000000000e+00 0.000000000000000e+00 1.937854253693422e+05 1.937854253693422e+05 0.000000000000000e+00
1.208887320136000e-03 1.945934992365764e+05 1.945934992365764e+05 0.000000000000000e+00 0.000000000000000e+00 0.000000000000000e+00 1.946830747891928e+05 0.000000000000000e+00 0.000000000000000e+00 0.000000000000000e+00 1.937783713575065e+05 1.937783713575065e+05 0.000000000000000e+00
1.215866302798000e-03 1.945855176444000e+05 1.945855176444000e+05 0.000000000000000e+00 0.000000000000000e+00 0.000000000000000e+00 1.946761283268701e+05 0.000000000000000e+00 0.000000000000000e+00 0.000000000000000e+00 1.937712370618153e+05 1.937712370618153e+05 0.000000000000000e+00
1.222885575565000e-03 1.945774421599563e+05 1.945774421599563e+05 0.000000000000000e+00 0.000000000000000e+00 0.000000000000000e+00 1.946691018309055e+05 0.000000000000000e+00 0.000000000000000e+00 0.000000000000000e+00 1.937640193970438e+05 1.937640193970438e+05 0.000000000000000e+00
1.229945371037000e-03 1.945692760458838e+05 1.945692760458838e+05 0.000000000000000e+00 0.000000000000000e+00 0.000000000000000e+00 1.946619953610494e+05 0.000000000000000e+00 0.000000000000000e+00 0.000000000000000e+00 1.937567199819124e+05 1.937567199819124e+05 0.000000000000000e+00
1.237045923153000e-03 1.945610167115596e+05 1.945610167115596e+05 0.000000000000000e+00 0.000000000000000e+00 0.000000000000000e+00 1.946548077662752e+05 0.000000000000000e+00 0.000000000000000e+00 0.000000000000000e+00 1.937493369748550e+05 1.937493369748550e+05 0.000000000000000e+00
1.244187467203000e-03 1.945526625787214e+05 1.945526625787214e+05 0.000000000000000e+00 0.000000000000000e+00 0.000000000000000e+00 1.946475377726528e+05 0.000000000000000e+00 0.000000000000000e+00 0.000000000000000e+00 1.937418691790535e+05 1.937418691790535e+05 0.000000000000000e+00
1.251370239837000e-03 1.945442125263141e+05 1.945442125263141e+05 0.000000000000000e+00 0.000000000000000e+00 0.000000000000000e+00 1.946401845776869e+05 0.000000000000000e+00 0.000000000000000e+00 0.000000000000000e+00 1.937343157608963e+05 1.937343157608963e+05 0.000000000000000e+00
1.258594479070000e-03 1.945356659741072e+05 1.945356659741072e+05 0.000000000000000e+00 0.000000000000000e+00 0.000000000000000e+00 1.946327474406327e+05 0.000000000000000e+00 0.000000000000000e+00 0.000000000000000e+00 1.937266756454937e+05 1.937266756454937e+05 0.000000000000000e+00
1.265860424292000e-03 1.945270213262153e+05 1.945270213262153e+05 0.000000000000000e+00 0.000000000000000e+00 0.000000000000000e+00 1.946252251454349e+05 0.000000000000000e+00 0.000000000000000e+00 0.000000000000000e+00 1.937189479573503e+05 1.937189479573503e+05 0.000000000000000e+00
1.273168316272000e-03 1.945182779927588e+05 1.945182779927588e+05 0.000000000000000e+00 0.000000000000000e+00 0.000000000000000e+00 1.946176169863336e+05 0.000000000000000e+00 0.000000000000000e+00 0.000000000000000e+00 1.937111316495791e+05 1.937111316495791e+05 0.000000000000000e+00
1.280518397174000e-03 1.945094367096550e+05 1.945094367096550e+05 0.000000000000000e+00 0.000000000000000e+00 0.000000000000000e+00 1.946099222806283e+05 0.000000000000000e+00 0.000000000000000e+00 0.000000000000000e+00 1.937032272565762e+05 1.937032272565762e+05 0.000000000000000e+00
1.287910910556000e-03 1.945004919323616e+05 1.945004919323616e+05 0.000000000000000e+00 0.000000000000000e+00 0.000000000000000e+00 1.946021391276602e+05 0.000000000000000e+00 0.000000000000000e+00 0.000000000000000e+00 1.936952306763832e+05 1.936952306763832e+05 0.000000000000000e+00
1.295346101383000e-03 1.944914424139264e+05 1.944914424139264e+05 0.000000000000000e+00 0.000000000000000e+00 0.000000000000000e+00 1.945942667438415e+05 0.000000000000000e+00 0.000000000000000e+00 0.000000000000000e+00 1.936871410137208e+05 1.936871410137208e+05 0.000000000000000e+00
1.302824216036000e-03 1.944822923195051e+05 1.944822923195051e+05 0.000000000000000e+00 0.000000000000000e+00 0.000000000000000e+00 1.945863049163894e+05 0.000000000000000e+00 0.000000000000000e+00 0.000000000000000e+00 1.936789605168701e+05 1.936789605168701e+05 0.000000000000000e+00
1.310345502315000e-03 1.944730371533502e+05 1.944730371533502e+05 0.000000000000000e+00 0.000000000000000e+00 0.000000000000000e+00 1.945782520474849e+05 0.000000000000000e+00 0.000000000000000e+00 0.000000000000000e+00 1.936706858985772e+05 1.936706858985772e+05 0.000000000000000e+00
1.317910209454000e-03 1.944636786169231e+05 1.944636786169231e+05 0.000000000000000e+00 0.000000000000000e+00 0.000000000000000e+00 1.945701076674226e+05 0.000000000000000e+00 0.000000000000000e+00 0.000000000000000e+00 1.936623180649692e+05 1.936623180649692e+05 0.000000000000000e+00
1.325518588124000e-03 1.944542091687099e+05 1.944542091687099e+05 0.000000000000000e+00 0.000000000000000e+00 0.000000000000000e+00 1.945618696257898e+05 0.000000000000000e+00 0.000000000000000e+00 0.000000000000000e+00 1.936538519804502e+05 1.936538519804502e+05 0.000000000000000e+00
1.333170890443000e-03 1.944446340537952e+05 1.944446340537952e+05 0.000000000000000e+00 0.000000000000000e+00 0.000000000000000e+00 1.945535379753023e+05 0.000000000000000e+00 0.000000000000000e+00 0.000000000000000e+00 1.936452906171195e+05 1.936452906171195e+05 0.000000000000000e+00
1.340867369985000e-03 1.944349487203104e+05 1.944349487203104e+05 0.000000000000000e+00 0.000000000000000e+00 0.000000000000000e+00 1.945451111561299e+05 0.000000000000000e+00 0.000000000000000e+00 0.000000000000000e+00 1.936366305887180e+05 1.936366305887180e+05 0.000000000000000e+00
1.348608281789000e-03 1.944251509998600e+05 1.944251509998600e+05 0.000000000000000e+00 0.000000000000000e+00 0.000000000000000e+00 1.945365877311345e+05 0.000000000000000e+00 0.000000000000000e+00 0.000000000000000e+00 1.936278706239001e+05 1.936278706239001e+05 0.000000000000000e+00
1.356393882365000e-03 1.944152422487453e+05 1.944152422487453e+05 0.000000000000000e+00 0.000000000000000e+00 0.000000000000000e+00 1.945279672365881e+05 0.000000000000000e+00 0.000000000000000e+00 0.000000000000000e+00 1.936190107113945e+05 1.936190107113945e+05 0.000000000000000e+00
1.364224429703000e-03 1.944052209083879e+05 1.944052209083879e+05 0.000000000000000e+00 0.000000000000000e+00 0.000000000000000e+00 1.945192485906596e+05 0.000000000000000e+00 0.000000000000000e+00 0.000000000000000e+00 1.936100498098973e+05 1.936100498098973e+05 0.000000000000000e+00
1.372100183284000e-03 1.943950860423703e+05 1.943950860423703e+05 0.000000000000000e+00 0.000000000000000e+00 0.000000000000000e+00 1.945104313217805e+05 0.000000000000000e+00 0.000000000000000e+00 0.000000000000000e+00 1.936009869237559e+05 1.936009869237559e+05 0.000000000000000e+00
1.380021404087000e-03 1.943848322547131e+05 1.943848322547131e+05 0.000000000000000e+00 0.000000000000000e+00 0.000000000000000e+00 1.945015116131152e+05 0.000000000000000e+00 0.000000000000000e+00 0.000000000000000e+00 1.935918183916850e+05 1.935918183916850e+05 0.000000000000000e+00
1.387988354596000e-03 1.943744632190908e+05 1.943744632190908e+05 0.000000000000000e+00 0.000000000000000e+00 0.000000000000000e+00 1.944924910636343e+05 0.000000000000000e+00 0.000000000000000e+00 0.000000000000000e+00 1.935825462340625e+05 1.935825462340625e+05 0.000000000000000e+00
1.396001298813000e-03 1.943639779708482e+05 1.943639779708482e+05 0.000000000000000e+00 0.000000000000000e+00 0.000000000000000e+00 1.944833683690182e+05 0.000000000000000e+00 0.000000000000000e+00 0.000000000000000e+00 1.935731690421122e+05 1.935731690421122e+05 0.000000000000000e+00
1.404060502262000e-03 1.943533695260129e+05 1.943533695260129e+05 0.000000000000000e+00 0.000000000000000e+00 0.000000000000000e+00 1.944741405355916e+05 0.000000000000000e+00 0.000000000000000e+00 0.000000000000000e+00 1.935636827290127e+05 1.935636827290127e+05 0.000000000000000e+00
1.412166231999000e-03 1.943426420169782e+05 1.943426420169782e+05 0.000000000000000e+00 0.000000000000000e+00 0.000000000000000e+00 1.944648082490090e+05 0.000000000000000e+00 0.000000000000000e+00 0.000000000000000e+00 1.935540889679771e+05 1.935540889679771e+05 0.000000000000000e+00
1.420318756626000e-03 1.943317923902234e+05 1.943317923902234e+05 0.000000000000000e+00 0.000000000000000e+00 0.000000000000000e+00 1.944553697084441e+05 0.000000000000000e+00 0.000000000000000e+00 0.000000000000000e+00 1.935443857981749e+05 1.935443857981749e+05 0.000000000000000e+00
1.428518346290000e-03 1.943208192079638e+05 1.943208192079638e+05 0.000000000000000e+00 0.000000000000000e+00 0.000000000000000e+00 1.944458239033833e+05 0.000000000000000e+00 0.000000000000000e+00 0.000000000000000e+00 1.935345716091652e+05 1.935345716091652e+05 0.000000000000000e+00
1.436765272703000e-03 1.943097197598591e+05 1.943097197598591e+05 0.000000000000000e+00 0.000000000000000e+00 0.000000000000000e+00 1.944361688687717e+05 0.000000000000000e+00 0.000000000000000e+00 0.000000000000000e+00 1.935246447762578e+05 1.935246447762578e+05 0.000000000000000e+00
1.445059809141000e-03 1.942984935370852e+05 1.942984935370852e+05 0.000000000000000e+00 0.000000000000000e+00 0.000000000000000e+00 1.944264039021570e+05 0.000000000000000e+00 0.000000000000000e+00 0.000000000000000e+00 1.935146042687343e+05 1.935146042687343e+05 0.000000000000000e+00
1.453402230460000e-03 1.942871382996315e+05 1.942871382996315e+05 0.000000000000000e+00 0.000000000000000e+00 0.000000000000000e+00 1.944165275375328e+05 0.000000000000000e+00 0.000000000000000e+00 0.000000000000000e+00 1.935044484634585e+05 1.935044484634585e+05 0.000000000000000e+00
1.461792813103000e-03 1.942756536871812e+05 1.942756536871812e+05 0.000000000000000e+00 0.000000000000000e+00 0.000000000000000e+00 1.944065385325958e+05 0.000000000000000e+00 0.000000000000000e+00 0.000000000000000e+00 1.934941768088598e+05 1.934941768088598e+05 0.000000000000000e+00
1.470231835109000e-03 1.942640426527635e+05 1.942640426527635e+05 0.000000000000000e+00 0.000000000000000e+00 0.000000000000000e+00 1.943964387505346e+05 0.000000000000000e+00 0.000000000000000e+00 0.000000000000000e+00 1.934837903256522e+05 1.934837903256522e+05 0.000000000000000e+00
1.478719576120000e-03 1.942522938495079e+05 1.942522938495079e+05 0.000000000000000e+00 0.000000000000000e+00 0.000000000000000e+00 1.943862192609771e+05 0.000000000000000e+00 0.000000000000000e+00 0.000000000000000e+00 1.934732822215530e+05 1.934732822215530e+05 0.000000000000000e+00
1.487256317395000e-03 1.942404142510176e+05 1.942404142510176e+05 0.000000000000000e+00 0.000000000000000e+00 0.000000000000000e+00 1.943758862558337e+05 0.000000000000000e+00 0.000000000000000e+00 0.000000000000000e+00 1.934626556137663e+05 1.934626556137663e+05 0.000000000000000e+00
1.495842341815000e-03 1.942283976505816e+05 1.942283976505816e+05 0.000000000000000e+00 0.000000000000000e+00 0.000000000000000e+00 1.943654352037696e+05 0.000000000000000e+00 0.000000000000000e+00 0.000000000000000e+00 1.934519067577244e+05 1.934519067577244e+05 0.000000000000000e+00
1.504477933895000e-03 1.942162452103902e+05 1.942162452103902e+05 0.000000000000000e+00 0.000000000000000e+00 0.000000000000000e+00 1.943548655315383e+05 0.000000000000000e+00 0.000000000000000e+00 0.000000000000000e+00 1.934410358499662e+05 1.934410358499662e+05 0.000000000000000e+00
1.513163379792000e-03 1.942039559667729e+05 1.942039559667729e+05 0.000000000000000e+00 0.000000000000000e+00 0.000000000000000e+00 1.943441781097447e+05 0.000000000000000e+00 0.000000000000000e+00 0.000000000000000e+00 1.934300417728800e+05 1.934300417728800e+05 0.000000000000000e+00
1.521898967316000e-03 1.941915251198332e+05 1.941915251198332e+05 0.000000000000000e+00 0.000000000000000e+00 0.000000000000000e+00 1.943333665146203e+05 0.000000000000000e+00 0.000000000000000e+00 0.000000000000000e+00 1.934189211642694e+05 1.934189211642694e+05 0.000000000000000e+00
1.530684985936000e-03 1.941789513016390e+05 1.941789513016390e+05 0.000000000000000e+00 0.000000000000000e+00 0.000000000000000e+00 1.943224300868576e+05 0.000000000000000e+00 0.000000000000000e+00 0.000000000000000e+00 1.934076727994625e+05 1.934076727994625e+05 0.000000000000000e+00
1.539521726796000e-03 1.941662335086709e+05 1.941662335086709e+05 0.000000000000000e+00 0.000000000000000e+00 0.000000000000000e+00 1.943113712025007e+05 0.000000000000000e+00 0.000000000000000e+00 0.000000000000000e+00 1.933962956492236e+05 1.933962956492236e+05 0.000000000000000e+00
1.548409482717000e-03 1.941533735293676e+05 1.941533735293676e+05 0.000000000000000e+00 0.000000000000000e+00 0.000000000000000e+00 1.943001875664568e+05 0.000000000000000e+00 0.000000000000000e+00 0.000000000000000e+00 1.933847901593862e+05 1.933847901593862e+05 0.000000000000000e+00
1.557348548213000e-03 1.941403673971386e+05 1.941403673971386e+05 0.000000000000000e+00 0.000000000000000e+00 0.000000000000000e+00 1.942888773789083e+05 0.000000000000000e+00 0.000000000000000e+00 0.000000000000000e+00 1.933731536665691e+05 1.933731536665691e+05 0.000000000000000e+00
1.566339219498000e-03 1.941272107202515e+05 1.941272107202515e+05 0.000000000000000e+00 0.000000000000000e+00 0.000000000000000e+00 1.942774361099253e+05 0.000000000000000e+00 0.000000000000000e+00 0.000000000000000e+00 1.933613828850640e+05 1.933613828850640e+05 0.000000000000000e+00
1.575381794494000e-03 1.941139063367395e+05 1.941139063367395e+05 0.000000000000000e+00 0.000000000000000e+00 0.000000000000000e+00 1.942658666780681e+05 0.000000000000000e+00 0.000000000000000e+00 0.000000000000000e+00 1.933494789362959e+05 1.933494789362959e+05 0.000000000000000e+00
1.584476572845000e-03 1.941004509124736e+05 1.941004509124736e+05 0.000000000000000e+00 0.000000000000000e+00 0.000000000000000e+00 1.942541659015586e+05 0.000000000000000e+00 0.000000000000000e+00 0.000000000000000e+00 1.933374395302511e+05 1.933374395302511e+05 0.000000000000000e+00
1.593623855925000e-03 1.940868420811387e+05 1.940868420811387e+05 0.000000000000000e+00 0.000000000000000e+00 0.000000000000000e+00 1.942423323224531e+05 0.000000000000000e+00 0.000000000000000e+00 0.000000000000000e+00 1.933252626160875e+05 1.933252626160875e+05 0.000000000000000e+00
1.602823946847000e-03 1.940730784111617e+05 1.940730784111617e+05 0.000000000000000e+00 0.000000000000000e+00 0.000000000000000e+00 1.942303645540030e+05 0.000000000000000e+00 0.000000000000000e+00 0.000000000000000e+00 1.933129467554047e+05 1.933129467554047e+05 0.000000000000000e+00
1.612077150472000e-03 1.940591584233766e+05 1.940591584233766e+05 0.000000000000000e+00 0.000000000000000e+00 0.000000000000000e+00 1.942182609706019e+05 0.000000000000000e+00 0.000000000000000e+00 0.000000000000000e+00 1.933004907937524e+05 1.933004907937524e+05 0.000000000000000e+00
1.621383773426000e-03 1.940450802323055e+05 1.940450802323055e+05 0.000000000000000e+00 0.000000000000000e+00 0.000000000000000e+00 1.942060201582383e+05 0.000000000000000e+00 0.000000000000000e+00 0.000000000000000e+00 1.932878928005860e+05 1.932878928005860e+05 0.000000000000000e+00
1.630744124100000e-03 1.940308427481166e+05 1.940308427481166e+05 0.000000000000000e+00 0.000000000000000e+00 0.000000000000000e+00 1.941936407795484e+05 0.000000000000000e+00 0.000000000000000e+00 0.000000000000000e+00 1.932751516267361e+05 1.932751516267361e+05 0.000000000000000e+00
1.640158512668000e-03 1.940164437432083e+05 1.940164437432083e+05 0.000000000000000e+00 0.000000000000000e+00 0.000000000000000e+00 1.941811212685837e+05 0.000000000000000e+00 0.000000000000000e+00 0.000000000000000e+00 1.932622654771849e+05 1.932622654771849e+05 0.000000000000000e+00
1.649627251094000e-03 1.940018809532840e+05 1.940018809532840e+05 0.000000000000000e+00 0.000000000000000e+00 0.000000000000000e+00 1.941684596550144e+05 0.000000000000000e+00 0.000000000000000e+00 0.000000000000000e+00 1.932492325215935e+05 1.932492325215935e+05 0.000000000000000e+00
1.659150653144000e-03 1.939871514029144e+05 1.939871514029144e+05 0.000000000000000e+00 0.000000000000000e+00 0.000000000000000e+00 1.941556541121250e+05 0.000000000000000e+00 0.000000000000000e+00 0.000000000000000e+00 1.932360505155904e+05 1.932360505155904e+05 0.000000000000000e+00
1.668729034394000e-03 1.939722560101955e+05 1.939722560101955e+05 0.000000000000000e+00 0.000000000000000e+00 0.000000000000000e+00 1.941427041581089e+05 0.000000000000000e+00 0.000000000000000e+00 0.000000000000000e+00 1.932227190837716e+05 1.932227190837716e+05 0.000000000000000e+00
1.678362712243000e-03 1.939571914968175e+05 1.939571914968175e+05 0.000000000000000e+00 0.000000000000000e+00 0.000000000000000e+00 1.941296075119758e+05 0.000000000000000e+00 0.000000000000000e+00 0.000000000000000e+00 1.932092359414124e+05 1.932092359414124e+05 0.000000000000000e+00
1.688052005920000e-03 1.939419560229490e+05 1.939419560229490e+05 0.000000000000000e+00 0.000000000000000e+00 0.000000000000000e+00 1.941163626032951e+05 0.000000000000000e+00 0.000000000000000e+00 0.000000000000000e+00 1.931955992325619e+05 1.931955992325619e+05 0.000000000000000e+00
1.697797236501000e-03 1.939265476780646e+05 1.939265476780646e+05 0.000000000000000e+00 0.000000000000000e+00 0.000000000000000e+00 1.941029677991733e+05 0.000000000000000e+00 0.000000000000000e+00 0.000000000000000e+00 1.931818075340705e+05 1.931818075340705e+05 0.000000000000000e+00
1.707598726911000e-03 1.939109647514137e+05 1.939109647514137e+05 0.000000000000000e+00 0.000000000000000e+00 0.000000000000000e+00 1.940894214814474e+05 0.000000000000000e+00 0.000000000000000e+00 0.000000000000000e+00 1.931678590341660e+05 1.931678590341660e+05 0.000000000000000e+00
1.717456801943000e-03 1.938952054645860e+05 1.938952054645860e+05 0.000000000000000e+00 0.000000000000000e+00 0.000000000000000e+00 1.940757221527159e+05 0.000000000000000e+00 0.000000000000000e+00 0.000000000000000e+00 1.931537520229431e+05 1.931537520229431e+05 0.000000000000000e+00
1.727371788264000e-03 1.938792670688920e+05 1.938792670688920e+05 0.000000000000000e+00 0.000000000000000e+00 0.000000000000000e+00 1.940618676516285e+05 0.000000000000000e+00 0.000000000000000e+00 0.000000000000000e+00 1.931394844624259e+05 1.931394844624259e+05 0.000000000000000e+00
1.737344014425000e-03 1.938631476173835e+05 1.938631476173835e+05 0.000000000000000e+00 0.000000000000000e+00 0.000000000000000e+00 1.940478564417496e+05 0.000000000000000e+00 0.000000000000000e+00 0.000000000000000e+00 1.931250546933247e+05 1.931250546933247e+05 0.000000000000000e+00
1.747373810876000e-03 1.938468468719300e+05 1.938468468719300e+05 0.000000000000000e+00 0.000000000000000e+00 0.000000000000000e+00 1.940336873123836e+05 0.000000000000000e+00 0.000000000000000e+00 0.000000000000000e+00 1.931104613625264e+05 1.931104613625264e+05 0.000000000000000e+00
1.757461509974000e-03 1.938303610013778e+05 1.938303610013778e+05 0.000000000000000e+00 0.000000000000000e+00 0.000000000000000e+00 1.940193579116209e+05 0.000000000000000e+00 0.000000000000000e+00 0.000000000000000e+00 1.930957020984650e+05 1.930957020984650e+05 0.000000000000000e+00
1.767607445994000e-03 1.938136858832188e+05 1.938136858832188e+05 0.000000000000000e+00 0.000000000000000e+00 0.000000000000000e+00 1.940048661235882e+05 0.000000000000000e+00 0.000000000000000e+00 0.000000000000000e+00 1.930807738422190e+05 1.930807738422190e+05 0.000000000000000e+00
1.777811955142000e-03 1.937968246914166e+05 1.937968246914166e+05 0.000000000000000e+00 0.000000000000000e+00 0.000000000000000e+00 1.939902112842511e+05 0.000000000000000e+00 0.000000000000000e+00 0.000000000000000e+00 1.930656775561437e+05 1.930656775561437e+05 0.000000000000000e+00
1.788075375564000e-03 1.937797729513845e+05 1.937797729513845e+05 0.000000000000000e+00 0.000000000000000e+00 0.000000000000000e+00 1.939753909583834e+05 0.000000000000000e+00 0.000000000000000e+00 0.000000000000000e+00 1.930504100689132e+05 1.930504100689132e+05 0.000000000000000e+00
1.798398047359000e-03 1.937625280408988e+05 1.937625280408988e+05 0.000000000000000e+00 0.000000000000000e+00 0.000000000000000e+00 1.939604035369578e+05 0.000000000000000e+00 0.000000000000000e+00 0.000000000000000e+00 1.930349691543902e+05 1.930349691543902e+05 0.000000000000000e+00
1.808780312589000e-03 1.937450879598188e+05 1.937450879598188e+05 0.000000000000000e+00 0.000000000000000e+00 0.000000000000000e+00 1.939452469728353e+05 0.000000000000000e+00 0.000000000000000e+00 0.000000000000000e+00 1.930193529645809e+05 1.930193529645809e+05 0.000000000000000e+00
1.819222515290000e-03 1.937274508337310e+05 1.937274508337310e+05 0.000000000000000e+00 0.000000000000000e+00 0.000000000000000e+00 1.939299195040261e+05 0.000000000000000e+00 0.000000000000000e+00 0.000000000000000e+00 1.930035596983037e+05 1.930035596983037e+05 0.000000000000000e+00
1.829725001484000e-03 1.937096143750219e+05 1.937096143750219e+05 0.000000000000000e+00 0.000000000000000e+00 0.000000000000000e+00 1.939144192265229e+05 0.000000000000000e+00 0.000000000000000e+00 0.000000000000000e+00 1.929875873493754e+05 1.929875873493754e+05 0.000000000000000e+00
1.840288119194000e-03 1.936915769215717e+05 1.936915769215717e+05 0.000000000000000e+00 0.000000000000000e+00 0.000000000000000e+00 1.938987444100121e+05 0.000000000000000e+00 0.000000000000000e+00 0.000000000000000e+00 1.929714341471816e+05 1.929714341471816e+05 0.000000000000000e+00
1.850912218447000e-03 1.936733349776174e+05 1.936733349776174e+05 0.000000000000000e+00 0.000000000000000e+00 0.000000000000000e+00 1.938828927571025e+05 0.000000000000000e+00 0.000000000000000e+00 0.000000000000000e+00 1.929550974842991e+05 1.929550974842991e+05 0.000000000000000e+00
1.861597651295000e-03 1.936548868410860e+05 1.936548868410860e+05 0.000000000000000e+00 0.000000000000000e+00 0.000000000000000e+00 1.938668626085006e+05 0.000000000000000e+00 0.000000000000000e+00 0.000000000000000e+00 1.929385757340197e+05 1.929385757340197e+05 0.000000000000000e+00
1.872344771820000e-03 1.936362308262260e+05 1.936362308262260e+05 0.000000000000000e+00 0.000000000000000e+00 0.000000000000000e+00 1.938506520545522e+05 0.000000000000000e+00 0.000000000000000e+00 0.000000000000000e+00 1.929218669166181e+05 1.929218669166181e+05 0.000000000000000e+00
1.883153936149000e-03 1.936173650968357e+05 1.936173650968357e+05 0.000000000000000e+00 0.000000000000000e+00 0.000000000000000e+00 1.938342594516803e+05 0.000000000000000e+00 0.000000000000000e+00 0.000000000000000e+00 1.929049690993023e+05 1.929049690993023e+05 0.000000000000000e+00
1.894025502464000e-03 1.935982851965015e+05 1.935982851965015e+05 0.000000000000000e+00 0.000000000000000e+00 0.000000000000000e+00 1.938176819040530e+05 0.000000000000000e+00 0.000000000000000e+00 0.000000000000000e+00 1.928878796198563e+05 1.928878796198563e+05 0.000000000000000e+00
1.904959831017000e-03 1.935789896078934e+05 1.935789896078934e+05 0.000000000000000e+00 0.000000000000000e+00 0.000000000000000e+00 1.938009174890419e+05 0.000000000000000e+00 0.000000000000000e+00 0.000000000000000e+00 1.928705963039847e+05 1.928705963039847e+05 0.000000000000000e+00
1.915957284137000e-03 1.935594776631782e+05 1.935594776631782e+05 0.000000000000000e+00 0.000000000000000e+00 0.000000000000000e+00 1.937839652113316e+05 0.000000000000000e+00 0.000000000000000e+00 0.000000000000000e+00 1.928531179217473e+05 1.928531179217473e+05 0.000000000000000e+00
1.927018226247000e-03 1.935397453146981e+05 1.935397453146981e+05 0.000000000000000e+00 0.000000000000000e+00 0.000000000000000e+00 1.937668222371749e+05 0.000000000000000e+00 0.000000000000000e+00 0.000000000000000e+00 1.928354416692441e+05 1.928354416692441e+05 0.000000000000000e+00
1.938143023872000e-03 1.935197906725411e+05 1.935197906725411e+05 0.000000000000000e+00 0.000000000000000e+00 0.000000000000000e+00 1.937494866557031e+05 0.000000000000000e+00 0.000000000000000e+00 0.000000000000000e+00 1.928175654124246e+05 1.928175654124246e+05 0.000000000000000e+00
1.949332045656000e-03 1.934996116399317e+05 1.934996116399317e+05 0.000000000000000e+00 0.000000000000000e+00 0.000000000000000e+00 1.937319563801569e+05 0.000000000000000e+00 0.000000000000000e+00 0.000000000000000e+00 1.927994873989680e+05 1.927994873989680e+05 0.000000000000000e+00
1.960585662367000e-03 1.934792048737791e+05 1.934792048737791e+05 0.000000000000000e+00 0.000000000000000e+00 0.000000000000000e+00 1.937142292055124e+05 0.000000000000000e+00 0.000000000000000e+00 0.000000000000000e+00 1.927812046328913e+05 1.927812046328913e+05 0.000000000000000e+00
1.971904246916000e-03 1.934585682548034e+05 1.934585682548034e+05 0.000000000000000e+00 0.000000000000000e+00 0.000000000000000e+00 1.936963030098530e+05 0.000000000000000e+00 0.000000000000000e+00 0.000000000000000e+00 1.927627152236078e+05 1.927627152236078e+05 0.000000000000000e+00
1.983288174367000e-03 1.934376984201791e+05 1.934376984201791e+05 0.000000000000000e+00 0.000000000000000e+00 0.000000000000000e+00 1.936781754676944e+05 0.000000000000000e+00 0.000000000000000e+00 0.000000000000000e+00 1.927440164508403e+05 1.927440164508403e+05 0.000000000000000e+00
1.994737821948000e-03 1.934165952379946e+05 1.934165952379946e+05 0.000000000000000e+00 0.000000000000000e+00 0.000000000000000e+00 1.936598460219993e+05 0.000000000000000e+00 0.000000000000000e+00 0.000000000000000e+00 1.927251075869891e+05 1.927251075869891e+05 0.000000000000000e+00
2.006253569066000e-03 1.933952549108512e+05 1.933952549108512e+05 0.000000000000000e+00 0.000000000000000e+00 0.000000000000000e+00 1.936413089314108e+05 0.000000000000000e+00 0.000000000000000e+00 0.000000000000000e+00 1.927059847376895e+05 1.927059847376895e+05 0.000000000000000e+00
2.017835797317000e-03 1.933736718356540e+05 1.933736718356540e+05 0.000000000000000e+00 0.000000000000000e+00 0.000000000000000e+00 1.936225645877805e+05 0.000000000000000e+00 0.000000000000000e+00 0.000000000000000e+00 1.926866446047298e+05 1.926866446047298e+05 0.000000000000000e+00
2.029484890503000e-03 1.933518517101362e+05 1.933518517101362e+05 0.000000000000000e+00 0.000000000000000e+00 0.000000000000000e+00 1.936036112381814e+05 0.000000000000000e+00 0.000000000000000e+00 0.000000000000000e+00 1.926670893751342e+05 1.926670893751342e+05 0.000000000000000e+00
2.041201234636000e-03 1.933297859899041e+05 1.933297859899041e+05 0.000000000000000e+00 0.000000000000000e+00 0.000000000000000e+00 1.935844455514202e+05 0.000000000000000e+00 0.000000000000000e+00 0.000000000000000e+00 1.926473131794577e+05 1.926473131794577e+05 0.000000000000000e+00
2.052985217963000e-03 1.933074687171135e+05 1.933074687171135e+05 0.000000000000000e+00 0.000000000000000e+00 0.000000000000000e+00 1.935650647804997e+05 0.000000000000000e+00 0.000000000000000e+00 0.000000000000000e+00 1.926273121191353e+05 1.926273121191353e+05 0.000000000000000e+00
2.064837230968000e-03 1.932848969088291e+05 1.932848969088291e+05 0.000000000000000e+00 0.000000000000000e+00 0.000000000000000e+00 1.935454635868283e+05 0.000000000000000e+00 0.000000000000000e+00 0.000000000000000e+00 1.926070826058894e+05 1.926070826058894e+05 0.000000000000000e+00
2.076757666391000e-03 1.932620792322820e+05 1.932620792322820e+05 0.000000000000000e+00 0.000000000000000e+00 0.000000000000000e+00 1.935256496952432e+05 0.000000000000000e+00 0.000000000000000e+00 0.000000000000000e+00 1.925866304949919e+05 1.925866304949919e+05 0.000000000000000e+00
2.088746919238000e-03 1.932390023117968e+05 1.932390023117968e+05 0.000000000000000e+00 0.000000000000000e+00 0.000000000000000e+00 1.935056110645890e+05 0.000000000000000e+00 0.000000000000000e+00 0.000000000000000e+00 1.925659455581498e+05 1.925659455581498e+05 0.000000000000000e+00
2.100805386798000e-03 1.932156681632993e+05 1.932156681632993e+05 0.000000000000000e+00 0.000000000000000e+00 0.000000000000000e+00 1.934853488329248e+05 0.000000000000000e+00 0.000000000000000e+00 0.000000000000000e+00 1.925450285567519e+05 1.925450285567519e+05 0.000000000000000e+00
2.112933468650000e-03 1.931920703123436e+05 1.931920703123436e+05 0.000000000000000e+00 0.000000000000000e+00 0.000000000000000e+00 1.934648596582635e+05 0.000000000000000e+00 0.000000000000000e+00 0.000000000000000e+00 1.925238747991628e+05 1.925238747991628e+05 0.000000000000000e+00
2.125131566683000e-03 1.931682080628276e+05 1.931682080628276e+05 0.000000000000000e+00 0.000000000000000e+00 0.000000000000000e+00 1.934441416551080e+05 0.000000000000000e+00 0.000000000000000e+00 0.000000000000000e+00 1.925024829723790e+05 1.925024829723790e+05 0.000000000000000e+00
2.137400085105000e-03 1.931440792753330e+05 1.931440792753330e+05 0.000000000000000e+00 0.000000000000000e+00 0.000000000000000e+00 1.934231928458075e+05 0.000000000000000e+00 0.000000000000000e+00 0.000000000000000e+00 1.924808508961954e+05 1.924808508961954e+05 0.000000000000000e+00
2.149739430456000e-03 1.931196786485128e+05 1.931196786485128e+05 0.000000000000000e+00 0.000000000000000e+00 0.000000000000000e+00 1.934020095207920e+05 0.000000000000000e+00 0.000000000000000e+00 0.000000000000000e+00 1.924589746532364e+05 1.924589746532364e+05 0.000000000000000e+00
2.162150011625000e-03 1.930950058081376e+05 1.930950058081376e+05 0.000000000000000e+00 0.000000000000000e+00 0.000000000000000e+00 1.933805903794090e+05 0.000000000000000e+00 0.000000000000000e+00 0.000000000000000e+00 1.924368527923446e+05 1.924368527923446e+05 0.000000000000000e+00
2.174632239862000e-03 1.930700575008111e+05 1.930700575008111e+05 0.000000000000000e+00 0.000000000000000e+00 0.000000000000000e+00 1.933589325134503e+05 0.000000000000000e+00 0.000000000000000e+00 0.000000000000000e+00 1.924144826196169e+05 1.924144826196169e+05 0.000000000000000e+00
2.187186528788000e-03 1.930448294336999e+05 1.930448294336999e+05 0.000000000000000e+00 0.000000000000000e+00 0.000000000000000e+00 1.933370330964159e+05 0.000000000000000e+00 0.000000000000000e+00 0.000000000000000e+00 1.923918607339189e+05 1.923918607339189e+05 0.000000000000000e+00
2.199813294415000e-03 1.930193147121097e+05 1.930193147121097e+05 0.000000000000000e+00 0.000000000000000e+00 0.000000000000000e+00 1.933148881968863e+05 0.000000000000000e+00 0.000000000000000e+00 0.000000000000000e+00 1.923689822292848e+05 1.923689822292848e+05 0.000000000000000e+00
2.212512955156000e-03 1.929935220309585e+05 1.929935220309585e+05 0.000000000000000e+00 0.000000000000000e+00 0.000000000000000e+00 1.932924993224721e+05 0.000000000000000e+00 0.000000000000000e+00 0.000000000000000e+00 1.923458507174212e+05 1.923458507174212e+05 0.000000000000000e+00
2.225285931838000e-03 1.929674404935678e+05 1.929674404935678e+05 0.000000000000000e+00 0.000000000000000e+00 0.000000000000000e+00 1.932698610297224e+05 0.000000000000000e+00 0.000000000000000e+00 0.000000000000000e+00 1.923224592505645e+05 1.923224592505645e+05 0.000000000000000e+00
2.238132647719000e-03 1.929410653726068e+05 1.929410653726068e+05 0.000000000000000e+00 0.000000000000000e+00 0.000000000000000e+00 1.932469696251790e+05 0.000000000000000e+00 0.000000000000000e+00 0.000000000000000e+00 1.922988041264996e+05 1.922988041264996e+05 0.000000000000000e+00
2.251053528501000e-03 1.929143966684946e+05 1.929143966684946e+05 0.000000000000000e+00 0.000000000000000e+00 0.000000000000000e+00 1.932238244881602e+05 0.000000000000000e+00 0.000000000000000e+00 0.000000000000000e+00 1.922748839801074e+05 1.922748839801074e+05 0.000000000000000e+00
2.264049002341000e-03 1.928874311577218e+05 1.928874311577218e+05 0.000000000000000e+00 0.000000000000000e+00 0.000000000000000e+00 1.932004220660716e+05 0.000000000000000e+00 0.000000000000000e+00 0.000000000000000e+00 1.922506959583391e+05 1.922506959583391e+05 0.000000000000000e+00
2.277119499871000e-03 1.928601641738205e+05 1.928601641738205e+05 0.000000000000000e+00 0.000000000000000e+00 0.000000000000000e+00 1.931767594828646e+05 0.000000000000000e+00 0.000000000000000e+00 0.000000000000000e+00 1.922262365190878e+05 1.922262365190878e+05 0.000000000000000e+00
2.290265454206000e-03 1.928325941773055e+05 1.928325941773055e+05 0.000000000000000e+00 0.000000000000000e+00 0.000000000000000e+00 1.931528343271511e+05 0.000000000000000e+00 0.000000000000000e+00 0.000000000000000e+00 1.922015035055507e+05 1.922015035055507e+05 0.000000000000000e+00
2.303487300964000e-03 1.928047147796746e+05 1.928047147796746e+05 0.000000000000000e+00 0.000000000000000e+00 0.000000000000000e+00 1.931286433610545e+05 0.000000000000000e+00 0.000000000000000e+00 0.000000000000000e+00 1.921764924180145e+05 1.921764924180145e+05 0.000000000000000e+00
2.316785478276000e-03 1.927765245601193e+05 1.927765245601193e+05 0.000000000000000e+00 0.000000000000000e+00 0.000000000000000e+00 1.931041836028273e+05 0.000000000000000e+00 0.000000000000000e+00 0.000000000000000e+00 1.921512010899667e+05 1.921512010899667e+05 0.000000000000000e+00
2.330160426804000e-03 1.927480213859205e+05 1.927480213859205e+05 0.000000000000000e+00 0.000000000000000e+00 0.000000000000000e+00 1.930794534897741e+05 0.000000000000000e+00 0.000000000000000e+00 0.000000000000000e+00 1.921256272148956e+05 1.921256272148956e+05 0.000000000000000e+00
2.343612589752000e-03 1.927192051617286e+05 1.927192051617286e+05 0.000000000000000e+00 0.000000000000000e+00 0.000000000000000e+00 1.930544514765299e+05 0.000000000000000e+00 0.000000000000000e+00 0.000000000000000e+00 1.920997702310968e+05 1.920997702310968e+05 0.000000000000000e+00
2.357142412884000e-03 1.926900610766479e+05 1.926900610766479e+05 0.000000000000000e+00 0.000000000000000e+00 0.000000000000000e+00 1.930291674282787e+05 0.000000000000000e+00 0.000000000000000e+00 0.000000000000000e+00 1.920736187320304e+05 1.920736187320304e+05 0.000000000000000e+00
2.370750344538000e-03 1.926605933676169e+05 1.926605933676169e+05 0.000000000000000e+00 0.000000000000000e+00 0.000000000000000e+00 1.930036035939792e+05 0.000000000000000e+00 0.000000000000000e+00 0.000000000000000e+00 1.920471750701617e+05 1.920471750701617e+05 0.000000000000000e+00
2.384436835638000e-03 1.926308008421894e+05 1.926308008421894e+05 0.000000000000000e+00 0.000000000000000e+00 0.000000000000000e+00 1.929777581705625e+05 0.000000000000000e+00 0.000000000000000e+00 0.000000000000000e+00 1.920204377254929e+05 1.920204377254929e+05 0.000000000000000e+00
2.398202339714000e-03 1.926006806724984e+05 1.926006806724984e+05 0.000000000000000e+00 0.000000000000000e+00 0.000000000000000e+00 1.929516321098182e+05 0.000000000000000e+00 0.000000000000000e+00 0.000000000000000e+00 1.919934052365483e+05 1.919934052365483e+05 0.000000000000000e+00
2.412047312912000e-03 1.925702230286107e+05 1.925702230286107e+05 0.000000000000000e+00 0.000000000000000e+00 0.000000000000000e+00 1.929252134659515e+05 0.000000000000000e+00 0.000000000000000e+00 0.000000000000000e+00 1.919660680500821e+05 1.919660680500821e+05 0.000000000000000e+00
2.425972214013000e-03 1.925394306367580e+05 1.925394306367580e+05 0.000000000000000e+00 0.000000000000000e+00 0.000000000000000e+00 1.928985068410694e+05 0.000000000000000e+00 0.000000000000000e+00 0.000000000000000e+00 1.919384290013740e+05 1.919384290013740e+05 0.000000000000000e+00
2.439977504445000e-03 1.925082896203395e+05 1.925082896203395e+05 0.000000000000000e+00 0.000000000000000e+00 0.000000000000000e+00 1.928714973358029e+05 0.000000000000000e+00 0.000000000000000e+00 0.000000000000000e+00 1.919104750863837e+05 1.919104750863837e+05 0.000000000000000e+00
2.454063648301000e-03 1.924768051453605e+05 1.924768051453605e+05 0.000000000000000e+00 0.000000000000000e+00 0.000000000000000e+00 1.928441926882481e+05 0.000000000000000e+00 0.000000000000000e+00 0.000000000000000e+00 1.918822117462248e+05 1.918822117462248e+05 0.000000000000000e+00
2.468231112353000e-03 1.924449768040140e+05 1.924449768040140e+05 0.000000000000000e+00 0.000000000000000e+00 0.000000000000000e+00 1.928165908528455e+05 0.000000000000000e+00 0.000000000000000e+00 0.000000000000000e+00 1.918536369166932e+05 1.918536369166932e+05 0.000000000000000e+00
2.482480366067000e-03 1.924127902854905e+05 1.924127902854905e+05 0.000000000000000e+00 0.000000000000000e+00 0.000000000000000e+00 1.927886803284217e+05 0.000000000000000e+00 0.000000000000000e+00 0.000000000000000e+00 1.918247396199013e+05 1.918247396199013e+05 0.000000000000000e+00
2.496811881621000e-03 1.923802496496131e+05 1.923802496496131e+05 0.000000000000000e+00 0.000000000000000e+00 0.000000000000000e+00 1.927604640580167e+05 0.000000000000000e+00 0.000000000000000e+00 0.000000000000000e+00 1.917955221579814e+05 1.917955221579814e+05 0.000000000000000e+00
2.511226133917000e-03 1.923473483683596e+05 1.923473483683596e+05 0.000000000000000e+00 0.000000000000000e+00 0.000000000000000e+00 1.927319368113139e+05 0.000000000000000e+00 0.000000000000000e+00 0.000000000000000e+00 1.917659793221036e+05 1.917659793221036e+05 0.000000000000000e+00
2.525723600600000e-03 1.923140836904675e+05 1.923140836904675e+05 0.000000000000000e+00 0.000000000000000e+00 0.000000000000000e+00 1.927030959520421e+05 0.000000000000000e+00 0.000000000000000e+00 0.000000000000000e+00 1.917361080293927e+05 1.917361080293927e+05 0.000000000000000e+00
2.540304762071000e-03 1.922804506524157e+05 1.922804506524157e+05 0.000000000000000e+00 0.000000000000000e+00 0.000000000000000e+00 1.926739375901267e+05 0.000000000000000e+00 0.000000000000000e+00 0.000000000000000e+00 1.917059043137878e+05 1.917059043137878e+05 0.000000000000000e+00
2.554970101506000e-03 1.922464491925403e+05 1.922464491925403e+05 0.000000000000000e+00 0.000000000000000e+00 0.000000000000000e+00 1.926444595692365e+05 0.000000000000000e+00 0.000000000000000e+00 0.000000000000000e+00 1.916753664489483e+05 1.916753664489483e+05 0.000000000000000e+00
2.569720104870000e-03 1.922120641141550e+05 1.922120641141550e+05 0.000000000000000e+00 0.000000000000000e+00 0.000000000000000e+00 1.926146561984641e+05 0.000000000000000e+00 0.000000000000000e+00 0.000000000000000e+00 1.916444851930118e+05 1.916444851930118e+05 0.000000000000000e+00
2.584555260932000e-03 1.921773042275310e+05 1.921773042275310e+05 0.000000000000000e+00 0.000000000000000e+00 0.000000000000000e+00 1.925845242082916e+05 0.000000000000000e+00 0.000000000000000e+00 0.000000000000000e+00 1.916132624782909e+05 1.916132624782909e+05 0.000000000000000e+00
2.599476061285000e-03 1.921421645958870e+05 1.921421645958870e+05 0.000000000000000e+00 0.000000000000000e+00 0.000000000000000e+00 1.925540668495484e+05 0.000000000000000e+00 0.000000000000000e+00 0.000000000000000e+00 1.915816973242573e+05 1.915816973242573e+05 0.000000000000000e+00
2.614483000358000e-03 1.921066356598724e+05 1.921066356598724e+05 0.000000000000000e+00 0.000000000000000e+00 0.000000000000000e+00 1.925232729205859e+05 0.000000000000000e+00 0.000000000000000e+00 0.000000000000000e+00 1.915497796668197e+05 1.915497796668197e+05 0.000000000000000e+00
2.629576575436000e-03 1.920707142873652e+05 1.920707142873652e+05 0.000000000000000e+00 0.000000000000000e+00 0.000000000000000e+00 1.924921415158105e+05 0.000000000000000e+00 0.000000000000000e+00 0.000000000000000e+00 1.915175079478915e+05 1.915175079478915e+05 0.000000000000000e+00
2.644757286674000e-03 1.920343983270566e+05 1.920343983270566e+05 0.000000000000000e+00 0.000000000000000e+00 0.000000000000000e+00 1.924606698273636e+05 0.000000000000000e+00 0.000000000000000e+00 0.000000000000000e+00 1.914848792267821e+05 1.914848792267821e+05 0.000000000000000e+00
2.660025637114000e-03 1.919976793920716e+05 1.919976793920716e+05 0.000000000000000e+00 0.000000000000000e+00 0.000000000000000e+00 1.924288516904725e+05 0.000000000000000e+00 0.000000000000000e+00 0.000000000000000e+00 1.914518868473630e+05 1.914518868473630e+05 0.000000000000000e+00
2.675382132703000e-03 1.919605638282802e+05 1.919605638282802e+05 0.000000000000000e+00 0.000000000000000e+00 0.000000000000000e+00 1.923966892679851e+05 0.000000000000000e+00 0.000000000000000e+00 0.000000000000000e+00 1.914185335482560e+05 1.914185335482560e+05 0.000000000000000e+00
2.690827282309000e-03 1.919230325229850e+05 1.919230325229850e+05 0.000000000000000e+00 0.000000000000000e+00 0.000000000000000e+00 1.923641720740781e+05 0.000000000000000e+00 0.000000000000000e+00 0.000000000000000e+00 1.913848069943487e+05 1.913848069943487e+05 0.000000000000000e+00
2.706361597737000e-03 1.918850911855560e+05 1.918850911855560e+05 0.000000000000000e+00 0.000000000000000e+00 0.000000000000000e+00 1.923313006312964e+05 0.000000000000000e+00 0.000000000000000e+00 0.000000000000000e+00 1.913507088525643e+05 1.913507088525643e+05 0.000000000000000e+00
2.721985593746000e-03 1.918467337256222e+05 1.918467337256222e+05 0.000000000000000e+00 0.000000000000000e+00 0.000000000000000e+00 1.922980705070855e+05 0.000000000000000e+00 0.000000000000000e+00 0.000000000000000e+00 1.913162339198882e+05 1.913162339198882e+05 0.000000000000000e+00
2.737699788069000e-03 1.918079564485584e+05 1.918079564485584e+05 0.000000000000000e+00 0.000000000000000e+00 0.000000000000000e+00 1.922644786160784e+05 0.000000000000000e+00 0.000000000000000e+00 0.000000000000000e+00 1.912813787116652e+05 1.912813787116652e+05 0.000000000000000e+00
2.753504701425000e-03 1.917687538797120e+05 1.917687538797120e+05 0.000000000000000e+00 0.000000000000000e+00 0.000000000000000e+00 1.922305200585308e+05 0.000000000000000e+00 0.000000000000000e+00 0.000000000000000e+00 1.912461389007099e+05 1.912461389007099e+05 0.000000000000000e+00
2.769400857542000e-03 1.917291217674298e+05 1.917291217674298e+05 0.000000000000000e+00 0.000000000000000e+00 0.000000000000000e+00 1.921961919326618e+05 0.000000000000000e+00 0.000000000000000e+00 0.000000000000000e+00 1.912105100934930e+05 1.912105100934930e+05 0.000000000000000e+00
2.785388783169000e-03 1.916890555785179e+05 1.916890555785179e+05 0.000000000000000e+00 0.000000000000000e+00 0.000000000000000e+00 1.921614903517722e+05 0.000000000000000e+00 0.000000000000000e+00 0.000000000000000e+00 1.911744886730998e+05 1.911744886730998e+05 0.000000000000000e+00
2.801469008099000e-03 1.916485514261463e+05 1.916485514261463e+05 0.000000000000000e+00 0.000000000000000e+00 0.000000000000000e+00 1.921264113693759e+05 0.000000000000000e+00 0.000000000000000e+00 0.000000000000000e+00 1.911380702649737e+05 1.911380702649737e+05 0.000000000000000e+00
2.817642065180000e-03 1.916076013932403e+05 1.916076013932403e+05 0.000000000000000e+00 0.000000000000000e+00 0.000000000000000e+00 1.920909505345541e+05 0.000000000000000e+00 0.000000000000000e+00 0.000000000000000e+00 1.911012493293719e+05 1.911012493293719e+05 0.000000000000000e+00
2.833908490339000e-03 1.915662084695740e+05 1.915662084695740e+05 0.000000000000000e+00 0.000000000000000e+00 0.000000000000000e+00 1.920551053282664e+05 0.000000000000000e+00 0.000000000000000e+00 0.000000000000000e+00 1.910640258203908e+05 1.910640258203908e+05 0.000000000000000e+00
2.850268822595000e-03 1.915243631919540e+05 1.915243631919540e+05 0.000000000000000e+00 0.000000000000000e+00 0.000000000000000e+00 1.920188713023447e+05 0.000000000000000e+00 0.000000000000000e+00 0.000000000000000e+00 1.910263924099599e+05 1.910263924099599e+05 0.000000000000000e+00
2.866723604079000e-03 1.914820568271833e+05 1.914820568271833e+05 0.000000000000000e+00 0.000000000000000e+00 0.000000000000000e+00 1.919822436833210e+05 0.000000000000000e+00 0.000000000000000e+00 0.000000000000000e+00 1.909883430081697e+05 1.909883430081697e+05 0.000000000000000e+00
2.883273380054000e-03 1.914392894732403e+05 1.914392894732403e+05 0.000000000000000e+00 0.000000000000000e+00 0.000000000000000e+00 1.919452208970888e+05 0.000000000000000e+00 0.000000000000000e+00 0.000000000000000e+00 1.909498768349442e+05 1.909498768349442e+05 0.000000000000000e+00
2.899918698929000e-03 1.913960569501605e+05 1.913960569501605e+05 0.000000000000000e+00 0.000000000000000e+00 0.000000000000000e+00 1.919077943473666e+05 0.000000000000000e+00 0.000000000000000e+00 0.000000000000000e+00 1.909109869829209e+05 1.909109869829209e+05 0.000000000000000e+00
2.916660112277000e-03 1.913523528304849e+05 1.913523528304849e+05 0.000000000000000e+00 0.000000000000000e+00 0.000000000000000e+00 1.918699631654921e+05 0.000000000000000e+00 0.000000000000000e+00 0.000000000000000e+00 1.908716708674936e+05 1.908716708674936e+05 0.000000000000000e+00
2.933498174860000e-03 1.913081765924603e+05 1.913081765924603e+05 0.000000000000000e+00 0.000000000000000e+00 0.000000000000000e+00 1.918317254994417e+05 0.000000000000000e+00 0.000000000000000e+00 0.000000000000000e+00 1.908319257698462e+05 1.908319257698462e+05 0.000000000000000e+00
2.950433444639000e-03 1.912635194513578e+05 1.912635194513578e+05 0.000000000000000e+00 0.000000000000000e+00 0.000000000000000e+00 1.917930747717721e+05 0.000000000000000e+00 0.000000000000000e+00 0.000000000000000e+00 1.907917447172568e+05 1.907917447172568e+05 0.000000000000000e+00
2.967466482798000e-03 1.912183672050973e+05 1.912183672050973e+05 0.000000000000000e+00 0.000000000000000e+00 0.000000000000000e+00 1.917540036998634e+05 0.000000000000000e+00 0.000000000000000e+00 0.000000000000000e+00 1.907511183206330e+05 1.907511183206330e+05 0.000000000000000e+00
2.984597853758000e-03 1.911727318651004e+05 1.911727318651004e+05 0.000000000000000e+00 0.000000000000000e+00 0.000000000000000e+00 1.917145129426749e+05 0.000000000000000e+00 0.000000000000000e+00 0.000000000000000e+00 1.907100509952936e+05 1.907100509952936e+05 0.000000000000000e+00
3.001828125203000e-03 1.911266007315560e+05 1.911266007315560e+05 0.000000000000000e+00 0.000000000000000e+00 0.000000000000000e+00 1.916745929973201e+05 0.000000000000000e+00 0.000000000000000e+00 0.000000000000000e+00 1.906685323691027e+05 1.906685323691027e+05 0.000000000000000e+00
3.019157868090000e-03 1.910799724182772e+05 1.910799724182772e+05 0.000000000000000e+00 0.000000000000000e+00 0.000000000000000e+00 1.916342511557354e+05 0.000000000000000e+00 0.000000000000000e+00 0.000000000000000e+00 1.906265656359671e+05 1.906265656359671e+05 0.000000000000000e+00
3.036587656675000e-03 1.910328388750456e+05 1.910328388750456e+05 0.000000000000000e+00 0.000000000000000e+00 0.000000000000000e+00 1.915934735436942e+05 0.000000000000000e+00 0.000000000000000e+00 0.000000000000000e+00 1.905841390886409e+05 1.905841390886409e+05 0.000000000000000e+00
3.054118068527000e-03 1.909851962269240e+05 1.909851962269240e+05 0.000000000000000e+00 0.000000000000000e+00 0.000000000000000e+00 1.915522565335316e+05 0.000000000000000e+00 0.000000000000000e+00 0.000000000000000e+00 1.905412496630808e+05 1.905412496630808e+05 0.000000000000000e+00
3.071749684551000e-03 1.909370325910515e+05 1.909370325910515e+05 0.000000000000000e+00 0.000000000000000e+00 0.000000000000000e+00 1.915105958110813e+05 0.000000000000000e+00 0.000000000000000e+00 0.000000000000000e+00 1.904978898474793e+05 1.904978898474793e+05 0.000000000000000e+00
3.089483089006000e-03 1.908883447984072e+05 1.908883447984072e+05 0.000000000000000e+00 0.000000000000000e+00 0.000000000000000e+00 1.914684875888787e+05 0.000000000000000e+00 0.000000000000000e+00 0.000000000000000e+00 1.904540551750221e+05 1.904540551750221e+05 0.000000000000000e+00
3.107318869522000e-03 1.908391341157691e+05 1.908391341157691e+05 0.000000000000000e+00 0.000000000000000e+00 0.000000000000000e+00 1.914259285340246e+05 0.000000000000000e+00 0.000000000000000e+00 0.000000000000000e+00 1.904097453329124e+05 1.904097453329124e+05 0.000000000000000e+00
3.125257617122000e-03 1.907893945552883e+05 1.907893945552883e+05 0.000000000000000e+00 0.000000000000000e+00 0.000000000000000e+00 1.913829138800662e+05 0.000000000000000e+00 0.000000000000000e+00 0.000000000000000e+00 1.903649538307665e+05 1.903649538307665e+05 0.000000000000000e+00
3.143299926242000e-03 1.907391154120400e+05 1.907391154120400e+05 0.000000000000000e+00 0.000000000000000e+00 0.000000000000000e+00 1.913394361489843e+05 0.000000000000000e+00 0.000000000000000e+00 0.000000000000000e+00 1.903196724572234e+05 1.903196724572234e+05 0.000000000000000e+00
3.161446394750000e-03 1.906883002656171e+05 1.906883002656171e+05 0.000000000000000e+00 0.000000000000000e+00 0.000000000000000e+00 1.912955004102737e+05 0.000000000000000e+00 0.000000000000000e+00 0.000000000000000e+00 1.902739048387354e+05 1.902739048387354e+05 0.000000000000000e+00
3.179697623963000e-03 1.906369321462533e+05 1.906369321462533e+05 0.000000000000000e+00 0.000000000000000e+00 0.000000000000000e+00 1.912510905744465e+05 0.000000000000000e+00 0.000000000000000e+00 0.000000000000000e+00 1.902276357900508e+05 1.902276357900508e+05 0.000000000000000e+00
3.198054218673000e-03 1.905850141913047e+05 1.905850141913047e+05 0.000000000000000e+00 0.000000000000000e+00 0.000000000000000e+00 1.912062083405613e+05 0.000000000000000e+00 0.000000000000000e+00 0.000000000000000e+00 1.901808663349890e+05 1.901808663349890e+05 0.000000000000000e+00
3.216516787160000e-03 1.905325373542253e+05 1.905325373542253e+05 0.000000000000000e+00 0.000000000000000e+00 0.000000000000000e+00 1.911608496088599e+05 0.000000000000000e+00 0.000000000000000e+00 0.000000000000000e+00 1.901335902921204e+05 1.901335902921204e+05 0.000000000000000e+00
3.235085941219000e-03 1.904795025746540e+05 1.904795025746540e+05 0.000000000000000e+00 0.000000000000000e+00 0.000000000000000e+00 1.911150026867036e+05 0.000000000000000e+00 0.000000000000000e+00 0.000000000000000e+00 1.900858023171943e+05 1.900858023171943e+05 0.000000000000000e+00
3.253762296173000e-03 1.904258784545484e+05 1.904258784545484e+05 0.000000000000000e+00 0.000000000000000e+00 0.000000000000000e+00 1.910686656669372e+05 0.000000000000000e+00 0.000000000000000e+00 0.000000000000000e+00 1.900374874001880e+05 1.900374874001880e+05 0.000000000000000e+00
3.272546470902000e-03 1.903717003514472e+05 1.903717003514472e+05 0.000000000000000e+00 0.000000000000000e+00 0.000000000000000e+00 1.910218455702770e+05 0.000000000000000e+00 0.000000000000000e+00 0.000000000000000e+00 1.899886625270852e+05 1.899886625270852e+05 0.000000000000000e+00
3.291439087854000e-03 1.903169336190906e+05 1.903169336190906e+05 0.000000000000000e+00 0.000000000000000e+00 0.000000000000000e+00 1.909745232335574e+05 0.000000000000000e+00 0.000000000000000e+00 0.000000000000000e+00 1.899393048620395e+05 1.899393048620395e+05 0.000000000000000e+00
3.310440773075000e-03 1.902615837357027e+05 1.902615837357027e+05 0.000000000000000e+00 0.000000000000000e+00 0.000000000000000e+00 1.909266999384227e+05 0.000000000000000e+00 0.000000000000000e+00 0.000000000000000e+00 1.898894153549825e+05 1.898894153549825e+05 0.000000000000000e+00
3.329552156221000e-03 1.902056395709059e+05 1.902056395709059e+05 0.000000000000000e+00 0.000000000000000e+00 0.000000000000000e+00 1.908783683848364e+05 0.000000000000000e+00 0.000000000000000e+00 0.000000000000000e+00 1.898389859556775e+05 1.898389859556775e+05 0.000000000000000e+00
3.348773870587000e-03 1.901490960836406e+05 1.901490960836406e+05 0.000000000000000e+00 0.000000000000000e+00 0.000000000000000e+00 1.908295257593641e+05 0.000000000000000e+00 0.000000000000000e+00 0.000000000000000e+00 1.897880132464914e+05 1.897880132464914e+05 0.000000000000000e+00
3.368106553120000e-03 1.900919439455755e+05 1.900919439455755e+05 0.000000000000000e+00 0.000000000000000e+00 0.000000000000000e+00 1.907801586253861e+05 0.000000000000000e+00 0.000000000000000e+00 0.000000000000000e+00 1.897364842417963e+05 1.897364842417963e+05 0.000000000000000e+00
3.387550844448000e-03 1.900341944396690e+05 1.900341944396690e+05 0.000000000000000e+00 0.000000000000000e+00 0.000000000000000e+00 1.907302860752066e+05 0.000000000000000e+00 0.000000000000000e+00 0.000000000000000e+00 1.896844149227462e+05 1.896844149227462e+05 0.000000000000000e+00
3.407107388895000e-03 1.899758249827263e+05 1.899758249827263e+05 0.000000000000000e+00 0.000000000000000e+00 0.000000000000000e+00 1.906798794022353e+05 0.000000000000000e+00 0.000000000000000e+00 0.000000000000000e+00 1.896317790300768e+05 1.896317790300768e+05 0.000000000000000e+00
3.426776834504000e-03 1.899168394931847e+05 1.899168394931847e+05 0.000000000000000e+00 0.000000000000000e+00 0.000000000000000e+00 1.906289422846901e+05 0.000000000000000e+00 0.000000000000000e+00 0.000000000000000e+00 1.895785805976247e+05 1.895785805976247e+05 0.000000000000000e+00
3.446559833063000e-03 1.898572188536961e+05 1.898572188536961e+05 0.000000000000000e+00 0.000000000000000e+00 0.000000000000000e+00 1.905774669762726e+05 0.000000000000000e+00 0.000000000000000e+00 0.000000000000000e+00 1.895248068045834e+05 1.895248068045834e+05 0.000000000000000e+00
3.466457040119000e-03 1.897969618375969e+05 1.897969618375969e+05 0.000000000000000e+00 0.000000000000000e+00 0.000000000000000e+00 1.905254494025858e+05 0.000000000000000e+00 0.000000000000000e+00 0.000000000000000e+00 1.894704547109641e+05 1.894704547109641e+05 0.000000000000000e+00
3.486469115004000e-03 1.897360701764662e+05 1.897360701764662e+05 0.000000000000000e+00 0.000000000000000e+00 0.000000000000000e+00 1.904728871814409e+05 0.000000000000000e+00 0.000000000000000e+00 0.000000000000000e+00 1.894155232443879e+05 1.894155232443879e+05 0.000000000000000e+00
3.506596720858000e-03 1.896745324912908e+05 1.896745324912908e+05 0.000000000000000e+00 0.000000000000000e+00 0.000000000000000e+00 1.904197725183038e+05 0.000000000000000e+00 0.000000000000000e+00 0.000000000000000e+00 1.893600030414278e+05 1.893600030414278e+05 0.000000000000000e+00
3.526840524650000e-03 1.896123390359173e+05 1.896123390359173e+05 0.000000000000000e+00 0.000000000000000e+00 0.000000000000000e+00 1.903661004959870e+05 0.000000000000000e+00 0.000000000000000e+00 0.000000000000000e+00 1.893038873936064e+05 1.893038873936064e+05 0.000000000000000e+00
3.547201197196000e-03 1.895494905993113e+05 1.895494905993113e+05 0.000000000000000e+00 0.000000000000000e+00 0.000000000000000e+00 1.903118666354591e+05 0.000000000000000e+00 0.000000000000000e+00 0.000000000000000e+00 1.892471736221590e+05 1.892471736221590e+05 0.000000000000000e+00
3.567679413187000e-03 1.894859788870712e+05 1.894859788870712e+05 0.000000000000000e+00 0.000000000000000e+00 0.000000000000000e+00 1.902570659266893e+05 0.000000000000000e+00 0.000000000000000e+00 0.000000000000000e+00 1.891898548228091e+05 1.891898548228091e+05 0.000000000000000e+00
3.588275851209000e-03 1.894217930754861e+05 1.894217930754861e+05 0.000000000000000e+00 0.000000000000000e+00 0.000000000000000e+00 1.902016948698940e+05 0.000000000000000e+00 0.000000000000000e+00 0.000000000000000e+00 1.891319245006747e+05 1.891319245006747e+05 0.000000000000000e+00
3.608991193766000e-03 1.893569295174716e+05 1.893569295174716e+05 0.000000000000000e+00 0.000000000000000e+00 0.000000000000000e+00 1.901457398548230e+05 0.000000000000000e+00 0.000000000000000e+00 0.000000000000000e+00 1.890733739685073e+05 1.890733739685073e+05 0.000000000000000e+00
3.629826127300000e-03 1.892913846171713e+05 1.892913846171713e+05 0.000000000000000e+00 0.000000000000000e+00 0.000000000000000e+00 1.900892041602177e+05 0.000000000000000e+00 0.000000000000000e+00 0.000000000000000e+00 1.890142024164425e+05 1.890142024164425e+05 0.000000000000000e+00
3.650781342218000e-03 1.892251580719454e+05 1.892251580719454e+05 0.000000000000000e+00 0.000000000000000e+00 0.000000000000000e+00 1.900320835177170e+05 0.000000000000000e+00 0.000000000000000e+00 0.000000000000000e+00 1.889544065125786e+05 1.889544065125786e+05 0.000000000000000e+00
3.671857532913000e-03 1.891582196344326e+05 1.891582196344326e+05 0.000000000000000e+00 0.000000000000000e+00 0.000000000000000e+00 1.899743645993202e+05 0.000000000000000e+00 0.000000000000000e+00 0.000000000000000e+00 1.888939670190478e+05 1.888939670190478e+05 0.000000000000000e+00
3.693055397783000e-03 1.890905867143779e+05 1.890905867143779e+05 0.000000000000000e+00 0.000000000000000e+00 0.000000000000000e+00 1.899160484922635e+05 0.000000000000000e+00 0.000000000000000e+00 0.000000000000000e+00 1.888328906688281e+05 1.888328906688281e+05 0.000000000000000e+00
3.714375639264000e-03 1.890222442742215e+05 1.890222442742215e+05 0.000000000000000e+00 0.000000000000000e+00 0.000000000000000e+00 1.898571286483094e+05 0.000000000000000e+00 0.000000000000000e+00 0.000000000000000e+00 1.887711679779066e+05 1.887711679779066e+05 0.000000000000000e+00
3.735818963841000e-03 1.889531810169501e+05 1.889531810169501e+05 0.000000000000000e+00 0.000000000000000e+00 0.000000000000000e+00 1.897975934832061e+05 0.000000000000000e+00 0.000000000000000e+00 0.000000000000000e+00 1.887087877136865e+05 1.887087877136865e+05 0.000000000000000e+00
3.757386082083000e-03 1.888834056912329e+05 1.888834056912329e+05 0.000000000000000e+00 0.000000000000000e+00 0.000000000000000e+00 1.897374486445505e+05 0.000000000000000e+00 0.000000000000000e+00 0.000000000000000e+00 1.886457542278840e+05 1.886457542278840e+05 0.000000000000000e+00
3.779077708656000e-03 1.888128903433430e+05 1.888128903433430e+05 0.000000000000000e+00 0.000000000000000e+00 0.000000000000000e+00 1.896766792558424e+05 0.000000000000000e+00 0.000000000000000e+00 0.000000000000000e+00 1.885820488674158e+05 1.885820488674158e+05 0.000000000000000e+00
3.800894562357000e-03 1.887416426607298e+05 1.887416426607298e+05 0.000000000000000e+00 0.000000000000000e+00 0.000000000000000e+00 1.896152836849204e+05 0.000000000000000e+00 0.000000000000000e+00 0.000000000000000e+00 1.885176737763383e+05 1.885176737763383e+05 0.000000000000000e+00
3.822837366128000e-03 1.886696506677672e+05 1.886696506677672e+05 0.000000000000000e+00 0.000000000000000e+00 0.000000000000000e+00 1.895532545407211e+05 0.000000000000000e+00 0.000000000000000e+00 0.000000000000000e+00 1.884526191120459e+05 1.884526191120459e+05 0.000000000000000e+00
3.844906847088000e-03 1.885969040596951e+05 1.885969040596951e+05 0.000000000000000e+00 0.000000000000000e+00 0.000000000000000e+00 1.894905866493314e+05 0.000000000000000e+00 0.000000000000000e+00 0.000000000000000e+00 1.883868772222323e+05 1.883868772222323e+05 0.000000000000000e+00
3.867103736553000e-03 1.885234109490253e+05 1.885234109490253e+05 0.000000000000000e+00 0.000000000000000e+00 0.000000000000000e+00 1.894272772892373e+05 0.000000000000000e+00 0.000000000000000e+00 0.000000000000000e+00 1.883204494500797e+05 1.883204494500797e+05 0.000000000000000e+00
3.889428770058000e-03 1.884491484909150e+05 1.884491484909150e+05 0.000000000000000e+00 0.000000000000000e+00 0.000000000000000e+00 1.893633174105097e+05 0.000000000000000e+00 0.000000000000000e+00 0.000000000000000e+00 1.882533206791975e+05 1.882533206791975e+05 0.000000000000000e+00
3.911882687388000e-03 1.883741116783397e+05 1.883741116783397e+05 0.000000000000000e+00 0.000000000000000e+00 0.000000000000000e+00 1.892987000982042e+05 0.000000000000000e+00 0.000000000000000e+00 0.000000000000000e+00 1.881854856841545e+05 1.881854856841545e+05 0.000000000000000e+00
3.934466232598000e-03 1.882982878126747e+05 1.882982878126747e+05 0.000000000000000e+00 0.000000000000000e+00 0.000000000000000e+00 1.892334201787548e+05 0.000000000000000e+00 0.000000000000000e+00 0.000000000000000e+00 1.881169351111150e+05 1.881169351111150e+05 0.000000000000000e+00
3.957180154037000e-03 1.882216855379487e+05 1.882216855379487e+05 0.000000000000000e+00 0.000000000000000e+00 0.000000000000000e+00 1.891674754889545e+05 0.000000000000000e+00 0.000000000000000e+00 0.000000000000000e+00 1.880476704739089e+05 1.880476704739089e+05 0.000000000000000e+00
3.980025204375000e-03 1.881442971439422e+05 1.881442971439422e+05 0.000000000000000e+00 0.000000000000000e+00 0.000000000000000e+00 1.891008598041818e+05 0.000000000000000e+00 0.000000000000000e+00 0.000000000000000e+00 1.879776853450252e+05 1.879776853450252e+05 0.000000000000000e+00
4.003002140629000e-03 1.880661068622366e+05 1.880661068622366e+05 0.000000000000000e+00 0.000000000000000e+00 0.000000000000000e+00 1.890335614200448e+05 0.000000000000000e+00 0.000000000000000e+00 0.000000000000000e+00 1.879069662182282e+05 1.879069662182282e+05 0.000000000000000e+00
4.026111724183000e-03 1.879871117054588e+05 1.879871117054588e+05 0.000000000000000e+00 0.000000000000000e+00 0.000000000000000e+00 1.889655828563622e+05 0.000000000000000e+00 0.000000000000000e+00 0.000000000000000e+00 1.878355126702246e+05 1.878355126702246e+05 0.000000000000000e+00
4.049354720818000e-03 1.879072999880793e+05 1.879072999880793e+05 0.000000000000000e+00 0.000000000000000e+00 0.000000000000000e+00 1.888969100351273e+05 0.000000000000000e+00 0.000000000000000e+00 0.000000000000000e+00 1.877633112644721e+05 1.877633112644721e+05 0.000000000000000e+00
4.072731900738000e-03 1.878266695939160e+05 1.878266695939160e+05 0.000000000000000e+00 0.000000000000000e+00 0.000000000000000e+00 1.888275388989726e+05 0.000000000000000e+00 0.000000000000000e+00 0.000000000000000e+00 1.876903593222136e+05 1.876903593222136e+05 0.000000000000000e+00
4.096244038590000e-03 1.877452068583755e+05 1.877452068583755e+05 0.000000000000000e+00 0.000000000000000e+00 0.000000000000000e+00 1.887574670251777e+05 0.000000000000000e+00 0.000000000000000e+00 0.000000000000000e+00 1.876166485676702e+05 1.876166485676702e+05 0.000000000000000e+00
4.119891913496000e-03 1.876629098792026e+05 1.876629098792026e+05 0.000000000000000e+00 0.000000000000000e+00 0.000000000000000e+00 1.886866868064365e+05 0.000000000000000e+00 0.000000000000000e+00 0.000000000000000e+00 1.875421733054492e+05 1.875421733054492e+05 0.000000000000000e+00
4.143676309073000e-03 1.875797625252328e+05 1.875797625252328e+05 0.000000000000000e+00 0.000000000000000e+00 0.000000000000000e+00 1.886151902786907e+05 0.000000000000000e+00 0.000000000000000e+00 0.000000000000000e+00 1.874669230145251e+05 1.874669230145251e+05 0.000000000000000e+00
4.167598013464000e-03 1.874957667375471e+05 1.874957667375471e+05 0.000000000000000e+00 0.000000000000000e+00 0.000000000000000e+00 1.885429731070883e+05 0.000000000000000e+00 0.000000000000000e+00 0.000000000000000e+00 1.873908946099436e+05 1.873908946099436e+05 0.000000000000000e+00
4.191657819361000e-03 1.874109175826919e+05 1.874109175826919e+05 0.000000000000000e+00 0.000000000000000e+00 0.000000000000000e+00 1.884700311317080e+05 0.000000000000000e+00 0.000000000000000e+00 0.000000000000000e+00 1.873140835921075e+05 1.873140835921075e+05 0.000000000000000e+00
4.215856524034000e-03 1.873251970430871e+05 1.873251970430871e+05 0.000000000000000e+00 0.000000000000000e+00 0.000000000000000e+00 1.883963544833677e+05 0.000000000000000e+00 0.000000000000000e+00 0.000000000000000e+00 1.872364760770181e+05 1.872364760770181e+05 0.000000000000000e+00
4.240194929354000e-03 1.872386209381876e+05 1.872386209381876e+05 0.000000000000000e+00 0.000000000000000e+00 0.000000000000000e+00 1.883219414935810e+05 0.000000000000000e+00 0.000000000000000e+00 0.000000000000000e+00 1.871580784449574e+05 1.871580784449574e+05 0.000000000000000e+00
4.264673841821000e-03 1.871511509616943e+05 1.871511509616943e+05 0.000000000000000e+00 0.000000000000000e+00 0.000000000000000e+00 1.882467815097081e+05 0.000000000000000e+00 0.000000000000000e+00 0.000000000000000e+00 1.870788668766648e+05 1.870788668766648e+05 0.000000000000000e+00
4.289294072591000e-03 1.870627865889845e+05 1.870627865889845e+05 0.000000000000000e+00 0.000000000000000e+00 0.000000000000000e+00 1.881708683337906e+05 0.000000000000000e+00 0.000000000000000e+00 0.000000000000000e+00 1.869988383117693e+05 1.869988383117693e+05 0.000000000000000e+00
4.314056437505000e-03 1.869735351018166e+05 1.869735351018166e+05 0.000000000000000e+00 0.000000000000000e+00 0.000000000000000e+00 1.880941989944877e+05 0.000000000000000e+00 0.000000000000000e+00 0.000000000000000e+00 1.869179926695754e+05 1.869179926695754e+05 0.000000000000000e+00
4.338961757112000e-03 1.868833733259197e+05 1.868833733259197e+05 0.000000000000000e+00 0.000000000000000e+00 0.000000000000000e+00 1.880167645566358e+05 0.000000000000000e+00 0.000000000000000e+00 0.000000000000000e+00 1.868363156521590e+05 1.868363156521590e+05 0.000000000000000e+00
4.364010856698000e-03 1.867922859653324e+05 1.867922859653324e+05 0.000000000000000e+00 0.000000000000000e+00 0.000000000000000e+00 1.879385569548639e+05 0.000000000000000e+00 0.000000000000000e+00 0.000000000000000e+00 1.867537952211497e+05 1.867537952211497e+05 0.000000000000000e+00
4.389204566314000e-03 1.867002985331044e+05 1.867002985331044e+05 0.000000000000000e+00 0.000000000000000e+00 0.000000000000000e+00 1.878595763483550e+05 0.000000000000000e+00 0.000000000000000e+00 0.000000000000000e+00 1.866704424069298e+05 1.866704424069298e+05 0.000000000000000e+00
4.414543720803000e-03 1.866073808422142e+05 1.866073808422142e+05 0.000000000000000e+00 0.000000000000000e+00 0.000000000000000e+00 1.877798150544515e+05 0.000000000000000e+00 0.000000000000000e+00 0.000000000000000e+00 1.865862379459135e+05 1.865862379459135e+05 0.000000000000000e+00
4.440029159827000e-03 1.865135187508926e+05 1.865135187508926e+05 0.000000000000000e+00 0.000000000000000e+00 0.000000000000000e+00 1.876992570954261e+05 0.000000000000000e+00 0.000000000000000e+00 0.000000000000000e+00 1.865011699641943e+05 1.865011699641943e+05 0.000000000000000e+00
4.465661727896000e-03 1.864187178540367e+05 1.864187178540367e+05 0.000000000000000e+00 0.000000000000000e+00 0.000000000000000e+00 1.876179068249326e+05 0.000000000000000e+00 0.000000000000000e+00 0.000000000000000e+00 1.864152400432779e+05 1.864152400432779e+05 0.000000000000000e+00
4.491442274396000e-03 1.863229641732903e+05 1.863229641732903e+05 0.000000000000000e+00 0.000000000000000e+00 0.000000000000000e+00 1.875357535792690e+05 0.000000000000000e+00 0.000000000000000e+00 0.000000000000000e+00 1.863284358968246e+05 1.863284358968246e+05 0.000000000000000e+00
4.517371653615000e-03 1.862262394955640e+05 1.862262394955640e+05 0.000000000000000e+00 0.000000000000000e+00 0.000000000000000e+00 1.874527877656753e+05 0.000000000000000e+00 0.000000000000000e+00 0.000000000000000e+00 1.862407444881655e+05 1.862407444881655e+05 0.000000000000000e+00
4.543450724773000e-03 1.861285696734888e+05 1.861285696734888e+05 0.000000000000000e+00 0.000000000000000e+00 0.000000000000000e+00 1.873690204606318e+05 0.000000000000000e+00 0.000000000000000e+00 0.000000000000000e+00 1.861521821796769e+05 1.861521821796769e+05 0.000000000000000e+00
4.569680352053000e-03 1.860299075545565e+05 1.860299075545565e+05 0.000000000000000e+00 0.000000000000000e+00 0.000000000000000e+00 1.872844161029036e+05 0.000000000000000e+00 0.000000000000000e+00 0.000000000000000e+00 1.860627092559846e+05 1.860627092559846e+05 0.000000000000000e+00
4.596061404623000e-03 1.859302698725992e+05 1.859302698725992e+05 0.000000000000000e+00 0.000000000000000e+00 0.000000000000000e+00 1.871989918483194e+05 0.000000000000000e+00 0.000000000000000e+00 0.000000000000000e+00 1.859723415009797e+05 1.859723415009797e+05 0.000000000000000e+00
4.622594756671000e-03 1.858296456867149e+05 1.858296456867149e+05 0.000000000000000e+00 0.000000000000000e+00 0.000000000000000e+00 1.871127321636445e+05 0.000000000000000e+00 0.000000000000000e+00 0.000000000000000e+00 1.858810650727247e+05 1.858810650727247e+05 0.000000000000000e+00
4.649281287433000e-03 1.857280127503699e+05 1.857280127503699e+05 0.000000000000000e+00 0.000000000000000e+00 0.000000000000000e+00 1.870256308439628e+05 0.000000000000000e+00 0.000000000000000e+00 0.000000000000000e+00 1.857888666855606e+05 1.857888666855606e+05 0.000000000000000e+00
4.676121881218000e-03 1.856253677574144e+05 1.856253677574144e+05 0.000000000000000e+00 0.000000000000000e+00 0.000000000000000e+00 1.869376799861623e+05 0.000000000000000e+00 0.000000000000000e+00 0.000000000000000e+00 1.856957395994379e+05 1.856957395994379e+05 0.000000000000000e+00
4.703117427442000e-03 1.855217083997688e+05 1.855217083997688e+05 0.000000000000000e+00 0.000000000000000e+00 0.000000000000000e+00 1.868488767951804e+05 0.000000000000000e+00 0.000000000000000e+00 0.000000000000000e+00 1.856016812605218e+05 1.856016812605218e+05 0.000000000000000e+00
4.730268820656000e-03 1.854170348683823e+05 1.854170348683823e+05 0.000000000000000e+00 0.000000000000000e+00 0.000000000000000e+00 1.867592144545634e+05 0.000000000000000e+00 0.000000000000000e+00 0.000000000000000e+00 1.855066878379970e+05 1.855066878379970e+05 0.000000000000000e+00
4.757576960572000e-03 1.853113055066191e+05 1.853113055066191e+05 0.000000000000000e+00 0.000000000000000e+00 0.000000000000000e+00 1.866686801621210e+05 0.000000000000000e+00 0.000000000000000e+00 0.000000000000000e+00 1.854107324426266e+05 1.854107324426266e+05 0.000000000000000e+00
4.785042752101000e-03 1.852045526176260e+05 1.852045526176260e+05 0.000000000000000e+00 0.000000000000000e+00 0.000000000000000e+00 1.865772750988966e+05 0.000000000000000e+00 0.000000000000000e+00 0.000000000000000e+00 1.853138299260109e+05 1.853138299260109e+05 0.000000000000000e+00
4.812667105375000e-03 1.850967513650397e+05 1.850967513650397e+05 0.000000000000000e+00 0.000000000000000e+00 0.000000000000000e+00 1.864849910891830e+05 0.000000000000000e+00 0.000000000000000e+00 0.000000000000000e+00 1.852159647085165e+05 1.852159647085165e+05 0.000000000000000e+00
4.840450935781000e-03 1.849878862365313e+05 1.849878862365313e+05 0.000000000000000e+00 0.000000000000000e+00 0.000000000000000e+00 1.863918177850618e+05 0.000000000000000e+00 0.000000000000000e+00 0.000000000000000e+00 1.851171234623210e+05 1.851171234623210e+05 0.000000000000000e+00
4.868395163990000e-03 1.848779350986034e+05 1.848779350986034e+05 0.000000000000000e+00 0.000000000000000e+00 0.000000000000000e+00 1.862977399875374e+05 0.000000000000000e+00 0.000000000000000e+00 0.000000000000000e+00 1.850172895681926e+05 1.850172895681926e+05 0.000000000000000e+00
4.896500715989000e-03 1.847669509144772e+05 1.847669509144772e+05 0.000000000000000e+00 0.000000000000000e+00 0.000000000000000e+00 1.862027851878158e+05 0.000000000000000e+00 0.000000000000000e+00 0.000000000000000e+00 1.849164955446393e+05 1.849164955446393e+05 0.000000000000000e+00
4.924768523111000e-03 1.846548572090166e+05 1.846548572090166e+05 0.000000000000000e+00 0.000000000000000e+00 0.000000000000000e+00 1.861069106709106e+05 0.000000000000000e+00 0.000000000000000e+00 0.000000000000000e+00 1.848146899994940e+05 1.848146899994940e+05 0.000000000000000e+00
4.953199522064000e-03 1.845416722903588e+05 1.845416722903588e+05 0.000000000000000e+00 0.000000000000000e+00 0.000000000000000e+00 1.860101242048698e+05 0.000000000000000e+00 0.000000000000000e+00 0.000000000000000e+00 1.847118811977161e+05 1.847118811977161e+05 0.000000000000000e+00
4.981794654965000e-03 1.844273847843238e+05 1.844273847843238e+05 0.000000000000000e+00 0.000000000000000e+00 0.000000000000000e+00 1.859124135544517e+05 0.000000000000000e+00 0.000000000000000e+00 0.000000000000000e+00 1.846080580444434e+05 1.846080580444434e+05 0.000000000000000e+00
5.010554869370000e-03 1.843119943867885e+05 1.843119943867885e+05 0.000000000000000e+00 0.000000000000000e+00 0.000000000000000e+00 1.858137792653089e+05 0.000000000000000e+00 0.000000000000000e+00 0.000000000000000e+00 1.845032202853545e+05 1.845032202853545e+05 0.000000000000000e+00
5.039481118304000e-03 1.841954476939589e+05 1.841954476939589e+05 0.000000000000000e+00 0.000000000000000e+00 0.000000000000000e+00 1.857141865254565e+05 0.000000000000000e+00 0.000000000000000e+00 0.000000000000000e+00 1.843973251681963e+05 1.843973251681963e+05 0.000000000000000e+00
5.068574360296000e-03 1.840778252201584e+05 1.840778252201584e+05 0.000000000000000e+00 0.000000000000000e+00 0.000000000000000e+00 1.856136926248207e+05 0.000000000000000e+00 0.000000000000000e+00 0.000000000000000e+00 1.842904383617838e+05 1.842904383617838e+05 0.000000000000000e+00
5.097835559407000e-03 1.839590685248420e+05 1.839590685248420e+05 0.000000000000000e+00 0.000000000000000e+00 0.000000000000000e+00 1.855122448435554e+05 0.000000000000000e+00 0.000000000000000e+00 0.000000000000000e+00 1.841825020721585e+05 1.841825020721585e+05 0.000000000000000e+00
5.127265685264000e-03 1.838391235977344e+05 1.838391235977344e+05 0.000000000000000e+00 0.000000000000000e+00 0.000000000000000e+00 1.854098270647996e+05 0.000000000000000e+00 0.000000000000000e+00 0.000000000000000e+00 1.840734884696005e+05 1.840734884696005e+05 0.000000000000000e+00
5.156865713092000e-03 1.837180564960258e+05 1.837180564960258e+05 0.000000000000000e+00 0.000000000000000e+00 0.000000000000000e+00 1.853064570832948e+05 0.000000000000000e+00 0.000000000000000e+00 0.000000000000000e+00 1.839634321238751e+05 1.839634321238751e+05 0.000000000000000e+00
5.186636623745000e-03 1.835958252338929e+05 1.835958252338929e+05 0.000000000000000e+00 0.000000000000000e+00 0.000000000000000e+00 1.852021193134777e+05 0.000000000000000e+00 0.000000000000000e+00 0.000000000000000e+00 1.838523071691537e+05 1.838523071691537e+05 0.000000000000000e+00
5.216579403741000e-03 1.834724077033554e+05 1.834724077033554e+05 0.000000000000000e+00 0.000000000000000e+00 0.000000000000000e+00 1.850967890600372e+05 0.000000000000000e+00 0.000000000000000e+00 0.000000000000000e+00 1.837400890796458e+05 1.837400890796458e+05 0.000000000000000e+00
5.246695045292000e-03 1.833478493280639e+05 1.833478493280639e+05 0.000000000000000e+00 0.000000000000000e+00 0.000000000000000e+00 1.849905160693100e+05 0.000000000000000e+00 0.000000000000000e+00 0.000000000000000e+00 1.836268238545937e+05 1.836268238545937e+05 0.000000000000000e+00
5.276984546340000e-03 1.832220767674783e+05 1.832220767674783e+05 0.000000000000000e+00 0.000000000000000e+00 0.000000000000000e+00 1.848832341415929e+05 0.000000000000000e+00 0.000000000000000e+00 0.000000000000000e+00 1.835124446316954e+05 1.835124446316954e+05 0.000000000000000e+00
5.307448910585000e-03 1.830951087176626e+05 1.830951087176626e+05 0.000000000000000e+00 0.000000000000000e+00 0.000000000000000e+00 1.847749575614647e+05 0.000000000000000e+00 0.000000000000000e+00 0.000000000000000e+00 1.833969649949189e+05 1.833969649949189e+05 0.000000000000000e+00
5.338089147524000e-03 1.829669352164982e+05 1.829669352164982e+05 0.000000000000000e+00 0.000000000000000e+00 0.000000000000000e+00 1.846656802989940e+05 0.000000000000000e+00 0.000000000000000e+00 0.000000000000000e+00 1.832803772317229e+05 1.832803772317229e+05 0.000000000000000e+00
5.368906272482000e-03 1.828375448334058e+05 1.828375448334058e+05 0.000000000000000e+00 0.000000000000000e+00 0.000000000000000e+00 1.845553958459841e+05 0.000000000000000e+00 0.000000000000000e+00 0.000000000000000e+00 1.831626729437128e+05 1.831626729437128e+05 0.000000000000000e+00
5.399901306643000e-03 1.827069329905823e+05 1.827069329905823e+05 0.000000000000000e+00 0.000000000000000e+00 0.000000000000000e+00 1.844440964262314e+05 0.000000000000000e+00 0.000000000000000e+00 0.000000000000000e+00 1.830438438520312e+05 1.830438438520312e+05 0.000000000000000e+00
5.431075277090000e-03 1.825750931475417e+05 1.825750931475417e+05 0.000000000000000e+00 0.000000000000000e+00 0.000000000000000e+00 1.843317772205503e+05 0.000000000000000e+00 0.000000000000000e+00 0.000000000000000e+00 1.829238844900258e+05 1.829238844900258e+05 0.000000000000000e+00
5.462429216831000e-03 1.824420119380912e+05 1.824420119380912e+05 0.000000000000000e+00 0.000000000000000e+00 0.000000000000000e+00 1.842184309658390e+05 0.000000000000000e+00 0.000000000000000e+00 0.000000000000000e+00 1.828027853478118e+05 1.828027853478118e+05 0.000000000000000e+00
5.493964164843000e-03 1.823076830817944e+05 1.823076830817944e+05 0.000000000000000e+00 0.000000000000000e+00 0.000000000000000e+00 1.841040505324736e+05 0.000000000000000e+00 0.000000000000000e+00 0.000000000000000e+00 1.826805382413121e+05 1.826805382413121e+05 0.000000000000000e+00
5.525681166096000e-03 1.821721040605637e+05 1.821721040605637e+05 0.000000000000000e+00 0.000000000000000e+00 0.000000000000000e+00 1.839886314718248e+05 0.000000000000000e+00 0.000000000000000e+00 0.000000000000000e+00 1.825571389615757e+05 1.825571389615757e+05 0.000000000000000e+00
5.557581271595000e-03 1.820352395744329e+05 1.820352395744329e+05 0.000000000000000e+00 0.000000000000000e+00 0.000000000000000e+00 1.838721627528913e+05 0.000000000000000e+00 0.000000000000000e+00 0.000000000000000e+00 1.824325659992515e+05 1.824325659992515e+05 0.000000000000000e+00
5.589665538413000e-03 1.818971153481413e+05 1.818971153481413e+05 0.000000000000000e+00 0.000000000000000e+00 0.000000000000000e+00 1.837546409683933e+05 0.000000000000000e+00 0.000000000000000e+00 0.000000000000000e+00 1.823068283498172e+05 1.823068283498172e+05 0.000000000000000e+00
5.621935029725000e-03 1.817577015619849e+05 1.817577015619849e+05 0.000000000000000e+00 0.000000000000000e+00 0.000000000000000e+00 1.836360588833045e+05 0.000000000000000e+00 0.000000000000000e+00 0.000000000000000e+00 1.821799078720478e+05 1.821799078720478e+05 0.000000000000000e+00
5.654390814843000e-03 1.816169974666515e+05 1.816169974666515e+05 0.000000000000000e+00 0.000000000000000e+00 0.000000000000000e+00 1.835164108383350e+05 0.000000000000000e+00 0.000000000000000e+00 0.000000000000000e+00 1.820518000031674e+05 1.820518000031674e+05 0.000000000000000e+00
5.687033969254000e-03 1.814749910489329e+05 1.814749910489329e+05 0.000000000000000e+00 0.000000000000000e+00 0.000000000000000e+00 1.833956890152516e+05 0.000000000000000e+00 0.000000000000000e+00 0.000000000000000e+00 1.819224959124491e+05 1.819224959124491e+05 0.000000000000000e+00
5.719865574652000e-03 1.813316718988578e+05 1.813316718988578e+05 0.000000000000000e+00 0.000000000000000e+00 0.000000000000000e+00 1.832738866685091e+05 0.000000000000000e+00 0.000000000000000e+00 0.000000000000000e+00 1.817919868122993e+05 1.817919868122993e+05 0.000000000000000e+00
5.752886718975000e-03 1.811870367229435e+05 1.811870367229435e+05 0.000000000000000e+00 0.000000000000000e+00 0.000000000000000e+00 1.831509990610721e+05 0.000000000000000e+00 0.000000000000000e+00 0.000000000000000e+00 1.816602667603903e+05 1.816602667603903e+05 0.000000000000000e+00
5.786098496446000e-03 1.810410844824087e+05 1.810410844824087e+05 0.000000000000000e+00 0.000000000000000e+00 0.000000000000000e+00 1.830270202205208e+05 0.000000000000000e+00 0.000000000000000e+00 0.000000000000000e+00 1.815273321968303e+05 1.815273321968303e+05 0.000000000000000e+00
5.819502007600000e-03 1.808937812207684e+05 1.808937812207684e+05 0.000000000000000e+00 0.000000000000000e+00 0.000000000000000e+00 1.829019387429468e+05 0.000000000000000e+00 0.000000000000000e+00 0.000000000000000e+00 1.813931623023747e+05 1.813931623023747e+05 0.000000000000000e+00
5.853098359329000e-03 1.807451330415156e+05 1.807451330415156e+05 0.000000000000000e+00 0.000000000000000e+00 0.000000000000000e+00 1.827757529042650e+05 0.000000000000000e+00 0.000000000000000e+00 0.000000000000000e+00 1.812577579059978e+05 1.812577579059978e+05 0.000000000000000e+00
5.886888664913000e-03 1.805951209997866e+05 1.805951209997866e+05 0.000000000000000e+00 0.000000000000000e+00 0.000000000000000e+00 1.826484523305685e+05 0.000000000000000e+00 0.000000000000000e+00 0.000000000000000e+00 1.811211036766013e+05 1.811211036766013e+05 0.000000000000000e+00
5.920874044059000e-03 1.804437557576174e+05 1.804437557576174e+05 0.000000000000000e+00 0.000000000000000e+00 0.000000000000000e+00 1.825200352774523e+05 0.000000000000000e+00 0.000000000000000e+00 0.000000000000000e+00 1.809832036913261e+05 1.809832036913261e+05 0.000000000000000e+00
5.955055622941000e-03 1.802910218112774e+05 1.802910218112774e+05 0.000000000000000e+00 0.000000000000000e+00 0.000000000000000e+00 1.823904939748255e+05 0.000000000000000e+00 0.000000000000000e+00 0.000000000000000e+00 1.808440456294942e+05 1.808440456294942e+05 0.000000000000000e+00
5.989434534231000e-03 1.801368899840757e+05 1.801368899840757e+05 0.000000000000000e+00 0.000000000000000e+00 0.000000000000000e+00 1.822598178816320e+05 0.000000000000000e+00 0.000000000000000e+00 0.000000000000000e+00 1.807036117709903e+05 1.807036117709903e+05 0.000000000000000e+00
6.024011917142000e-03 1.799813796797223e+05 1.799813796797223e+05 0.000000000000000e+00 0.000000000000000e+00 0.000000000000000e+00 1.821280057462921e+05 0.000000000000000e+00 0.000000000000000e+00 0.000000000000000e+00 1.805619072637495e+05 1.805619072637495e+05 0.000000000000000e+00
6.058788917463000e-03 1.798244841494728e+05 1.798244841494728e+05 0.000000000000000e+00 0.000000000000000e+00 0.000000000000000e+00 1.819950541923132e+05 0.000000000000000e+00 0.000000000000000e+00 0.000000000000000e+00 1.804189283590238e+05 1.804189283590238e+05 0.000000000000000e+00
6.093766687598000e-03 1.796661646504214e+05 1.796661646504214e+05 0.000000000000000e+00 0.000000000000000e+00 0.000000000000000e+00 1.818609480967535e+05 0.000000000000000e+00 0.000000000000000e+00 0.000000000000000e+00 1.802746500070013e+05 1.802746500070013e+05 0.000000000000000e+00
6.128946386603000e-03 1.795064229855083e+05 1.795064229855083e+05 0.000000000000000e+00 0.000000000000000e+00 0.000000000000000e+00 1.817256850698194e+05 0.000000000000000e+00 0.000000000000000e+00 0.000000000000000e+00 1.801290693193880e+05 1.801290693193880e+05 0.000000000000000e+00
6.164329180227000e-03 1.793452777331814e+05 1.793452777331814e+05 0.000000000000000e+00 0.000000000000000e+00 0.000000000000000e+00 1.815892632992424e+05 0.000000000000000e+00 0.000000000000000e+00 0.000000000000000e+00 1.799821945313021e+05 1.799821945313021e+05 0.000000000000000e+00
6.199916240948000e-03 1.791826961546811e+05 1.791826961546811e+05 0.000000000000000e+00 0.000000000000000e+00 0.000000000000000e+00 1.814516721201382e+05 0.000000000000000e+00 0.000000000000000e+00 0.000000000000000e+00 1.798340036252680e+05 1.798340036252680e+05 0.000000000000000e+00
6.235708748013000e-03 1.790186603668520e+05 1.790186603668520e+05 0.000000000000000e+00 0.000000000000000e+00 0.000000000000000e+00 1.813129047724069e+05 0.000000000000000e+00 0.000000000000000e+00 0.000000000000000e+00 1.796844863777354e+05 1.796844863777354e+05 0.000000000000000e+00
6.271707887475000e-03 1.788532029350652e+05 1.788532029350652e+05 0.000000000000000e+00 0.000000000000000e+00 0.000000000000000e+00 1.811729628893102e+05 0.000000000000000e+00 0.000000000000000e+00 0.000000000000000e+00 1.795336555607266e+05 1.795336555607266e+05 0.000000000000000e+00
6.307914852238000e-03 1.786862601831175e+05 1.786862601831175e+05 0.000000000000000e+00 0.000000000000000e+00 0.000000000000000e+00 1.810318275841290e+05 0.000000000000000e+00 0.000000000000000e+00 0.000000000000000e+00 1.793814743527354e+05 1.793814743527354e+05 0.000000000000000e+00
6.344330842090000e-03 1.785178220852397e+05 1.785178220852397e+05 0.000000000000000e+00 0.000000000000000e+00 0.000000000000000e+00 1.808894969529925e+05 0.000000000000000e+00 0.000000000000000e+00 0.000000000000000e+00 1.792279381222102e+05 1.792279381222102e+05 0.000000000000000e+00
6.380957063745000e-03 1.783479251801317e+05 1.783479251801317e+05 0.000000000000000e+00 0.000000000000000e+00 0.000000000000000e+00 1.807459688779555e+05 0.000000000000000e+00 0.000000000000000e+00 0.000000000000000e+00 1.790730581559729e+05 1.790730581559729e+05 0.000000000000000e+00
6.417794730886000e-03 1.781765454614736e+05 1.781765454614736e+05 0.000000000000000e+00 0.000000000000000e+00 0.000000000000000e+00 1.806012377778532e+05 0.000000000000000e+00 0.000000000000000e+00 0.000000000000000e+00 1.789168222121782e+05 1.789168222121782e+05 0.000000000000000e+00
6.454845064199000e-03 1.780037054155545e+05 1.780037054155545e+05 0.000000000000000e+00 0.000000000000000e+00 0.000000000000000e+00 1.804553016514839e+05 0.000000000000000e+00 0.000000000000000e+00 0.000000000000000e+00 1.787592368381555e+05 1.787592368381555e+05 0.000000000000000e+00
6.492109291421000e-03 1.778293522418908e+05 1.778293522418908e+05 0.000000000000000e+00 0.000000000000000e+00 0.000000000000000e+00 1.803081502713107e+05 0.000000000000000e+00 0.000000000000000e+00 0.000000000000000e+00 1.786002750212544e+05 1.786002750212544e+05 0.000000000000000e+00
6.529588647375000e-03 1.776534786158297e+05 1.776534786158297e+05 0.000000000000000e+00 0.000000000000000e+00 0.000000000000000e+00 1.801597746620144e+05 0.000000000000000e+00 0.000000000000000e+00 0.000000000000000e+00 1.784399287457140e+05 1.784399287457140e+05 0.000000000000000e+00
6.567284374012000e-03 1.774760900255456e+05 1.774760900255456e+05 0.000000000000000e+00 0.000000000000000e+00 0.000000000000000e+00 1.800101725756513e+05 0.000000000000000e+00 0.000000000000000e+00 0.000000000000000e+00 1.782781971322687e+05 1.782781971322687e+05 0.000000000000000e+00
6.605197720453000e-03 1.772971677666538e+05 1.772971677666538e+05 0.000000000000000e+00 0.000000000000000e+00 0.000000000000000e+00 1.798593360851390e+05 0.000000000000000e+00 0.000000000000000e+00 0.000000000000000e+00 1.781150692251137e+05 1.781150692251137e+05 0.000000000000000e+00
6.643329943032000e-03 1.771167083319112e+05 1.771167083319112e+05 0.000000000000000e+00 0.000000000000000e+00 0.000000000000000e+00 1.797072612718702e+05 0.000000000000000e+00 0.000000000000000e+00 0.000000000000000e+00 1.779505406884185e+05 1.779505406884185e+05 0.000000000000000e+00
6.681682305335000e-03 1.769347024340248e+05 1.769347024340248e+05 0.000000000000000e+00 0.000000000000000e+00 0.000000000000000e+00 1.795539414336024e+05 0.000000000000000e+00 0.000000000000000e+00 0.000000000000000e+00 1.777846031963548e+05 1.777846031963548e+05 0.000000000000000e+00
6.720256078241000e-03 1.767511765533123e+05 1.767511765533123e+05 0.000000000000000e+00 0.000000000000000e+00 0.000000000000000e+00 1.793993798501235e+05 0.000000000000000e+00 0.000000000000000e+00 0.000000000000000e+00 1.776172675929078e+05 1.776172675929078e+05 0.000000000000000e+00
6.759052539968000e-03 1.765660601188497e+05 1.765660601188497e+05 0.000000000000000e+00 0.000000000000000e+00 0.000000000000000e+00 1.792435564016967e+05 0.000000000000000e+00 0.000000000000000e+00 0.000000000000000e+00 1.774484967898214e+05 1.774484967898214e+05 0.000000000000000e+00
6.798072976114000e-03 1.763793769047931e+05 1.763793769047931e+05 0.000000000000000e+00 0.000000000000000e+00 0.000000000000000e+00 1.790864743693475e+05 0.000000000000000e+00 0.000000000000000e+00 0.000000000000000e+00 1.772783000508454e+05 1.772783000508454e+05 0.000000000000000e+00
6.837318679695000e-03 1.761911140710834e+05 1.761911140710834e+05 0.000000000000000e+00 0.000000000000000e+00 0.000000000000000e+00 1.789281263526143e+05 0.000000000000000e+00 0.000000000000000e+00 0.000000000000000e+00 1.771066681224785e+05 1.771066681224785e+05 0.000000000000000e+00
6.876790951196000e-03 1.760012478899105e+05 1.760012478899105e+05 0.000000000000000e+00 0.000000000000000e+00 0.000000000000000e+00 1.787685030889130e+05 0.000000000000000e+00 0.000000000000000e+00 0.000000000000000e+00 1.769335864609541e+05 1.769335864609541e+05 0.000000000000000e+00
6.916491098607000e-03 1.758098159681270e+05 1.758098159681270e+05 0.000000000000000e+00 0.000000000000000e+00 0.000000000000000e+00 1.786076131050409e+05 0.000000000000000e+00 0.000000000000000e+00 0.000000000000000e+00 1.767590733003204e+05 1.767590733003204e+05 0.000000000000000e+00
6.956420437470000e-03 1.756167762245267e+05 1.756167762245267e+05 0.000000000000000e+00 0.000000000000000e+00 0.000000000000000e+00 1.784454394716550e+05 0.000000000000000e+00 0.000000000000000e+00 0.000000000000000e+00 1.765831039669783e+05 1.765831039669783e+05 0.000000000000000e+00
6.996580290922000e-03 1.754221281714005e+05 1.754221281714005e+05 0.000000000000000e+00 0.000000000000000e+00 0.000000000000000e+00 1.782819805966613e+05 0.000000000000000e+00 0.000000000000000e+00 0.000000000000000e+00 1.764056754315169e+05 1.764056754315169e+05 0.000000000000000e+00
7.036971989739000e-03 1.752258642843972e+05 1.752258642843972e+05 0.000000000000000e+00 0.000000000000000e+00 0.000000000000000e+00 1.781172319317083e+05 0.000000000000000e+00 0.000000000000000e+00 0.000000000000000e+00 1.762267827611868e+05 1.762267827611868e+05 0.000000000000000e+00
7.077596872377000e-03 1.750279907469907e+05 1.750279907469907e+05 0.000000000000000e+00 0.000000000000000e+00 0.000000000000000e+00 1.779511899240116e+05 0.000000000000000e+00 0.000000000000000e+00 0.000000000000000e+00 1.760464261543075e+05 1.760464261543075e+05 0.000000000000000e+00
7.118456285022000e-03 1.748284711793083e+05 1.748284711793083e+05 0.000000000000000e+00 0.000000000000000e+00 0.000000000000000e+00 1.777838484643041e+05 0.000000000000000e+00 0.000000000000000e+00 0.000000000000000e+00 1.758645884014977e+05 1.758645884014977e+05 0.000000000000000e+00
7.159551581631000e-03 1.746273102256939e+05 1.746273102256939e+05 0.000000000000000e+00 0.000000000000000e+00 0.000000000000000e+00 1.776151984769554e+05 0.000000000000000e+00 0.000000000000000e+00 0.000000000000000e+00 1.756812653783884e+05 1.756812653783884e+05 0.000000000000000e+00
7.200884123975000e-03 1.744245027257627e+05 1.744245027257627e+05 0.000000000000000e+00 0.000000000000000e+00 0.000000000000000e+00 1.774452418782910e+05 0.000000000000000e+00 0.000000000000000e+00 0.000000000000000e+00 1.754964564616948e+05 1.754964564616948e+05 0.000000000000000e+00
7.242455281691000e-03 1.742200429165734e+05 1.742200429165734e+05 0.000000000000000e+00 0.000000000000000e+00 0.000000000000000e+00 1.772739717469968e+05 0.000000000000000e+00 0.000000000000000e+00 0.000000000000000e+00 1.753101551831175e+05 1.753101551831175e+05 0.000000000000000e+00
7.284266432320000e-03 1.740138818663007e+05 1.740138818663007e+05 0.000000000000000e+00 0.000000000000000e+00 0.000000000000000e+00 1.771013755098330e+05 0.000000000000000e+00 0.000000000000000e+00 0.000000000000000e+00 1.751223365548866e+05 1.751223365548866e+05 0.000000000000000e+00
7.326318961355000e-03 1.738060637271152e+05 1.738060637271152e+05 0.000000000000000e+00 0.000000000000000e+00 0.000000000000000e+00 1.769274593373395e+05 0.000000000000000e+00 0.000000000000000e+00 0.000000000000000e+00 1.749330204572298e+05 1.749330204572298e+05 0.000000000000000e+00
7.368614262290000e-03 1.735965814498717e+05 1.735965814498717e+05 0.000000000000000e+00 0.000000000000000e+00 0.000000000000000e+00 1.767522195018630e+05 0.000000000000000e+00 0.000000000000000e+00 0.000000000000000e+00 1.747422018055897e+05 1.747422018055897e+05 0.000000000000000e+00
7.411153736662000e-03 1.733854122441938e+05 1.733854122441938e+05 0.000000000000000e+00 0.000000000000000e+00 0.000000000000000e+00 1.765756483592038e+05 0.000000000000000e+00 0.000000000000000e+00 0.000000000000000e+00 1.745498680138704e+05 1.745498680138704e+05 0.000000000000000e+00
7.453938794099000e-03 1.731725900302272e+05 1.731725900302272e+05 0.000000000000000e+00 0.000000000000000e+00 0.000000000000000e+00 1.763977502082016e+05 0.000000000000000e+00 0.000000000000000e+00 0.000000000000000e+00 1.743560341009116e+05 1.743560341009116e+05 0.000000000000000e+00
7.496970852368000e-03 1.729580411661308e+05 1.729580411661308e+05 0.000000000000000e+00 0.000000000000000e+00 0.000000000000000e+00 1.762185073565176e+05 0.000000000000000e+00 0.000000000000000e+00 0.000000000000000e+00 1.741606629934657e+05 1.741606629934657e+05 0.000000000000000e+00
7.540251337421000e-03 1.727417261622796e+05 1.727417261622796e+05 0.000000000000000e+00 0.000000000000000e+00 0.000000000000000e+00 1.760379088936035e+05 0.000000000000000e+00 0.000000000000000e+00 0.000000000000000e+00 1.739637347481051e+05 1.739637347481051e+05 0.000000000000000e+00
7.583781683441000e-03 1.725237438543985e+05 1.725237438543985e+05 0.000000000000000e+00 0.000000000000000e+00 0.000000000000000e+00 1.758559743160561e+05 0.000000000000000e+00 0.000000000000000e+00 0.000000000000000e+00 1.737652963624101e+05 1.737652963624101e+05 0.000000000000000e+00
7.627563332891000e-03 1.723040370996209e+05 1.723040370996209e+05 0.000000000000000e+00 0.000000000000000e+00 0.000000000000000e+00 1.756726862416814e+05 0.000000000000000e+00 0.000000000000000e+00 0.000000000000000e+00 1.735653173523110e+05 1.735653173523110e+05 0.000000000000000e+00
7.671597736562000e-03 1.720825465101248e+05 1.720825465101248e+05 0.000000000000000e+00 0.000000000000000e+00 0.000000000000000e+00 1.754880326468454e+05 0.000000000000000e+00 0.000000000000000e+00 0.000000000000000e+00 1.733637702476494e+05 1.733637702476494e+05 0.000000000000000e+00
7.715886353619000e-03 1.718593789198758e+05 1.718593789198758e+05 0.000000000000000e+00 0.000000000000000e+00 0.000000000000000e+00 1.753020312315753e+05 0.000000000000000e+00 0.000000000000000e+00 0.000000000000000e+00 1.731607035481367e+05 1.731607035481367e+05 0.000000000000000e+00
7.760430651652000e-03 1.716344643877994e+05 1.716344643877994e+05 0.000000000000000e+00 0.000000000000000e+00 0.000000000000000e+00 1.751146710715562e+05 0.000000000000000e+00 0.000000000000000e+00 0.000000000000000e+00 1.729560867976771e+05 1.729560867976771e+05 0.000000000000000e+00
7.805232106725000e-03 1.714078529686738e+05 1.714078529686738e+05 0.000000000000000e+00 0.000000000000000e+00 0.000000000000000e+00 1.749259541801987e+05 0.000000000000000e+00 0.000000000000000e+00 0.000000000000000e+00 1.727499394838203e+05 1.727499394838203e+05 0.000000000000000e+00
7.850292203420000e-03 1.711794305611403e+05 1.711794305611403e+05 0.000000000000000e+00 0.000000000000000e+00 0.000000000000000e+00 1.747358564834441e+05 0.000000000000000e+00 0.000000000000000e+00 0.000000000000000e+00 1.725422073910688e+05 1.725422073910688e+05 0.000000000000000e+00
7.895612434893000e-03 1.709492554912656e+05 1.709492554912656e+05 0.000000000000000e+00 0.000000000000000e+00 0.000000000000000e+00 1.745443903307891e+05 0.000000000000000e+00 0.000000000000000e+00 0.000000000000000e+00 1.723329189926321e+05 1.723329189926321e+05 0.000000000000000e+00
7.941194302916999e-03 1.707173034408708e+05 1.707173034408708e+05 0.000000000000000e+00 0.000000000000000e+00 0.000000000000000e+00 1.743515458557772e+05 0.000000000000000e+00 0.000000000000000e+00 0.000000000000000e+00 1.721220604652403e+05 1.721220604652403e+05 0.000000000000000e+00
7.987039317936000e-03 1.704835458342811e+05 1.704835458342811e+05 0.000000000000000e+00 0.000000000000000e+00 0.000000000000000e+00 1.741573188224779e+05 0.000000000000000e+00 0.000000000000000e+00 0.000000000000000e+00 1.719096209384708e+05 1.719096209384708e+05 0.000000000000000e+00
8.033148999116000e-03 1.702480391820727e+05 1.702480391820727e+05 0.000000000000000e+00 0.000000000000000e+00 0.000000000000000e+00 1.739617158535458e+05 0.000000000000000e+00 0.000000000000000e+00 0.000000000000000e+00 1.716956244263390e+05 1.716956244263390e+05 0.000000000000000e+00
8.079524874391000e-03 1.700107918708377e+05 1.700107918708377e+05 0.000000000000000e+00 0.000000000000000e+00 0.000000000000000e+00 1.737647393502795e+05 0.000000000000000e+00 0.000000000000000e+00 0.000000000000000e+00 1.714800755861841e+05 1.714800755861841e+05 0.000000000000000e+00
8.126168480514000e-03 1.697716240488700e+05 1.697716240488700e+05 0.000000000000000e+00 0.000000000000000e+00 0.000000000000000e+00 1.735663487630476e+05 0.000000000000000e+00 0.000000000000000e+00 0.000000000000000e+00 1.712628900635031e+05 1.712628900635031e+05 0.000000000000000e+00
8.173081363115000e-03 1.695307261597280e+05 1.695307261597280e+05 0.000000000000000e+00 0.000000000000000e+00 0.000000000000000e+00 1.733665835284238e+05 0.000000000000000e+00 0.000000000000000e+00 0.000000000000000e+00 1.710441577644248e+05 1.710441577644248e+05 0.000000000000000e+00
8.220265076743000e-03 1.692880351020015e+05 1.692880351020015e+05 0.000000000000000e+00 0.000000000000000e+00 0.000000000000000e+00 1.731654289118898e+05 0.000000000000000e+00 0.000000000000000e+00 0.000000000000000e+00 1.708238489902968e+05 1.708238489902968e+05 0.000000000000000e+00
8.267721184922000e-03 1.690434502489120e+05 1.690434502489120e+05 0.000000000000000e+00 0.000000000000000e+00 0.000000000000000e+00 1.729628619708527e+05 0.000000000000000e+00 0.000000000000000e+00 0.000000000000000e+00 1.706019178698355e+05 1.706019178698355e+05 0.000000000000000e+00
8.315451260203000e-03 1.687970976909323e+05 1.687970976909323e+05 0.000000000000000e+00 0.000000000000000e+00 0.000000000000000e+00 1.727589080510565e+05 0.000000000000000e+00 0.000000000000000e+00 0.000000000000000e+00 1.703784226035223e+05 1.703784226035223e+05 0.000000000000000e+00
8.363456884216001e-03 1.685489815191097e+05 1.685489815191097e+05 0.000000000000000e+00 0.000000000000000e+00 0.000000000000000e+00 1.725535674894865e+05 0.000000000000000e+00 0.000000000000000e+00 0.000000000000000e+00 1.701533663138243e+05 1.701533663138243e+05 0.000000000000000e+00
8.411739647721000e-03 1.682989709719815e+05 1.682989709719815e+05 0.000000000000000e+00 0.000000000000000e+00 0.000000000000000e+00 1.723468114408107e+05 0.000000000000000e+00 0.000000000000000e+00 0.000000000000000e+00 1.699266890338191e+05 1.699266890338191e+05 0.000000000000000e+00
8.460301150662000e-03 1.680471206606493e+05 1.680471206606493e+05 0.000000000000000e+00 0.000000000000000e+00 0.000000000000000e+00 1.721386499672459e+05 0.000000000000000e+00 0.000000000000000e+00 0.000000000000000e+00 1.696984172144054e+05 1.696984172144054e+05 0.000000000000000e+00
8.509143002218000e-03 1.677933800711845e+05 1.677933800711845e+05 0.000000000000000e+00 0.000000000000000e+00 0.000000000000000e+00 1.719290701960175e+05 0.000000000000000e+00 0.000000000000000e+00 0.000000000000000e+00 1.694685270995838e+05 1.694685270995838e+05 0.000000000000000e+00
8.558266820861001e-03 1.675378522039090e+05 1.675378522039090e+05 0.000000000000000e+00 0.000000000000000e+00 0.000000000000000e+00 1.717180976335273e+05 0.000000000000000e+00 0.000000000000000e+00 0.000000000000000e+00 1.692370713139622e+05 1.692370713139622e+05 0.000000000000000e+00
8.607674234403000e-03 1.672804263615535e+05 1.672804263615535e+05 0.000000000000000e+00 0.000000000000000e+00 0.000000000000000e+00 1.715057027754694e+05 0.000000000000000e+00 0.000000000000000e+00 0.000000000000000e+00 1.690039954784705e+05 1.690039954784705e+05 0.000000000000000e+00
8.657366880056999e-03 1.670211989532775e+05 1.670211989532775e+05 0.000000000000000e+00 0.000000000000000e+00 0.000000000000000e+00 1.712919088802496e+05 0.000000000000000e+00 0.000000000000000e+00 0.000000000000000e+00 1.687693483300201e+05 1.687693483300201e+05 0.000000000000000e+00
8.707346404485001e-03 1.667600821729553e+05 1.667600821729553e+05 0.000000000000000e+00 0.000000000000000e+00 0.000000000000000e+00 1.710766943670102e+05 0.000000000000000e+00 0.000000000000000e+00 0.000000000000000e+00 1.685330889387283e+05 1.685330889387283e+05 0.000000000000000e+00
8.757614463856001e-03 1.664970727018948e+05 1.664970727018948e+05 0.000000000000000e+00 0.000000000000000e+00 0.000000000000000e+00 1.708600621976377e+05 0.000000000000000e+00 0.000000000000000e+00 0.000000000000000e+00 1.682952204207788e+05 1.682952204207788e+05 0.000000000000000e+00
8.808172723900000e-03 1.662321946470272e+05 1.662321946470272e+05 0.000000000000000e+00 0.000000000000000e+00 0.000000000000000e+00 1.706420124755607e+05 0.000000000000000e+00 0.000000000000000e+00 0.000000000000000e+00 1.680557533717372e+05 1.680557533717372e+05 0.000000000000000e+00
8.859022859966001e-03 1.659654204028290e+05 1.659654204028290e+05 0.000000000000000e+00 0.000000000000000e+00 0.000000000000000e+00 1.704225388777160e+05 0.000000000000000e+00 0.000000000000000e+00 0.000000000000000e+00 1.678146759907063e+05 1.678146759907063e+05 0.000000000000000e+00
8.910166557070000e-03 1.656967831240275e+05 1.656967831240275e+05 0.000000000000000e+00 0.000000000000000e+00 0.000000000000000e+00 1.702016476723574e+05 0.000000000000000e+00 0.000000000000000e+00 0.000000000000000e+00 1.675720056389608e+05 1.675720056389608e+05 0.000000000000000e+00
8.961605509960001e-03 1.654262033274993e+05 1.654262033274993e+05 0.000000000000000e+00 0.000000000000000e+00 0.000000000000000e+00 1.699793229158819e+05 0.000000000000000e+00 0.000000000000000e+00 0.000000000000000e+00 1.673277094406307e+05 1.673277094406307e+05 0.000000000000000e+00
9.013341423166000e-03 1.651537752955798e+05 1.651537752955798e+05 0.000000000000000e+00 0.000000000000000e+00 0.000000000000000e+00 1.697555913489782e+05 0.000000000000000e+00 0.000000000000000e+00 0.000000000000000e+00 1.670818366369693e+05 1.670818366369693e+05 0.000000000000000e+00
9.065376011058000e-03 1.648794366386378e+05 1.648794366386378e+05 0.000000000000000e+00 0.000000000000000e+00 0.000000000000000e+00 1.695304288578377e+05 0.000000000000000e+00 0.000000000000000e+00 0.000000000000000e+00 1.668343546834168e+05 1.668343546834168e+05 0.000000000000000e+00
9.117710997904000e-03 1.646032013703267e+05 1.646032013703267e+05 0.000000000000000e+00 0.000000000000000e+00 0.000000000000000e+00 1.693038446222848e+05 0.000000000000000e+00 0.000000000000000e+00 0.000000000000000e+00 1.665852755624841e+05 1.665852755624841e+05 0.000000000000000e+00
9.170348117927000e-03 1.643250459572739e+05 1.643250459572739e+05 0.000000000000000e+00 0.000000000000000e+00 0.000000000000000e+00 1.690758303570882e+05 0.000000000000000e+00 0.000000000000000e+00 0.000000000000000e+00 1.663345909380601e+05 1.663345909380601e+05 0.000000000000000e+00
9.223289115358999e-03 1.640449801915098e+05 1.640449801915098e+05 0.000000000000000e+00 0.000000000000000e+00 0.000000000000000e+00 1.688463904556853e+05 0.000000000000000e+00 0.000000000000000e+00 0.000000000000000e+00 1.660823079685203e+05 1.660823079685203e+05 0.000000000000000e+00
9.276535744505999e-03 1.637629752780851e+05 1.637629752780851e+05 0.000000000000000e+00 0.000000000000000e+00 0.000000000000000e+00 1.686155179771428e+05 0.000000000000000e+00 0.000000000000000e+00 0.000000000000000e+00 1.658284163139597e+05 1.658284163139597e+05 0.000000000000000e+00
9.330089769797000e-03 1.634790515314657e+05 1.634790515314657e+05 0.000000000000000e+00 0.000000000000000e+00 0.000000000000000e+00 1.683832177131168e+05 0.000000000000000e+00 0.000000000000000e+00 0.000000000000000e+00 1.655729287692413e+05 1.655729287692413e+05 0.000000000000000e+00
9.383952965849001e-03 1.631931969481133e+05 1.631931969481133e+05 0.000000000000000e+00 0.000000000000000e+00 0.000000000000000e+00 1.681494869386454e+05 0.000000000000000e+00 0.000000000000000e+00 0.000000000000000e+00 1.653158421929957e+05 1.653158421929957e+05 0.000000000000000e+00
9.438127117527000e-03 1.629053942177940e+05 1.629053942177940e+05 0.000000000000000e+00 0.000000000000000e+00 0.000000000000000e+00 1.679143219634662e+05 0.000000000000000e+00 0.000000000000000e+00 0.000000000000000e+00 1.650571533193350e+05 1.650571533193350e+05 0.000000000000000e+00
9.492614019995000e-03 1.626156609780847e+05 1.626156609780847e+05 0.000000000000000e+00 0.000000000000000e+00 0.000000000000000e+00 1.676777278444405e+05 0.000000000000000e+00 0.000000000000000e+00 0.000000000000000e+00 1.647968728761501e+05 1.647968728761501e+05 0.000000000000000e+00
9.547415478782999e-03 1.623239279353764e+05 1.623239279353764e+05 0.000000000000000e+00 0.000000000000000e+00 0.000000000000000e+00 1.674396898590025e+05 0.000000000000000e+00 0.000000000000000e+00 0.000000000000000e+00 1.645349721348031e+05 1.645349721348031e+05 0.000000000000000e+00
9.602533309845999e-03 1.620303582909720e+05 1.620303582909720e+05 0.000000000000000e+00 0.000000000000000e+00 0.000000000000000e+00 1.672002436066642e+05 0.000000000000000e+00 0.000000000000000e+00 0.000000000000000e+00 1.642715319560853e+05 1.642715319560853e+05 0.000000000000000e+00
9.657969339619999e-03 1.617347656160111e+05 1.617347656160111e+05 0.000000000000000e+00 0.000000000000000e+00 0.000000000000000e+00 1.669593482917192e+05 0.000000000000000e+00 0.000000000000000e+00 0.000000000000000e+00 1.640064680521003e+05 1.640064680521003e+05 0.000000000000000e+00
9.713725405086001e-03 1.614372303208008e+05 1.614372303208008e+05 0.000000000000000e+00 0.000000000000000e+00 0.000000000000000e+00 1.667170234088778e+05 0.000000000000000e+00 0.000000000000000e+00 0.000000000000000e+00 1.637398222243505e+05 1.637398222243505e+05 0.000000000000000e+00
9.769803353832001e-03 1.611377318307233e+05 1.611377318307233e+05 0.000000000000000e+00 0.000000000000000e+00 0.000000000000000e+00 1.664732641186693e+05 0.000000000000000e+00 0.000000000000000e+00 0.000000000000000e+00 1.634715891060538e+05 1.634715891060538e+05 0.000000000000000e+00
9.826205044108000e-03 1.608363639330161e+05 1.608363639330161e+05 0.000000000000000e+00 0.000000000000000e+00 0.000000000000000e+00 1.662280935418307e+05 0.000000000000000e+00 0.000000000000000e+00 0.000000000000000e+00 1.632018166032124e+05 1.632018166032124e+05 0.000000000000000e+00
9.882932344895000e-03 1.605328629588420e+05 1.605328629588420e+05 0.000000000000000e+00 0.000000000000000e+00 0.000000000000000e+00 1.659814511453087e+05 0.000000000000000e+00 0.000000000000000e+00 0.000000000000000e+00 1.629303872408379e+05 1.629303872408379e+05 0.000000000000000e+00
9.939987135964000e-03 1.602274618204690e+05 1.602274618204690e+05 0.000000000000000e+00 0.000000000000000e+00 0.000000000000000e+00 1.657333912243108e+05 0.000000000000000e+00 0.000000000000000e+00 0.000000000000000e+00 1.626574122546656e+05 1.626574122546656e+05 0.000000000000000e+00
9.997371307937000e-03 1.599201132006184e+05 1.599201132006184e+05 0.000000000000000e+00 0.000000000000000e+00 0.000000000000000e+00 1.654839049425457e+05 0.000000000000000e+00 0.000000000000000e+00 0.000000000000000e+00 1.623828759648504e+05 1.623828759648504e+05 0.000000000000000e+00
1.005508676235000e-02 1.596106729081258e+05 1.596106729081258e+05 0.000000000000000e+00 0.000000000000000e+00 0.000000000000000e+00 1.652329589633070e+05 0.000000000000000e+00 0.000000000000000e+00 0.000000000000000e+00 1.621067150054618e+05 1.621067150054618e+05 0.000000000000000e+00
1.011313541172000e-02 1.592993320672322e+05 1.592993320672322e+05 0.000000000000000e+00 0.000000000000000e+00 0.000000000000000e+00 1.649805976549181e+05 0.000000000000000e+00 0.000000000000000e+00 0.000000000000000e+00 1.618290220864165e+05 1.618290220864165e+05 0.000000000000000e+00
1.017151917959000e-02 1.589859875959427e+05 1.589859875959427e+05 0.000000000000000e+00 0.000000000000000e+00 0.000000000000000e+00 1.647267984782212e+05 0.000000000000000e+00 0.000000000000000e+00 0.000000000000000e+00 1.615497550226222e+05 1.615497550226222e+05 0.000000000000000e+00
1.023024000064000e-02 1.586706810742030e+05 1.586706810742030e+05 0.000000000000000e+00 0.000000000000000e+00 0.000000000000000e+00 1.644715701384475e+05 0.000000000000000e+00 0.000000000000000e+00 0.000000000000000e+00 1.612689363327598e+05 1.612689363327598e+05 0.000000000000000e+00
1.028929982069000e-02 1.583533847241054e+05 1.583533847241054e+05 0.000000000000000e+00 0.000000000000000e+00 0.000000000000000e+00 1.642149155402141e+05 0.000000000000000e+00 0.000000000000000e+00 0.000000000000000e+00 1.609865635670396e+05 1.609865635670396e+05 0.000000000000000e+00
1.034870059680000e-02 1.580340632506718e+05 1.580340632506718e+05 0.000000000000000e+00 0.000000000000000e+00 0.000000000000000e+00 1.639568218655293e+05 0.000000000000000e+00 0.000000000000000e+00 0.000000000000000e+00 1.607026217608032e+05 1.607026217608032e+05 0.000000000000000e+00
1.040844429733000e-02 1.577127319728367e+05 1.577127319728367e+05 0.000000000000000e+00 0.000000000000000e+00 0.000000000000000e+00 1.636972864893794e+05 0.000000000000000e+00 0.000000000000000e+00 0.000000000000000e+00 1.604171191605161e+05 1.604171191605161e+05 0.000000000000000e+00
1.046853290201000e-02 1.573894167599456e+05 1.573894167599456e+05 0.000000000000000e+00 0.000000000000000e+00 0.000000000000000e+00 1.634363277377289e+05 0.000000000000000e+00 0.000000000000000e+00 0.000000000000000e+00 1.601300799265614e+05 1.601300799265614e+05 0.000000000000000e+00
1.052896840198000e-02 1.570640756933742e+05 1.570640756933742e+05 0.000000000000000e+00 0.000000000000000e+00 0.000000000000000e+00 1.631739326249266e+05 0.000000000000000e+00 0.000000000000000e+00 0.000000000000000e+00 1.598414873097957e+05 1.598414873097957e+05 0.000000000000000e+00
1.058975279991000e-02 1.567367664882247e+05 1.567367664882247e+05 0.000000000000000e+00 0.000000000000000e+00 0.000000000000000e+00 1.629101166764471e+05 0.000000000000000e+00 0.000000000000000e+00 0.000000000000000e+00 1.595513733541495e+05 1.595513733541495e+05 0.000000000000000e+00
1.065088811000000e-02 1.564074093956647e+05 1.564074093956647e+05 0.000000000000000e+00 0.000000000000000e+00 0.000000000000000e+00 1.626448598491728e+05 0.000000000000000e+00 0.000000000000000e+00 0.000000000000000e+00 1.592597073144162e+05 1.592597073144162e+05 0.000000000000000e+00
1.071237635808000e-02 1.560759577727502e+05 1.560759577727502e+05 0.000000000000000e+00 0.000000000000000e+00 0.000000000000000e+00 1.623781546631819e+05 0.000000000000000e+00 0.000000000000000e+00 0.000000000000000e+00 1.589664718404084e+05 1.589664718404084e+05 0.000000000000000e+00
1.077421958170000e-02 1.557425312286639e+05 1.557425312286639e+05 0.000000000000000e+00 0.000000000000000e+00 0.000000000000000e+00 1.621100302929969e+05 0.000000000000000e+00 0.000000000000000e+00 0.000000000000000e+00 1.586717277603926e+05 1.586717277603926e+05 0.000000000000000e+00
1.083641983014000e-02 1.554070916846509e+05 1.554070916846509e+05 0.000000000000000e+00 0.000000000000000e+00 0.000000000000000e+00 1.618404786946384e+05 0.000000000000000e+00 0.000000000000000e+00 0.000000000000000e+00 1.583754641604212e+05 1.583754641604212e+05 0.000000000000000e+00
1.089897916453000e-02 1.550696118637437e+05 1.550696118637437e+05 0.000000000000000e+00 0.000000000000000e+00 0.000000000000000e+00 1.615694937283302e+05 0.000000000000000e+00 0.000000000000000e+00 0.000000000000000e+00 1.580776754762152e+05 1.580776754762152e+05 0.000000000000000e+00
1.096189965790000e-02 1.547301239315232e+05 1.547301239315232e+05 0.000000000000000e+00 0.000000000000000e+00 0.000000000000000e+00 1.612970859026541e+05 0.000000000000000e+00 0.000000000000000e+00 0.000000000000000e+00 1.577783794946435e+05 1.577783794946435e+05 0.000000000000000e+00
1.102518339524000e-02 1.543885889829206e+05 1.543885889829206e+05 0.000000000000000e+00 0.000000000000000e+00 0.000000000000000e+00 1.610232468048228e+05 0.000000000000000e+00 0.000000000000000e+00 0.000000000000000e+00 1.574775677713537e+05 1.574775677713537e+05 0.000000000000000e+00
1.108883247359000e-02 1.540450228706765e+05 1.540450228706765e+05 0.000000000000000e+00 0.000000000000000e+00 0.000000000000000e+00 1.607479801785664e+05 0.000000000000000e+00 0.000000000000000e+00 0.000000000000000e+00 1.571752485237503e+05 1.571752485237503e+05 0.000000000000000e+00
1.115284900208000e-02 1.536994044171112e+05 1.536994044171112e+05 0.000000000000000e+00 0.000000000000000e+00 0.000000000000000e+00 1.604712841444199e+05 0.000000000000000e+00 0.000000000000000e+00 0.000000000000000e+00 1.568714214415491e+05 1.568714214415491e+05 0.000000000000000e+00
1.121723510201000e-02 1.533518035995875e+05 1.533518035995875e+05 0.000000000000000e+00 0.000000000000000e+00 0.000000000000000e+00 1.601931749805322e+05 0.000000000000000e+00 0.000000000000000e+00 0.000000000000000e+00 1.565661176697854e+05 1.565661176697854e+05 0.000000000000000e+00
1.128199290696000e-02 1.530019550551168e+05 1.530019550551168e+05 0.000000000000000e+00 0.000000000000000e+00 0.000000000000000e+00 1.599135918631829e+05 0.000000000000000e+00 0.000000000000000e+00 0.000000000000000e+00 1.562592353899818e+05 1.562592353899818e+05 0.000000000000000e+00
1.134712456280000e-02 1.526502630927250e+05 1.526502630927250e+05 0.000000000000000e+00 0.000000000000000e+00 0.000000000000000e+00 1.596326309804182e+05 0.000000000000000e+00 0.000000000000000e+00 0.000000000000000e+00 1.559509545924509e+05 1.559509545924509e+05 0.000000000000000e+00
1.141263222779000e-02 1.522964275866100e+05 1.522964275866100e+05 0.000000000000000e+00 0.000000000000000e+00 0.000000000000000e+00 1.593502231105091e+05 0.000000000000000e+00 0.000000000000000e+00 0.000000000000000e+00 1.556411452012578e+05 1.556411452012578e+05 0.000000000000000e+00
1.147851807266000e-02 1.519405894500786e+05 1.519405894500786e+05 0.000000000000000e+00 0.000000000000000e+00 0.000000000000000e+00 1.590664028284969e+05 0.000000000000000e+00 0.000000000000000e+00 0.000000000000000e+00 1.553298805349664e+05 1.553298805349664e+05 0.000000000000000e+00
1.154478428066000e-02 1.515826261148843e+05 1.515826261148843e+05 0.000000000000000e+00 0.000000000000000e+00 0.000000000000000e+00 1.587811424330506e+05 0.000000000000000e+00 0.000000000000000e+00 0.000000000000000e+00 1.550171044953642e+05 1.550171044953642e+05 0.000000000000000e+00
1.161143304765000e-02 1.512226956075547e+05 1.512226956075547e+05 0.000000000000000e+00 0.000000000000000e+00 0.000000000000000e+00 1.584944801902346e+05 0.000000000000000e+00 0.000000000000000e+00 0.000000000000000e+00 1.547029094762123e+05 1.547029094762123e+05 0.000000000000000e+00
1.167846658218000e-02 1.508605553573693e+05 1.508605553573693e+05 0.000000000000000e+00 0.000000000000000e+00 0.000000000000000e+00 1.582063595056455e+05 0.000000000000000e+00 0.000000000000000e+00 0.000000000000000e+00 1.543871736709582e+05 1.543871736709582e+05 0.000000000000000e+00
1.174588710552000e-02 1.504964236356625e+05 1.504964236356625e+05 0.000000000000000e+00 0.000000000000000e+00 0.000000000000000e+00 1.579168341027665e+05 0.000000000000000e+00 0.000000000000000e+00 0.000000000000000e+00 1.540700088122322e+05 1.540700088122322e+05 0.000000000000000e+00
1.181369685179000e-02 1.501302550148289e+05 1.501302550148289e+05 0.000000000000000e+00 0.000000000000000e+00 0.000000000000000e+00 1.576258921957351e+05 0.000000000000000e+00 0.000000000000000e+00 0.000000000000000e+00 1.537513954201685e+05 1.537513954201685e+05 0.000000000000000e+00
1.188189806800000e-02 1.497619522061646e+05 1.497619522061646e+05 0.000000000000000e+00 0.000000000000000e+00 0.000000000000000e+00 1.573335169291406e+05 0.000000000000000e+00 0.000000000000000e+00 0.000000000000000e+00 1.534313116984195e+05 1.534313116984195e+05 0.000000000000000e+00
1.195049301412000e-02 1.493916206492935e+05 1.493916206492935e+05 0.000000000000000e+00 0.000000000000000e+00 0.000000000000000e+00 1.570397287392691e+05 0.000000000000000e+00 0.000000000000000e+00 0.000000000000000e+00 1.531097914581508e+05 1.531097914581508e+05 0.000000000000000e+00
1.201948396320000e-02 1.490191738472921e+05 1.490191738472921e+05 0.000000000000000e+00 0.000000000000000e+00 0.000000000000000e+00 1.567445107177908e+05 0.000000000000000e+00 0.000000000000000e+00 0.000000000000000e+00 1.527868099871659e+05 1.527868099871659e+05 0.000000000000000e+00
1.208887320137000e-02 1.486446487613037e+05 1.486446487613037e+05 0.000000000000000e+00 0.000000000000000e+00 0.000000000000000e+00 1.564478704057981e+05 0.000000000000000e+00 0.000000000000000e+00 0.000000000000000e+00 1.524623862209703e+05 1.524623862209703e+05 0.000000000000000e+00
1.215866302798000e-02 1.482680080011894e+05 1.482680080011894e+05 0.000000000000000e+00 0.000000000000000e+00 0.000000000000000e+00 1.561498022037393e+05 0.000000000000000e+00 0.000000000000000e+00 0.000000000000000e+00 1.521365123751593e+05 1.521365123751593e+05 0.000000000000000e+00
1.222885575565000e-02 1.478893222279449e+05 1.478893222279449e+05 0.000000000000000e+00 0.000000000000000e+00 0.000000000000000e+00 1.558503241005228e+05 0.000000000000000e+00 0.000000000000000e+00 0.000000000000000e+00 1.518092222898817e+05 1.518092222898817e+05 0.000000000000000e+00
1.229945371037000e-02 1.475085834662578e+05 1.475085834662578e+05 0.000000000000000e+00 0.000000000000000e+00 0.000000000000000e+00 1.555494359773814e+05 0.000000000000000e+00 0.000000000000000e+00 0.000000000000000e+00 1.514805187050147e+05 1.514805187050147e+05 0.000000000000000e+00
1.237045923153000e-02 1.471256616944798e+05 1.471256616944798e+05 0.000000000000000e+00 0.000000000000000e+00 0.000000000000000e+00 1.552471017896828e+05 0.000000000000000e+00 0.000000000000000e+00 0.000000000000000e+00 1.511503488078009e+05 1.511503488078009e+05 0.000000000000000e+00
1.244187467203000e-02 1.467407211004785e+05 1.467407211004785e+05 0.000000000000000e+00 0.000000000000000e+00 0.000000000000000e+00 1.549433703708507e+05 0.000000000000000e+00 0.000000000000000e+00 0.000000000000000e+00 1.508187909336778e+05 1.508187909336778e+05 0.000000000000000e+00
1.251370239837000e-02 1.463536213671445e+05 1.463536213671445e+05 0.000000000000000e+00 0.000000000000000e+00 0.000000000000000e+00 1.546382015770934e+05 0.000000000000000e+00 0.000000000000000e+00 0.000000000000000e+00 1.504857865482714e+05 1.504857865482714e+05 0.000000000000000e+00
1.258594479070000e-02 1.459645018576164e+05 1.459645018576164e+05 0.000000000000000e+00 0.000000000000000e+00 0.000000000000000e+00 1.543316363590378e+05 0.000000000000000e+00 0.000000000000000e+00 0.000000000000000e+00 1.501514037349752e+05 1.501514037349752e+05 0.000000000000000e+00
1.265860424292000e-02 1.455731526803321e+05 1.455731526803321e+05 0.000000000000000e+00 0.000000000000000e+00 0.000000000000000e+00 1.540236142437782e+05 0.000000000000000e+00 0.000000000000000e+00 0.000000000000000e+00 1.498155521475335e+05 1.498155521475335e+05 0.000000000000000e+00
1.273168316273000e-02 1.451797812532706e+05 1.451797812532706e+05 0.000000000000000e+00 0.000000000000000e+00 0.000000000000000e+00 1.537141991649862e+05 0.000000000000000e+00 0.000000000000000e+00 0.000000000000000e+00 1.494783290678228e+05 1.494783290678228e+05 0.000000000000000e+00
1.280518397174000e-02 1.447843060809315e+05 1.447843060809315e+05 0.000000000000000e+00 0.000000000000000e+00 0.000000000000000e+00 1.534033675165870e+05 0.000000000000000e+00 0.000000000000000e+00 0.000000000000000e+00 1.491397060352523e+05 1.491397060352523e+05 0.000000000000000e+00
1.287910910556000e-02 1.443866748164477e+05 1.443866748164477e+05 0.000000000000000e+00 0.000000000000000e+00 0.000000000000000e+00 1.530910999712330e+05 0.000000000000000e+00 0.000000000000000e+00 0.000000000000000e+00 1.487996549031894e+05 1.487996549031894e+05 0.000000000000000e+00
1.295346101383000e-02 1.439869704634599e+05 1.439869704634599e+05 0.000000000000000e+00 0.000000000000000e+00 0.000000000000000e+00 1.527774270578155e+05 0.000000000000000e+00 0.000000000000000e+00 0.000000000000000e+00 1.484582279024289e+05 1.484582279024289e+05 0.000000000000000e+00
1.302824216036000e-02 1.435851118850357e+05 1.435851118850357e+05 0.000000000000000e+00 0.000000000000000e+00 0.000000000000000e+00 1.524623206997369e+05 0.000000000000000e+00 0.000000000000000e+00 0.000000000000000e+00 1.481153835222824e+05 1.481153835222824e+05 0.000000000000000e+00
1.310345502315000e-02 1.431810986249720e+05 1.431810986249720e+05 0.000000000000000e+00 0.000000000000000e+00 0.000000000000000e+00 1.521457810942105e+05 0.000000000000000e+00 0.000000000000000e+00 0.000000000000000e+00 1.477711259665502e+05 1.477711259665502e+05 0.000000000000000e+00
1.317910209454000e-02 1.427751097927766e+05 1.427751097927766e+05 0.000000000000000e+00 0.000000000000000e+00 0.000000000000000e+00 1.518278729585246e+05 0.000000000000000e+00 0.000000000000000e+00 0.000000000000000e+00 1.474255558558808e+05 1.474255558558808e+05 0.000000000000000e+00
1.325518588124000e-02 1.423668757822474e+05 1.423668757822474e+05 0.000000000000000e+00 0.000000000000000e+00 0.000000000000000e+00 1.515085039937865e+05 0.000000000000000e+00 0.000000000000000e+00 0.000000000000000e+00 1.470785268313224e+05 1.470785268313224e+05 0.000000000000000e+00
1.333170890443000e-02 1.419565260830641e+05 1.419565260830641e+05 0.000000000000000e+00 0.000000000000000e+00 0.000000000000000e+00 1.511877175973817e+05 0.000000000000000e+00 0.000000000000000e+00 0.000000000000000e+00 1.467301195934530e+05 1.467301195934530e+05 0.000000000000000e+00
1.340867369986000e-02 1.415441634748693e+05 1.415441634748693e+05 0.000000000000000e+00 0.000000000000000e+00 0.000000000000000e+00 1.508655478828467e+05 0.000000000000000e+00 0.000000000000000e+00 0.000000000000000e+00 1.463803822888073e+05 1.463803822888073e+05 0.000000000000000e+00
1.348608281789000e-02 1.411295562240232e+05 1.411295562240232e+05 0.000000000000000e+00 0.000000000000000e+00 0.000000000000000e+00 1.505419237914279e+05 0.000000000000000e+00 0.000000000000000e+00 0.000000000000000e+00 1.460292061927865e+05 1.460292061927865e+05 0.000000000000000e+00
1.356393882365000e-02 1.407128114008375e+05 1.407128114008375e+05 0.000000000000000e+00 0.000000000000000e+00 0.000000000000000e+00 1.502168767039918e+05 0.000000000000000e+00 0.000000000000000e+00 0.000000000000000e+00 1.456766493233284e+05 1.456766493233284e+05 0.000000000000000e+00
1.364224429703000e-02 1.402939178507038e+05 1.402939178507038e+05 0.000000000000000e+00 0.000000000000000e+00 0.000000000000000e+00 1.498904049385850e+05 0.000000000000000e+00 0.000000000000000e+00 0.000000000000000e+00 1.453227026474806e+05 1.453227026474806e+05 0.000000000000000e+00
1.372100183284000e-02 1.398729996246952e+05 1.398729996246952e+05 0.000000000000000e+00 0.000000000000000e+00 0.000000000000000e+00 1.495625426888814e+05 0.000000000000000e+00 0.000000000000000e+00 0.000000000000000e+00 1.449674317699527e+05 1.449674317699527e+05 0.000000000000000e+00
1.380021404087000e-02 1.394498911083570e+05 1.394498911083570e+05 0.000000000000000e+00 0.000000000000000e+00 0.000000000000000e+00 1.492332457632109e+05 0.000000000000000e+00 0.000000000000000e+00 0.000000000000000e+00 1.446107565535207e+05 1.446107565535207e+05 0.000000000000000e+00
1.387988354597000e-02 1.390245912493385e+05 1.390245912493385e+05 0.000000000000000e+00 0.000000000000000e+00 0.000000000000000e+00 1.489025119507040e+05 0.000000000000000e+00 0.000000000000000e+00 0.000000000000000e+00 1.442526813197924e+05 1.442526813197924e+05 0.000000000000000e+00
1.396001298813000e-02 1.385972148854633e+05 1.385972148854633e+05 0.000000000000000e+00 0.000000000000000e+00 0.000000000000000e+00 1.485703713663411e+05 0.000000000000000e+00 0.000000000000000e+00 0.000000000000000e+00 1.438932630600799e+05 1.438932630600799e+05 0.000000000000000e+00
1.404060502262000e-02 1.381676762041807e+05 1.381676762041807e+05 0.000000000000000e+00 0.000000000000000e+00 0.000000000000000e+00 1.482368078130145e+05 0.000000000000000e+00 0.000000000000000e+00 0.000000000000000e+00 1.435324561192643e+05 1.435324561192643e+05 0.000000000000000e+00
1.412166232000000e-02 1.377360487483890e+05 1.377360487483890e+05 0.000000000000000e+00 0.000000000000000e+00 0.000000000000000e+00 1.479018371575680e+05 0.000000000000000e+00 0.000000000000000e+00 0.000000000000000e+00 1.431703075525345e+05 1.431703075525345e+05 0.000000000000000e+00
1.420318756626000e-02 1.373022354057198e+05 1.373022354057198e+05 0.000000000000000e+00 0.000000000000000e+00 0.000000000000000e+00 1.475654263312909e+05 0.000000000000000e+00 0.000000000000000e+00 0.000000000000000e+00 1.428067732277507e+05 1.428067732277507e+05 0.000000000000000e+00
1.428518346291000e-02 1.368662515195647e+05 1.368662515195647e+05 0.000000000000000e+00 0.000000000000000e+00 0.000000000000000e+00 1.472275919201927e+05 0.000000000000000e+00 0.000000000000000e+00 0.000000000000000e+00 1.424418328618697e+05 1.424418328618697e+05 0.000000000000000e+00
1.436765272704000e-02 1.364280927828217e+05 1.364280927828217e+05 0.000000000000000e+00 0.000000000000000e+00 0.000000000000000e+00 1.468883193320551e+05 0.000000000000000e+00 0.000000000000000e+00 0.000000000000000e+00 1.420755118418453e+05 1.420755118418453e+05 0.000000000000000e+00
1.445059809142000e-02 1.359879244999721e+05 1.359879244999721e+05 0.000000000000000e+00 0.000000000000000e+00 0.000000000000000e+00 1.465476742355961e+05 0.000000000000000e+00 0.000000000000000e+00 0.000000000000000e+00 1.417078990796065e+05 1.417078990796065e+05 0.000000000000000e+00
1.453402230462000e-02 1.355454572010538e+05 1.355454572010538e+05 0.000000000000000e+00 0.000000000000000e+00 0.000000000000000e+00 1.462055471209365e+05 0.000000000000000e+00 0.000000000000000e+00 0.000000000000000e+00 1.413388268018680e+05 1.413388268018680e+05 0.000000000000000e+00
1.461792813105000e-02 1.351009539427401e+05 1.351009539427401e+05 0.000000000000000e+00 0.000000000000000e+00 0.000000000000000e+00 1.458620426062625e+05 0.000000000000000e+00 0.000000000000000e+00 0.000000000000000e+00 1.409684459564227e+05 1.409684459564227e+05 0.000000000000000e+00
1.470231835111000e-02 1.346542821927629e+05 1.346542821927629e+05 0.000000000000000e+00 0.000000000000000e+00 0.000000000000000e+00 1.455171040558342e+05 0.000000000000000e+00 0.000000000000000e+00 0.000000000000000e+00 1.405966757847495e+05 1.405966757847495e+05 0.000000000000000e+00
1.478719576123000e-02 1.342054477712012e+05 1.342054477712012e+05 0.000000000000000e+00 0.000000000000000e+00 0.000000000000000e+00 1.451707364896094e+05 0.000000000000000e+00 0.000000000000000e+00 0.000000000000000e+00 1.402235275949014e+05 1.402235275949014e+05 0.000000000000000e+00
1.487256317399000e-02 1.337544664825046e+05 1.337544664825046e+05 0.000000000000000e+00 0.000000000000000e+00 0.000000000000000e+00 1.448229450412220e+05 0.000000000000000e+00 0.000000000000000e+00 0.000000000000000e+00 1.398490072398533e+05 1.398490072398533e+05 0.000000000000000e+00
1.495842341820000e-02 1.333013584782944e+05 1.333013584782944e+05 0.000000000000000e+00 0.000000000000000e+00 0.000000000000000e+00 1.444737421044373e+05 0.000000000000000e+00 0.000000000000000e+00 0.000000000000000e+00 1.394731162022492e+05 1.394731162022492e+05 0.000000000000000e+00
1.504477933901000e-02 1.328460548593083e+05 1.328460548593083e+05 0.000000000000000e+00 0.000000000000000e+00 0.000000000000000e+00 1.441230895754408e+05 0.000000000000000e+00 0.000000000000000e+00 0.000000000000000e+00 1.390958332164211e+05 1.390958332164211e+05 0.000000000000000e+00
1.513163379799000e-02 1.323886434554068e+05 1.323886434554068e+05 0.000000000000000e+00 0.000000000000000e+00 0.000000000000000e+00 1.437710309871112e+05 0.000000000000000e+00 0.000000000000000e+00 0.000000000000000e+00 1.387171891301419e+05 1.387171891301419e+05 0.000000000000000e+00
1.521898967325000e-02 1.319291022689582e+05 1.319291022689582e+05 0.000000000000000e+00 0.000000000000000e+00 0.000000000000000e+00 1.434175535130327e+05 0.000000000000000e+00 0.000000000000000e+00 0.000000000000000e+00 1.383371809389496e+05 1.383371809389496e+05 0.000000000000000e+00
1.530684985947000e-02 1.314673830866912e+05 1.314673830866912e+05 0.000000000000000e+00 0.000000000000000e+00 0.000000000000000e+00 1.430626410996933e+05 0.000000000000000e+00 0.000000000000000e+00 0.000000000000000e+00 1.379557711282518e+05 1.379557711282518e+05 0.000000000000000e+00
1.539521726810000e-02 1.310035664655976e+05 1.310035664655976e+05 0.000000000000000e+00 0.000000000000000e+00 0.000000000000000e+00 1.427063117827346e+05 0.000000000000000e+00 0.000000000000000e+00 0.000000000000000e+00 1.375730158392714e+05 1.375730158392714e+05 0.000000000000000e+00
1.548409482734000e-02 1.305375194765413e+05 1.305375194765413e+05 0.000000000000000e+00 0.000000000000000e+00 0.000000000000000e+00 1.423485482862752e+05 0.000000000000000e+00 0.000000000000000e+00 0.000000000000000e+00 1.371888175084850e+05 1.371888175084850e+05 0.000000000000000e+00
1.557348548235000e-02 1.300694551482624e+05 1.300694551482624e+05 0.000000000000000e+00 0.000000000000000e+00 0.000000000000000e+00 1.419893907871220e+05 0.000000000000000e+00 0.000000000000000e+00 0.000000000000000e+00 1.368033250146727e+05 1.368033250146727e+05 0.000000000000000e+00
1.566339219524000e-02 1.295993541300177e+05 1.295993541300177e+05 0.000000000000000e+00 0.000000000000000e+00 0.000000000000000e+00 1.416288266527684e+05 0.000000000000000e+00 0.000000000000000e+00 0.000000000000000e+00 1.364165324858529e+05 1.364165324858529e+05 0.000000000000000e+00
1.575381794527000e-02 1.291268222282014e+05 1.291268222282014e+05 0.000000000000000e+00 0.000000000000000e+00 0.000000000000000e+00 1.412667841944224e+05 0.000000000000000e+00 0.000000000000000e+00 0.000000000000000e+00 1.360281238587014e+05 1.360281238587014e+05 0.000000000000000e+00
1.584476572886000e-02 1.286523363345748e+05 1.286523363345748e+05 0.000000000000000e+00 0.000000000000000e+00 0.000000000000000e+00 1.409033549304759e+05 0.000000000000000e+00 0.000000000000000e+00 0.000000000000000e+00 1.356384709290653e+05 1.356384709290653e+05 0.000000000000000e+00
1.593623855975000e-02 1.281756419063194e+05 1.281756419063194e+05 0.000000000000000e+00 0.000000000000000e+00 0.000000000000000e+00 1.405384842705807e+05 0.000000000000000e+00 0.000000000000000e+00 0.000000000000000e+00 1.352473770637741e+05 1.352473770637741e+05 0.000000000000000e+00
1.602823946907000e-02 1.276969306624951e+05 1.276969306624951e+05 0.000000000000000e+00 0.000000000000000e+00 0.000000000000000e+00 1.401722243328874e+05 0.000000000000000e+00 0.000000000000000e+00 0.000000000000000e+00 1.348549750112849e+05 1.348549750112849e+05 0.000000000000000e+00
1.612077150547000e-02 1.272160650220423e+05 1.272160650220423e+05 0.000000000000000e+00 0.000000000000000e+00 0.000000000000000e+00 1.398045436960537e+05 0.000000000000000e+00 0.000000000000000e+00 0.000000000000000e+00 1.344611561803561e+05 1.344611561803561e+05 0.000000000000000e+00
1.621383773517000e-02 1.267330601068189e+05 1.267330601068189e+05 0.000000000000000e+00 0.000000000000000e+00 0.000000000000000e+00 1.394354346777697e+05 0.000000000000000e+00 0.000000000000000e+00 0.000000000000000e+00 1.340659379686093e+05 1.340659379686093e+05 0.000000000000000e+00
1.630744124212000e-02 1.262479975047130e+05 1.262479975047130e+05 0.000000000000000e+00 0.000000000000000e+00 0.000000000000000e+00 1.390649394001672e+05 0.000000000000000e+00 0.000000000000000e+00 0.000000000000000e+00 1.336693573257781e+05 1.336693573257781e+05 0.000000000000000e+00
1.640158512805000e-02 1.257607401303860e+05 1.257607401303860e+05 0.000000000000000e+00 0.000000000000000e+00 0.000000000000000e+00 1.386929878045542e+05 0.000000000000000e+00 0.000000000000000e+00 0.000000000000000e+00 1.332713459961913e+05 1.332713459961913e+05 0.000000000000000e+00
1.649627251262000e-02 1.252714005655799e+05 1.252714005655799e+05 0.000000000000000e+00 0.000000000000000e+00 0.000000000000000e+00 1.383196361076469e+05 0.000000000000000e+00 0.000000000000000e+00 0.000000000000000e+00 1.328719658240780e+05 1.328719658240780e+05 0.000000000000000e+00
1.659150653348000e-02 1.247800257809181e+05 1.247800257809181e+05 0.000000000000000e+00 0.000000000000000e+00 0.000000000000000e+00 1.379448942809855e+05 0.000000000000000e+00 0.000000000000000e+00 0.000000000000000e+00 1.324712174507078e+05 1.324712174507078e+05 0.000000000000000e+00
1.668729034643000e-02 1.242865618816022e+05 1.242865618816022e+05 0.000000000000000e+00 0.000000000000000e+00 0.000000000000000e+00 1.375687410549868e+05 0.000000000000000e+00 0.000000000000000e+00 0.000000000000000e+00 1.320691079710926e+05 1.320691079710926e+05 0.000000000000000e+00
1.678362712545000e-02 1.237910024208459e+05 1.237910024208459e+05 0.000000000000000e+00 0.000000000000000e+00 0.000000000000000e+00 1.371911801777514e+05 0.000000000000000e+00 0.000000000000000e+00 0.000000000000000e+00 1.316655836065767e+05 1.316655836065767e+05 0.000000000000000e+00
1.688052006288000e-02 1.232933388704779e+05 1.232933388704779e+05 0.000000000000000e+00 0.000000000000000e+00 0.000000000000000e+00 1.368122069366781e+05 0.000000000000000e+00 0.000000000000000e+00 0.000000000000000e+00 1.312606746977351e+05 1.312606746977351e+05 0.000000000000000e+00
1.697797236947000e-02 1.227937038075054e+05 1.227937038075054e+05 0.000000000000000e+00 0.000000000000000e+00 0.000000000000000e+00 1.364318451622201e+05 0.000000000000000e+00 0.000000000000000e+00 0.000000000000000e+00 1.308544354163442e+05 1.308544354163442e+05 0.000000000000000e+00
1.707598727452000e-02 1.222919704471424e+05 1.222919704471424e+05 0.000000000000000e+00 0.000000000000000e+00 0.000000000000000e+00 1.360500872810075e+05 0.000000000000000e+00 0.000000000000000e+00 0.000000000000000e+00 1.304467935558039e+05 1.304467935558039e+05 0.000000000000000e+00
1.717456802597000e-02 1.217881869095708e+05 1.217881869095708e+05 0.000000000000000e+00 0.000000000000000e+00 0.000000000000000e+00 1.356669319542632e+05 0.000000000000000e+00 0.000000000000000e+00 0.000000000000000e+00 1.300377629448900e+05 1.300377629448900e+05 0.000000000000000e+00
1.727371789054000e-02 1.212823463044558e+05 1.212823463044558e+05 0.000000000000000e+00 0.000000000000000e+00 0.000000000000000e+00 1.352823803834186e+05 0.000000000000000e+00 0.000000000000000e+00 0.000000000000000e+00 1.296273403457614e+05 1.296273403457614e+05 0.000000000000000e+00
1.737344015379000e-02 1.207744803981000e+05 1.207744803981000e+05 0.000000000000000e+00 0.000000000000000e+00 0.000000000000000e+00 1.348964413905886e+05 0.000000000000000e+00 0.000000000000000e+00 0.000000000000000e+00 1.292155348199635e+05 1.292155348199635e+05 0.000000000000000e+00
1.747373812027000e-02 1.202645923441892e+05 1.202645923441892e+05 0.000000000000000e+00 0.000000000000000e+00 0.000000000000000e+00 1.345091200666683e+05 0.000000000000000e+00 0.000000000000000e+00 0.000000000000000e+00 1.288023677224487e+05 1.288023677224487e+05 0.000000000000000e+00
1.757461511360000e-02 1.197525519502266e+05 1.197525519502266e+05 0.000000000000000e+00 0.000000000000000e+00 0.000000000000000e+00 1.341203707910766e+05 0.000000000000000e+00 0.000000000000000e+00 0.000000000000000e+00 1.283877356335368e+05 1.283877356335368e+05 0.000000000000000e+00
1.767607447662000e-02 1.192387185931943e+05 1.192387185931943e+05 0.000000000000000e+00 0.000000000000000e+00 0.000000000000000e+00 1.337303072357494e+05 0.000000000000000e+00 0.000000000000000e+00 0.000000000000000e+00 1.279718666492162e+05 1.279718666492162e+05 0.000000000000000e+00
1.777811957146000e-02 1.187227990789877e+05 1.187227990789877e+05 0.000000000000000e+00 0.000000000000000e+00 0.000000000000000e+00 1.333388378627179e+05 0.000000000000000e+00 0.000000000000000e+00 0.000000000000000e+00 1.275545698014467e+05 1.275545698014467e+05 0.000000000000000e+00
1.788075377969000e-02 1.182049872080324e+05 1.182049872080324e+05 0.000000000000000e+00 0.000000000000000e+00 0.000000000000000e+00 1.329460173912963e+05 0.000000000000000e+00 0.000000000000000e+00 0.000000000000000e+00 1.271359692295425e+05 1.271359692295425e+05 0.000000000000000e+00
1.798398050241000e-02 1.176851540068344e+05 1.176851540068344e+05 0.000000000000000e+00 0.000000000000000e+00 0.000000000000000e+00 1.325518107633110e+05 0.000000000000000e+00 0.000000000000000e+00 0.000000000000000e+00 1.267159745382414e+05 1.267159745382414e+05 0.000000000000000e+00
1.808780316039000e-02 1.171631877946689e+05 1.171631877946689e+05 0.000000000000000e+00 0.000000000000000e+00 0.000000000000000e+00 1.321562084558769e+05 0.000000000000000e+00 0.000000000000000e+00 0.000000000000000e+00 1.262944936494609e+05 1.262944936494609e+05 0.000000000000000e+00
1.819222519415000e-02 1.166394416589295e+05 1.166394416589295e+05 0.000000000000000e+00 0.000000000000000e+00 0.000000000000000e+00 1.317592995861901e+05 0.000000000000000e+00 0.000000000000000e+00 0.000000000000000e+00 1.258717679621321e+05 1.258717679621321e+05 0.000000000000000e+00
1.829725006411000e-02 1.161139320459255e+05 1.161139320459255e+05 0.000000000000000e+00 0.000000000000000e+00 0.000000000000000e+00 1.313610553963371e+05 0.000000000000000e+00 0.000000000000000e+00 0.000000000000000e+00 1.254478188604935e+05 1.254478188604935e+05 0.000000000000000e+00
1.840288125070000e-02 1.155862305213875e+05 1.155862305213875e+05 0.000000000000000e+00 0.000000000000000e+00 0.000000000000000e+00 1.309613942034267e+05 0.000000000000000e+00 0.000000000000000e+00 0.000000000000000e+00 1.250223450193231e+05 1.250223450193231e+05 0.000000000000000e+00
1.850912225449000e-02 1.150568601882031e+05 1.150568601882031e+05 0.000000000000000e+00 0.000000000000000e+00 0.000000000000000e+00 1.305604610560937e+05 0.000000000000000e+00 0.000000000000000e+00 0.000000000000000e+00 1.245956752470004e+05 1.245956752470004e+05 0.000000000000000e+00
1.861597659627000e-02 1.145253422100875e+05 1.145253422100875e+05 0.000000000000000e+00 0.000000000000000e+00 0.000000000000000e+00 1.301581294788240e+05 0.000000000000000e+00 0.000000000000000e+00 0.000000000000000e+00 1.241675233782417e+05 1.241675233782417e+05 0.000000000000000e+00
1.872344781723000e-02 1.139921369513203e+05 1.139921369513203e+05 0.000000000000000e+00 0.000000000000000e+00 0.000000000000000e+00 1.297545097116267e+05 0.000000000000000e+00 0.000000000000000e+00 0.000000000000000e+00 1.237381559850845e+05 1.237381559850845e+05 0.000000000000000e+00
1.883153947906000e-02 1.134569932783850e+05 1.134569932783850e+05 0.000000000000000e+00 0.000000000000000e+00 0.000000000000000e+00 1.293495299002919e+05 0.000000000000000e+00 0.000000000000000e+00 0.000000000000000e+00 1.233074288441027e+05 1.233074288441027e+05 0.000000000000000e+00
1.894025516406000e-02 1.129203135748214e+05 1.129203135748214e+05 0.000000000000000e+00 0.000000000000000e+00 0.000000000000000e+00 1.289433095788229e+05 0.000000000000000e+00 0.000000000000000e+00 0.000000000000000e+00 1.228755740588722e+05 1.228755740588722e+05 0.000000000000000e+00
1.904959847531000e-02 1.123814480688226e+05 1.123814480688226e+05 0.000000000000000e+00 0.000000000000000e+00 0.000000000000000e+00 1.285357004641811e+05 0.000000000000000e+00 0.000000000000000e+00 0.000000000000000e+00 1.224421797271103e+05 1.224421797271103e+05 0.000000000000000e+00
1.915957303676000e-02 1.118410866177729e+05 1.118410866177729e+05 0.000000000000000e+00 0.000000000000000e+00 0.000000000000000e+00 1.281268533481057e+05 0.000000000000000e+00 0.000000000000000e+00 0.000000000000000e+00 1.220076936356883e+05 1.220076936356883e+05 0.000000000000000e+00
1.927018249338000e-02 1.112985544455613e+05 1.112985544455613e+05 0.000000000000000e+00 0.000000000000000e+00 0.000000000000000e+00 1.277166070410440e+05 0.000000000000000e+00 0.000000000000000e+00 0.000000000000000e+00 1.215717033848672e+05 1.215717033848672e+05 0.000000000000000e+00
1.938143051131000e-02 1.107546332042182e+05 1.107546332042182e+05 0.000000000000000e+00 0.000000000000000e+00 0.000000000000000e+00 1.273051686368427e+05 0.000000000000000e+00 0.000000000000000e+00 0.000000000000000e+00 1.211346485049617e+05 1.211346485049617e+05 0.000000000000000e+00
1.949332077796000e-02 1.102086113659496e+05 1.102086113659496e+05 0.000000000000000e+00 0.000000000000000e+00 0.000000000000000e+00 1.268923514517451e+05 0.000000000000000e+00 0.000000000000000e+00 0.000000000000000e+00 1.206961399178753e+05 1.206961399178753e+05 0.000000000000000e+00
1.960585700222000e-02 1.096611771541782e+05 1.096611771541782e+05 0.000000000000000e+00 0.000000000000000e+00 0.000000000000000e+00 1.264783343843428e+05 0.000000000000000e+00 0.000000000000000e+00 0.000000000000000e+00 1.202565432095476e+05 1.202565432095476e+05 0.000000000000000e+00
1.971904291451000e-02 1.091121109527823e+05 1.091121109527823e+05 0.000000000000000e+00 0.000000000000000e+00 0.000000000000000e+00 1.260630762365875e+05 0.000000000000000e+00 0.000000000000000e+00 0.000000000000000e+00 1.198157531449800e+05 1.198157531449800e+05 0.000000000000000e+00
1.983288226704000e-02 1.085613775619431e+05 1.085613775619431e+05 0.000000000000000e+00 0.000000000000000e+00 0.000000000000000e+00 1.256465460185077e+05 0.000000000000000e+00 0.000000000000000e+00 0.000000000000000e+00 1.193737371843320e+05 1.193737371843320e+05 0.000000000000000e+00
1.994737883385000e-02 1.080086561885173e+05 1.080086561885173e+05 0.000000000000000e+00 0.000000000000000e+00 0.000000000000000e+00 1.252286879803146e+05 0.000000000000000e+00 0.000000000000000e+00 0.000000000000000e+00 1.189303287393405e+05 1.189303287393405e+05 0.000000000000000e+00
2.006253641106000e-02 1.074547034675383e+05 1.074547034675383e+05 0.000000000000000e+00 0.000000000000000e+00 0.000000000000000e+00 1.248096846217172e+05 0.000000000000000e+00 0.000000000000000e+00 0.000000000000000e+00 1.184859256800057e+05 1.184859256800057e+05 0.000000000000000e+00
2.017835881698000e-02 1.068990060935451e+05 1.068990060935451e+05 0.000000000000000e+00 0.000000000000000e+00 0.000000000000000e+00 1.243894245588073e+05 0.000000000000000e+00 0.000000000000000e+00 0.000000000000000e+00 1.180402685828106e+05 1.180402685828106e+05 0.000000000000000e+00
2.029484989229000e-02 1.063416777210194e+05 1.063416777210194e+05 0.000000000000000e+00 0.000000000000000e+00 0.000000000000000e+00 1.239679232454624e+05 0.000000000000000e+00 0.000000000000000e+00 0.000000000000000e+00 1.175934245675400e+05 1.175934245675400e+05 0.000000000000000e+00
2.041201350024000e-02 1.057827976376567e+05 1.057827976376567e+05 0.000000000000000e+00 0.000000000000000e+00 0.000000000000000e+00 1.235452115713861e+05 0.000000000000000e+00 0.000000000000000e+00 0.000000000000000e+00 1.171454048465015e+05 1.171454048465015e+05 0.000000000000000e+00
2.052985352678000e-02 1.052222947262311e+05 1.052222947262311e+05 0.000000000000000e+00 0.000000000000000e+00 0.000000000000000e+00 1.231212585605998e+05 0.000000000000000e+00 0.000000000000000e+00 0.000000000000000e+00 1.166961994346585e+05 1.166961994346585e+05 0.000000000000000e+00
2.064837388079000e-02 1.046605772057294e+05 1.046605772057294e+05 0.000000000000000e+00 0.000000000000000e+00 0.000000000000000e+00 1.226961945280700e+05 0.000000000000000e+00 0.000000000000000e+00 0.000000000000000e+00 1.162460100932491e+05 1.162460100932491e+05 0.000000000000000e+00
2.076757849425000e-02 1.040971660531094e+05 1.040971660531094e+05 0.000000000000000e+00 0.000000000000000e+00 0.000000000000000e+00 1.222698887965231e+05 0.000000000000000e+00 0.000000000000000e+00 0.000000000000000e+00 1.157945963547306e+05 1.157945963547306e+05 0.000000000000000e+00
2.088747132247000e-02 1.035322777774703e+05 1.035322777774703e+05 0.000000000000000e+00 0.000000000000000e+00 0.000000000000000e+00 1.218424144301471e+05 0.000000000000000e+00 0.000000000000000e+00 0.000000000000000e+00 1.153420716473730e+05 1.153420716473730e+05 0.000000000000000e+00
2.100805634429000e-02 1.029661346413232e+05 1.029661346413232e+05 0.000000000000000e+00 0.000000000000000e+00 0.000000000000000e+00 1.214138006083551e+05 0.000000000000000e+00 0.000000000000000e+00 0.000000000000000e+00 1.148885450095748e+05 1.148885450095748e+05 0.000000000000000e+00
2.112933756229000e-02 1.023986683704025e+05 1.023986683704025e+05 0.000000000000000e+00 0.000000000000000e+00 0.000000000000000e+00 1.209840578568099e+05 0.000000000000000e+00 0.000000000000000e+00 0.000000000000000e+00 1.144339925889974e+05 1.144339925889974e+05 0.000000000000000e+00
2.125131900306000e-02 1.018296994751195e+05 1.018296994751195e+05 0.000000000000000e+00 0.000000000000000e+00 0.000000000000000e+00 1.205531200195566e+05 0.000000000000000e+00 0.000000000000000e+00 0.000000000000000e+00 1.139783119457485e+05 1.139783119457485e+05 0.000000000000000e+00
2.137400471740000e-02 1.012596849364363e+05 1.012596849364363e+05 0.000000000000000e+00 0.000000000000000e+00 0.000000000000000e+00 1.201211558418222e+05 0.000000000000000e+00 0.000000000000000e+00 0.000000000000000e+00 1.135217572609205e+05 1.135217572609205e+05 0.000000000000000e+00
2.149739878066000e-02 1.006881593169317e+05 1.006881593169317e+05 0.000000000000000e+00 0.000000000000000e+00 0.000000000000000e+00 1.196880007535077e+05 0.000000000000000e+00 0.000000000000000e+00 0.000000000000000e+00 1.130640640439253e+05 1.130640640439253e+05 0.000000000000000e+00
2.162150529293000e-02 1.001155957081865e+05 1.001155957081865e+05 0.000000000000000e+00 0.000000000000000e+00 0.000000000000000e+00 1.192538039545762e+05 0.000000000000000e+00 0.000000000000000e+00 0.000000000000000e+00 1.126055047603988e+05 1.126055047603988e+05 0.000000000000000e+00
2.174632837941000e-02 9.954130895720590e+04 9.954130895720590e+04 0.000000000000000e+00 0.000000000000000e+00 0.000000000000000e+00 1.188183909288243e+05 0.000000000000000e+00 0.000000000000000e+00 0.000000000000000e+00 1.121457212804876e+05 1.121457212804876e+05 0.000000000000000e+00
2.187187219067000e-02 9.896637095996515e+04 9.896637095996515e+04 0.000000000000000e+00 0.000000000000000e+00 0.000000000000000e+00 1.183820323389298e+05 0.000000000000000e+00 0.000000000000000e+00 0.000000000000000e+00 1.116852542989350e+05 1.116852542989350e+05 0.000000000000000e+00
2.199814090302000e-02 9.839026467272747e+04 9.839026467272747e+04 0.000000000000000e+00 0.000000000000000e+00 0.000000000000000e+00 1.179445934388477e+05 0.000000000000000e+00 0.000000000000000e+00 0.000000000000000e+00 1.112238398674267e+05 1.112238398674267e+05 0.000000000000000e+00
2.212513871885000e-02 9.781268185228288e+04 9.781268185228288e+04 0.000000000000000e+00 0.000000000000000e+00 0.000000000000000e+00 1.175060236045432e+05 0.000000000000000e+00 0.000000000000000e+00 0.000000000000000e+00 1.107613469672108e+05 1.107613469672108e+05 0.000000000000000e+00
2.225286986701000e-02 9.723427184908763e+04 9.723427184908763e+04 0.000000000000000e+00 0.000000000000000e+00 0.000000000000000e+00 1.170664937976524e+05 0.000000000000000e+00 0.000000000000000e+00 0.000000000000000e+00 1.102980908979720e+05 1.102980908979720e+05 0.000000000000000e+00
2.238133860323000e-02 9.665483393843252e+04 9.665483393843252e+04 0.000000000000000e+00 0.000000000000000e+00 0.000000000000000e+00 1.166259272060006e+05 0.000000000000000e+00 0.000000000000000e+00 0.000000000000000e+00 1.098339696078355e+05 1.098339696078355e+05 0.000000000000000e+00
2.251054921054000e-02 9.607423175639327e+04 9.607423175639327e+04 0.000000000000000e+00 0.000000000000000e+00 0.000000000000000e+00 1.161843216527750e+05 0.000000000000000e+00 0.000000000000000e+00 0.000000000000000e+00 1.093689153037729e+05 1.093689153037729e+05 0.000000000000000e+00
2.264050599974000e-02 9.549279782519079e+04 9.549279782519079e+04 0.000000000000000e+00 0.000000000000000e+00 0.000000000000000e+00 1.157417357058044e+05 0.000000000000000e+00 0.000000000000000e+00 0.000000000000000e+00 1.089031024033328e+05 1.089031024033328e+05 0.000000000000000e+00
2.277121330993000e-02 9.491078223488075e+04 9.491078223488075e+04 0.000000000000000e+00 0.000000000000000e+00 0.000000000000000e+00 1.152982769690028e+05 0.000000000000000e+00 0.000000000000000e+00 0.000000000000000e+00 1.084366602100540e+05 1.084366602100540e+05 0.000000000000000e+00
2.290267550898000e-02 9.432767455192987e+04 9.432767455192987e+04 0.000000000000000e+00 0.000000000000000e+00 0.000000000000000e+00 1.148537855103939e+05 0.000000000000000e+00 0.000000000000000e+00 0.000000000000000e+00 1.079693253869982e+05 1.079693253869982e+05 0.000000000000000e+00
2.303489699418000e-02 9.374381446414418e+04 9.374381446414418e+04 0.000000000000000e+00 0.000000000000000e+00 0.000000000000000e+00 1.144083721245874e+05 0.000000000000000e+00 0.000000000000000e+00 0.000000000000000e+00 1.075012785920832e+05 1.075012785920832e+05 0.000000000000000e+00
2.316788219283000e-02 9.315938191488752e+04 9.315938191488752e+04 0.000000000000000e+00 0.000000000000000e+00 0.000000000000000e+00 1.139620766506183e+05 0.000000000000000e+00 0.000000000000000e+00 0.000000000000000e+00 1.070326272783302e+05 1.070326272783302e+05 0.000000000000000e+00
2.330163556288000e-02 9.257352368653796e+04 9.257352368653796e+04 0.000000000000000e+00 0.000000000000000e+00 0.000000000000000e+00 1.135147160674698e+05 0.000000000000000e+00 0.000000000000000e+00 0.000000000000000e+00 1.065628951293342e+05 1.065628951293342e+05 0.000000000000000e+00
2.343616159371000e-02 9.198706193700773e+04 9.198706193700773e+04 0.000000000000000e+00 0.000000000000000e+00 0.000000000000000e+00 1.130664680622102e+05 0.000000000000000e+00 0.000000000000000e+00 0.000000000000000e+00 1.060925332435884e+05 1.060925332435884e+05 0.000000000000000e+00
2.357146480685000e-02 9.140023868029032e+04 9.140023868029032e+04 0.000000000000000e+00 0.000000000000000e+00 0.000000000000000e+00 1.126174255166348e+05 0.000000000000000e+00 0.000000000000000e+00 0.000000000000000e+00 1.056216646387717e+05 1.056216646387717e+05 0.000000000000000e+00
2.370754975685000e-02 9.081308455277448e+04 9.081308455277448e+04 0.000000000000000e+00 0.000000000000000e+00 0.000000000000000e+00 1.121675699357640e+05 0.000000000000000e+00 0.000000000000000e+00 0.000000000000000e+00 1.051502948882718e+05 1.051502948882718e+05 0.000000000000000e+00
2.384442103213000e-02 9.022528022135224e+04 9.022528022135224e+04 0.000000000000000e+00 0.000000000000000e+00 0.000000000000000e+00 1.117168594467505e+05 0.000000000000000e+00 0.000000000000000e+00 0.000000000000000e+00 1.046782768556909e+05 1.046782768556909e+05 0.000000000000000e+00
2.398208325601000e-02 8.963645271830074e+04 8.963645271830074e+04 0.000000000000000e+00 0.000000000000000e+00 0.000000000000000e+00 1.112651821855675e+05 0.000000000000000e+00 0.000000000000000e+00 0.000000000000000e+00 1.042054036914554e+05 1.042054036914554e+05 0.000000000000000e+00
2.412054108768000e-02 8.904775612222996e+04 8.904775612222996e+04 0.000000000000000e+00 0.000000000000000e+00 0.000000000000000e+00 1.108128529682460e+05 0.000000000000000e+00 0.000000000000000e+00 0.000000000000000e+00 1.037322712125989e+05 1.037322712125989e+05 0.000000000000000e+00
2.425979922336000e-02 8.845859936746275e+04 8.845859936746275e+04 0.000000000000000e+00 0.000000000000000e+00 0.000000000000000e+00 1.103597266264110e+05 0.000000000000000e+00 0.000000000000000e+00 0.000000000000000e+00 1.032585885607177e+05 1.032585885607177e+05 0.000000000000000e+00
2.439986239751000e-02 8.786873554394243e+04 8.786873554394243e+04 0.000000000000000e+00 0.000000000000000e+00 0.000000000000000e+00 1.099057439470533e+05 0.000000000000000e+00 0.000000000000000e+00 0.000000000000000e+00 1.027842163917609e+05 1.027842163917609e+05 0.000000000000000e+00
2.454073538409000e-02 8.727887388427775e+04 8.727887388427775e+04 0.000000000000000e+00 0.000000000000000e+00 0.000000000000000e+00 1.094510565685557e+05 0.000000000000000e+00 0.000000000000000e+00 0.000000000000000e+00 1.023095109961653e+05 1.023095109961653e+05 0.000000000000000e+00
2.468242299799000e-02 8.668882895851096e+04 8.668882895851096e+04 0.000000000000000e+00 0.000000000000000e+00 0.000000000000000e+00 1.089956842377178e+05 0.000000000000000e+00 0.000000000000000e+00 0.000000000000000e+00 1.018343964666102e+05 1.018343964666102e+05 0.000000000000000e+00
2.482493009647000e-02 8.609837610059643e+04 8.609837610059643e+04 0.000000000000000e+00 0.000000000000000e+00 0.000000000000000e+00 1.085395398169176e+05 0.000000000000000e+00 0.000000000000000e+00 0.000000000000000e+00 1.013587460640904e+05 1.013587460640904e+05 0.000000000000000e+00
2.496826158086000e-02 8.550784184244798e+04 8.550784184244798e+04 0.000000000000000e+00 0.000000000000000e+00 0.000000000000000e+00 1.080827426149034e+05 0.000000000000000e+00 0.000000000000000e+00 0.000000000000000e+00 1.008827342911325e+05 1.008827342911325e+05 0.000000000000000e+00
2.511242239818000e-02 8.491771085348766e+04 8.491771085348766e+04 0.000000000000000e+00 0.000000000000000e+00 0.000000000000000e+00 1.076253755567889e+05 0.000000000000000e+00 0.000000000000000e+00 0.000000000000000e+00 1.004065857284432e+05 1.004065857284432e+05 0.000000000000000e+00
2.525741754307000e-02 8.432703272763494e+04 8.432703272763494e+04 0.000000000000000e+00 0.000000000000000e+00 0.000000000000000e+00 1.071672455440074e+05 0.000000000000000e+00 0.000000000000000e+00 0.000000000000000e+00 9.992984768238566e+04 9.992984768238566e+04 0.000000000000000e+00
2.540325205978000e-02 8.373638527801850e+04 8.373638527801850e+04 0.000000000000000e+00 0.000000000000000e+00 0.000000000000000e+00 1.067084838499671e+05 0.000000000000000e+00 0.000000000000000e+00 0.000000000000000e+00 9.945279597064409e+04 9.945279597064409e+04 0.000000000000000e+00
2.554993104424000e-02 8.314630743318722e+04 8.314630743318722e+04 0.000000000000000e+00 0.000000000000000e+00 0.000000000000000e+00 1.062492298817665e+05 0.000000000000000e+00 0.000000000000000e+00 0.000000000000000e+00 9.897568942177804e+04 9.897568942177804e+04 0.000000000000000e+00
2.569745964641000e-02 8.255578119118245e+04 8.255578119118245e+04 0.000000000000000e+00 0.000000000000000e+00 0.000000000000000e+00 1.057892541274039e+05 0.000000000000000e+00 0.000000000000000e+00 0.000000000000000e+00 9.849804905384012e+04 9.849804905384012e+04 0.000000000000000e+00
2.584584307269000e-02 8.196586083446060e+04 8.196586083446060e+04 0.000000000000000e+00 0.000000000000000e+00 0.000000000000000e+00 1.053288114181741e+05 0.000000000000000e+00 0.000000000000000e+00 0.000000000000000e+00 9.802036945110711e+04 9.802036945110711e+04 0.000000000000000e+00
2.599508658857000e-02 8.137617310719669e+04 8.137617310719669e+04 0.000000000000000e+00 0.000000000000000e+00 0.000000000000000e+00 1.048678230328885e+05 0.000000000000000e+00 0.000000000000000e+00 0.000000000000000e+00 9.754248091175826e+04 9.754248091175826e+04 0.000000000000000e+00
2.614519552139000e-02 8.078690614591842e+04 8.078690614591842e+04 0.000000000000000e+00 0.000000000000000e+00 0.000000000000000e+00 1.044063809916096e+05 0.000000000000000e+00 0.000000000000000e+00 0.000000000000000e+00 9.706449058643696e+04 9.706449058643696e+04 0.000000000000000e+00
2.629617526339000e-02 8.019816206716109e+04 8.019816206716109e+04 0.000000000000000e+00 0.000000000000000e+00 0.000000000000000e+00 1.039444475412187e+05 0.000000000000000e+00 0.000000000000000e+00 0.000000000000000e+00 9.658641310854595e+04 9.658641310854595e+04 0.000000000000000e+00
2.644803127484000e-02 7.960985099603275e+04 7.960985099603275e+04 0.000000000000000e+00 0.000000000000000e+00 0.000000000000000e+00 1.034820628622387e+05 0.000000000000000e+00 0.000000000000000e+00 0.000000000000000e+00 9.610822756675718e+04 9.610822756675718e+04 0.000000000000000e+00
2.660076908751000e-02 7.902210908923791e+04 7.902210908923791e+04 0.000000000000000e+00 0.000000000000000e+00 0.000000000000000e+00 1.030192541489885e+05 0.000000000000000e+00 0.000000000000000e+00 0.000000000000000e+00 9.563001270863335e+04 9.563001270863335e+04 0.000000000000000e+00
2.675439430827000e-02 7.843418192681769e+04 7.843418192681769e+04 0.000000000000000e+00 0.000000000000000e+00 0.000000000000000e+00 1.025558138675848e+05 0.000000000000000e+00 0.000000000000000e+00 0.000000000000000e+00 9.515133492311860e+04 9.515133492311860e+04 0.000000000000000e+00
2.690891262297000e-02 7.784836718863410e+04 7.784836718863410e+04 0.000000000000000e+00 0.000000000000000e+00 0.000000000000000e+00 1.020923939538730e+05 0.000000000000000e+00 0.000000000000000e+00 0.000000000000000e+00 9.467345488731636e+04 9.467345488731636e+04 0.000000000000000e+00
2.706432980057000e-02 7.726277245236353e+04 7.726277245236353e+04 0.000000000000000e+00 0.000000000000000e+00 0.000000000000000e+00 1.016284538535088e+05 0.000000000000000e+00 0.000000000000000e+00 0.000000000000000e+00 9.419531722153901e+04 9.419531722153901e+04 0.000000000000000e+00
2.722065169754000e-02 7.667772837238395e+04 7.667772837238395e+04 0.000000000000000e+00 0.000000000000000e+00 0.000000000000000e+00 1.011641054508456e+05 0.000000000000000e+00 0.000000000000000e+00 0.000000000000000e+00 9.371712688294232e+04 9.371712688294232e+04 0.000000000000000e+00
2.737788426249000e-02 7.609391062601394e+04 7.609391062601394e+04 0.000000000000000e+00 0.000000000000000e+00 0.000000000000000e+00 1.006995770326822e+05 0.000000000000000e+00 0.000000000000000e+00 0.000000000000000e+00 9.323921998673289e+04 9.323921998673289e+04 0.000000000000000e+00
2.753603354114000e-02 7.551082184490375e+04 7.551082184490375e+04 0.000000000000000e+00 0.000000000000000e+00 0.000000000000000e+00 1.002346916016259e+05 0.000000000000000e+00 0.000000000000000e+00 0.000000000000000e+00 9.276137245722517e+04 9.276137245722517e+04 0.000000000000000e+00
2.769510568160000e-02 7.492908402904106e+04 7.492908402904106e+04 0.000000000000000e+00 0.000000000000000e+00 0.000000000000000e+00 9.976965052959789e+04 0.000000000000000e+00 0.000000000000000e+00 0.000000000000000e+00 9.228385375874632e+04 9.228385375874632e+04 0.000000000000000e+00
2.785510693989000e-02 7.434816344136132e+04 7.434816344136132e+04 0.000000000000000e+00 0.000000000000000e+00 0.000000000000000e+00 9.930430998619647e+04 0.000000000000000e+00 0.000000000000000e+00 0.000000000000000e+00 9.180642174868169e+04 9.180642174868169e+04 0.000000000000000e+00
2.801604368587000e-02 7.376851912905244e+04 7.376851912905244e+04 0.000000000000000e+00 0.000000000000000e+00 0.000000000000000e+00 9.883879269691501e+04 0.000000000000000e+00 0.000000000000000e+00 0.000000000000000e+00 9.132929306225751e+04 9.132929306225751e+04 0.000000000000000e+00
2.817792240951000e-02 7.319033030939796e+04 7.319033030939796e+04 0.000000000000000e+00 0.000000000000000e+00 0.000000000000000e+00 9.837318420667008e+04 0.000000000000000e+00 0.000000000000000e+00 0.000000000000000e+00 9.085258264750001e+04 9.085258264750001e+04 0.000000000000000e+00
2.834074972746000e-02 7.261355037392295e+04 7.261355037392295e+04 0.000000000000000e+00 0.000000000000000e+00 0.000000000000000e+00 9.790743713960514e+04 0.000000000000000e+00 0.000000000000000e+00 0.000000000000000e+00 9.037624460073936e+04 9.037624460073936e+04 0.000000000000000e+00
2.850453239007000e-02 7.203838156322972e+04 7.203838156322972e+04 0.000000000000000e+00 0.000000000000000e+00 0.000000000000000e+00 9.744167374528514e+04 0.000000000000000e+00 0.000000000000000e+00 0.000000000000000e+00 8.990040096602413e+04 8.990040096602413e+04 0.000000000000000e+00
2.866927728874000e-02 7.146388200696587e+04 7.146388200696587e+04 0.000000000000000e+00 0.000000000000000e+00 0.000000000000000e+00 9.697560121506359e+04 0.000000000000000e+00 0.000000000000000e+00 0.000000000000000e+00 8.942454441714879e+04 8.942454441714879e+04 0.000000000000000e+00
2.883499146375000e-02 7.089162540483523e+04 7.089162540483523e+04 0.000000000000000e+00 0.000000000000000e+00 0.000000000000000e+00 9.650965471219635e+04 0.000000000000000e+00 0.000000000000000e+00 0.000000000000000e+00 8.894949421943376e+04 8.894949421943376e+04 0.000000000000000e+00
2.900168211241000e-02 7.032112188006862e+04 7.032112188006862e+04 0.000000000000000e+00 0.000000000000000e+00 0.000000000000000e+00 9.604374492684270e+04 0.000000000000000e+00 0.000000000000000e+00 0.000000000000000e+00 8.847500985722370e+04 8.847500985722370e+04 0.000000000000000e+00
2.916935659779000e-02 6.975179449500541e+04 6.975179449500541e+04 0.000000000000000e+00 0.000000000000000e+00 0.000000000000000e+00 9.557766957280057e+04 0.000000000000000e+00 0.000000000000000e+00 0.000000000000000e+00 8.800077294704554e+04 8.800077294704554e+04 0.000000000000000e+00
2.933802245776000e-02 6.918481673108721e+04 6.918481673108721e+04 0.000000000000000e+00 0.000000000000000e+00 0.000000000000000e+00 9.511179947812218e+04 0.000000000000000e+00 0.000000000000000e+00 0.000000000000000e+00 8.752740508674391e+04 8.752740508674391e+04 0.000000000000000e+00
2.950768741462000e-02 6.861962584290896e+04 6.861962584290896e+04 0.000000000000000e+00 0.000000000000000e+00 0.000000000000000e+00 9.464598095665008e+04 0.000000000000000e+00 0.000000000000000e+00 0.000000000000000e+00 8.705460946765791e+04 8.705460946765791e+04 0.000000000000000e+00
2.967835938518000e-02 6.805615210557725e+04 6.805615210557725e+04 0.000000000000000e+00 0.000000000000000e+00 0.000000000000000e+00 9.418017871978074e+04 0.000000000000000e+00 0.000000000000000e+00 0.000000000000000e+00 8.658234032285820e+04 8.658234032285820e+04 0.000000000000000e+00
2.985004649132000e-02 6.749530441402073e+04 6.749530441402073e+04 0.000000000000000e+00 0.000000000000000e+00 0.000000000000000e+00 9.371468162581863e+04 0.000000000000000e+00 0.000000000000000e+00 0.000000000000000e+00 8.611108464600229e+04 8.611108464600229e+04 0.000000000000000e+00
3.002275707114000e-02 6.693601563151741e+04 6.693601563151741e+04 0.000000000000000e+00 0.000000000000000e+00 0.000000000000000e+00 9.324919162665511e+04 0.000000000000000e+00 0.000000000000000e+00 0.000000000000000e+00 8.564027632830886e+04 8.564027632830886e+04 0.000000000000000e+00
3.019649969062000e-02 6.637942879812481e+04 6.637942879812481e+04 0.000000000000000e+00 0.000000000000000e+00 0.000000000000000e+00 9.278402780087589e+04 0.000000000000000e+00 0.000000000000000e+00 0.000000000000000e+00 8.517052016077268e+04 8.517052016077268e+04 0.000000000000000e+00
3.037128315584000e-02 6.582454740816416e+04 6.582454740816416e+04 0.000000000000000e+00 0.000000000000000e+00 0.000000000000000e+00 9.231892832999183e+04 0.000000000000000e+00 0.000000000000000e+00 0.000000000000000e+00 8.470126999058573e+04 8.470126999058573e+04 0.000000000000000e+00
3.054711652581000e-02 6.527280448486246e+04 6.527280448486246e+04 0.000000000000000e+00 0.000000000000000e+00 0.000000000000000e+00 9.185430673356651e+04 0.000000000000000e+00 0.000000000000000e+00 0.000000000000000e+00 8.423330344513849e+04 8.423330344513849e+04 0.000000000000000e+00
3.072400912590000e-02 6.472292601962288e+04 6.472292601962288e+04 0.000000000000000e+00 0.000000000000000e+00 0.000000000000000e+00 9.138979120486007e+04 0.000000000000000e+00 0.000000000000000e+00 0.000000000000000e+00 8.376593754088119e+04 8.376593754088119e+04 0.000000000000000e+00
3.090197056189000e-02 6.417593044127627e+04 6.417593044127627e+04 0.000000000000000e+00 0.000000000000000e+00 0.000000000000000e+00 9.092568932637195e+04 0.000000000000000e+00 0.000000000000000e+00 0.000000000000000e+00 8.329970250163546e+04 8.329970250163546e+04 0.000000000000000e+00
3.108101073465000e-02 6.363184849600540e+04 6.363184849600540e+04 0.000000000000000e+00 0.000000000000000e+00 0.000000000000000e+00 9.046203269128280e+04 0.000000000000000e+00 0.000000000000000e+00 0.000000000000000e+00 8.283461233914833e+04 8.283461233914833e+04 0.000000000000000e+00
3.126113985551000e-02 6.309021162561615e+04 6.309021162561615e+04 0.000000000000000e+00 0.000000000000000e+00 0.000000000000000e+00 8.999866028117202e+04 0.000000000000000e+00 0.000000000000000e+00 0.000000000000000e+00 8.237042881588866e+04 8.237042881588866e+04 0.000000000000000e+00
3.144236846236000e-02 6.255157570023891e+04 6.255157570023891e+04 0.000000000000000e+00 0.000000000000000e+00 0.000000000000000e+00 8.953576808426512e+04 0.000000000000000e+00 0.000000000000000e+00 0.000000000000000e+00 8.190743467395009e+04 8.190743467395009e+04 0.000000000000000e+00
3.162470743634000e-02 6.201578170258688e+04 6.201578170258688e+04 0.000000000000000e+00 0.000000000000000e+00 0.000000000000000e+00 8.907327928710423e+04 0.000000000000000e+00 0.000000000000000e+00 0.000000000000000e+00 8.144553366101942e+04 8.144553366101942e+04 0.000000000000000e+00
3.180816801940000e-02 6.148273096163422e+04 6.148273096163422e+04 0.000000000000000e+00 0.000000000000000e+00 0.000000000000000e+00 8.861121590091304e+04 0.000000000000000e+00 0.000000000000000e+00 0.000000000000000e+00 8.098470146486754e+04 8.098470146486754e+04 0.000000000000000e+00
3.199276183254000e-02 6.095258215189432e+04 6.095258215189432e+04 0.000000000000000e+00 0.000000000000000e+00 0.000000000000000e+00 8.814960329692998e+04 0.000000000000000e+00 0.000000000000000e+00 0.000000000000000e+00 8.052500621629036e+04 8.052500621629036e+04 0.000000000000000e+00
3.217850089488000e-02 6.042651428199397e+04 6.042651428199397e+04 0.000000000000000e+00 0.000000000000000e+00 0.000000000000000e+00 8.768880359432082e+04 0.000000000000000e+00 0.000000000000000e+00 0.000000000000000e+00 8.006702590542151e+04 8.006702590542151e+04 0.000000000000000e+00
3.236539764349000e-02 5.990327420871277e+04 5.990327420871277e+04 0.000000000000000e+00 0.000000000000000e+00 0.000000000000000e+00 8.722843218050434e+04 0.000000000000000e+00 0.000000000000000e+00 0.000000000000000e+00 7.961014115170843e+04 7.961014115170843e+04 0.000000000000000e+00
3.255346495411000e-02 5.938333710789623e+04 5.938333710789623e+04 0.000000000000000e+00 0.000000000000000e+00 0.000000000000000e+00 8.676865906289469e+04 0.000000000000000e+00 0.000000000000000e+00 0.000000000000000e+00 7.915459125041591e+04 7.915459125041591e+04 0.000000000000000e+00
3.274271616269000e-02 5.886645115006767e+04 5.886645115006767e+04 0.000000000000000e+00 0.000000000000000e+00 0.000000000000000e+00 8.630938864997770e+04 0.000000000000000e+00 0.000000000000000e+00 0.000000000000000e+00 7.870024730816920e+04 7.870024730816920e+04 0.000000000000000e+00
3.293316508789000e-02 5.835334790985665e+04 5.835334790985665e+04 0.000000000000000e+00 0.000000000000000e+00 0.000000000000000e+00 8.585085913081483e+04 0.000000000000000e+00 0.000000000000000e+00 0.000000000000000e+00 7.824746506333188e+04 7.824746506333188e+04 0.000000000000000e+00
3.312482605444000e-02 5.784458429242348e+04 5.784458429242348e+04 0.000000000000000e+00 0.000000000000000e+00 0.000000000000000e+00 8.539324652841796e+04 0.000000000000000e+00 0.000000000000000e+00 0.000000000000000e+00 7.779652425460999e+04 7.779652425460999e+04 0.000000000000000e+00
3.331771391750000e-02 5.733907809389161e+04 5.733907809389161e+04 0.000000000000000e+00 0.000000000000000e+00 0.000000000000000e+00 8.493624618228989e+04 0.000000000000000e+00 0.000000000000000e+00 0.000000000000000e+00 7.734690240433850e+04 7.734690240433850e+04 0.000000000000000e+00
3.351184408803000e-02 5.683666618734605e+04 5.683666618734605e+04 0.000000000000000e+00 0.000000000000000e+00 0.000000000000000e+00 8.447973750183554e+04 0.000000000000000e+00 0.000000000000000e+00 0.000000000000000e+00 7.689847910215455e+04 7.689847910215455e+04 0.000000000000000e+00
3.370723255912000e-02 5.633862643774543e+04 5.633862643774543e+04 0.000000000000000e+00 0.000000000000000e+00 0.000000000000000e+00 8.402417836821242e+04 0.000000000000000e+00 0.000000000000000e+00 0.000000000000000e+00 7.645190822126617e+04 7.645190822126617e+04 0.000000000000000e+00
3.390389593352000e-02 5.584458261973235e+04 5.584458261973235e+04 0.000000000000000e+00 0.000000000000000e+00 0.000000000000000e+00 8.356944275676872e+04 0.000000000000000e+00 0.000000000000000e+00 0.000000000000000e+00 7.600700488838440e+04 7.600700488838440e+04 0.000000000000000e+00
3.410185145213000e-02 5.535479457795912e+04 5.535479457795912e+04 0.000000000000000e+00 0.000000000000000e+00 0.000000000000000e+00 8.311557858396234e+04 0.000000000000000e+00 0.000000000000000e+00 0.000000000000000e+00 7.556387058867689e+04 7.556387058867689e+04 0.000000000000000e+00
3.430111702380000e-02 5.486872147797766e+04 5.486872147797766e+04 0.000000000000000e+00 0.000000000000000e+00 0.000000000000000e+00 8.266244878665468e+04 0.000000000000000e+00 0.000000000000000e+00 0.000000000000000e+00 7.512225188854213e+04 7.512225188854213e+04 0.000000000000000e+00
3.450171125622000e-02 5.438695587734667e+04 5.438695587734667e+04 0.000000000000000e+00 0.000000000000000e+00 0.000000000000000e+00 8.221023626366517e+04 0.000000000000000e+00 0.000000000000000e+00 0.000000000000000e+00 7.468243563882269e+04 7.468243563882269e+04 0.000000000000000e+00
3.470365348814000e-02 5.390986517889211e+04 5.390986517889211e+04 0.000000000000000e+00 0.000000000000000e+00 0.000000000000000e+00 8.175909163814738e+04 0.000000000000000e+00 0.000000000000000e+00 0.000000000000000e+00 7.424461418444426e+04 7.424461418444426e+04 0.000000000000000e+00
3.490696382286000e-02 5.343652993210102e+04 5.343652993210102e+04 0.000000000000000e+00 0.000000000000000e+00 0.000000000000000e+00 8.130860028630462e+04 0.000000000000000e+00 0.000000000000000e+00 0.000000000000000e+00 7.380827053707943e+04 7.380827053707943e+04 0.000000000000000e+00
3.511166316309000e-02 5.296828507054348e+04 5.296828507054348e+04 0.000000000000000e+00 0.000000000000000e+00 0.000000000000000e+00 8.085937270448547e+04 0.000000000000000e+00 0.000000000000000e+00 0.000000000000000e+00 7.337414568701579e+04 7.337414568701579e+04 0.000000000000000e+00
3.531777324730000e-02 5.250416484680255e+04 5.250416484680255e+04 0.000000000000000e+00 0.000000000000000e+00 0.000000000000000e+00 8.041091507835919e+04 0.000000000000000e+00 0.000000000000000e+00 0.000000000000000e+00 7.294168156533639e+04 7.294168156533639e+04 0.000000000000000e+00
3.552531668747000e-02 5.204507436501362e+04 5.204507436501362e+04 0.000000000000000e+00 0.000000000000000e+00 0.000000000000000e+00 7.996364072555849e+04 0.000000000000000e+00 0.000000000000000e+00 0.000000000000000e+00 7.251136233503053e+04 7.251136233503053e+04 0.000000000000000e+00
3.573431700850000e-02 5.159064142866236e+04 5.159064142866236e+04 0.000000000000000e+00 0.000000000000000e+00 0.000000000000000e+00 7.951737168928971e+04 0.000000000000000e+00 0.000000000000000e+00 0.000000000000000e+00 7.208297890875358e+04 7.208297890875358e+04 0.000000000000000e+00
3.594479868921000e-02 5.114072020607490e+04 5.114072020607490e+04 0.000000000000000e+00 0.000000000000000e+00 0.000000000000000e+00 7.907203781250880e+04 0.000000000000000e+00 0.000000000000000e+00 0.000000000000000e+00 7.165644038998314e+04 7.165644038998314e+04 0.000000000000000e+00
3.615678720507000e-02 5.069578540340970e+04 5.069578540340970e+04 0.000000000000000e+00 0.000000000000000e+00 0.000000000000000e+00 7.862780608479738e+04 0.000000000000000e+00 0.000000000000000e+00 0.000000000000000e+00 7.123198361758684e+04 7.123198361758684e+04 0.000000000000000e+00
3.637030907278000e-02 5.025592756591852e+04 5.025592756591852e+04 0.000000000000000e+00 0.000000000000000e+00 0.000000000000000e+00 7.818472414644582e+04 0.000000000000000e+00 0.000000000000000e+00 0.000000000000000e+00 7.080965997043101e+04 7.080965997043101e+04 0.000000000000000e+00
3.658539189673000e-02 4.982144822980209e+04 4.982144822980209e+04 0.000000000000000e+00 0.000000000000000e+00 0.000000000000000e+00 7.774292248393828e+04 0.000000000000000e+00 0.000000000000000e+00 0.000000000000000e+00 7.038962216758153e+04 7.038962216758153e+04 0.000000000000000e+00
3.680206441749000e-02 4.939163268257862e+04 4.939163268257862e+04 0.000000000000000e+00 0.000000000000000e+00 0.000000000000000e+00 7.730203486229568e+04 0.000000000000000e+00 0.000000000000000e+00 0.000000000000000e+00 6.997144748737807e+04 6.997144748737807e+04 0.000000000000000e+00
3.702035656239000e-02 4.896695338145305e+04 4.896695338145305e+04 0.000000000000000e+00 0.000000000000000e+00 0.000000000000000e+00 7.686226666205535e+04 0.000000000000000e+00 0.000000000000000e+00 0.000000000000000e+00 6.955538386430981e+04 6.955538386430981e+04 0.000000000000000e+00
3.724029949841000e-02 4.854807999424311e+04 4.854807999424311e+04 0.000000000000000e+00 0.000000000000000e+00 0.000000000000000e+00 7.642393939156133e+04 0.000000000000000e+00 0.000000000000000e+00 0.000000000000000e+00 6.914181794671000e+04 6.914181794671000e+04 0.000000000000000e+00
3.746192568736000e-02 4.813423672006009e+04 4.813423672006009e+04 0.000000000000000e+00 0.000000000000000e+00 0.000000000000000e+00 7.598663298291364e+04 0.000000000000000e+00 0.000000000000000e+00 0.000000000000000e+00 6.873026750299537e+04 6.873026750299537e+04 0.000000000000000e+00
3.768526894361000e-02 4.772631502338673e+04 4.772631502338673e+04 0.000000000000000e+00 0.000000000000000e+00 0.000000000000000e+00 7.555071264771884e+04 0.000000000000000e+00 0.000000000000000e+00 0.000000000000000e+00 6.832122027321933e+04 6.832122027321933e+04 0.000000000000000e+00
3.791036449446000e-02 4.732327987967517e+04 4.732327987967517e+04 0.000000000000000e+00 0.000000000000000e+00 0.000000000000000e+00 7.511577869478117e+04 0.000000000000000e+00 0.000000000000000e+00 0.000000000000000e+00 6.791407818796375e+04 6.791407818796375e+04 0.000000000000000e+00
3.813724904332000e-02 4.692628424973888e+04 4.692628424973888e+04 0.000000000000000e+00 0.000000000000000e+00 0.000000000000000e+00 7.468223203629865e+04 0.000000000000000e+00 0.000000000000000e+00 0.000000000000000e+00 6.750946421644303e+04 6.750946421644303e+04 0.000000000000000e+00
3.836596083592000e-02 4.653533214204654e+04 4.653533214204654e+04 0.000000000000000e+00 0.000000000000000e+00 0.000000000000000e+00 7.425009738643959e+04 0.000000000000000e+00 0.000000000000000e+00 0.000000000000000e+00 6.710738586218930e+04 6.710738586218930e+04 0.000000000000000e+00
3.859653972958000e-02 4.614951832168243e+04 4.614951832168243e+04 0.000000000000000e+00 0.000000000000000e+00 0.000000000000000e+00 7.381901565159536e+04 0.000000000000000e+00 0.000000000000000e+00 0.000000000000000e+00 6.670731038121607e+04 6.670731038121607e+04 0.000000000000000e+00
3.882902726594000e-02 4.576985717403941e+04 4.576985717403941e+04 0.000000000000000e+00 0.000000000000000e+00 0.000000000000000e+00 7.338930524687585e+04 0.000000000000000e+00 0.000000000000000e+00 0.000000000000000e+00 6.630976206194767e+04 6.630976206194767e+04 0.000000000000000e+00
3.906346674729000e-02 4.539643847792712e+04 4.539643847792712e+04 0.000000000000000e+00 0.000000000000000e+00 0.000000000000000e+00 7.296101379008536e+04 0.000000000000000e+00 0.000000000000000e+00 0.000000000000000e+00 6.591479197534714e+04 6.591479197534714e+04 0.000000000000000e+00
3.929990331657000e-02 4.502888667779163e+04 4.502888667779163e+04 0.000000000000000e+00 0.000000000000000e+00 0.000000000000000e+00 7.253395413958859e+04 0.000000000000000e+00 0.000000000000000e+00 0.000000000000000e+00 6.552214346587553e+04 6.552214346587553e+04 0.000000000000000e+00
3.953838404159000e-02 4.466725865615382e+04 4.466725865615382e+04 0.000000000000000e+00 0.000000000000000e+00 0.000000000000000e+00 7.210819967167359e+04 0.000000000000000e+00 0.000000000000000e+00 0.000000000000000e+00 6.513186509325994e+04 6.513186509325994e+04 0.000000000000000e+00
3.977895800352000e-02 4.431188741961984e+04 4.431188741961984e+04 0.000000000000000e+00 0.000000000000000e+00 0.000000000000000e+00 7.168383106687789e+04 0.000000000000000e+00 0.000000000000000e+00 0.000000000000000e+00 6.474411695383022e+04 6.474411695383022e+04 0.000000000000000e+00
4.002167638993000e-02 4.396312828231065e+04 4.396312828231065e+04 0.000000000000000e+00 0.000000000000000e+00 0.000000000000000e+00 7.126090998161967e+04 0.000000000000000e+00 0.000000000000000e+00 0.000000000000000e+00 6.435904294739954e+04 6.435904294739954e+04 0.000000000000000e+00
4.026659259287000e-02 4.362049102646691e+04 4.362049102646691e+04 0.000000000000000e+00 0.000000000000000e+00 0.000000000000000e+00 7.083919754902671e+04 0.000000000000000e+00 0.000000000000000e+00 0.000000000000000e+00 6.397634568956945e+04 6.397634568956945e+04 0.000000000000000e+00
4.051376231217000e-02 4.328452155603267e+04 4.328452155603267e+04 0.000000000000000e+00 0.000000000000000e+00 0.000000000000000e+00 7.041904860942536e+04 0.000000000000000e+00 0.000000000000000e+00 0.000000000000000e+00 6.359635367338800e+04 6.359635367338800e+04 0.000000000000000e+00
4.076324366434000e-02 4.295498514941387e+04 4.295498514941387e+04 0.000000000000000e+00 0.000000000000000e+00 0.000000000000000e+00 7.000016257645335e+04 0.000000000000000e+00 0.000000000000000e+00 0.000000000000000e+00 6.321885157394863e+04 6.321885157394863e+04 0.000000000000000e+00
4.101509729754000e-02 4.263167408794827e+04 4.263167408794827e+04 0.000000000000000e+00 0.000000000000000e+00 0.000000000000000e+00 6.958258695119483e+04 0.000000000000000e+00 0.000000000000000e+00 0.000000000000000e+00 6.284373159040813e+04 6.284373159040813e+04 0.000000000000000e+00
4.126938651300000e-02 4.231525030321039e+04 4.231525030321039e+04 0.000000000000000e+00 0.000000000000000e+00 0.000000000000000e+00 6.916648587398310e+04 0.000000000000000e+00 0.000000000000000e+00 0.000000000000000e+00 6.247132926505931e+04 6.247132926505931e+04 0.000000000000000e+00
4.152617739333000e-02 4.200577812443653e+04 4.200577812443653e+04 0.000000000000000e+00 0.000000000000000e+00 0.000000000000000e+00 6.875179132600110e+04 0.000000000000000e+00 0.000000000000000e+00 0.000000000000000e+00 6.210166152209802e+04 6.210166152209802e+04 0.000000000000000e+00
4.178553893823000e-02 4.170299230358547e+04 4.170299230358547e+04 0.000000000000000e+00 0.000000000000000e+00 0.000000000000000e+00 6.833845225542158e+04 0.000000000000000e+00 0.000000000000000e+00 0.000000000000000e+00 6.173452388574879e+04 6.173452388574879e+04 0.000000000000000e+00
4.204754320818000e-02 4.140676582984229e+04 4.140676582984229e+04 0.000000000000000e+00 0.000000000000000e+00 0.000000000000000e+00 6.792640383512129e+04 0.000000000000000e+00 0.000000000000000e+00 0.000000000000000e+00 6.136983003104270e+04 6.136983003104270e+04 0.000000000000000e+00
4.231226547666000e-02 4.111831164469806e+04 4.111831164469806e+04 0.000000000000000e+00 0.000000000000000e+00 0.000000000000000e+00 6.751602132538773e+04 0.000000000000000e+00 0.000000000000000e+00 0.000000000000000e+00 6.100826283570806e+04 6.100826283570806e+04 0.000000000000000e+00
4.257978439145000e-02 4.083663880647320e+04 4.083663880647320e+04 0.000000000000000e+00 0.000000000000000e+00 0.000000000000000e+00 6.710695733778769e+04 0.000000000000000e+00 0.000000000000000e+00 0.000000000000000e+00 6.064920290479055e+04 6.064920290479055e+04 0.000000000000000e+00
4.285018214590000e-02 4.056185005935238e+04 4.056185005935238e+04 0.000000000000000e+00 0.000000000000000e+00 0.000000000000000e+00 6.669915862501219e+04 0.000000000000000e+00 0.000000000000000e+00 0.000000000000000e+00 6.029266243484106e+04 6.029266243484106e+04 0.000000000000000e+00
4.312354466069000e-02 4.029484721754394e+04 4.029484721754394e+04 0.000000000000000e+00 0.000000000000000e+00 0.000000000000000e+00 6.629293340058799e+04 0.000000000000000e+00 0.000000000000000e+00 0.000000000000000e+00 5.993914506905007e+04 5.993914506905007e+04 0.000000000000000e+00
4.339996177704000e-02 4.003431855702404e+04 4.003431855702404e+04 0.000000000000000e+00 0.000000000000000e+00 0.000000000000000e+00 6.588790223250152e+04 0.000000000000000e+00 0.000000000000000e+00 0.000000000000000e+00 5.958784855544120e+04 5.958784855544120e+04 0.000000000000000e+00
4.367952746214000e-02 3.978129584104265e+04 3.978129584104265e+04 0.000000000000000e+00 0.000000000000000e+00 0.000000000000000e+00 6.548425713488751e+04 0.000000000000000e+00 0.000000000000000e+00 0.000000000000000e+00 5.923935990236636e+04 5.923935990236636e+04 0.000000000000000e+00
4.396234002788000e-02 3.953606304263003e+04 3.953606304263003e+04 0.000000000000000e+00 0.000000000000000e+00 0.000000000000000e+00 6.508212010854195e+04 0.000000000000000e+00 0.000000000000000e+00 0.000000000000000e+00 5.889375701561257e+04 5.889375701561257e+04 0.000000000000000e+00
4.424850236373000e-02 3.929811511576765e+04 3.929811511576765e+04 0.000000000000000e+00 0.000000000000000e+00 0.000000000000000e+00 6.468123945703013e+04 0.000000000000000e+00 0.000000000000000e+00 0.000000000000000e+00 5.855073460429024e+04 5.855073460429024e+04 0.000000000000000e+00
4.453812218512000e-02 3.906777518514747e+04 3.906777518514747e+04 0.000000000000000e+00 0.000000000000000e+00 0.000000000000000e+00 6.428178895408686e+04 0.000000000000000e+00 0.000000000000000e+00 0.000000000000000e+00 5.821046760760831e+04 5.821046760760831e+04 0.000000000000000e+00
4.483131229833000e-02 3.884483487876987e+04 3.884483487876987e+04 0.000000000000000e+00 0.000000000000000e+00 0.000000000000000e+00 6.388356967937546e+04 0.000000000000000e+00 0.000000000000000e+00 0.000000000000000e+00 5.787276073400163e+04 5.787276073400163e+04 0.000000000000000e+00
4.512819088345000e-02 3.862974018150336e+04 3.862974018150336e+04 0.000000000000000e+00 0.000000000000000e+00 0.000000000000000e+00 6.348671170752807e+04 0.000000000000000e+00 0.000000000000000e+00 0.000000000000000e+00 5.753782686092758e+04 5.753782686092758e+04 0.000000000000000e+00
4.542888179659000e-02 3.842249780542763e+04 3.842249780542763e+04 0.000000000000000e+00 0.000000000000000e+00 0.000000000000000e+00 6.309119082429322e+04 0.000000000000000e+00 0.000000000000000e+00 0.000000000000000e+00 5.720564642224044e+04 5.720564642224044e+04 0.000000000000000e+00
4.573351489328000e-02 3.822290811334651e+04 3.822290811334651e+04 0.000000000000000e+00 0.000000000000000e+00 0.000000000000000e+00 6.269696676523319e+04 0.000000000000000e+00 0.000000000000000e+00 0.000000000000000e+00 5.687605451589306e+04 5.687605451589306e+04 0.000000000000000e+00
4.604222637449000e-02 3.803119129898067e+04 3.803119129898067e+04 0.000000000000000e+00 0.000000000000000e+00 0.000000000000000e+00 6.230394483148326e+04 0.000000000000000e+00 0.000000000000000e+00 0.000000000000000e+00 5.654911021345460e+04 5.654911021345460e+04 0.000000000000000e+00
4.635515915737000e-02 3.784733872929480e+04 3.784733872929480e+04 0.000000000000000e+00 0.000000000000000e+00 0.000000000000000e+00 6.191217336636011e+04 0.000000000000000e+00 0.000000000000000e+00 0.000000000000000e+00 5.622479957502598e+04 5.622479957502598e+04 0.000000000000000e+00
4.667246327273000e-02 3.767130617418641e+04 3.767130617418641e+04 0.000000000000000e+00 0.000000000000000e+00 0.000000000000000e+00 6.152158351714331e+04 0.000000000000000e+00 0.000000000000000e+00 0.000000000000000e+00 5.590303709638243e+04 5.590303709638243e+04 0.000000000000000e+00
4.699429629156000e-02 3.750338384378944e+04 3.750338384378944e+04 0.000000000000000e+00 0.000000000000000e+00 0.000000000000000e+00 6.113219765890325e+04 0.000000000000000e+00 0.000000000000000e+00 0.000000000000000e+00 5.558391999567553e+04 5.558391999567553e+04 0.000000000000000e+00
4.732082378307000e-02 3.734354409656399e+04 3.734354409656399e+04 0.000000000000000e+00 0.000000000000000e+00 0.000000000000000e+00 6.074396644439791e+04 0.000000000000000e+00 0.000000000000000e+00 0.000000000000000e+00 5.526741986805867e+04 5.526741986805867e+04 0.000000000000000e+00
4.765221980708000e-02 3.719145363128907e+04 3.719145363128907e+04 0.000000000000000e+00 0.000000000000000e+00 0.000000000000000e+00 6.035679121031160e+04 0.000000000000000e+00 0.000000000000000e+00 0.000000000000000e+00 5.495325141292782e+04 5.495325141292782e+04 0.000000000000000e+00
4.798866744368000e-02 3.704761252878878e+04 3.704761252878878e+04 0.000000000000000e+00 0.000000000000000e+00 0.000000000000000e+00 5.997074664431941e+04 0.000000000000000e+00 0.000000000000000e+00 0.000000000000000e+00 5.464168918239351e+04 5.464168918239351e+04 0.000000000000000e+00
4.833035936362000e-02 3.691159195273289e+04 3.691159195273289e+04 0.000000000000000e+00 0.000000000000000e+00 0.000000000000000e+00 5.958562572084151e+04 0.000000000000000e+00 0.000000000000000e+00 0.000000000000000e+00 5.433241535244653e+04 5.433241535244653e+04 0.000000000000000e+00
4.867749844293000e-02 3.678371133340360e+04 3.678371133340360e+04 0.000000000000000e+00 0.000000000000000e+00 0.000000000000000e+00 5.920150507635145e+04 0.000000000000000e+00 0.000000000000000e+00 0.000000000000000e+00 5.402556243789478e+04 5.402556243789478e+04 0.000000000000000e+00
4.903029842595000e-02 3.666394047373795e+04 3.666394047373795e+04 0.000000000000000e+00 0.000000000000000e+00 0.000000000000000e+00 5.881832276945888e+04 0.000000000000000e+00 0.000000000000000e+00 0.000000000000000e+00 5.372105253228607e+04 5.372105253228607e+04 0.000000000000000e+00
4.938898464116000e-02 3.655208969648227e+04 3.655208969648227e+04 0.000000000000000e+00 0.000000000000000e+00 0.000000000000000e+00 5.843596888853007e+04 0.000000000000000e+00 0.000000000000000e+00 0.000000000000000e+00 5.341873538047546e+04 5.341873538047546e+04 0.000000000000000e+00
4.975379477471000e-02 3.644828893191594e+04 3.644828893191594e+04 0.000000000000000e+00 0.000000000000000e+00 0.000000000000000e+00 5.805442877830577e+04 0.000000000000000e+00 0.000000000000000e+00 0.000000000000000e+00 5.311861977890425e+04 5.311861977890425e+04 0.000000000000000e+00
5.012497970704000e-02 3.635238167933345e+04 3.635238167933345e+04 0.000000000000000e+00 0.000000000000000e+00 0.000000000000000e+00 5.767358012760415e+04 0.000000000000000e+00 0.000000000000000e+00 0.000000000000000e+00 5.282020123217298e+04 5.282020123217298e+04 0.000000000000000e+00
5.050280441874000e-02 3.626419093671630e+04 3.626419093671630e+04 0.000000000000000e+00 0.000000000000000e+00 0.000000000000000e+00 5.729333139359727e+04 0.000000000000000e+00 0.000000000000000e+00 0.000000000000000e+00 5.252408134322059e+04 5.252408134322059e+04 0.000000000000000e+00
5.088754897201000e-02 3.618387857124872e+04 3.618387857124872e+04 0.000000000000000e+00 0.000000000000000e+00 0.000000000000000e+00 5.691368272704648e+04 0.000000000000000e+00 0.000000000000000e+00 0.000000000000000e+00 5.222987896147111e+04 5.222987896147111e+04 0.000000000000000e+00
5.127950957537000e-02 3.611113082855107e+04 3.611113082855107e+04 0.000000000000000e+00 0.000000000000000e+00 0.000000000000000e+00 5.653445898798301e+04 0.000000000000000e+00 0.000000000000000e+00 0.000000000000000e+00 5.193737113058710e+04 5.193737113058710e+04 0.000000000000000e+00
5.167899973950000e-02 3.604589743314270e+04 3.604589743314270e+04 0.000000000000000e+00 0.000000000000000e+00 0.000000000000000e+00 5.615555166772047e+04 0.000000000000000e+00 0.000000000000000e+00 0.000000000000000e+00 5.164644854063924e+04 5.164644854063924e+04 0.000000000000000e+00
5.208635153343000e-02 3.598792356749854e+04 3.598792356749854e+04 0.000000000000000e+00 0.000000000000000e+00 0.000000000000000e+00 5.577688397718433e+04 0.000000000000000e+00 0.000000000000000e+00 0.000000000000000e+00 5.135694793963475e+04 5.135694793963475e+04 0.000000000000000e+00
5.250191695098000e-02 3.593701258065658e+04 3.593701258065658e+04 0.000000000000000e+00 0.000000000000000e+00 0.000000000000000e+00 5.539825158584925e+04 0.000000000000000e+00 0.000000000000000e+00 0.000000000000000e+00 5.106865742418730e+04 5.106865742418730e+04 0.000000000000000e+00
5.292606939857000e-02 3.589292609068550e+04 3.589292609068550e+04 0.000000000000000e+00 0.000000000000000e+00 0.000000000000000e+00 5.501958984492597e+04 0.000000000000000e+00 0.000000000000000e+00 0.000000000000000e+00 5.078291862574725e+04 5.078291862574725e+04 0.000000000000000e+00
5.335920531693000e-02 3.585563993210455e+04 3.585563993210455e+04 0.000000000000000e+00 0.000000000000000e+00 0.000000000000000e+00 5.464080337272317e+04 0.000000000000000e+00 0.000000000000000e+00 0.000000000000000e+00 5.049646233706096e+04 5.049646233706096e+04 0.000000000000000e+00
5.380174595024000e-02 3.582447787353308e+04 3.582447787353308e+04 0.000000000000000e+00 0.000000000000000e+00 0.000000000000000e+00 5.426155078366616e+04 0.000000000000000e+00 0.000000000000000e+00 0.000000000000000e+00 5.021056767060198e+04 5.021056767060198e+04 0.000000000000000e+00
5.425413927816000e-02 3.579914969814829e+04 3.579914969814829e+04 0.000000000000000e+00 0.000000000000000e+00 0.000000000000000e+00 5.388168687587232e+04 0.000000000000000e+00 0.000000000000000e+00 0.000000000000000e+00 4.992498120533034e+04 4.992498120533034e+04 0.000000000000000e+00
5.471686212777000e-02 3.577925983890967e+04 3.577925983890967e+04 0.000000000000000e+00 0.000000000000000e+00 0.000000000000000e+00 5.350102672474764e+04 0.000000000000000e+00 0.000000000000000e+00 0.000000000000000e+00 4.963939348958123e+04 4.963939348958123e+04 0.000000000000000e+00
5.519042248431000e-02 3.576423203353070e+04 3.576423203353070e+04 0.000000000000000e+00 0.000000000000000e+00 0.000000000000000e+00 5.311931129195984e+04 0.000000000000000e+00 0.000000000000000e+00 0.000000000000000e+00 4.935341309057727e+04 4.935341309057727e+04 0.000000000000000e+00
5.567536202192000e-02 3.575362661694560e+04 3.575362661694560e+04 0.000000000000000e+00 0.000000000000000e+00 0.000000000000000e+00 5.273628508998461e+04 0.000000000000000e+00 0.000000000000000e+00 0.000000000000000e+00 4.906672241525169e+04 4.906672241525169e+04 0.000000000000000e+00
5.617225887790000e-02 3.574686646443654e+04 3.574686646443654e+04 0.000000000000000e+00 0.000000000000000e+00 0.000000000000000e+00 5.235181800228807e+04 0.000000000000000e+00 0.000000000000000e+00 0.000000000000000e+00 4.878691757825817e+04 4.878691757825817e+04 0.000000000000000e+00
5.668173069663000e-02 3.574316729429927e+04 3.574316729429927e+04 0.000000000000000e+00 0.000000000000000e+00 0.000000000000000e+00 5.196553248501051e+04 0.000000000000000e+00 0.000000000000000e+00 0.000000000000000e+00 4.849683267389786e+04 4.849683267389786e+04 0.000000000000000e+00
5.720443797238000e-02 3.574129307039703e+04 3.574129307039703e+04 0.000000000000000e+00 0.000000000000000e+00 0.000000000000000e+00 5.157679073361061e+04 0.000000000000000e+00 0.000000000000000e+00 0.000000000000000e+00 4.820470103569955e+04 4.820470103569955e+04 0.000000000000000e+00
5.774108772338000e-02 3.574037076946713e+04 3.574037076946713e+04 0.000000000000000e+00 0.000000000000000e+00 0.000000000000000e+00 5.118527972442166e+04 0.000000000000000e+00 0.000000000000000e+00 0.000000000000000e+00 4.790978721196832e+04 4.790978721196832e+04 0.000000000000000e+00
5.829243753323000e-02 3.573969519502317e+04 3.573969519502317e+04 0.000000000000000e+00 0.000000000000000e+00 0.000000000000000e+00 5.079069311478380e+04 0.000000000000000e+00 0.000000000000000e+00 0.000000000000000e+00 4.761158337640757e+04 4.761158337640757e+04 0.000000000000000e+00
5.885929999957000e-02 3.573783497180143e+04 3.573783497180143e+04 0.000000000000000e+00 0.000000000000000e+00 0.000000000000000e+00 5.039245418334383e+04 0.000000000000000e+00 0.000000000000000e+00 0.000000000000000e+00 4.730923068305466e+04 4.730923068305466e+04 0.000000000000000e+00
5.944254763445000e-02 3.573311037004431e+04 3.573311037004431e+04 0.000000000000000e+00 0.000000000000000e+00 0.000000000000000e+00 4.998999170073016e+04 0.000000000000000e+00 0.000000000000000e+00 0.000000000000000e+00 4.700179869253550e+04 4.700179869253550e+04 0.000000000000000e+00
6.004311826506000e-02 3.572454780304809e+04 3.572454780304809e+04 0.000000000000000e+00 0.000000000000000e+00 0.000000000000000e+00 4.958283032338937e+04 0.000000000000000e+00 0.000000000000000e+00 0.000000000000000e+00 4.668868735010829e+04 4.668868735010829e+04 0.000000000000000e+00
6.066202098906000e-02 3.570978789616645e+04 3.570978789616645e+04 0.000000000000000e+00 0.000000000000000e+00 0.000000000000000e+00 4.917015344419736e+04 0.000000000000000e+00 0.000000000000000e+00 0.000000000000000e+00 4.636861143402151e+04 4.636861143402151e+04 0.000000000000000e+00
6.130034274330000e-02 3.568752105057574e+04 3.568752105057574e+04 0.000000000000000e+00 0.000000000000000e+00 0.000000000000000e+00 4.875131814942168e+04 0.000000000000000e+00 0.000000000000000e+00 0.000000000000000e+00 4.604073101669918e+04 4.604073101669918e+04 0.000000000000000e+00
6.195925555050000e-02 3.565504895173421e+04 3.565504895173421e+04 0.000000000000000e+00 0.000000000000000e+00 0.000000000000000e+00 4.832540710566086e+04 0.000000000000000e+00 0.000000000000000e+00 0.000000000000000e+00 4.570362184593255e+04 4.570362184593255e+04 0.000000000000000e+00
6.264002451389999e-02 3.561024734512300e+04 3.561024734512300e+04 0.000000000000000e+00 0.000000000000000e+00 0.000000000000000e+00 4.789164230287326e+04 0.000000000000000e+00 0.000000000000000e+00 0.000000000000000e+00 4.535614647065896e+04 4.535614647065896e+04 0.000000000000000e+00
6.334401663446999e-02 3.555028767959754e+04 3.555028767959754e+04 0.000000000000000e+00 0.000000000000000e+00 0.000000000000000e+00 4.744891168327121e+04 0.000000000000000e+00 0.000000000000000e+00 0.000000000000000e+00 4.499669961158887e+04 4.499669961158887e+04 0.000000000000000e+00
6.407271053060000e-02 3.547230656400409e+04 3.547230656400409e+04 0.000000000000000e+00 0.000000000000000e+00 0.000000000000000e+00 4.699618728509235e+04 0.000000000000000e+00 0.000000000000000e+00 0.000000000000000e+00 4.462376540665010e+04 4.462376540665010e+04 0.000000000000000e+00
6.482770714291000e-02 3.537281789211635e+04 3.537281789211635e+04 0.000000000000000e+00 0.000000000000000e+00 0.000000000000000e+00 4.653216804049296e+04 0.000000000000000e+00 0.000000000000000e+00 0.000000000000000e+00 4.423546453678293e+04 4.423546453678293e+04 0.000000000000000e+00
6.561074150913000e-02 3.524841460706321e+04 3.524841460706321e+04 0.000000000000000e+00 0.000000000000000e+00 0.000000000000000e+00 4.605556897597083e+04 0.000000000000000e+00 0.000000000000000e+00 0.000000000000000e+00 4.382997142299626e+04 4.382997142299626e+04 0.000000000000000e+00
6.642369569249000e-02 3.509497441499348e+04 3.509497441499348e+04 0.000000000000000e+00 0.000000000000000e+00 0.000000000000000e+00 4.556492026452790e+04 0.000000000000000e+00 0.000000000000000e+00 0.000000000000000e+00 4.340512101228689e+04 4.340512101228689e+04 0.000000000000000e+00
6.726861294229999e-02 3.490830915977174e+04 3.490830915977174e+04 0.000000000000000e+00 0.000000000000000e+00 0.000000000000000e+00 4.505864433853472e+04 0.000000000000000e+00 0.000000000000000e+00 0.000000000000000e+00 4.295870692945269e+04 4.295870692945269e+04 0.000000000000000e+00
6.814771315451000e-02 3.468376955523552e+04 3.468376955523552e+04 0.000000000000000e+00 0.000000000000000e+00 0.000000000000000e+00 4.453497349127198e+04 0.000000000000000e+00 0.000000000000000e+00 0.000000000000000e+00 4.248826580850934e+04 4.248826580850934e+04 0.000000000000000e+00
6.906340968088000e-02 3.441650479162222e+04 3.441650479162222e+04 0.000000000000000e+00 0.000000000000000e+00 0.000000000000000e+00 4.399208160458805e+04 0.000000000000000e+00 0.000000000000000e+00 0.000000000000000e+00 4.199126063479528e+04 4.199126063479528e+04 0.000000000000000e+00
7.001832750548000e-02 3.410085845491463e+04 3.410085845491463e+04 0.000000000000000e+00 0.000000000000000e+00 0.000000000000000e+00 4.342792772677350e+04 0.000000000000000e+00 0.000000000000000e+00 0.000000000000000e+00 4.146480552251665e+04 4.146480552251665e+04 0.000000000000000e+00
7.101532276200000e-02 3.373162879956851e+04 3.373162879956851e+04 0.000000000000000e+00 0.000000000000000e+00 0.000000000000000e+00 4.284043503097726e+04 0.000000000000000e+00 0.000000000000000e+00 0.000000000000000e+00 4.090616169213222e+04 4.090616169213222e+04 0.000000000000000e+00
7.205750349991000e-02 3.330299407411653e+04 3.330299407411653e+04 0.000000000000000e+00 0.000000000000000e+00 0.000000000000000e+00 4.222736372133822e+04 0.000000000000000e+00 0.000000000000000e+00 0.000000000000000e+00 4.031233459222077e+04 4.031233459222077e+04 0.000000000000000e+00
7.314825151623000e-02 3.280923985945830e+04 3.280923985945830e+04 0.000000000000000e+00 0.000000000000000e+00 0.000000000000000e+00 4.158643319685067e+04 0.000000000000000e+00 0.000000000000000e+00 0.000000000000000e+00 3.968037515577149e+04 3.968037515577149e+04 0.000000000000000e+00
7.429124494463001e-02 3.224479832106414e+04 3.224479832106414e+04 0.000000000000000e+00 0.000000000000000e+00 0.000000000000000e+00 4.091534812397705e+04 0.000000000000000e+00 0.000000000000000e+00 0.000000000000000e+00 3.900741389197163e+04 3.900741389197163e+04 0.000000000000000e+00
7.549048112662000e-02 3.160438435655618e+04 3.160438435655618e+04 0.000000000000000e+00 0.000000000000000e+00 0.000000000000000e+00 4.021183125978307e+04 0.000000000000000e+00 0.000000000000000e+00 0.000000000000000e+00 3.829072138280363e+04 3.829072138280363e+04 0.000000000000000e+00
7.675029907168000e-02 3.088350990667234e+04 3.088350990667234e+04 0.000000000000000e+00 0.000000000000000e+00 0.000000000000000e+00 3.947377109077605e+04 0.000000000000000e+00 0.000000000000000e+00 0.000000000000000e+00 3.752796747722991e+04 3.752796747722991e+04 0.000000000000000e+00
7.807540053540001e-02 3.007871971035244e+04 3.007871971035244e+04 0.000000000000000e+00 0.000000000000000e+00 0.000000000000000e+00 3.869930669130333e+04 0.000000000000000e+00 0.000000000000000e+00 0.000000000000000e+00 3.671733414686348e+04 3.671733414686348e+04 0.000000000000000e+00
7.947086840108000e-02 2.918822534679502e+04 2.918822534679502e+04 0.000000000000000e+00 0.000000000000000e+00 0.000000000000000e+00 3.788700183213561e+04 0.000000000000000e+00 0.000000000000000e+00 0.000000000000000e+00 3.585782916132664e+04 3.585782916132664e+04 0.000000000000000e+00
8.094218063836001e-02 2.821241970863702e+04 2.821241970863702e+04 0.000000000000000e+00 0.000000000000000e+00 0.000000000000000e+00 3.703602860864509e+04 0.000000000000000e+00 0.000000000000000e+00 0.000000000000000e+00 3.494953535666654e+04 3.494953535666654e+04 0.000000000000000e+00
8.249521764180000e-02 2.715466348611985e+04 2.715466348611985e+04 0.000000000000000e+00 0.000000000000000e+00 0.000000000000000e+00 3.614641581472989e+04 0.000000000000000e+00 0.000000000000000e+00 0.000000000000000e+00 3.399400136257298e+04 3.399400136257298e+04 0.000000000000000e+00
8.413626024739999e-02 2.602212979327594e+04 2.602212979327594e+04 0.000000000000000e+00 0.000000000000000e+00 0.000000000000000e+00 3.521933650413084e+04 0.000000000000000e+00 0.000000000000000e+00 0.000000000000000e+00 3.299465791402273e+04 3.299465791402273e+04 0.000000000000000e+00
8.587197523451000e-02 2.482666346682534e+04 2.482666346682534e+04 0.000000000000000e+00 0.000000000000000e+00 0.000000000000000e+00 3.425741270054570e+04 0.000000000000000e+00 0.000000000000000e+00 0.000000000000000e+00 3.195724167386387e+04 3.195724167386387e+04 0.000000000000000e+00
8.770938472990999e-02 2.358552622943802e+04 2.358552622943802e+04 0.000000000000000e+00 0.000000000000000e+00 0.000000000000000e+00 3.326501302227969e+04 0.000000000000000e+00 0.000000000000000e+00 0.000000000000000e+00 3.089016280536451e+04 3.089016280536451e+04 0.000000000000000e+00
8.965581576547001e-02 2.232213099422852e+04 2.232213099422852e+04 0.000000000000000e+00 0.000000000000000e+00 0.000000000000000e+00 3.224857138950185e+04 0.000000000000000e+00 0.000000000000000e+00 0.000000000000000e+00 2.980487865911465e+04 2.980487865911465e+04 0.000000000000000e+00
9.171882647442001e-02 2.106625329619600e+04 2.106625329619600e+04 0.000000000000000e+00 0.000000000000000e+00 0.000000000000000e+00 3.121675850758700e+04 0.000000000000000e+00 0.000000000000000e+00 0.000000000000000e+00 2.871599553734606e+04 2.871599553734606e+04 0.000000000000000e+00
9.390610625102000e-02 1.985368905406926e+04 1.985368905406926e+04 0.000000000000000e+00 0.000000000000000e+00 0.000000000000000e+00 3.018052259946581e+04 0.000000000000000e+00 0.000000000000000e+00 0.000000000000000e+00 2.764112951431377e+04 2.764112951431377e+04 0.000000000000000e+00
9.622534885925001e-02 1.872487413030719e+04 1.872487413030719e+04 0.000000000000000e+00 0.000000000000000e+00 0.000000000000000e+00 2.915285776953521e+04 0.000000000000000e+00 0.000000000000000e+00 0.000000000000000e+00 2.660023205342749e+04 2.660023205342749e+04 0.000000000000000e+00
9.868410011115999e-02 1.772234141455364e+04 1.772234141455364e+04 0.000000000000000e+00 0.000000000000000e+00 0.000000000000000e+00 2.814814236583406e+04 0.000000000000000e+00 0.000000000000000e+00 0.000000000000000e+00 2.561437696107320e+04 2.561437696107320e+04 0.000000000000000e+00
1.012895853514000e-01 1.688690241567792e+04 1.688690241567792e+04 0.000000000000000e+00 0.000000000000000e+00 0.000000000000000e+00 2.718114987241875e+04 0.000000000000000e+00 0.000000000000000e+00 0.000000000000000e+00 2.470392887307415e+04 2.470392887307415e+04 0.000000000000000e+00
1.040485263225000e-01 1.625153676628600e+04 1.625153676628600e+04 0.000000000000000e+00 0.000000000000000e+00 0.000000000000000e+00 2.626527964219203e+04 0.000000000000000e+00 0.000000000000000e+00 0.000000000000000e+00 2.388559849185271e+04 2.388559849185271e+04 0.000000000000000e+00
1.069669614389000e-01 1.583540047395684e+04 1.583540047395684e+04 0.000000000000000e+00 0.000000000000000e+00 0.000000000000000e+00 2.541072693164344e+04 0.000000000000000e+00 0.000000000000000e+00 0.000000000000000e+00 2.316958347125465e+04 2.316958347125465e+04 0.000000000000000e+00
1.100500871104000e-01 1.563676406360084e+04 1.563676406360084e+04 0.000000000000000e+00 0.000000000000000e+00 0.000000000000000e+00 2.462219375949884e+04 0.000000000000000e+00 0.000000000000000e+00 0.000000000000000e+00 2.255618698819602e+04 2.255618698819602e+04 0.000000000000000e+00
1.133021393624000e-01 1.562748217768743e+04 1.562748217768743e+04 0.000000000000000e+00 0.000000000000000e+00 0.000000000000000e+00 2.389690439837006e+04 0.000000000000000e+00 0.000000000000000e+00 0.000000000000000e+00 2.203318192071699e+04 2.203318192071699e+04 0.000000000000000e+00
1.167263335671000e-01 1.575025647932580e+04 1.575025647932580e+04 0.000000000000000e+00 0.000000000000000e+00 0.000000000000000e+00 2.322327084713896e+04 0.000000000000000e+00 0.000000000000000e+00 0.000000000000000e+00 2.157449362445538e+04 2.157449362445538e+04 0.000000000000000e+00
1.203248751422000e-01 1.592143924139185e+04 1.592143924139185e+04 0.000000000000000e+00 0.000000000000000e+00 0.000000000000000e+00 2.258107497806120e+04 0.000000000000000e+00 0.000000000000000e+00 0.000000000000000e+00 2.114155131525886e+04 2.114155131525886e+04 0.000000000000000e+00
1.240990460248000e-01 1.603983109108233e+04 1.603983109108233e+04 0.000000000000000e+00 0.000000000000000e+00 0.000000000000000e+00 2.194345110663922e+04 0.000000000000000e+00 0.000000000000000e+00 0.000000000000000e+00 2.068750796300626e+04 2.068750796300626e+04 0.000000000000000e+00
1.280493620187000e-01 1.600202034252259e+04 1.600202034252259e+04 0.000000000000000e+00 0.000000000000000e+00 0.000000000000000e+00 2.128099369270606e+04 0.000000000000000e+00 0.000000000000000e+00 0.000000000000000e+00 2.016462525092239e+04 2.016462525092239e+04 0.000000000000000e+00
1.321757868360000e-01 1.572257377409316e+04 1.572257377409316e+04 0.000000000000000e+00 0.000000000000000e+00 0.000000000000000e+00 2.056769216028606e+04 0.000000000000000e+00 0.000000000000000e+00 0.000000000000000e+00 1.953403085243825e+04 1.953403085243825e+04 0.000000000000000e+00
1.364779818753000e-01 1.515480714569986e+04 1.515480714569986e+04 0.000000000000000e+00 0.000000000000000e+00 0.000000000000000e+00 1.978740908707948e+04 0.000000000000000e+00 0.000000000000000e+00 0.000000000000000e+00 1.877567320214252e+04 1.877567320214252e+04 0.000000000000000e+00
1.409555678715000e-01 1.430679319659601e+04 1.430679319659601e+04 0.000000000000000e+00 0.000000000000000e+00 0.000000000000000e+00 1.893933311168118e+04 0.000000000000000e+00 0.000000000000000e+00 0.000000000000000e+00 1.789587202103912e+04 1.789587202103912e+04 0.000000000000000e+00
1.456083757096000e-01 1.324678271835547e+04 1.324678271835547e+04 0.000000000000000e+00 0.000000000000000e+00 0.000000000000000e+00 1.804046437614104e+04 0.000000000000000e+00 0.000000000000000e+00 0.000000000000000e+00 1.692963466905095e+04 1.692963466905095e+04 0.000000000000000e+00
1.504366680565000e-01 1.209425825125178e+04 1.209425825125178e+04 0.000000000000000e+00 0.000000000000000e+00 0.000000000000000e+00 1.712389664241685e+04 0.000000000000000e+00 0.000000000000000e+00 0.000000000000000e+00 1.593598941480257e+04 1.593598941480257e+04 0.000000000000000e+00
1.554413195010000e-01 1.099611089935956e+04 1.099611089935956e+04 0.000000000000000e+00 0.000000000000000e+00 0.000000000000000e+00 1.623259384218153e+04 0.000000000000000e+00 0.000000000000000e+00 0.000000000000000e+00 1.498625990787452e+04 1.498625990787452e+04 0.000000000000000e+00
1.606239490216000e-01 1.009215313469253e+04 1.009215313469253e+04 0.000000000000000e+00 0.000000000000000e+00 0.000000000000000e+00 1.540977373333593e+04 0.000000000000000e+00 0.000000000000000e+00 0.000000000000000e+00 1.414756239131293e+04 1.414756239131293e+04 0.000000000000000e+00
1.659870036286000e-01 9.477096867821565e+03 9.477096867821565e+03 0.000000000000000e+00 0.000000000000000e+00 0.000000000000000e+00 1.468682338742802e+04 0.000000000000000e+00 0.000000000000000e+00 0.000000000000000e+00 1.346416792646442e+04 1.346416792646442e+04 0.000000000000000e+00
1.715337953308000e-01 9.171900703917141e+03 9.171900703917141e+03 0.000000000000000e+00 0.000000000000000e+00 0.000000000000000e+00 1.407449948963392e+04 0.000000000000000e+00 0.000000000000000e+00 0.000000000000000e+00 1.294429682559415e+04 1.294429682559415e+04 0.000000000000000e+00
1.772684950820000e-01 9.113547252629043e+03 9.113547252629043e+03 0.000000000000000e+00 0.000000000000000e+00 0.000000000000000e+00 1.355799871533293e+04 0.000000000000000e+00 0.000000000000000e+00 0.000000000000000e+00 1.255535606509555e+04 1.255535606509555e+04 0.000000000000000e+00
1.831960873340000e-01 9.171384257461021e+03 9.171384257461021e+03 0.000000000000000e+00 0.000000000000000e+00 0.000000000000000e+00 1.310109466872740e+04 0.000000000000000e+00 0.000000000000000e+00 0.000000000000000e+00 1.223286297324173e+04 1.223286297324173e+04 0.000000000000000e+00
1.893222877056000e-01 9.190336556000539e+03 9.190336556000539e+03 0.000000000000000e+00 0.000000000000000e+00 0.000000000000000e+00 1.265941443080867e+04 0.000000000000000e+00 0.000000000000000e+00 0.000000000000000e+00 1.190264419919227e+04 1.190264419919227e+04 0.000000000000000e+00
1.956534245308000e-01 9.031118817335451e+03 9.031118817335451e+03 0.000000000000000e+00 0.000000000000000e+00 0.000000000000000e+00 1.218620752062084e+04 0.000000000000000e+00 0.000000000000000e+00 0.000000000000000e+00 1.149579238620116e+04 1.149579238620116e+04 0.000000000000000e+00
2.021962830753000e-01 8.632833716967314e+03 8.632833716967314e+03 0.000000000000000e+00 0.000000000000000e+00 0.000000000000000e+00 1.165826296512730e+04 0.000000000000000e+00 0.000000000000000e+00 0.000000000000000e+00 1.098370764425091e+04 1.098370764425091e+04 0.000000000000000e+00
2.089579093635000e-01 8.034851753250327e+03 8.034851753250327e+03 0.000000000000000e+00 0.000000000000000e+00 0.000000000000000e+00 1.108398803407677e+04 0.000000000000000e+00 0.000000000000000e+00 0.000000000000000e+00 1.038808269284022e+04 1.038808269284022e+04 0.000000000000000e+00
2.159453691496000e-01 7.359682221287117e+03 7.359682221287117e+03 0.000000000000000e+00 0.000000000000000e+00 0.000000000000000e+00 1.049856381210731e+04 0.000000000000000e+00 0.000000000000000e+00 0.000000000000000e+00 9.770571300075810e+03 9.770571300075810e+03 0.000000000000000e+00
2.231654569115000e-01 6.757023381471715e+03 6.757023381471715e+03 0.000000000000000e+00 0.000000000000000e+00 0.000000000000000e+00 9.945270606426517e+03 0.000000000000000e+00 0.000000000000000e+00 0.000000000000000e+00 9.203041443894064e+03 9.203041443894064e+03 0.000000000000000e+00
2.306243502222000e-01 6.338494497361822e+03 6.338494497361822e+03 0.000000000000000e+00 0.000000000000000e+00 0.000000000000000e+00 9.457851637872587e+03 0.000000000000000e+00 0.000000000000000e+00 0.000000000000000e+00 8.737071591339087e+03 8.737071591339087e+03 0.000000000000000e+00
2.383272068758000e-01 6.128594632066107e+03 6.128594632066107e+03 0.000000000000000e+00 0.000000000000000e+00 0.000000000000000e+00 9.047344770080113e+03 0.000000000000000e+00 0.000000000000000e+00 0.000000000000000e+00 8.382787493498086e+03 8.382787493498086e+03 0.000000000000000e+00
2.462777061817000e-01 6.053584739811605e+03 6.053584739811605e+03 0.000000000000000e+00 0.000000000000000e+00 0.000000000000000e+00 8.695603611278289e+03 0.000000000000000e+00 0.000000000000000e+00 0.000000000000000e+00 8.103485641520654e+03 8.103485641520654e+03 0.000000000000000e+00
2.544775422960000e-01 5.981615449022211e+03 5.981615449022211e+03 0.000000000000000e+00 0.000000000000000e+00 0.000000000000000e+00 8.363114919196407e+03 0.000000000000000e+00 0.000000000000000e+00 0.000000000000000e+00 7.833931087425233e+03 7.833931087425233e+03 0.000000000000000e+00
2.629258865103000e-01 5.801263050311688e+03 5.801263050311688e+03 0.000000000000000e+00 0.000000000000000e+00 0.000000000000000e+00 8.014420685493695e+03 0.000000000000000e+00 0.000000000000000e+00 0.000000000000000e+00 7.520389560306157e+03 7.520389560306157e+03 0.000000000000000e+00
2.716188467622000e-01 5.484790005541222e+03 5.484790005541222e+03 0.000000000000000e+00 0.000000000000000e+00 0.000000000000000e+00 7.638001013553703e+03 0.000000000000000e+00 0.000000000000000e+00 0.000000000000000e+00 7.150724791716199e+03 7.150724791716199e+03 0.000000000000000e+00
2.805489651879000e-01 5.096752179563900e+03 5.096752179563900e+03 0.000000000000000e+00 0.000000000000000e+00 0.000000000000000e+00 7.249830596957746e+03 0.000000000000000e+00 0.000000000000000e+00 0.000000000000000e+00 6.756806428126307e+03 6.756806428126307e+03 0.000000000000000e+00
2.897048061663000e-01 4.746191215570640e+03 4.746191215570640e+03 0.000000000000000e+00 0.000000000000000e+00 0.000000000000000e+00 6.883045063323025e+03 0.000000000000000e+00 0.000000000000000e+00 0.000000000000000e+00 6.392466835040175e+03 6.392466835040175e+03 0.000000000000000e+00
2.990706948585000e-01 4.506940210598496e+03 4.506940210598496e+03 0.000000000000000e+00 0.000000000000000e+00 0.000000000000000e+00 6.562235907785890e+03 0.000000000000000e+00 0.000000000000000e+00 0.000000000000000e+00 6.093347543127298e+03 6.093347543127298e+03 0.000000000000000e+00
3.086266659422000e-01 4.369794827193112e+03 4.369794827193112e+03 0.000000000000000e+00 0.000000000000000e+00 0.000000000000000e+00 6.285807096761606e+03 0.000000000000000e+00 0.000000000000000e+00 0.000000000000000e+00 5.852995025779026e+03 5.852995025779026e+03 0.000000000000000e+00
3.183486707767000e-01 4.264867296934458e+03 4.264867296934458e+03 0.000000000000000e+00 0.000000000000000e+00 0.000000000000000e+00 6.033851321458309e+03 0.000000000000000e+00 0.000000000000000e+00 0.000000000000000e+00 5.636763369358594e+03 5.636763369358594e+03 0.000000000000000e+00
3.282090672128000e-01 4.121767080659926e+03 4.121767080659926e+03 0.000000000000000e+00 0.000000000000000e+00 0.000000000000000e+00 5.784201271120261e+03 0.000000000000000e+00 0.000000000000000e+00 0.000000000000000e+00 5.410396358842278e+03 5.410396358842278e+03 0.000000000000000e+00
3.381773817103000e-01 3.921725642243823e+03 3.921725642243823e+03 0.000000000000000e+00 0.000000000000000e+00 0.000000000000000e+00 5.529041712234620e+03 0.000000000000000e+00 0.000000000000000e+00 0.000000000000000e+00 5.165090266820031e+03 5.165090266820031e+03 0.000000000000000e+00
3.482212942677000e-01 3.701520718816509e+03 3.701520718816509e+03 0.000000000000000e+00 0.000000000000000e+00 0.000000000000000e+00 5.278658871526300e+03 0.000000000000000e+00 0.000000000000000e+00 0.000000000000000e+00 4.919576327009169e+03 4.919576327009169e+03 0.000000000000000e+00
3.583077617166000e-01 3.510503248366076e+03 3.510503248366076e+03 0.000000000000000e+00 0.000000000000000e+00 0.000000000000000e+00 5.047298677618193e+03 0.000000000000000e+00 0.000000000000000e+00 0.000000000000000e+00 4.697358363654565e+03 4.697358363654565e+03 0.000000000000000e+00
3.684041731459000e-01 3.370927753107532e+03 3.370927753107532e+03 0.000000000000000e+00 0.000000000000000e+00 0.000000000000000e+00 4.842389070041628e+03 0.000000000000000e+00 0.000000000000000e+00 0.000000000000000e+00 4.508692864842260e+03 4.508692864842260e+03 0.000000000000000e+00
3.784794284456000e-01 3.267198274919576e+03 3.267198274919576e+03 0.000000000000000e+00 0.000000000000000e+00 0.000000000000000e+00 4.659477312990051e+03 0.000000000000000e+00 0.000000000000000e+00 0.000000000000000e+00 4.345131869557995e+03 4.345131869557995e+03 0.000000000000000e+00
3.885048475953000e-01 3.167899625166628e+03 3.167899625166628e+03 0.000000000000000e+00 0.000000000000000e+00 0.000000000000000e+00 4.488249692668170e+03 0.000000000000000e+00 0.000000000000000e+00 0.000000000000000e+00 4.190555705060689e+03 4.190555705060689e+03 0.000000000000000e+00
3.984548492471000e-01 3.055033209518464e+03 3.055033209518464e+03 0.000000000000000e+00 0.000000000000000e+00 0.000000000000000e+00 4.322833414986814e+03 0.000000000000000e+00 0.000000000000000e+00 0.000000000000000e+00 4.036413576433810e+03 4.036413576433810e+03 0.000000000000000e+00
4.083073739244000e-01 2.931374070632970e+03 2.931374070632970e+03 0.000000000000000e+00 0.000000000000000e+00 0.000000000000000e+00 4.162888824873513e+03 0.000000000000000e+00 0.000000000000000e+00 0.000000000000000e+00 3.883833678098264e+03 3.883833678098264e+03 0.000000000000000e+00
4.180440611703000e-01 2.811894586015158e+03 2.811894586015158e+03 0.000000000000000e+00 0.000000000000000e+00 0.000000000000000e+00 4.012098209149032e+03 0.000000000000000e+00 0.000000000000000e+00 0.000000000000000e+00 3.739733742631996e+03 3.739733742631996e+03 0.000000000000000e+00
4.276502151692000e-01 2.708765987008810e+03 2.708765987008810e+03 0.000000000000000e+00 0.000000000000000e+00 0.000000000000000e+00 3.873614134230190e+03 0.000000000000000e+00 0.000000000000000e+00 0.000000000000000e+00 3.609450996421278e+03 3.609450996421278e+03 0.000000000000000e+00
4.371146073270000e-01 2.623372319318106e+03 2.623372319318106e+03 0.000000000000000e+00 0.000000000000000e+00 0.000000000000000e+00 3.747288615043637e+03 0.000000000000000e+00 0.000000000000000e+00 0.000000000000000e+00 3.492877369814405e+03 3.492877369814405e+03 0.000000000000000e+00
4.464291678206000e-01 2.549680467930753e+03 2.549680467930753e+03 0.000000000000000e+00 0.000000000000000e+00 0.000000000000000e+00 3.631352479759694e+03 0.000000000000000e+00 0.000000000000000e+00 0.000000000000000e+00 3.386887887154330e+03 3.386887887154330e+03 0.000000000000000e+00
4.555886139734000e-01 2.479611713185501e+03 2.479611713185501e+03 0.000000000000000e+00 0.000000000000000e+00 0.000000000000000e+00 3.522954654803362e+03 0.000000000000000e+00 0.000000000000000e+00 0.000000000000000e+00 3.287247777576669e+03 3.287247777576669e+03 0.000000000000000e+00
4.645900547494000e-01 2.408428637512742e+03 2.408428637512742e+03 0.000000000000000e+00 0.000000000000000e+00 0.000000000000000e+00 3.419871854320546e+03 0.000000000000000e+00 0.000000000000000e+00 0.000000000000000e+00 3.191210198263171e+03 3.191210198263171e+03 0.000000000000000e+00
4.734326005541000e-01 2.336619111363338e+03 2.336619111363338e+03 0.000000000000000e+00 0.000000000000000e+00 0.000000000000000e+00 3.321707950594025e+03 0.000000000000000e+00 0.000000000000000e+00 0.000000000000000e+00 3.098761757318238e+03 3.098761757318238e+03 0.000000000000000e+00
4.821169978521000e-01 2.267155039707941e+03 2.267155039707941e+03 0.000000000000000e+00 0.000000000000000e+00 0.000000000000000e+00 3.228708886634132e+03 0.000000000000000e+00 0.000000000000000e+00 0.000000000000000e+00 3.010931125926476e+03 3.010931125926476e+03 0.000000000000000e+00
4.906452999725000e-01 2.203094609498148e+03 2.203094609498148e+03 0.000000000000000e+00 0.000000000000000e+00 0.000000000000000e+00 3.141439609218452e+03 0.000000000000000e+00 0.000000000000000e+00 0.000000000000000e+00 2.928912440465916e+03 2.928912440465916e+03 0.000000000000000e+00
4.990205792407000e-01 2.145851704823166e+03 2.145851704823166e+03 0.000000000000000e+00 0.000000000000000e+00 0.000000000000000e+00 3.060265325343329e+03 0.000000000000000e+00 0.000000000000000e+00 0.000000000000000e+00 2.853270802300900e+03 2.853270802300900e+03 0.000000000000000e+00
5.072466812059000e-01 2.094379901931139e+03 2.094379901931139e+03 0.000000000000000e+00 0.000000000000000e+00 0.000000000000000e+00 2.984548821844027e+03 0.000000000000000e+00 0.000000000000000e+00 0.000000000000000e+00 2.783186362148835e+03 2.783186362148835e+03 0.000000000000000e+00
5.153280189309000e-01 2.046572214857568e+03 2.046572214857568e+03 0.000000000000000e+00 0.000000000000000e+00 0.000000000000000e+00 2.913299642832736e+03 0.000000000000000e+00 0.000000000000000e+00 0.000000000000000e+00 2.717337463325442e+03 2.717337463325442e+03 0.000000000000000e+00
5.232694037178000e-01 2.000724962773388e+03 2.000724962773388e+03 0.000000000000000e+00 0.000000000000000e+00 0.000000000000000e+00 2.845795877281033e+03 0.000000000000000e+00 0.000000000000000e+00 0.000000000000000e+00 2.654749725606535e+03 2.654749725606535e+03 0.000000000000000e+00
5.310759079107999e-01 1.955846202538865e+03 1.955846202538865e+03 0.000000000000000e+00 0.000000000000000e+00 0.000000000000000e+00 2.781411340347879e+03 0.000000000000000e+00 0.000000000000000e+00 0.000000000000000e+00 2.594730580276666e+03 2.594730580276666e+03 0.000000000000000e+00
5.387527552601999e-01 1.911888001616426e+03 1.911888001616426e+03 0.000000000000000e+00 0.000000000000000e+00 0.000000000000000e+00 2.719833800784137e+03 0.000000000000000e+00 0.000000000000000e+00 0.000000000000000e+00 2.537068752321706e+03 2.537068752321706e+03 0.000000000000000e+00
5.463052345208000e-01 1.869552994305552e+03 1.869552994305552e+03 0.000000000000000e+00 0.000000000000000e+00 0.000000000000000e+00 2.661163426094677e+03 0.000000000000000e+00 0.000000000000000e+00 0.000000000000000e+00 2.482040669606161e+03 2.482040669606161e+03 0.000000000000000e+00
5.537386323439000e-01 1.829461963555029e+03 1.829461963555029e+03 0.000000000000000e+00 0.000000000000000e+00 0.000000000000000e+00 2.605420736615069e+03 0.000000000000000e+00 0.000000000000000e+00 0.000000000000000e+00 2.429822984538250e+03 2.429822984538250e+03 0.000000000000000e+00
5.610581819919001e-01 1.791798829873799e+03 1.791798829873799e+03 0.000000000000000e+00 0.000000000000000e+00 0.000000000000000e+00 2.552413478894445e+03 0.000000000000000e+00 0.000000000000000e+00 0.000000000000000e+00 2.380306152037585e+03 2.380306152037585e+03 0.000000000000000e+00
5.682690248897000e-01 1.756521766637721e+03 1.756521766637721e+03 0.000000000000000e+00 0.000000000000000e+00 0.000000000000000e+00 2.502014909272470e+03 0.000000000000000e+00 0.000000000000000e+00 0.000000000000000e+00 2.333367004780678e+03 2.333367004780678e+03 0.000000000000000e+00
5.753761824960000e-01 1.723350978770191e+03 1.723350978770191e+03 0.000000000000000e+00 0.000000000000000e+00 0.000000000000000e+00 2.454064187408515e+03 0.000000000000000e+00 0.000000000000000e+00 0.000000000000000e+00 2.288799511605921e+03 2.288799511605921e+03 0.000000000000000e+00
5.823845363955999e-01 1.691772403192467e+03 1.691772403192467e+03 0.000000000000000e+00 0.000000000000000e+00 0.000000000000000e+00 2.408249734960995e+03 0.000000000000000e+00 0.000000000000000e+00 0.000000000000000e+00 2.246231967701475e+03 2.246231967701475e+03 0.000000000000000e+00
5.892988148901001e-01 1.661339032638257e+03 1.661339032638257e+03 0.000000000000000e+00 0.000000000000000e+00 0.000000000000000e+00 2.364291336087272e+03 0.000000000000000e+00 0.000000000000000e+00 0.000000000000000e+00 2.205341060939000e+03 2.205341060939000e+03 0.000000000000000e+00
5.961235846780000e-01 1.631868146538668e+03 1.631868146538668e+03 0.000000000000000e+00 0.000000000000000e+00 0.000000000000000e+00 2.322074664353726e+03 0.000000000000000e+00 0.000000000000000e+00 0.000000000000000e+00 2.165999898650981e+03 2.165999898650981e+03 0.000000000000000e+00
6.028632464861000e-01 1.603284186044274e+03 1.603284186044274e+03 0.000000000000000e+00 0.000000000000000e+00 0.000000000000000e+00 2.281484968412838e+03 0.000000000000000e+00 0.000000000000000e+00 0.000000000000000e+00 2.128110147493106e+03 2.128110147493106e+03 0.000000000000000e+00
6.095220337354000e-01 1.575558126857247e+03 1.575558126857247e+03 0.000000000000000e+00 0.000000000000000e+00 0.000000000000000e+00 2.242372433950166e+03 0.000000000000000e+00 0.000000000000000e+00 0.000000000000000e+00 2.091557050201233e+03 2.091557050201233e+03 0.000000000000000e+00
6.161040135084001e-01 1.548768451257013e+03 1.548768451257013e+03 0.000000000000000e+00 0.000000000000000e+00 0.000000000000000e+00 2.204671187803745e+03 0.000000000000000e+00 0.000000000000000e+00 0.000000000000000e+00 2.056313667612709e+03 2.056313667612709e+03 0.000000000000000e+00
6.226130892359000e-01 1.523057148753408e+03 1.523057148753408e+03 0.000000000000000e+00 0.000000000000000e+00 0.000000000000000e+00 2.168397675067749e+03 0.000000000000000e+00 0.000000000000000e+00 0.000000000000000e+00 2.022427891338311e+03 2.022427891338311e+03 0.000000000000000e+00
6.290530046410000e-01 1.498452203075777e+03 1.498452203075777e+03 0.000000000000000e+00 0.000000000000000e+00 0.000000000000000e+00 2.133501216471406e+03 0.000000000000000e+00 0.000000000000000e+00 0.000000000000000e+00 1.989866039532808e+03 1.989866039532808e+03 0.000000000000000e+00
6.354273485760000e-01 1.474853295965260e+03 1.474853295965260e+03 0.000000000000000e+00 0.000000000000000e+00 0.000000000000000e+00 2.099854373373512e+03 0.000000000000000e+00 0.000000000000000e+00 0.000000000000000e+00 1.958503225122103e+03 1.958503225122103e+03 0.000000000000000e+00
6.417395604706000e-01 1.452158256164728e+03 1.452158256164728e+03 0.000000000000000e+00 0.000000000000000e+00 0.000000000000000e+00 2.067369348694991e+03 0.000000000000000e+00 0.000000000000000e+00 0.000000000000000e+00 1.928244334019084e+03 1.928244334019084e+03 0.000000000000000e+00
6.479929361664000e-01 1.430291767786847e+03 1.430291767786847e+03 0.000000000000000e+00 0.000000000000000e+00 0.000000000000000e+00 2.036003881958562e+03 0.000000000000000e+00 0.000000000000000e+00 0.000000000000000e+00 1.899036647756757e+03 1.899036647756757e+03 0.000000000000000e+00
6.541906339692000e-01 1.409141258968665e+03 1.409141258968665e+03 0.000000000000000e+00 0.000000000000000e+00 0.000000000000000e+00 2.005676578727395e+03 0.000000000000000e+00 0.000000000000000e+00 0.000000000000000e+00 1.870789913039616e+03 1.870789913039616e+03 0.000000000000000e+00
6.603356807878000e-01 1.388575440614816e+03 1.388575440614816e+03 0.000000000000000e+00 0.000000000000000e+00 0.000000000000000e+00 1.976270842295983e+03 0.000000000000000e+00 0.000000000000000e+00 0.000000000000000e+00 1.843383979000467e+03 1.843383979000467e+03 0.000000000000000e+00
6.664309782584000e-01 1.368534911294176e+03 1.368534911294176e+03 0.000000000000000e+00 0.000000000000000e+00 0.000000000000000e+00 1.947720945829442e+03 0.000000000000000e+00 0.000000000000000e+00 0.000000000000000e+00 1.816755758438465e+03 1.816755758438465e+03 0.000000000000000e+00
6.724793087830000e-01 1.349038311368629e+03 1.349038311368629e+03 0.000000000000000e+00 0.000000000000000e+00 0.000000000000000e+00 1.920021102497916e+03 0.000000000000000e+00 0.000000000000000e+00 0.000000000000000e+00 1.790907061134915e+03 1.790907061134915e+03 0.000000000000000e+00
6.784833414254000e-01 1.330094672843774e+03 1.330094672843774e+03 0.000000000000000e+00 0.000000000000000e+00 0.000000000000000e+00 1.893145923685974e+03 0.000000000000000e+00 0.000000000000000e+00 0.000000000000000e+00 1.765822236474276e+03 1.765822236474276e+03 0.000000000000000e+00
6.844456376272000e-01 1.311673200504121e+03 1.311673200504121e+03 0.000000000000000e+00 0.000000000000000e+00 0.000000000000000e+00 1.867025832546614e+03 0.000000000000000e+00 0.000000000000000e+00 0.000000000000000e+00 1.741441451522090e+03 1.741441451522090e+03 0.000000000000000e+00
6.903686567165001e-01 1.293761670880827e+03 1.293761670880827e+03 0.000000000000000e+00 0.000000000000000e+00 0.000000000000000e+00 1.841617019630561e+03 0.000000000000000e+00 0.000000000000000e+00 0.000000000000000e+00 1.717728346842341e+03 1.717728346842341e+03 0.000000000000000e+00
6.962547611920999e-01 1.276377094573653e+03 1.276377094573653e+03 0.000000000000000e+00 0.000000000000000e+00 0.000000000000000e+00 1.816914121283146e+03 0.000000000000000e+00 0.000000000000000e+00 0.000000000000000e+00 1.694682720916079e+03 1.694682720916079e+03 0.000000000000000e+00
7.021062217736000e-01 1.259521717680181e+03 1.259521717680181e+03 0.000000000000000e+00 0.000000000000000e+00 0.000000000000000e+00 1.792907264346724e+03 0.000000000000000e+00 0.000000000000000e+00 0.000000000000000e+00 1.672296813196338e+03 1.672296813196338e+03 0.000000000000000e+00
7.079252222123000e-01 1.243142558535545e+03 1.243142558535545e+03 0.000000000000000e+00 0.000000000000000e+00 0.000000000000000e+00 1.769540347459102e+03 0.000000000000000e+00 0.000000000000000e+00 0.000000000000000e+00 1.650514260325050e+03 1.650514260325050e+03 0.000000000000000e+00
7.137138638631000e-01 1.227178851445849e+03 1.227178851445849e+03 0.000000000000000e+00 0.000000000000000e+00 0.000000000000000e+00 1.746754246292651e+03 0.000000000000000e+00 0.000000000000000e+00 0.000000000000000e+00 1.629274515171862e+03 1.629274515171862e+03 0.000000000000000e+00
7.194741700205000e-01 1.211606522809475e+03 1.211606522809475e+03 0.000000000000000e+00 0.000000000000000e+00 0.000000000000000e+00 1.724529307299464e+03 0.000000000000000e+00 0.000000000000000e+00 0.000000000000000e+00 1.608556504063158e+03 1.608556504063158e+03 0.000000000000000e+00
7.252080900226000e-01 1.196419540976548e+03 1.196419540976548e+03 0.000000000000000e+00 0.000000000000000e+00 0.000000000000000e+00 1.702861018228376e+03 0.000000000000000e+00 0.000000000000000e+00 0.000000000000000e+00 1.588355271582681e+03 1.588355271582681e+03 0.000000000000000e+00
7.309175031327000e-01 1.181587258448832e+03 1.181587258448832e+03 0.000000000000000e+00 0.000000000000000e+00 0.000000000000000e+00 1.681715639078324e+03 0.000000000000000e+00 0.000000000000000e+00 0.000000000000000e+00 1.568637902081777e+03 1.568637902081777e+03 0.000000000000000e+00
7.366042222032000e-01 1.167069004125683e+03 1.167069004125683e+03 0.000000000000000e+00 0.000000000000000e+00 0.000000000000000e+00 1.661046278424892e+03 0.000000000000000e+00 0.000000000000000e+00 0.000000000000000e+00 1.549359114044148e+03 1.549359114044148e+03 0.000000000000000e+00
7.422699971330000e-01 1.152848996491113e+03 1.152848996491113e+03 0.000000000000000e+00 0.000000000000000e+00 0.000000000000000e+00 1.640826431730640e+03 0.000000000000000e+00 0.000000000000000e+00 0.000000000000000e+00 1.530495245462861e+03 1.530495245462861e+03 0.000000000000000e+00
7.479165181276000e-01 1.138944324165907e+03 1.138944324165907e+03 0.000000000000000e+00 0.000000000000000e+00 0.000000000000000e+00 1.621062045877908e+03 0.000000000000000e+00 0.000000000000000e+00 0.000000000000000e+00 1.512055357477600e+03 1.512055357477600e+03 0.000000000000000e+00
7.535454187690001e-01 1.125361409745997e+03 1.125361409745997e+03 0.000000000000000e+00 0.000000000000000e+00 0.000000000000000e+00 1.601747806734830e+03 0.000000000000000e+00 0.000000000000000e+00 0.000000000000000e+00 1.494037136438018e+03 1.494037136438018e+03 0.000000000000000e+00
7.591582789083000e-01 1.112076954730514e+03 1.112076954730514e+03 0.000000000000000e+00 0.000000000000000e+00 0.000000000000000e+00 1.582850555228374e+03 0.000000000000000e+00 0.000000000000000e+00 0.000000000000000e+00 1.476409665971561e+03 1.476409665971561e+03 0.000000000000000e+00
7.647566273873000e-01 1.099064800755692e+03 1.099064800755692e+03 0.000000000000000e+00 0.000000000000000e+00 0.000000000000000e+00 1.564336639310787e+03 0.000000000000000e+00 0.000000000000000e+00 0.000000000000000e+00 1.459140813397102e+03 1.459140813397102e+03 0.000000000000000e+00
7.703419446006000e-01 1.086322636146198e+03 1.086322636146198e+03 0.000000000000000e+00 0.000000000000000e+00 0.000000000000000e+00 1.546198734922520e+03 0.000000000000000e+00 0.000000000000000e+00 0.000000000000000e+00 1.442224277846171e+03 1.442224277846171e+03 0.000000000000000e+00
7.759156649053000e-01 1.073857218008252e+03 1.073857218008252e+03 0.000000000000000e+00 0.000000000000000e+00 0.000000000000000e+00 1.528440688479120e+03 0.000000000000000e+00 0.000000000000000e+00 0.000000000000000e+00 1.425664471223389e+03 1.425664471223389e+03 0.000000000000000e+00
7.814791788880000e-01 1.061654379215233e+03 1.061654379215233e+03 0.000000000000000e+00 0.000000000000000e+00 0.000000000000000e+00 1.511047198943686e+03 0.000000000000000e+00 0.000000000000000e+00 0.000000000000000e+00 1.409446166738325e+03 1.409446166738325e+03 0.000000000000000e+00
7.870338354976000e-01 1.049680286678090e+03 1.049680286678090e+03 0.000000000000000e+00 0.000000000000000e+00 0.000000000000000e+00 1.493982554575074e+03 0.000000000000000e+00 0.000000000000000e+00 0.000000000000000e+00 1.393533804082349e+03 1.393533804082349e+03 0.000000000000000e+00
7.925809440501000e-01 1.037917217879046e+03 1.037917217879046e+03 0.000000000000000e+00 0.000000000000000e+00 0.000000000000000e+00 1.477227744888757e+03 0.000000000000000e+00 0.000000000000000e+00 0.000000000000000e+00 1.377908558065123e+03 1.377908558065123e+03 0.000000000000000e+00
7.981217761149000e-01 1.026370493504297e+03 1.026370493504297e+03 0.000000000000000e+00 0.000000000000000e+00 0.000000000000000e+00 1.460785930427366e+03 0.000000000000000e+00 0.000000000000000e+00 0.000000000000000e+00 1.362574211884814e+03 1.362574211884814e+03 0.000000000000000e+00
8.036575672880000e-01 1.015044000992467e+03 1.015044000992467e+03 0.000000000000000e+00 0.000000000000000e+00 0.000000000000000e+00 1.444657705100183e+03 0.000000000000000e+00 0.000000000000000e+00 0.000000000000000e+00 1.347532211984880e+03 1.347532211984880e+03 0.000000000000000e+00
8.091895188604999e-01 1.003920796042799e+03 1.003920796042799e+03 0.000000000000000e+00 0.000000000000000e+00 0.000000000000000e+00 1.428822269118948e+03 0.000000000000000e+00 0.000000000000000e+00 0.000000000000000e+00 1.332762662631241e+03 1.332762662631241e+03 0.000000000000000e+00
8.147187993871000e-01 9.929785194067922e+02 9.929785194067922e+02 0.000000000000000e+00 0.000000000000000e+00 0.000000000000000e+00 1.413252480741614e+03 0.000000000000000e+00 0.000000000000000e+00 0.000000000000000e+00 1.318239482845384e+03 1.318239482845384e+03 0.000000000000000e+00
8.202465461612000e-01 9.822162472761242e+02 9.822162472761242e+02 0.000000000000000e+00 0.000000000000000e+00 0.000000000000000e+00 1.397943374932303e+03 0.000000000000000e+00 0.000000000000000e+00 0.000000000000000e+00 1.303958725772548e+03 1.303958725772548e+03 0.000000000000000e+00
8.257738666036000e-01 9.716456806300085e+02 9.716456806300085e+02 0.000000000000000e+00 0.000000000000000e+00 0.000000000000000e+00 1.382902448501900e+03 0.000000000000000e+00 0.000000000000000e+00 0.000000000000000e+00 1.289928975662207e+03 1.289928975662207e+03 0.000000000000000e+00
8.313018395672001e-01 9.612661399492333e+02 9.612661399492333e+02 0.000000000000000e+00 0.000000000000000e+00 0.000000000000000e+00 1.368125875653446e+03 0.000000000000000e+00 0.000000000000000e+00 0.000000000000000e+00 1.276147173464568e+03 1.276147173464568e+03 0.000000000000000e+00
8.368315165660000e-01 9.510570795461059e+02 9.510570795461059e+02 0.000000000000000e+00 0.000000000000000e+00 0.000000000000000e+00 1.353589624549865e+03 0.000000000000000e+00 0.000000000000000e+00 0.000000000000000e+00 1.262589912719315e+03 1.262589912719315e+03 0.000000000000000e+00
8.423639229304000e-01 9.410030200706551e+02 9.410030200706551e+02 0.000000000000000e+00 0.000000000000000e+00 0.000000000000000e+00 1.339276484450168e+03 0.000000000000000e+00 0.000000000000000e+00 0.000000000000000e+00 1.249240344434379e+03 1.249240344434379e+03 0.000000000000000e+00
8.479000588955000e-01 9.311084139157575e+02 9.311084139157575e+02 0.000000000000000e+00 0.000000000000000e+00 0.000000000000000e+00 1.325189352048934e+03 0.000000000000000e+00 0.000000000000000e+00 0.000000000000000e+00 1.236101697011300e+03 1.236101697011300e+03 0.000000000000000e+00
8.534409006240000e-01 9.213795344069712e+02 9.213795344069712e+02 0.000000000000000e+00 0.000000000000000e+00 0.000000000000000e+00 1.311333059005844e+03 0.000000000000000e+00 0.000000000000000e+00 0.000000000000000e+00 1.223179204229386e+03 1.223179204229386e+03 0.000000000000000e+00
8.589874011710000e-01 9.118069465691607e+02 9.118069465691607e+02 0.000000000000000e+00 0.000000000000000e+00 0.000000000000000e+00 1.297697078824704e+03 0.000000000000000e+00 0.000000000000000e+00 0.000000000000000e+00 1.210462517117498e+03 1.210462517117498e+03 0.000000000000000e+00
8.645404913907000e-01 9.023693317160155e+02 9.023693317160155e+02 0.000000000000000e+00 0.000000000000000e+00 0.000000000000000e+00 1.284258205288447e+03 0.000000000000000e+00 0.000000000000000e+00 0.000000000000000e+00 1.197928776646132e+03 1.197928776646132e+03 0.000000000000000e+00
8.701010807914999e-01 8.930609120240739e+02 8.930609120240739e+02 0.000000000000000e+00 0.000000000000000e+00 0.000000000000000e+00 1.271009241938111e+03 0.000000000000000e+00 0.000000000000000e+00 0.000000000000000e+00 1.185571083770418e+03 1.185571083770418e+03 0.000000000000000e+00
8.756700583411000e-01 8.838905560074251e+02 8.838905560074251e+02 0.000000000000000e+00 0.000000000000000e+00 0.000000000000000e+00 1.257957351220883e+03 0.000000000000000e+00 0.000000000000000e+00 0.000000000000000e+00 1.173397146126874e+03 1.173397146126874e+03 0.000000000000000e+00
8.812482932255000e-01 8.748627657493029e+02 8.748627657493029e+02 0.000000000000000e+00 0.000000000000000e+00 0.000000000000000e+00 1.245104964348159e+03 0.000000000000000e+00 0.000000000000000e+00 0.000000000000000e+00 1.161409861313322e+03 1.161409861313322e+03 0.000000000000000e+00
8.868366355639000e-01 8.659627704143938e+02 8.659627704143938e+02 0.000000000000000e+00 0.000000000000000e+00 0.000000000000000e+00 1.232434948364041e+03 0.000000000000000e+00 0.000000000000000e+00 0.000000000000000e+00 1.149592640451202e+03 1.149592640451202e+03 0.000000000000000e+00
8.924359170832000e-01 8.571784080714076e+02 8.571784080714076e+02 0.000000000000000e+00 0.000000000000000e+00 0.000000000000000e+00 1.219933336510399e+03 0.000000000000000e+00 0.000000000000000e+00 0.000000000000000e+00 1.137931793703878e+03 1.137931793703878e+03 0.000000000000000e+00
8.980469517546000e-01 8.485111775263520e+02 8.485111775263520e+02 0.000000000000000e+00 0.000000000000000e+00 0.000000000000000e+00 1.207599999975545e+03 0.000000000000000e+00 0.000000000000000e+00 0.000000000000000e+00 1.126427699403900e+03 1.126427699403900e+03 0.000000000000000e+00
9.036705363939000e-01 8.399717874344486e+02 8.399717874344486e+02 0.000000000000000e+00 0.000000000000000e+00 0.000000000000000e+00 1.195443745945523e+03 0.000000000000000e+00 0.000000000000000e+00 0.000000000000000e+00 1.115089546131958e+03 1.115089546131958e+03 0.000000000000000e+00
9.093074512287000e-01 8.315553006036278e+02 8.315553006036278e+02 0.000000000000000e+00 0.000000000000000e+00 0.000000000000000e+00 1.183458430752096e+03 0.000000000000000e+00 0.000000000000000e+00 0.000000000000000e+00 1.103911514719013e+03 1.103911514719013e+03 0.000000000000000e+00
9.149584604340000e-01 8.232456293338133e+02 8.232456293338133e+02 0.000000000000000e+00 0.000000000000000e+00 0.000000000000000e+00 1.171626883577911e+03 0.000000000000000e+00 0.000000000000000e+00 0.000000000000000e+00 1.092876595297121e+03 1.092876595297121e+03 0.000000000000000e+00
9.206243126393000e-01 8.150361501952615e+02 8.150361501952615e+02 0.000000000000000e+00 0.000000000000000e+00 0.000000000000000e+00 1.159941417202505e+03 0.000000000000000e+00 0.000000000000000e+00 0.000000000000000e+00 1.081977270413347e+03 1.081977270413347e+03 0.000000000000000e+00
9.263057414075000e-01 8.069339782734329e+02 8.069339782734329e+02 0.000000000000000e+00 0.000000000000000e+00 0.000000000000000e+00 1.148408074860791e+03 0.000000000000000e+00 0.000000000000000e+00 0.000000000000000e+00 1.071219929867666e+03 1.071219929867666e+03 0.000000000000000e+00
9.320034656893000e-01 7.989452057137704e+02 7.989452057137704e+02 0.000000000000000e+00 0.000000000000000e+00 0.000000000000000e+00 1.137032375393442e+03 0.000000000000000e+00 0.000000000000000e+00 0.000000000000000e+00 1.060610235568574e+03 1.060610235568574e+03 0.000000000000000e+00
9.377181902530000e-01 7.910576132951719e+02 7.910576132951719e+02 0.000000000000000e+00 0.000000000000000e+00 0.000000000000000e+00 1.125800630940851e+03 0.000000000000000e+00 0.000000000000000e+00 0.000000000000000e+00 1.050134797969210e+03 1.050134797969210e+03 0.000000000000000e+00
9.434506060931001e-01 7.832583792596091e+02 7.832583792596091e+02 0.000000000000000e+00 0.000000000000000e+00 0.000000000000000e+00 1.114699267162191e+03 0.000000000000000e+00 0.000000000000000e+00 0.000000000000000e+00 1.039780217947758e+03 1.039780217947758e+03 0.000000000000000e+00
9.492013908180000e-01 7.755506822089707e+02 7.755506822089707e+02 0.000000000000000e+00 0.000000000000000e+00 0.000000000000000e+00 1.103730300869188e+03 0.000000000000000e+00 0.000000000000000e+00 0.000000000000000e+00 1.029548754016906e+03 1.029548754016906e+03 0.000000000000000e+00
9.549712090187000e-01 7.679434396012214e+02 7.679434396012214e+02 0.000000000000000e+00 0.000000000000000e+00 0.000000000000000e+00 1.092901620019884e+03 0.000000000000000e+00 0.000000000000000e+00 0.000000000000000e+00 1.019448638815800e+03 1.019448638815800e+03 0.000000000000000e+00
9.607607126201000e-01 7.604346003269641e+02 7.604346003269641e+02 0.000000000000000e+00 0.000000000000000e+00 0.000000000000000e+00 1.082210348609873e+03 0.000000000000000e+00 0.000000000000000e+00 0.000000000000000e+00 1.009477138336617e+03 1.009477138336617e+03 0.000000000000000e+00
9.665705412157000e-01 7.530095259150735e+02 7.530095259150735e+02 0.000000000000000e+00 0.000000000000000e+00 0.000000000000000e+00 1.071640582866260e+03 0.000000000000000e+00 0.000000000000000e+00 0.000000000000000e+00 9.996185918706710e+02 9.996185918706710e+02 0.000000000000000e+00
9.724013223874000e-01 7.456635601714563e+02 7.456635601714563e+02 0.000000000000000e+00 0.000000000000000e+00 0.000000000000000e+00 1.061186632474844e+03 0.000000000000000e+00 0.000000000000000e+00 0.000000000000000e+00 9.898675424773286e+02 9.898675424773286e+02 0.000000000000000e+00
9.782536720119001e-01 7.384065568898136e+02 7.384065568898136e+02 0.000000000000000e+00 0.000000000000000e+00 0.000000000000000e+00 1.050857637610992e+03 0.000000000000000e+00 0.000000000000000e+00 0.000000000000000e+00 9.802333089649345e+02 9.802333089649345e+02 0.000000000000000e+00
9.841281945533000e-01 7.312420567090970e+02 7.312420567090970e+02 0.000000000000000e+00 0.000000000000000e+00 0.000000000000000e+00 1.040656667613316e+03 0.000000000000000e+00 0.000000000000000e+00 0.000000000000000e+00 9.707191138867424e+02 9.707191138867424e+02 0.000000000000000e+00
9.900254833454000e-01 7.241578929717668e+02 7.241578929717668e+02 0.000000000000000e+00 0.000000000000000e+00 0.000000000000000e+00 1.030570418046091e+03 0.000000000000000e+00 0.000000000000000e+00 0.000000000000000e+00 9.613118473355142e+02 9.613118473355142e+02 0.000000000000000e+00
9.959461208619000e-01 7.171451954617050e+02 7.171451954617050e+02 0.000000000000000e+00 0.000000000000000e+00 0.000000000000000e+00 1.020589488636127e+03 0.000000000000000e+00 0.000000000000000e+00 0.000000000000000e+00 9.520021815468350e+02 9.520021815468350e+02 0.000000000000000e+00
1.001890678978000e+00 7.102103280518920e+02 7.102103280518920e+02 0.000000000000000e+00 0.000000000000000e+00 0.000000000000000e+00 1.010719742142253e+03 0.000000000000000e+00 0.000000000000000e+00 0.000000000000000e+00 9.427961151857987e+02 9.427961151857987e+02 0.000000000000000e+00
1.007859719222000e+00 7.033594244882108e+02 7.033594244882108e+02 0.000000000000000e+00 0.000000000000000e+00 0.000000000000000e+00 1.000966394186730e+03 0.000000000000000e+00 0.000000000000000e+00 0.000000000000000e+00 9.336991619446804e+02 9.336991619446804e+02 0.000000000000000e+00
1.013853793020000e+00 6.965871772790433e+02 6.965871772790433e+02 0.000000000000000e+00 0.000000000000000e+00 0.000000000000000e+00 9.913240576496522e+02 0.000000000000000e+00 0.000000000000000e+00 0.000000000000000e+00 9.247059038822392e+02 9.247059038822392e+02 0.000000000000000e+00
1.019873441934000e+00 6.898807762312999e+02 6.898807762312999e+02 0.000000000000000e+00 0.000000000000000e+00 0.000000000000000e+00 9.817787073783657e+02 0.000000000000000e+00 0.000000000000000e+00 0.000000000000000e+00 9.158025507439244e+02 9.158025507439244e+02 0.000000000000000e+00
1.025919197888000e+00 6.832427751136349e+02 6.832427751136349e+02 0.000000000000000e+00 0.000000000000000e+00 0.000000000000000e+00 9.723322680579697e+02 0.000000000000000e+00 0.000000000000000e+00 0.000000000000000e+00 9.069911486324405e+02 9.069911486324405e+02 0.000000000000000e+00
1.031991583399000e+00 6.766822457585203e+02 6.766822457585203e+02 0.000000000000000e+00 0.000000000000000e+00 0.000000000000000e+00 9.629936179458155e+02 0.000000000000000e+00 0.000000000000000e+00 0.000000000000000e+00 8.982807584155075e+02 8.982807584155075e+02 0.000000000000000e+00
1.038091111789000e+00 6.701966235587525e+02 6.701966235587525e+02 0.000000000000000e+00 0.000000000000000e+00 0.000000000000000e+00 9.537595344773051e+02 0.000000000000000e+00 0.000000000000000e+00 0.000000000000000e+00 8.896682491831220e+02 8.896682491831220e+02 0.000000000000000e+00
1.044218287407000e+00 6.637737055551578e+02 6.637737055551578e+02 0.000000000000000e+00 0.000000000000000e+00 0.000000000000000e+00 9.446171057239584e+02 0.000000000000000e+00 0.000000000000000e+00 0.000000000000000e+00 8.811408275710766e+02 8.811408275710766e+02 0.000000000000000e+00
1.050373605832000e+00 6.574122503003167e+02 6.574122503003167e+02 0.000000000000000e+00 0.000000000000000e+00 0.000000000000000e+00 9.355644734976403e+02 0.000000000000000e+00 0.000000000000000e+00 0.000000000000000e+00 8.726967583765943e+02 8.726967583765943e+02 0.000000000000000e+00
1.056557554087000e+00 6.511215543165758e+02 6.511215543165758e+02 0.000000000000000e+00 0.000000000000000e+00 0.000000000000000e+00 9.266104873845272e+02 0.000000000000000e+00 0.000000000000000e+00 0.000000000000000e+00 8.643450548450398e+02 8.643450548450398e+02 0.000000000000000e+00
1.062770610835000e+00 6.449024223727508e+02 6.449024223727508e+02 0.000000000000000e+00 0.000000000000000e+00 0.000000000000000e+00 9.177560224008281e+02 0.000000000000000e+00 0.000000000000000e+00 0.000000000000000e+00 8.560865957345629e+02 8.560865957345629e+02 0.000000000000000e+00
1.069013246588000e+00 6.387424352268100e+02 6.387424352268100e+02 0.000000000000000e+00 0.000000000000000e+00 0.000000000000000e+00 9.089874097324250e+02 0.000000000000000e+00 0.000000000000000e+00 0.000000000000000e+00 8.479078896179589e+02 8.479078896179589e+02 0.000000000000000e+00
1.075285923900000e+00 6.326394182436866e+02 6.326394182436866e+02 0.000000000000000e+00 0.000000000000000e+00 0.000000000000000e+00 9.003026456305308e+02 0.000000000000000e+00 0.000000000000000e+00 0.000000000000000e+00 8.398069244563876e+02 8.398069244563876e+02 0.000000000000000e+00
1.081589097564000e+00 6.266023208248203e+02 6.266023208248203e+02 0.000000000000000e+00 0.000000000000000e+00 0.000000000000000e+00 8.917100987995758e+02 0.000000000000000e+00 0.000000000000000e+00 0.000000000000000e+00 8.317922405216168e+02 8.317922405216168e+02 0.000000000000000e+00
1.087923214809000e+00 6.206323693672397e+02 6.206323693672397e+02 0.000000000000000e+00 0.000000000000000e+00 0.000000000000000e+00 8.832104390024379e+02 0.000000000000000e+00 0.000000000000000e+00 0.000000000000000e+00 8.238646320808976e+02 8.238646320808976e+02 0.000000000000000e+00
1.094288715492000e+00 6.147187192933243e+02 6.147187192933243e+02 0.000000000000000e+00 0.000000000000000e+00 0.000000000000000e+00 8.747924547541562e+02 0.000000000000000e+00 0.000000000000000e+00 0.000000000000000e+00 8.160129366081692e+02 8.160129366081692e+02 0.000000000000000e+00
1.100686032289000e+00 6.088579008418448e+02 6.088579008418448e+02 0.000000000000000e+00 0.000000000000000e+00 0.000000000000000e+00 8.664522884054949e+02 0.000000000000000e+00 0.000000000000000e+00 0.000000000000000e+00 8.082333697627623e+02 8.082333697627623e+02 0.000000000000000e+00
1.107115590890000e+00 6.030589949096625e+02 6.030589949096625e+02 0.000000000000000e+00 0.000000000000000e+00 0.000000000000000e+00 8.581986335508384e+02 0.000000000000000e+00 0.000000000000000e+00 0.000000000000000e+00 8.005347442785081e+02 8.005347442785081e+02 0.000000000000000e+00
1.113577810181000e+00 5.973236304199127e+02 5.973236304199127e+02 0.000000000000000e+00 0.000000000000000e+00 0.000000000000000e+00 8.500330648914608e+02 0.000000000000000e+00 0.000000000000000e+00 0.000000000000000e+00 7.929187116677659e+02 7.929187116677659e+02 0.000000000000000e+00
1.120073102443000e+00 5.916411312403186e+02 5.916411312403186e+02 0.000000000000000e+00 0.000000000000000e+00 0.000000000000000e+00 8.419442398633812e+02 0.000000000000000e+00 0.000000000000000e+00 0.000000000000000e+00 7.853739913363810e+02 7.853739913363810e+02 0.000000000000000e+00
1.126601873533000e+00 5.860088238535268e+02 5.860088238535268e+02 0.000000000000000e+00 0.000000000000000e+00 0.000000000000000e+00 8.339291933848500e+02 0.000000000000000e+00 0.000000000000000e+00 0.000000000000000e+00 7.778976659824689e+02 7.778976659824689e+02 0.000000000000000e+00
1.133164523078000e+00 5.804351238083710e+02 5.804351238083710e+02 0.000000000000000e+00 0.000000000000000e+00 0.000000000000000e+00 8.259960247990625e+02 0.000000000000000e+00 0.000000000000000e+00 0.000000000000000e+00 7.704979841330554e+02 7.704979841330554e+02 0.000000000000000e+00
1.139761444658000e+00 5.749213910933389e+02 5.749213910933389e+02 0.000000000000000e+00 0.000000000000000e+00 0.000000000000000e+00 8.181459426461175e+02 0.000000000000000e+00 0.000000000000000e+00 0.000000000000000e+00 7.631761773036093e+02 7.631761773036093e+02 0.000000000000000e+00
1.146393025993000e+00 5.694568558512042e+02 5.694568558512042e+02 0.000000000000000e+00 0.000000000000000e+00 0.000000000000000e+00 8.103677923524666e+02 0.000000000000000e+00 0.000000000000000e+00 0.000000000000000e+00 7.559211415519488e+02 7.559211415519488e+02 0.000000000000000e+00
1.153059649137000e+00 5.640404707696703e+02 5.640404707696703e+02 0.000000000000000e+00 0.000000000000000e+00 0.000000000000000e+00 8.026601640725489e+02 0.000000000000000e+00 0.000000000000000e+00 0.000000000000000e+00 7.487315299689393e+02 7.487315299689393e+02 0.000000000000000e+00
1.159761690653000e+00 5.586811968284494e+02 5.586811968284494e+02 0.000000000000000e+00 0.000000000000000e+00 0.000000000000000e+00 7.950318450002119e+02 0.000000000000000e+00 0.000000000000000e+00 0.000000000000000e+00 7.416162396538148e+02 7.416162396538148e+02 0.000000000000000e+00
1.166499521808000e+00 5.533775168801869e+02 5.533775168801869e+02 0.000000000000000e+00 0.000000000000000e+00 0.000000000000000e+00 7.874810545974735e+02 0.000000000000000e+00 0.000000000000000e+00 0.000000000000000e+00 7.345735395872574e+02 7.345735395872574e+02 0.000000000000000e+00
1.173273508754000e+00 5.481192457252479e+02 5.481192457252479e+02 0.000000000000000e+00 0.000000000000000e+00 0.000000000000000e+00 7.799971130081691e+02 0.000000000000000e+00 0.000000000000000e+00 0.000000000000000e+00 7.275927958786718e+02 7.275927958786718e+02 0.000000000000000e+00
1.180084012711000e+00 5.429080554303729e+02 5.429080554303729e+02 0.000000000000000e+00 0.000000000000000e+00 0.000000000000000e+00 7.725814431751088e+02 0.000000000000000e+00 0.000000000000000e+00 0.000000000000000e+00 7.206755156903438e+02 7.206755156903438e+02 0.000000000000000e+00
1.186931390154000e+00 5.377528624916624e+02 5.377528624916624e+02 0.000000000000000e+00 0.000000000000000e+00 0.000000000000000e+00 7.652429779227142e+02 0.000000000000000e+00 0.000000000000000e+00 0.000000000000000e+00 7.138306674436765e+02 7.138306674436765e+02 0.000000000000000e+00
1.193815992996000e+00 5.326481919728752e+02 5.326481919728752e+02 0.000000000000000e+00 0.000000000000000e+00 0.000000000000000e+00 7.579758648636218e+02 0.000000000000000e+00 0.000000000000000e+00 0.000000000000000e+00 7.070524799086354e+02 7.070524799086354e+02 0.000000000000000e+00
1.200738168765000e+00 5.275858792478772e+02 5.275858792478772e+02 0.000000000000000e+00 0.000000000000000e+00 0.000000000000000e+00 7.507715940285694e+02 0.000000000000000e+00 0.000000000000000e+00 0.000000000000000e+00 7.003324582787205e+02 7.003324582787205e+02 0.000000000000000e+00
1.207698260790000e+00 5.225714895577186e+02 5.225714895577186e+02 0.000000000000000e+00 0.000000000000000e+00 0.000000000000000e+00 7.436356270248905e+02 0.000000000000000e+00 0.000000000000000e+00 0.000000000000000e+00 6.936761389596156e+02 6.936761389596156e+02 0.000000000000000e+00
1.214696608381000e+00 5.176103494740910e+02 5.176103494740910e+02 0.000000000000000e+00 0.000000000000000e+00 0.000000000000000e+00 7.365729007996862e+02 0.000000000000000e+00 0.000000000000000e+00 0.000000000000000e+00 6.870885653961503e+02 6.870885653961503e+02 0.000000000000000e+00
1.221733547002000e+00 5.126943186270795e+02 5.126943186270795e+02 0.000000000000000e+00 0.000000000000000e+00 0.000000000000000e+00 7.295752152814476e+02 0.000000000000000e+00 0.000000000000000e+00 0.000000000000000e+00 6.805615254677509e+02 6.805615254677509e+02 0.000000000000000e+00
1.228809408454000e+00 5.078193850008919e+02 5.078193850008919e+02 0.000000000000000e+00 0.000000000000000e+00 0.000000000000000e+00 7.226382660544817e+02 0.000000000000000e+00 0.000000000000000e+00 0.000000000000000e+00 6.740907418239869e+02 6.740907418239869e+02 0.000000000000000e+00
1.235924521047000e+00 5.029932897667074e+02 5.029932897667074e+02 0.000000000000000e+00 0.000000000000000e+00 0.000000000000000e+00 7.157694578586778e+02 0.000000000000000e+00 0.000000000000000e+00 0.000000000000000e+00 6.676837607692032e+02 6.676837607692032e+02 0.000000000000000e+00
1.243079209773000e+00 4.982168227571435e+02 4.982168227571435e+02 0.000000000000000e+00 0.000000000000000e+00 0.000000000000000e+00 7.089696354089066e+02 0.000000000000000e+00 0.000000000000000e+00 0.000000000000000e+00 6.613414111205659e+02 6.613414111205659e+02 0.000000000000000e+00
1.250273796483000e+00 4.934800412790236e+02 4.934800412790236e+02 0.000000000000000e+00 0.000000000000000e+00 0.000000000000000e+00 7.022283159631885e+02 0.000000000000000e+00 0.000000000000000e+00 0.000000000000000e+00 6.550532817082481e+02 6.550532817082481e+02 0.000000000000000e+00
1.257508600049000e+00 4.887857100226051e+02 4.887857100226051e+02 0.000000000000000e+00 0.000000000000000e+00 0.000000000000000e+00 6.955483358639497e+02 0.000000000000000e+00 0.000000000000000e+00 0.000000000000000e+00 6.488222000982660e+02 6.488222000982660e+02 0.000000000000000e+00
1.264783936538000e+00 4.841403659412234e+02 4.841403659412234e+02 0.000000000000000e+00 0.000000000000000e+00 0.000000000000000e+00 6.889357935205633e+02 0.000000000000000e+00 0.000000000000000e+00 0.000000000000000e+00 6.426544269215074e+02 6.426544269215074e+02 0.000000000000000e+00
1.272100119374000e+00 4.795382940894656e+02 4.795382940894656e+02 0.000000000000000e+00 0.000000000000000e+00 0.000000000000000e+00 6.823849820658721e+02 0.000000000000000e+00 0.000000000000000e+00 0.000000000000000e+00 6.365442076476324e+02 6.365442076476324e+02 0.000000000000000e+00
1.279457459503000e+00 4.749737074711319e+02 4.749737074711319e+02 0.000000000000000e+00 0.000000000000000e+00 0.000000000000000e+00 6.758897614568507e+02 0.000000000000000e+00 0.000000000000000e+00 0.000000000000000e+00 6.304854459854922e+02 6.304854459854922e+02 0.000000000000000e+00
1.286856265549000e+00 4.704543250348523e+02 4.704543250348523e+02 0.000000000000000e+00 0.000000000000000e+00 0.000000000000000e+00 6.694577511978895e+02 0.000000000000000e+00 0.000000000000000e+00 0.000000000000000e+00 6.244858338594198e+02 6.244858338594198e+02 0.000000000000000e+00
1.294296843978000e+00 4.659811496143422e+02 4.659811496143422e+02 0.000000000000000e+00 0.000000000000000e+00 0.000000000000000e+00 6.630898763876028e+02 0.000000000000000e+00 0.000000000000000e+00 0.000000000000000e+00 6.185463315022993e+02 6.185463315022993e+02 0.000000000000000e+00
1.301779499247000e+00 4.615446714414804e+02 4.615446714414804e+02 0.000000000000000e+00 0.000000000000000e+00 0.000000000000000e+00 6.567761874011699e+02 0.000000000000000e+00 0.000000000000000e+00 0.000000000000000e+00 6.126570279652675e+02 6.126570279652675e+02 0.000000000000000e+00
1.309304533959000e+00 4.571477871812121e+02 4.571477871812121e+02 0.000000000000000e+00 0.000000000000000e+00 0.000000000000000e+00 6.505194657233747e+02 0.000000000000000e+00 0.000000000000000e+00 0.000000000000000e+00 6.068207495097206e+02 6.068207495097206e+02 0.000000000000000e+00
1.316872249011000e+00 4.527972411505977e+02 4.527972411505977e+02 0.000000000000000e+00 0.000000000000000e+00 0.000000000000000e+00 6.443265365644656e+02 0.000000000000000e+00 0.000000000000000e+00 0.000000000000000e+00 6.010443558601419e+02 6.010443558601419e+02 0.000000000000000e+00
1.324482943736000e+00 4.484856621408842e+02 4.484856621408842e+02 0.000000000000000e+00 0.000000000000000e+00 0.000000000000000e+00 6.381896682649448e+02 0.000000000000000e+00 0.000000000000000e+00 0.000000000000000e+00 5.953201385079093e+02 5.953201385079093e+02 0.000000000000000e+00
1.332136916054000e+00 4.442092883235484e+02 4.442092883235484e+02 0.000000000000000e+00 0.000000000000000e+00 0.000000000000000e+00 6.321048167819639e+02 0.000000000000000e+00 0.000000000000000e+00 0.000000000000000e+00 5.896441213707250e+02 5.896441213707250e+02 0.000000000000000e+00
1.339834462602000e+00 4.399772149866016e+02 4.399772149866016e+02 0.000000000000000e+00 0.000000000000000e+00 0.000000000000000e+00 6.260811616232650e+02 0.000000000000000e+00 0.000000000000000e+00 0.000000000000000e+00 5.840254775590644e+02 5.840254775590644e+02 0.000000000000000e+00
1.347575878873000e+00 4.357860367378235e+02 4.357860367378235e+02 0.000000000000000e+00 0.000000000000000e+00 0.000000000000000e+00 6.201150401579405e+02 0.000000000000000e+00 0.000000000000000e+00 0.000000000000000e+00 5.784606216029332e+02 5.784606216029332e+02 0.000000000000000e+00
1.355361459350000e+00 4.316284470809653e+02 4.316284470809653e+02 0.000000000000000e+00 0.000000000000000e+00 0.000000000000000e+00 6.141989045299590e+02 0.000000000000000e+00 0.000000000000000e+00 0.000000000000000e+00 5.729420128208687e+02 5.729420128208687e+02 0.000000000000000e+00
1.363191497632000e+00 4.275114978509432e+02 4.275114978509432e+02 0.000000000000000e+00 0.000000000000000e+00 0.000000000000000e+00 6.083397986958145e+02 0.000000000000000e+00 0.000000000000000e+00 0.000000000000000e+00 5.674767182395409e+02 5.674767182395409e+02 0.000000000000000e+00
1.371066286561000e+00 4.234362910212052e+02 4.234362910212052e+02 0.000000000000000e+00 0.000000000000000e+00 0.000000000000000e+00 6.025385541492310e+02 0.000000000000000e+00 0.000000000000000e+00 0.000000000000000e+00 5.620656681449324e+02 5.620656681449324e+02 0.000000000000000e+00
1.378986118340000e+00 4.193946969752380e+02 4.193946969752380e+02 0.000000000000000e+00 0.000000000000000e+00 0.000000000000000e+00 5.967869824416264e+02 0.000000000000000e+00 0.000000000000000e+00 0.000000000000000e+00 5.567006345495168e+02 5.567006345495168e+02 0.000000000000000e+00
1.386951284658000e+00 4.153900226696695e+02 4.153900226696695e+02 0.000000000000000e+00 0.000000000000000e+00 0.000000000000000e+00 5.910881581818052e+02 0.000000000000000e+00 0.000000000000000e+00 0.000000000000000e+00 5.513847509212865e+02 5.513847509212865e+02 0.000000000000000e+00
1.394962076794000e+00 4.114270506223755e+02 4.114270506223755e+02 0.000000000000000e+00 0.000000000000000e+00 0.000000000000000e+00 5.854468022148016e+02 0.000000000000000e+00 0.000000000000000e+00 0.000000000000000e+00 5.461228078252695e+02 5.461228078252695e+02 0.000000000000000e+00
1.403018785739000e+00 4.074977691952300e+02 4.074977691952300e+02 0.000000000000000e+00 0.000000000000000e+00 0.000000000000000e+00 5.798545583442217e+02 0.000000000000000e+00 0.000000000000000e+00 0.000000000000000e+00 5.409064597812271e+02 5.409064597812271e+02 0.000000000000000e+00
1.411121702293000e+00 4.036030414202274e+02 4.036030414202274e+02 0.000000000000000e+00 0.000000000000000e+00 0.000000000000000e+00 5.743125434325493e+02 0.000000000000000e+00 0.000000000000000e+00 0.000000000000000e+00 5.357367909769404e+02 5.357367909769404e+02 0.000000000000000e+00
1.419271117175000e+00 3.997488892627004e+02 3.997488892627004e+02 0.000000000000000e+00 0.000000000000000e+00 0.000000000000000e+00 5.688262940203413e+02 0.000000000000000e+00 0.000000000000000e+00 0.000000000000000e+00 5.306194753990931e+02 5.306194753990931e+02 0.000000000000000e+00
1.427467321119000e+00 3.959289599847301e+02 3.959289599847301e+02 0.000000000000000e+00 0.000000000000000e+00 0.000000000000000e+00 5.633894319570779e+02 0.000000000000000e+00 0.000000000000000e+00 0.000000000000000e+00 5.255481072944129e+02 5.255481072944129e+02 0.000000000000000e+00
1.435710604975000e+00 3.921411777953263e+02 3.921411777953263e+02 0.000000000000000e+00 0.000000000000000e+00 0.000000000000000e+00 5.579997777083576e+02 0.000000000000000e+00 0.000000000000000e+00 0.000000000000000e+00 5.205205332981398e+02 5.205205332981398e+02 0.000000000000000e+00
1.444001259794000e+00 3.883927685738616e+02 3.883927685738616e+02 0.000000000000000e+00 0.000000000000000e+00 0.000000000000000e+00 5.526643167114709e+02 0.000000000000000e+00 0.000000000000000e+00 0.000000000000000e+00 5.155438223990620e+02 5.155438223990620e+02 0.000000000000000e+00
1.452339576926000e+00 3.846787661556999e+02 3.846787661556999e+02 0.000000000000000e+00 0.000000000000000e+00 0.000000000000000e+00 5.473781140252179e+02 0.000000000000000e+00 0.000000000000000e+00 0.000000000000000e+00 5.106130054663806e+02 5.106130054663806e+02 0.000000000000000e+00
1.460725848100000e+00 3.809950809669318e+02 3.809950809669318e+02 0.000000000000000e+00 0.000000000000000e+00 0.000000000000000e+00 5.421366299934936e+02 0.000000000000000e+00 0.000000000000000e+00 0.000000000000000e+00 5.057236334110137e+02 5.057236334110137e+02 0.000000000000000e+00
1.469160365507000e+00 3.773497377494774e+02 3.773497377494774e+02 0.000000000000000e+00 0.000000000000000e+00 0.000000000000000e+00 5.369480518165964e+02 0.000000000000000e+00 0.000000000000000e+00 0.000000000000000e+00 5.008838986012751e+02 5.008838986012751e+02 0.000000000000000e+00
1.477643421883000e+00 3.737380169946865e+02 3.737380169946865e+02 0.000000000000000e+00 0.000000000000000e+00 0.000000000000000e+00 5.318074785894704e+02 0.000000000000000e+00 0.000000000000000e+00 0.000000000000000e+00 4.960889197923624e+02 4.960889197923624e+02 0.000000000000000e+00
1.486175310580000e+00 3.701559550176379e+02 3.701559550176379e+02 0.000000000000000e+00 0.000000000000000e+00 0.000000000000000e+00 5.267106322933998e+02 0.000000000000000e+00 0.000000000000000e+00 0.000000000000000e+00 4.913344594486115e+02 4.913344594486115e+02 0.000000000000000e+00
1.494756325643000e+00 3.666111442430635e+02 3.666111442430635e+02 0.000000000000000e+00 0.000000000000000e+00 0.000000000000000e+00 5.216652346357654e+02 0.000000000000000e+00 0.000000000000000e+00 0.000000000000000e+00 4.866282642303999e+02 4.866282642303999e+02 0.000000000000000e+00
1.503386761876000e+00 3.630988223124300e+02 3.630988223124300e+02 0.000000000000000e+00 0.000000000000000e+00 0.000000000000000e+00 5.166662198537697e+02 0.000000000000000e+00 0.000000000000000e+00 0.000000000000000e+00 4.819653103808685e+02 4.819653103808685e+02 0.000000000000000e+00
1.512066914912000e+00 3.596154484981988e+02 3.596154484981988e+02 0.000000000000000e+00 0.000000000000000e+00 0.000000000000000e+00 5.117098519577278e+02 0.000000000000000e+00 0.000000000000000e+00 0.000000000000000e+00 4.773418837479354e+02 4.773418837479354e+02 0.000000000000000e+00
1.520797081275000e+00 3.561684152765446e+02 3.561684152765446e+02 0.000000000000000e+00 0.000000000000000e+00 0.000000000000000e+00 5.068035959226243e+02 0.000000000000000e+00 0.000000000000000e+00 0.000000000000000e+00 4.727654788241402e+02 4.727654788241402e+02 0.000000000000000e+00
1.529577558442000e+00 3.527527019050173e+02 3.527527019050173e+02 0.000000000000000e+00 0.000000000000000e+00 0.000000000000000e+00 5.019422614702587e+02 0.000000000000000e+00 0.000000000000000e+00 0.000000000000000e+00 4.682309146706925e+02 4.682309146706925e+02 0.000000000000000e+00
1.538408644899000e+00 3.493657484274337e+02 3.493657484274337e+02 0.000000000000000e+00 0.000000000000000e+00 0.000000000000000e+00 4.971230745194069e+02 0.000000000000000e+00 0.000000000000000e+00 0.000000000000000e+00 4.637354519775946e+02 4.637354519775946e+02 0.000000000000000e+00
1.547290640201000e+00 3.460142361820518e+02 3.460142361820518e+02 0.000000000000000e+00 0.000000000000000e+00 0.000000000000000e+00 4.923526778486645e+02 0.000000000000000e+00 0.000000000000000e+00 0.000000000000000e+00 4.592857852527503e+02 4.592857852527503e+02 0.000000000000000e+00
1.556223845020000e+00 3.426921639691507e+02 3.426921639691507e+02 0.000000000000000e+00 0.000000000000000e+00 0.000000000000000e+00 4.876248658929742e+02 0.000000000000000e+00 0.000000000000000e+00 0.000000000000000e+00 4.548757184039428e+02 4.548757184039428e+02 0.000000000000000e+00
1.565208561200000e+00 3.393989812877014e+02 3.393989812877014e+02 0.000000000000000e+00 0.000000000000000e+00 0.000000000000000e+00 4.829390041457405e+02 0.000000000000000e+00 0.000000000000000e+00 0.000000000000000e+00 4.505046351527202e+02 4.505046351527202e+02 0.000000000000000e+00
1.574245091801000e+00 3.361403757768412e+02 3.361403757768412e+02 0.000000000000000e+00 0.000000000000000e+00 0.000000000000000e+00 4.783006837571991e+02 0.000000000000000e+00 0.000000000000000e+00 0.000000000000000e+00 4.461781799733489e+02 4.461781799733489e+02 0.000000000000000e+00
1.583333741151000e+00 3.329090468956681e+02 3.329090468956681e+02 0.000000000000000e+00 0.000000000000000e+00 0.000000000000000e+00 4.737023674840763e+02 0.000000000000000e+00 0.000000000000000e+00 0.000000000000000e+00 4.418888396663651e+02 4.418888396663651e+02 0.000000000000000e+00
1.592474814884000e+00 3.297076847341111e+02 3.297076847341111e+02 0.000000000000000e+00 0.000000000000000e+00 0.000000000000000e+00 4.691468671217339e+02 0.000000000000000e+00 0.000000000000000e+00 0.000000000000000e+00 4.376393979942615e+02 4.376393979942615e+02 0.000000000000000e+00
1.601668619983000e+00 3.265391905957132e+02 3.265391905957132e+02 0.000000000000000e+00 0.000000000000000e+00 0.000000000000000e+00 4.646367999834583e+02 0.000000000000000e+00 0.000000000000000e+00 0.000000000000000e+00 4.334325675961066e+02 4.334325675961066e+02 0.000000000000000e+00
1.610915464826000e+00 3.233968654514418e+02 3.233968654514418e+02 0.000000000000000e+00 0.000000000000000e+00 0.000000000000000e+00 4.601654354951771e+02 0.000000000000000e+00 0.000000000000000e+00 0.000000000000000e+00 4.292615798578112e+02 4.292615798578112e+02 0.000000000000000e+00
1.620215659213000e+00 3.202849518827143e+02 3.202849518827143e+02 0.000000000000000e+00 0.000000000000000e+00 0.000000000000000e+00 4.557368108108979e+02 0.000000000000000e+00 0.000000000000000e+00 0.000000000000000e+00 4.251305530506099e+02 4.251305530506099e+02 0.000000000000000e+00
1.629569514413000e+00 3.172040501315532e+02 3.172040501315532e+02 0.000000000000000e+00 0.000000000000000e+00 0.000000000000000e+00 4.513515711511150e+02 0.000000000000000e+00 0.000000000000000e+00 0.000000000000000e+00 4.210401170372355e+02 4.210401170372355e+02 0.000000000000000e+00
1.638977343193000e+00 3.141482537781813e+02 3.141482537781813e+02 0.000000000000000e+00 0.000000000000000e+00 0.000000000000000e+00 4.470035710857585e+02 0.000000000000000e+00 0.000000000000000e+00 0.000000000000000e+00 4.169841601085414e+02 4.169841601085414e+02 0.000000000000000e+00
1.648439459850000e+00 3.111241688274652e+02 3.111241688274652e+02 0.000000000000000e+00 0.000000000000000e+00 0.000000000000000e+00 4.426994356767057e+02 0.000000000000000e+00 0.000000000000000e+00 0.000000000000000e+00 4.129693335685492e+02 4.129693335685492e+02 0.000000000000000e+00
1.657956180246000e+00 3.081276270172929e+02 3.081276270172929e+02 0.000000000000000e+00 0.000000000000000e+00 0.000000000000000e+00 4.384347905232439e+02 0.000000000000000e+00 0.000000000000000e+00 0.000000000000000e+00 4.089912962254127e+02 4.089912962254127e+02 0.000000000000000e+00
1.667527821837000e+00 3.051568934397678e+02 3.051568934397678e+02 0.000000000000000e+00 0.000000000000000e+00 0.000000000000000e+00 4.342077358640591e+02 0.000000000000000e+00 0.000000000000000e+00 0.000000000000000e+00 4.050481714659989e+02 4.050481714659989e+02 0.000000000000000e+00
1.677154703698000e+00 3.022174013955973e+02 3.022174013955973e+02 0.000000000000000e+00 0.000000000000000e+00 0.000000000000000e+00 4.300237324588811e+02 0.000000000000000e+00 0.000000000000000e+00 0.000000000000000e+00 4.011454511171722e+02 4.011454511171722e+02 0.000000000000000e+00
1.686837146556000e+00 2.993025198508493e+02 2.993025198508493e+02 0.000000000000000e+00 0.000000000000000e+00 0.000000000000000e+00 4.258759449537880e+02 0.000000000000000e+00 0.000000000000000e+00 0.000000000000000e+00 3.972763056084282e+02 3.972763056084282e+02 0.000000000000000e+00
1.696575472813000e+00 2.964156458717637e+02 2.964156458717637e+02 0.000000000000000e+00 0.000000000000000e+00 0.000000000000000e+00 4.217677567504555e+02 0.000000000000000e+00 0.000000000000000e+00 0.000000000000000e+00 3.934441444353378e+02 3.934441444353378e+02 0.000000000000000e+00
1.706370006572000e+00 2.935572494995458e+02 2.935572494995458e+02 0.000000000000000e+00 0.000000000000000e+00 0.000000000000000e+00 4.176993905065065e+02 0.000000000000000e+00 0.000000000000000e+00 0.000000000000000e+00 3.896492535803592e+02 3.896492535803592e+02 0.000000000000000e+00
1.716221073660000e+00 2.907228163008053e+02 2.907228163008053e+02 0.000000000000000e+00 0.000000000000000e+00 0.000000000000000e+00 4.136664491196861e+02 0.000000000000000e+00 0.000000000000000e+00 0.000000000000000e+00 3.858871772737304e+02 3.858871772737304e+02 0.000000000000000e+00
1.726129001651000e+00 2.879175524238684e+02 2.879175524238684e+02 0.000000000000000e+00 0.000000000000000e+00 0.000000000000000e+00 4.096738283000179e+02 0.000000000000000e+00 0.000000000000000e+00 0.000000000000000e+00 3.821629189634136e+02 3.821629189634136e+02 0.000000000000000e+00
1.736094119892000e+00 2.851371612543849e+02 2.851371612543849e+02 0.000000000000000e+00 0.000000000000000e+00 0.000000000000000e+00 4.057171671258214e+02 0.000000000000000e+00 0.000000000000000e+00 0.000000000000000e+00 3.784721068920656e+02 3.784721068920656e+02 0.000000000000000e+00
1.746116759519000e+00 2.823819911823388e+02 2.823819911823388e+02 0.000000000000000e+00 0.000000000000000e+00 0.000000000000000e+00 4.017967463409112e+02 0.000000000000000e+00 0.000000000000000e+00 0.000000000000000e+00 3.748150388306740e+02 3.748150388306740e+02 0.000000000000000e+00
1.756197253479000e+00 2.796552955481389e+02 2.796552955481389e+02 0.000000000000000e+00 0.000000000000000e+00 0.000000000000000e+00 3.979158040685625e+02 0.000000000000000e+00 0.000000000000000e+00 0.000000000000000e+00 3.711949775171675e+02 3.711949775171675e+02 0.000000000000000e+00
1.766335936554000e+00 2.769509096352364e+02 2.769509096352364e+02 0.000000000000000e+00 0.000000000000000e+00 0.000000000000000e+00 3.940679236729633e+02 0.000000000000000e+00 0.000000000000000e+00 0.000000000000000e+00 3.676055282534663e+02 3.676055282534663e+02 0.000000000000000e+00
1.776533145374000e+00 2.742741203276731e+02 2.742741203276731e+02 0.000000000000000e+00 0.000000000000000e+00 0.000000000000000e+00 3.902583124446974e+02 0.000000000000000e+00 0.000000000000000e+00 0.000000000000000e+00 3.640519490561887e+02 3.640519490561887e+02 0.000000000000000e+00
1.786789218440000e+00 2.716217696072752e+02 2.716217696072752e+02 0.000000000000000e+00 0.000000000000000e+00 0.000000000000000e+00 3.864838158980149e+02 0.000000000000000e+00 0.000000000000000e+00 0.000000000000000e+00 3.605310654489331e+02 3.605310654489331e+02 0.000000000000000e+00
1.797104496139000e+00 2.689930064026886e+02 2.689930064026886e+02 0.000000000000000e+00 0.000000000000000e+00 0.000000000000000e+00 3.827433160038663e+02 0.000000000000000e+00 0.000000000000000e+00 0.000000000000000e+00 3.570418175445524e+02 3.570418175445524e+02 0.000000000000000e+00
1.807479320764000e+00 2.663915124534013e+02 2.663915124534013e+02 0.000000000000000e+00 0.000000000000000e+00 0.000000000000000e+00 3.790406136986387e+02 0.000000000000000e+00 0.000000000000000e+00 0.000000000000000e+00 3.535879996867212e+02 3.535879996867212e+02 0.000000000000000e+00
1.817914036529000e+00 2.638113705790648e+02 2.638113705790648e+02 0.000000000000000e+00 0.000000000000000e+00 0.000000000000000e+00 3.753695172560873e+02 0.000000000000000e+00 0.000000000000000e+00 0.000000000000000e+00 3.501634505373835e+02 3.501634505373835e+02 0.000000000000000e+00
1.828408989587000e+00 2.612580415016625e+02 2.612580415016625e+02 0.000000000000000e+00 0.000000000000000e+00 0.000000000000000e+00 3.717355469113383e+02 0.000000000000000e+00 0.000000000000000e+00 0.000000000000000e+00 3.467737096686182e+02 3.467737096686182e+02 0.000000000000000e+00
1.838964528046000e+00 2.587274132607600e+02 2.587274132607600e+02 0.000000000000000e+00 0.000000000000000e+00 0.000000000000000e+00 3.681344028031873e+02 0.000000000000000e+00 0.000000000000000e+00 0.000000000000000e+00 3.434144952071064e+02 3.434144952071064e+02 0.000000000000000e+00
1.849581001982000e+00 2.562205013050718e+02 2.562205013050718e+02 0.000000000000000e+00 0.000000000000000e+00 0.000000000000000e+00 3.645671067730828e+02 0.000000000000000e+00 0.000000000000000e+00 0.000000000000000e+00 3.400868353010398e+02 3.400868353010398e+02 0.000000000000000e+00
1.860258763459000e+00 2.537382792661725e+02 2.537382792661725e+02 0.000000000000000e+00 0.000000000000000e+00 0.000000000000000e+00 3.610342679251042e+02 0.000000000000000e+00 0.000000000000000e+00 0.000000000000000e+00 3.367914314113344e+02 3.367914314113344e+02 0.000000000000000e+00
1.870998166542000e+00 2.512773824673834e+02 2.512773824673834e+02 0.000000000000000e+00 0.000000000000000e+00 0.000000000000000e+00 3.575328293567714e+02 0.000000000000000e+00 0.000000000000000e+00 0.000000000000000e+00 3.335251365661334e+02 3.335251365661334e+02 0.000000000000000e+00
1.881799567309000e+00 2.488423193854284e+02 2.488423193854284e+02 0.000000000000000e+00 0.000000000000000e+00 0.000000000000000e+00 3.540670120618386e+02 0.000000000000000e+00 0.000000000000000e+00 0.000000000000000e+00 3.302922638900304e+02 3.302922638900304e+02 0.000000000000000e+00
1.892663323870000e+00 2.464279968457976e+02 2.464279968457976e+02 0.000000000000000e+00 0.000000000000000e+00 0.000000000000000e+00 3.506316784016776e+02 0.000000000000000e+00 0.000000000000000e+00 0.000000000000000e+00 3.270876583774141e+02 3.270876583774141e+02 0.000000000000000e+00
1.903589796381000e+00 2.440376003034838e+02 2.440376003034838e+02 0.000000000000000e+00 0.000000000000000e+00 0.000000000000000e+00 3.472298268477233e+02 0.000000000000000e+00 0.000000000000000e+00 0.000000000000000e+00 3.239143851760294e+02 3.239143851760294e+02 0.000000000000000e+00
1.914579347056000e+00 2.416695249148854e+02 2.416695249148854e+02 0.000000000000000e+00 0.000000000000000e+00 0.000000000000000e+00 3.438598605456174e+02 0.000000000000000e+00 0.000000000000000e+00 0.000000000000000e+00 3.207708329720737e+02 3.207708329720737e+02 0.000000000000000e+00
1.925632340182000e+00 2.393227851029127e+02 2.393227851029127e+02 0.000000000000000e+00 0.000000000000000e+00 0.000000000000000e+00 3.405206258328303e+02 0.000000000000000e+00 0.000000000000000e+00 0.000000000000000e+00 3.176558857227161e+02 3.176558857227161e+02 0.000000000000000e+00
1.936749142133000e+00 2.369998475089352e+02 2.369998475089352e+02 0.000000000000000e+00 0.000000000000000e+00 0.000000000000000e+00 3.372145545317538e+02 0.000000000000000e+00 0.000000000000000e+00 0.000000000000000e+00 3.145719961786626e+02 3.145719961786626e+02 0.000000000000000e+00
1.947930121384000e+00 2.346966724240602e+02 2.346966724240602e+02 0.000000000000000e+00 0.000000000000000e+00 0.000000000000000e+00 3.339375657679765e+02 0.000000000000000e+00 0.000000000000000e+00 0.000000000000000e+00 3.115150692715775e+02 3.115150692715775e+02 0.000000000000000e+00
1.959175648526000e+00 2.324177347791672e+02 2.324177347791672e+02 0.000000000000000e+00 0.000000000000000e+00 0.000000000000000e+00 3.306940651986638e+02 0.000000000000000e+00 0.000000000000000e+00 0.000000000000000e+00 3.084895566970554e+02 3.084895566970554e+02 0.000000000000000e+00
1.970486096277000e+00 2.301579099030796e+02 2.301579099030796e+02 0.000000000000000e+00 0.000000000000000e+00 0.000000000000000e+00 3.274787287185646e+02 0.000000000000000e+00 0.000000000000000e+00 0.000000000000000e+00 3.054901472348147e+02 3.054901472348147e+02 0.000000000000000e+00
1.981861839497000e+00 2.279209855786055e+02 2.279209855786055e+02 0.000000000000000e+00 0.000000000000000e+00 0.000000000000000e+00 3.242952177110233e+02 0.000000000000000e+00 0.000000000000000e+00 0.000000000000000e+00 3.025205584275784e+02 3.025205584275784e+02 0.000000000000000e+00
1.993303255202000e+00 2.257042197440098e+02 2.257042197440098e+02 0.000000000000000e+00 0.000000000000000e+00 0.000000000000000e+00 3.211408908184222e+02 0.000000000000000e+00 0.000000000000000e+00 0.000000000000000e+00 2.995781065271355e+02 2.995781065271355e+02 0.000000000000000e+00
2.004810722576000e+00 2.235087875879850e+02 2.235087875879850e+02 0.000000000000000e+00 0.000000000000000e+00 0.000000000000000e+00 3.180167533145108e+02 0.000000000000000e+00 0.000000000000000e+00 0.000000000000000e+00 2.966638442769840e+02 2.966638442769840e+02 0.000000000000000e+00
2.016384622987000e+00 2.213340697354159e+02 2.213340697354159e+02 0.000000000000000e+00 0.000000000000000e+00 0.000000000000000e+00 3.149219718160193e+02 0.000000000000000e+00 0.000000000000000e+00 0.000000000000000e+00 2.937769858549621e+02 2.937769858549621e+02 0.000000000000000e+00
2.028025339996000e+00 2.191792714566479e+02 2.191792714566479e+02 0.000000000000000e+00 0.000000000000000e+00 0.000000000000000e+00 3.118559244306615e+02 0.000000000000000e+00 0.000000000000000e+00 0.000000000000000e+00 2.909168628430710e+02 2.909168628430710e+02 0.000000000000000e+00
2.039733259375000e+00 2.170461897157335e+02 2.170461897157335e+02 0.000000000000000e+00 0.000000000000000e+00 0.000000000000000e+00 3.088201858276112e+02 0.000000000000000e+00 0.000000000000000e+00 0.000000000000000e+00 2.880851139407608e+02 2.880851139407608e+02 0.000000000000000e+00
2.051508769119000e+00 2.149312470930141e+02 2.149312470930141e+02 0.000000000000000e+00 0.000000000000000e+00 0.000000000000000e+00 3.058110042460840e+02 0.000000000000000e+00 0.000000000000000e+00 0.000000000000000e+00 2.852780073175126e+02 2.852780073175126e+02 0.000000000000000e+00
2.063352259458000e+00 2.128385605886147e+02 2.128385605886147e+02 0.000000000000000e+00 0.000000000000000e+00 0.000000000000000e+00 3.028326464861214e+02 0.000000000000000e+00 0.000000000000000e+00 0.000000000000000e+00 2.824997983353387e+02 2.824997983353387e+02 0.000000000000000e+00
2.075264122870000e+00 2.107636695390240e+02 2.107636695390240e+02 0.000000000000000e+00 0.000000000000000e+00 0.000000000000000e+00 2.998804953054462e+02 0.000000000000000e+00 0.000000000000000e+00 0.000000000000000e+00 2.797458815252125e+02 2.797458815252125e+02 0.000000000000000e+00
2.087244754099000e+00 2.087100315712910e+02 2.087100315712910e+02 0.000000000000000e+00 0.000000000000000e+00 0.000000000000000e+00 2.969577120490349e+02 0.000000000000000e+00 0.000000000000000e+00 0.000000000000000e+00 2.770195090806679e+02 2.770195090806679e+02 0.000000000000000e+00
2.099294550162000e+00 2.066744500500290e+02 2.066744500500290e+02 0.000000000000000e+00 0.000000000000000e+00 0.000000000000000e+00 2.940614508623228e+02 0.000000000000000e+00 0.000000000000000e+00 0.000000000000000e+00 2.743177319596802e+02 2.743177319596802e+02 0.000000000000000e+00
2.111413910367000e+00 2.046597091095364e+02 2.046597091095364e+02 0.000000000000000e+00 0.000000000000000e+00 0.000000000000000e+00 2.911940822060021e+02 0.000000000000000e+00 0.000000000000000e+00 0.000000000000000e+00 2.716430375374568e+02 2.716430375374568e+02 0.000000000000000e+00
2.123603236325000e+00 2.026623379253260e+02 2.026623379253260e+02 0.000000000000000e+00 0.000000000000000e+00 0.000000000000000e+00 2.883521247984117e+02 0.000000000000000e+00 0.000000000000000e+00 0.000000000000000e+00 2.689919265930812e+02 2.689919265930812e+02 0.000000000000000e+00
2.135862931965000e+00 2.006854635901839e+02 2.006854635901839e+02 0.000000000000000e+00 0.000000000000000e+00 0.000000000000000e+00 2.855387309570286e+02 0.000000000000000e+00 0.000000000000000e+00 0.000000000000000e+00 2.663675647026766e+02 2.663675647026766e+02 0.000000000000000e+00
2.148193403543000e+00 1.987260077479628e+02 1.987260077479628e+02 0.000000000000000e+00 0.000000000000000e+00 0.000000000000000e+00 2.827506545781064e+02 0.000000000000000e+00 0.000000000000000e+00 0.000000000000000e+00 2.637667279950676e+02 2.637667279950676e+02 0.000000000000000e+00
2.160595059664000e+00 1.967861752871385e+02 1.967861752871385e+02 0.000000000000000e+00 0.000000000000000e+00 0.000000000000000e+00 2.799900722302747e+02 0.000000000000000e+00 0.000000000000000e+00 0.000000000000000e+00 2.611916129313997e+02 2.611916129313997e+02 0.000000000000000e+00
2.173068311286000e+00 1.948639937083591e+02 1.948639937083591e+02 0.000000000000000e+00 0.000000000000000e+00 0.000000000000000e+00 2.772549893199406e+02 0.000000000000000e+00 0.000000000000000e+00 0.000000000000000e+00 2.586402189633081e+02 2.586402189633081e+02 0.000000000000000e+00
2.185613571740000e+00 1.929606120065019e+02 1.929606120065019e+02 0.000000000000000e+00 0.000000000000000e+00 0.000000000000000e+00 2.745463521488858e+02 0.000000000000000e+00 0.000000000000000e+00 0.000000000000000e+00 2.561135473277016e+02 2.561135473277016e+02 0.000000000000000e+00
2.198231256744000e+00 1.910747467107723e+02 1.910747467107723e+02 0.000000000000000e+00 0.000000000000000e+00 0.000000000000000e+00 2.718629199770186e+02 0.000000000000000e+00 0.000000000000000e+00 0.000000000000000e+00 2.536103399411179e+02 2.536103399411179e+02 0.000000000000000e+00
2.210921784414000e+00 1.892073270159929e+02 1.892073270159929e+02 0.000000000000000e+00 0.000000000000000e+00 0.000000000000000e+00 2.692055107224899e+02 0.000000000000000e+00 0.000000000000000e+00 0.000000000000000e+00 2.511314471664854e+02 2.511314471664854e+02 0.000000000000000e+00
2.223685575279000e+00 1.873569693714869e+02 1.873569693714869e+02 0.000000000000000e+00 0.000000000000000e+00 0.000000000000000e+00 2.665726029846377e+02 0.000000000000000e+00 0.000000000000000e+00 0.000000000000000e+00 2.486753712713379e+02 2.486753712713379e+02 0.000000000000000e+00
2.236523052294000e+00 1.855247799420520e+02 1.855247799420520e+02 0.000000000000000e+00 0.000000000000000e+00 0.000000000000000e+00 2.639653411019930e+02 0.000000000000000e+00 0.000000000000000e+00 0.000000000000000e+00 2.462432544363386e+02 2.462432544363386e+02 0.000000000000000e+00
2.249434640858000e+00 1.837095666984357e+02 1.837095666984357e+02 0.000000000000000e+00 0.000000000000000e+00 0.000000000000000e+00 2.613824614167139e+02 0.000000000000000e+00 0.000000000000000e+00 0.000000000000000e+00 2.438338422464493e+02 2.438338422464493e+02 0.000000000000000e+00
2.262420768824000e+00 1.819121028639336e+02 1.819121028639336e+02 0.000000000000000e+00 0.000000000000000e+00 0.000000000000000e+00 2.588245972259784e+02 0.000000000000000e+00 0.000000000000000e+00 0.000000000000000e+00 2.414478061538095e+02 2.414478061538095e+02 0.000000000000000e+00
2.275481866513000e+00 1.801309333530070e+02 1.801309333530070e+02 0.000000000000000e+00 0.000000000000000e+00 0.000000000000000e+00 2.562901912864370e+02 0.000000000000000e+00 0.000000000000000e+00 0.000000000000000e+00 2.390836050025446e+02 2.390836050025446e+02 0.000000000000000e+00
2.288618366734000e+00 1.783673687944859e+02 1.783673687944859e+02 0.000000000000000e+00 0.000000000000000e+00 0.000000000000000e+00 2.537805245329644e+02 0.000000000000000e+00 0.000000000000000e+00 0.000000000000000e+00 2.367425337674262e+02 2.367425337674262e+02 0.000000000000000e+00
2.301830704790000e+00 1.766196762589056e+02 1.766196762589056e+02 0.000000000000000e+00 0.000000000000000e+00 0.000000000000000e+00 2.512937989799710e+02 0.000000000000000e+00 0.000000000000000e+00 0.000000000000000e+00 2.344228002707552e+02 2.344228002707552e+02 0.000000000000000e+00
2.315119318500000e+00 1.748900962873976e+02 1.748900962873976e+02 0.000000000000000e+00 0.000000000000000e+00 0.000000000000000e+00 2.488324432304827e+02 0.000000000000000e+00 0.000000000000000e+00 0.000000000000000e+00 2.321268012856013e+02 2.321268012856013e+02 0.000000000000000e+00
2.328484648208000e+00 1.731755835790104e+02 1.731755835790104e+02 0.000000000000000e+00 0.000000000000000e+00 0.000000000000000e+00 2.463929779525883e+02 0.000000000000000e+00 0.000000000000000e+00 0.000000000000000e+00 2.298511427665254e+02 2.298511427665254e+02 0.000000000000000e+00
2.341927136803000e+00 1.714787352280879e+02 1.714787352280879e+02 0.000000000000000e+00 0.000000000000000e+00 0.000000000000000e+00 2.439781464004244e+02 0.000000000000000e+00 0.000000000000000e+00 0.000000000000000e+00 2.275985498304952e+02 2.275985498304952e+02 0.000000000000000e+00
2.355447229728000e+00 1.697964875087312e+02 1.697964875087312e+02 0.000000000000000e+00 0.000000000000000e+00 0.000000000000000e+00 2.415846353476799e+02 0.000000000000000e+00 0.000000000000000e+00 0.000000000000000e+00 2.253657497518718e+02 2.253657497518718e+02 0.000000000000000e+00
2.369045374997000e+00 1.681318594021910e+02 1.681318594021910e+02 0.000000000000000e+00 0.000000000000000e+00 0.000000000000000e+00 2.392156294745720e+02 0.000000000000000e+00 0.000000000000000e+00 0.000000000000000e+00 2.231559076234408e+02 2.231559076234408e+02 0.000000000000000e+00
2.382722023213000e+00 1.664816086680400e+02 1.664816086680400e+02 0.000000000000000e+00 0.000000000000000e+00 0.000000000000000e+00 2.368676699496259e+02 0.000000000000000e+00 0.000000000000000e+00 0.000000000000000e+00 2.209655958720944e+02 2.209655958720944e+02 0.000000000000000e+00
2.396477627579000e+00 1.648484250536279e+02 1.648484250536279e+02 0.000000000000000e+00 0.000000000000000e+00 0.000000000000000e+00 2.345434357113282e+02 0.000000000000000e+00 0.000000000000000e+00 0.000000000000000e+00 2.187975133612200e+02 2.187975133612200e+02 0.000000000000000e+00
2.410312643914000e+00 1.632297147383991e+02 1.632297147383991e+02 0.000000000000000e+00 0.000000000000000e+00 0.000000000000000e+00 2.322403210661229e+02 0.000000000000000e+00 0.000000000000000e+00 0.000000000000000e+00 2.166490411718463e+02 2.166490411718463e+02 0.000000000000000e+00
2.424227530668000e+00 1.616272613765231e+02 1.616272613765231e+02 0.000000000000000e+00 0.000000000000000e+00 0.000000000000000e+00 2.299599140059559e+02 0.000000000000000e+00 0.000000000000000e+00 0.000000000000000e+00 2.145218257954236e+02 2.145218257954236e+02 0.000000000000000e+00
2.438222748939000e+00 1.600393359899568e+02 1.600393359899568e+02 0.000000000000000e+00 0.000000000000000e+00 0.000000000000000e+00 2.277004990845112e+02 0.000000000000000e+00 0.000000000000000e+00 0.000000000000000e+00 2.124141373465273e+02 2.124141373465273e+02 0.000000000000000e+00
2.452298762486000e+00 1.584670154182494e+02 1.584670154182494e+02 0.000000000000000e+00 0.000000000000000e+00 0.000000000000000e+00 2.254631272447334e+02 0.000000000000000e+00 0.000000000000000e+00 0.000000000000000e+00 2.103270395463567e+02 2.103270395463567e+02 0.000000000000000e+00
2.466456037745000e+00 1.569097198340926e+02 1.569097198340926e+02 0.000000000000000e+00 0.000000000000000e+00 0.000000000000000e+00 2.232471439525144e+02 0.000000000000000e+00 0.000000000000000e+00 0.000000000000000e+00 2.082598925728072e+02 2.082598925728072e+02 0.000000000000000e+00
2.480695043845000e+00 1.553660521322457e+02 1.553660521322457e+02 0.000000000000000e+00 0.000000000000000e+00 0.000000000000000e+00 2.210507227268494e+02 0.000000000000000e+00 0.000000000000000e+00 0.000000000000000e+00 2.062109642707860e+02 2.062109642707860e+02 0.000000000000000e+00
2.495016252624000e+00 1.538393836962780e+02 1.538393836962780e+02 0.000000000000000e+00 0.000000000000000e+00 0.000000000000000e+00 2.188781712238399e+02 0.000000000000000e+00 0.000000000000000e+00 0.000000000000000e+00 2.041843572783013e+02 2.041843572783013e+02 0.000000000000000e+00
2.509420138643000e+00 1.523255201797988e+02 1.523255201797988e+02 0.000000000000000e+00 0.000000000000000e+00 0.000000000000000e+00 2.167242745342034e+02 0.000000000000000e+00 0.000000000000000e+00 0.000000000000000e+00 2.021750760750416e+02 2.021750760750416e+02 0.000000000000000e+00
2.523907179202000e+00 1.508274323165832e+02 1.508274323165832e+02 0.000000000000000e+00 0.000000000000000e+00 0.000000000000000e+00 2.145923393373699e+02 0.000000000000000e+00 0.000000000000000e+00 0.000000000000000e+00 2.001863638893035e+02 2.001863638893035e+02 0.000000000000000e+00
2.538477854360000e+00 1.493420753180534e+02 1.493420753180534e+02 0.000000000000000e+00 0.000000000000000e+00 0.000000000000000e+00 2.124790782147059e+02 0.000000000000000e+00 0.000000000000000e+00 0.000000000000000e+00 1.982149939897301e+02 1.982149939897301e+02 0.000000000000000e+00
2.553132646943000e+00 1.478723173089682e+02 1.478723173089682e+02 0.000000000000000e+00 0.000000000000000e+00 0.000000000000000e+00 2.103874648368133e+02 0.000000000000000e+00 0.000000000000000e+00 0.000000000000000e+00 1.962638743112471e+02 1.962638743112471e+02 0.000000000000000e+00
2.567872042566000e+00 1.464159656975904e+02 1.464159656975904e+02 0.000000000000000e+00 0.000000000000000e+00 0.000000000000000e+00 2.083151911858915e+02 0.000000000000000e+00 0.000000000000000e+00 0.000000000000000e+00 1.943307690830941e+02 1.943307690830941e+02 0.000000000000000e+00
2.582696529649000e+00 1.449734863546016e+02 1.449734863546016e+02 0.000000000000000e+00 0.000000000000000e+00 0.000000000000000e+00 2.062627157895817e+02 0.000000000000000e+00 0.000000000000000e+00 0.000000000000000e+00 1.924161205993290e+02 1.924161205993290e+02 0.000000000000000e+00
2.597606599430000e+00 1.435452803748857e+02 1.435452803748857e+02 0.000000000000000e+00 0.000000000000000e+00 0.000000000000000e+00 2.042302925742596e+02 0.000000000000000e+00 0.000000000000000e+00 0.000000000000000e+00 1.905202218847513e+02 1.905202218847513e+02 0.000000000000000e+00
2.612602745983000e+00 1.421299832356732e+02 1.421299832356732e+02 0.000000000000000e+00 0.000000000000000e+00 0.000000000000000e+00 2.022166034359440e+02 0.000000000000000e+00 0.000000000000000e+00 0.000000000000000e+00 1.886417315429781e+02 1.886417315429781e+02 0.000000000000000e+00
2.627685466234000e+00 1.407289172031251e+02 1.407289172031251e+02 0.000000000000000e+00 0.000000000000000e+00 0.000000000000000e+00 2.002228358934975e+02 0.000000000000000e+00 0.000000000000000e+00 0.000000000000000e+00 1.867818942459416e+02 1.867818942459416e+02 0.000000000000000e+00
2.642855259980000e+00 1.393405917826229e+02 1.393405917826229e+02 0.000000000000000e+00 0.000000000000000e+00 0.000000000000000e+00 1.982474418868180e+02 0.000000000000000e+00 0.000000000000000e+00 0.000000000000000e+00 1.849391441879685e+02 1.849391441879685e+02 0.000000000000000e+00
2.658112629900000e+00 1.379662377546933e+02 1.379662377546933e+02 0.000000000000000e+00 0.000000000000000e+00 0.000000000000000e+00 1.962918441821613e+02 0.000000000000000e+00 0.000000000000000e+00 0.000000000000000e+00 1.831148771442210e+02 1.831148771442210e+02 0.000000000000000e+00
2.673458081579000e+00 1.366051715620545e+02 1.366051715620545e+02 0.000000000000000e+00 0.000000000000000e+00 0.000000000000000e+00 1.943550126260500e+02 0.000000000000000e+00 0.000000000000000e+00 0.000000000000000e+00 1.813081383485905e+02 1.813081383485905e+02 0.000000000000000e+00
2.688892123516000e+00 1.352561843439784e+02 1.352561843439784e+02 0.000000000000000e+00 0.000000000000000e+00 0.000000000000000e+00 1.924356958174900e+02 0.000000000000000e+00 0.000000000000000e+00 0.000000000000000e+00 1.795176839711795e+02 1.795176839711795e+02 0.000000000000000e+00
2.704415267150000e+00 1.339209191648852e+02 1.339209191648852e+02 0.000000000000000e+00 0.000000000000000e+00 0.000000000000000e+00 1.905355485513667e+02 0.000000000000000e+00 0.000000000000000e+00 0.000000000000000e+00 1.777451737851743e+02 1.777451737851743e+02 0.000000000000000e+00
2.720028026871000e+00 1.325979771221138e+02 1.325979771221138e+02 0.000000000000000e+00 0.000000000000000e+00 0.000000000000000e+00 1.886531947100611e+02 0.000000000000000e+00 0.000000000000000e+00 0.000000000000000e+00 1.759892167871480e+02 1.759892167871480e+02 0.000000000000000e+00
2.735730920036000e+00 1.312878798254433e+02 1.312878798254433e+02 0.000000000000000e+00 0.000000000000000e+00 0.000000000000000e+00 1.867890799064805e+02 0.000000000000000e+00 0.000000000000000e+00 0.000000000000000e+00 1.742502805725683e+02 1.742502805725683e+02 0.000000000000000e+00
2.751524466994000e+00 1.299905576186876e+02 1.299905576186876e+02 0.000000000000000e+00 0.000000000000000e+00 0.000000000000000e+00 1.849429525772958e+02 0.000000000000000e+00 0.000000000000000e+00 0.000000000000000e+00 1.725281561715026e+02 1.725281561715026e+02 0.000000000000000e+00
2.767409191092000e+00 1.287051741280492e+02 1.287051741280492e+02 0.000000000000000e+00 0.000000000000000e+00 0.000000000000000e+00 1.831141297552069e+02 0.000000000000000e+00 0.000000000000000e+00 0.000000000000000e+00 1.708221185031227e+02 1.708221185031227e+02 0.000000000000000e+00
2.783385618704000e+00 1.274327418761470e+02 1.274327418761470e+02 0.000000000000000e+00 0.000000000000000e+00 0.000000000000000e+00 1.813034632302318e+02 0.000000000000000e+00 0.000000000000000e+00 0.000000000000000e+00 1.691330651077806e+02 1.691330651077806e+02 0.000000000000000e+00
2.799454279239000e+00 1.261721366875614e+02 1.261721366875614e+02 0.000000000000000e+00 0.000000000000000e+00 0.000000000000000e+00 1.795097008176974e+02 0.000000000000000e+00 0.000000000000000e+00 0.000000000000000e+00 1.674597668397599e+02 1.674597668397599e+02 0.000000000000000e+00
2.815615705164000e+00 1.249232742791993e+02 1.249232742791993e+02 0.000000000000000e+00 0.000000000000000e+00 0.000000000000000e+00 1.777328108599555e+02 0.000000000000000e+00 0.000000000000000e+00 0.000000000000000e+00 1.658021790629077e+02 1.658021790629077e+02 0.000000000000000e+00
2.831870432018000e+00 1.236872278784436e+02 1.236872278784436e+02 0.000000000000000e+00 0.000000000000000e+00 0.000000000000000e+00 1.759738633655815e+02 0.000000000000000e+00 0.000000000000000e+00 0.000000000000000e+00 1.641613794245119e+02 1.641613794245119e+02 0.000000000000000e+00
2.848218998435000e+00 1.224624180562356e+02 1.224624180562356e+02 0.000000000000000e+00 0.000000000000000e+00 0.000000000000000e+00 1.742311315680442e+02 0.000000000000000e+00 0.000000000000000e+00 0.000000000000000e+00 1.625356671569002e+02 1.625356671569002e+02 0.000000000000000e+00
2.864661946156000e+00 1.212493642316603e+02 1.212493642316603e+02 0.000000000000000e+00 0.000000000000000e+00 0.000000000000000e+00 1.725051247243538e+02 0.000000000000000e+00 0.000000000000000e+00 0.000000000000000e+00 1.609255569499462e+02 1.609255569499462e+02 0.000000000000000e+00
2.881199820050000e+00 1.200484146819048e+02 1.200484146819048e+02 0.000000000000000e+00 0.000000000000000e+00 0.000000000000000e+00 1.707961350382082e+02 0.000000000000000e+00 0.000000000000000e+00 0.000000000000000e+00 1.593313571252571e+02 1.593313571252571e+02 0.000000000000000e+00
2.897833168132000e+00 1.188586119453472e+02 1.188586119453472e+02 0.000000000000000e+00 0.000000000000000e+00 0.000000000000000e+00 1.691032634290802e+02 0.000000000000000e+00 0.000000000000000e+00 0.000000000000000e+00 1.577521486174439e+02 1.577521486174439e+02 0.000000000000000e+00
2.914562541580000e+00 1.176802583760781e+02 1.176802583760781e+02 0.000000000000000e+00 0.000000000000000e+00 0.000000000000000e+00 1.674265947538349e+02 0.000000000000000e+00 0.000000000000000e+00 0.000000000000000e+00 1.561880705821690e+02 1.561880705821690e+02 0.000000000000000e+00
2.931388494755000e+00 1.165136062990110e+02 1.165136062990110e+02 0.000000000000000e+00 0.000000000000000e+00 0.000000000000000e+00 1.657664348904552e+02 0.000000000000000e+00 0.000000000000000e+00 0.000000000000000e+00 1.546394172954506e+02 1.546394172954506e+02 0.000000000000000e+00
2.948311585218000e+00 1.153575429691632e+02 1.153575429691632e+02 0.000000000000000e+00 0.000000000000000e+00 0.000000000000000e+00 1.641215885420230e+02 0.000000000000000e+00 0.000000000000000e+00 0.000000000000000e+00 1.531050060643385e+02 1.531050060643385e+02 0.000000000000000e+00
2.965332373748000e+00 1.142128683310826e+02 1.142128683310826e+02 0.000000000000000e+00 0.000000000000000e+00 0.000000000000000e+00 1.624928310308439e+02 0.000000000000000e+00 0.000000000000000e+00 0.000000000000000e+00 1.515856235141034e+02 1.515856235141034e+02 0.000000000000000e+00
2.982451424362000e+00 1.130794498124378e+02 1.130794498124378e+02 0.000000000000000e+00 0.000000000000000e+00 0.000000000000000e+00 1.608799771660456e+02 0.000000000000000e+00 0.000000000000000e+00 0.000000000000000e+00 1.500810959777592e+02 1.500810959777592e+02 0.000000000000000e+00
2.999669304335000e+00 1.119564158980238e+02 1.119564158980238e+02 0.000000000000000e+00 0.000000000000000e+00 0.000000000000000e+00 1.592821172187541e+02 0.000000000000000e+00 0.000000000000000e+00 0.000000000000000e+00 1.485905176025238e+02 1.485905176025238e+02 0.000000000000000e+00
3.016986584213000e+00 1.108443882629492e+02 1.108443882629492e+02 0.000000000000000e+00 0.000000000000000e+00 0.000000000000000e+00 1.576998250373998e+02 0.000000000000000e+00 0.000000000000000e+00 0.000000000000000e+00 1.471144771966547e+02 1.471144771966547e+02 0.000000000000000e+00
3.034403837839000e+00 1.097433105575373e+02 1.097433105575373e+02 0.000000000000000e+00 0.000000000000000e+00 0.000000000000000e+00 1.561329885203038e+02 0.000000000000000e+00 0.000000000000000e+00 0.000000000000000e+00 1.456528761876149e+02 1.456528761876149e+02 0.000000000000000e+00
3.051921642368000e+00 1.086525270495008e+02 1.086525270495008e+02 0.000000000000000e+00 0.000000000000000e+00 0.000000000000000e+00 1.545809890919674e+02 0.000000000000000e+00 0.000000000000000e+00 0.000000000000000e+00 1.442050825058114e+02 1.442050825058114e+02 0.000000000000000e+00
3.069540578286000e+00 1.075721541183091e+02 1.075721541183091e+02 0.000000000000000e+00 0.000000000000000e+00 0.000000000000000e+00 1.530437733957151e+02 0.000000000000000e+00 0.000000000000000e+00 0.000000000000000e+00 1.427710849646232e+02 1.427710849646232e+02 0.000000000000000e+00
3.087261229430000e+00 1.065026415595535e+02 1.065026415595535e+02 0.000000000000000e+00 0.000000000000000e+00 0.000000000000000e+00 1.515218532909040e+02 0.000000000000000e+00 0.000000000000000e+00 0.000000000000000e+00 1.413513831724126e+02 1.413513831724126e+02 0.000000000000000e+00
3.105084183011000e+00 1.054431406232550e+02 1.054431406232550e+02 0.000000000000000e+00 0.000000000000000e+00 0.000000000000000e+00 1.500143197617162e+02 0.000000000000000e+00 0.000000000000000e+00 0.000000000000000e+00 1.399450774817093e+02 1.399450774817093e+02 0.000000000000000e+00
3.123010029625000e+00 1.043934038245506e+02 1.043934038245506e+02 0.000000000000000e+00 0.000000000000000e+00 0.000000000000000e+00 1.485207399189031e+02 0.000000000000000e+00 0.000000000000000e+00 0.000000000000000e+00 1.385517778824326e+02 1.385517778824326e+02 0.000000000000000e+00
3.141039363281000e+00 1.033544152299320e+02 1.033544152299320e+02 0.000000000000000e+00 0.000000000000000e+00 0.000000000000000e+00 1.470422893127773e+02 0.000000000000000e+00 0.000000000000000e+00 0.000000000000000e+00 1.371726204799392e+02 1.371726204799392e+02 0.000000000000000e+00
3.159172781416000e+00 1.023253555880762e+02 1.023253555880762e+02 0.000000000000000e+00 0.000000000000000e+00 0.000000000000000e+00 1.455780061831885e+02 0.000000000000000e+00 0.000000000000000e+00 0.000000000000000e+00 1.358066724716570e+02 1.358066724716570e+02 0.000000000000000e+00
3.177410884917000e+00 1.013057346737651e+02 1.013057346737651e+02 0.000000000000000e+00 0.000000000000000e+00 0.000000000000000e+00 1.441272911528206e+02 0.000000000000000e+00 0.000000000000000e+00 0.000000000000000e+00 1.344533575865415e+02 1.344533575865415e+02 0.000000000000000e+00
3.195754278138000e+00 1.002962522194402e+02 1.002962522194402e+02 0.000000000000000e+00 0.000000000000000e+00 0.000000000000000e+00 1.426909038864617e+02 0.000000000000000e+00 0.000000000000000e+00 0.000000000000000e+00 1.331134254515151e+02 1.331134254515151e+02 0.000000000000000e+00
3.214203568924000e+00 9.929658209693490e+01 9.929658209693490e+01 0.000000000000000e+00 0.000000000000000e+00 0.000000000000000e+00 1.412683935516837e+02 0.000000000000000e+00 0.000000000000000e+00 0.000000000000000e+00 1.317864531518488e+02 1.317864531518488e+02 0.000000000000000e+00
3.232759368627000e+00 9.830627507328801e+01 9.830627507328801e+01 0.000000000000000e+00 0.000000000000000e+00 0.000000000000000e+00 1.398593272444204e+02 0.000000000000000e+00 0.000000000000000e+00 0.000000000000000e+00 1.304720008852839e+02 1.304720008852839e+02 0.000000000000000e+00
3.251422292132000e+00 9.732548366337687e+01 9.732548366337687e+01 0.000000000000000e+00 0.000000000000000e+00 0.000000000000000e+00 1.384638431568787e+02 0.000000000000000e+00 0.000000000000000e+00 0.000000000000000e+00 1.291702111109239e+02 1.291702111109239e+02 0.000000000000000e+00
3.270192957870000e+00 9.635435287045503e+01 9.635435287045503e+01 0.000000000000000e+00 0.000000000000000e+00 0.000000000000000e+00 1.370819817896605e+02 0.000000000000000e+00 0.000000000000000e+00 0.000000000000000e+00 1.278811507652877e+02 1.278811507652877e+02 0.000000000000000e+00
3.289071987843000e+00 9.539268968048015e+01 9.539268968048015e+01 0.000000000000000e+00 0.000000000000000e+00 0.000000000000000e+00 1.357135727287769e+02 0.000000000000000e+00 0.000000000000000e+00 0.000000000000000e+00 1.266046421317899e+02 1.266046421317899e+02 0.000000000000000e+00
3.308060007646000e+00 9.443975018470331e+01 9.443975018470331e+01 0.000000000000000e+00 0.000000000000000e+00 0.000000000000000e+00 1.343577003557467e+02 0.000000000000000e+00 0.000000000000000e+00 0.000000000000000e+00 1.253398076516215e+02 1.253398076516215e+02 0.000000000000000e+00
3.327157646484000e+00 9.349639524365207e+01 9.349639524365207e+01 0.000000000000000e+00 0.000000000000000e+00 0.000000000000000e+00 1.330154617782988e+02 0.000000000000000e+00 0.000000000000000e+00 0.000000000000000e+00 1.240876916886142e+02 1.240876916886142e+02 0.000000000000000e+00
3.346365537194000e+00 9.256217272326072e+01 9.256217272326072e+01 0.000000000000000e+00 0.000000000000000e+00 0.000000000000000e+00 1.316861114206180e+02 0.000000000000000e+00 0.000000000000000e+00 0.000000000000000e+00 1.228476170090591e+02 1.228476170090591e+02 0.000000000000000e+00
3.365684316267000e+00 9.163666752616281e+01 9.163666752616281e+01 0.000000000000000e+00 0.000000000000000e+00 0.000000000000000e+00 1.303691673600228e+02 0.000000000000000e+00 0.000000000000000e+00 0.000000000000000e+00 1.216191154836614e+02 1.216191154836614e+02 0.000000000000000e+00
3.385114623869000e+00 9.072035933556688e+01 9.072035933556688e+01 0.000000000000000e+00 0.000000000000000e+00 0.000000000000000e+00 1.290654088689607e+02 0.000000000000000e+00 0.000000000000000e+00 0.000000000000000e+00 1.204028970350996e+02 1.204028970350996e+02 0.000000000000000e+00
3.404657103860000e+00 8.981257654140046e+01 8.981257654140046e+01 0.000000000000000e+00 0.000000000000000e+00 0.000000000000000e+00 1.277737900904322e+02 0.000000000000000e+00 0.000000000000000e+00 0.000000000000000e+00 1.191980014979111e+02 1.191980014979111e+02 0.000000000000000e+00
3.424312403820000e+00 8.891391328249959e+01 8.891391328249959e+01 0.000000000000000e+00 0.000000000000000e+00 0.000000000000000e+00 1.264950606437096e+02 0.000000000000000e+00 0.000000000000000e+00 0.000000000000000e+00 1.180051450991066e+02 1.180051450991066e+02 0.000000000000000e+00
3.444081175065000e+00 8.802372916623861e+01 8.802372916623861e+01 0.000000000000000e+00 0.000000000000000e+00 0.000000000000000e+00 1.252283717297105e+02 0.000000000000000e+00 0.000000000000000e+00 0.000000000000000e+00 1.168235249327080e+02 1.168235249327080e+02 0.000000000000000e+00
3.463964072672000e+00 8.714218206676065e+01 8.714218206676065e+01 0.000000000000000e+00 0.000000000000000e+00 0.000000000000000e+00 1.239740408605889e+02 0.000000000000000e+00 0.000000000000000e+00 0.000000000000000e+00 1.156534213258435e+02 1.156534213258435e+02 0.000000000000000e+00
3.483961755499000e+00 8.626877728580669e+01 8.626877728580669e+01 0.000000000000000e+00 0.000000000000000e+00 0.000000000000000e+00 1.227313421754435e+02 0.000000000000000e+00 0.000000000000000e+00 0.000000000000000e+00 1.144941604768020e+02 1.144941604768020e+02 0.000000000000000e+00
3.504074886209000e+00 8.540402726440053e+01 8.540402726440053e+01 0.000000000000000e+00 0.000000000000000e+00 0.000000000000000e+00 1.215009105830365e+02 0.000000000000000e+00 0.000000000000000e+00 0.000000000000000e+00 1.133463513384398e+02 1.133463513384398e+02 0.000000000000000e+00
3.524304131290000e+00 8.454770243973627e+01 8.454770243973627e+01 0.000000000000000e+00 0.000000000000000e+00 0.000000000000000e+00 1.202824047286309e+02 0.000000000000000e+00 0.000000000000000e+00 0.000000000000000e+00 1.122096779891020e+02 1.122096779891020e+02 0.000000000000000e+00
3.544650161078000e+00 8.369967167280096e+01 8.369967167280096e+01 0.000000000000000e+00 0.000000000000000e+00 0.000000000000000e+00 1.190757154389512e+02 0.000000000000000e+00 0.000000000000000e+00 0.000000000000000e+00 1.110840252196268e+02 1.110840252196268e+02 0.000000000000000e+00
3.565113649777000e+00 8.285961838608185e+01 8.285961838608185e+01 0.000000000000000e+00 0.000000000000000e+00 0.000000000000000e+00 1.178804389581602e+02 0.000000000000000e+00 0.000000000000000e+00 0.000000000000000e+00 1.099690082513424e+02 1.099690082513424e+02 0.000000000000000e+00
3.585695275485000e+00 8.202769887368486e+01 8.202769887368486e+01 0.000000000000000e+00 0.000000000000000e+00 0.000000000000000e+00 1.166967566800004e+02 0.000000000000000e+00 0.000000000000000e+00 0.000000000000000e+00 1.088648032852815e+02 1.088648032852815e+02 0.000000000000000e+00
3.606395720215000e+00 8.120374450408765e+01 8.120374450408765e+01 0.000000000000000e+00 0.000000000000000e+00 0.000000000000000e+00 1.155243681678289e+02 0.000000000000000e+00 0.000000000000000e+00 0.000000000000000e+00 1.077711411478016e+02 1.077711411478016e+02 0.000000000000000e+00
3.627215669917000e+00 8.038788082156323e+01 8.038788082156323e+01 0.000000000000000e+00 0.000000000000000e+00 0.000000000000000e+00 1.143634459557187e+02 0.000000000000000e+00 0.000000000000000e+00 0.000000000000000e+00 1.066881833854668e+02 1.066881833854668e+02 0.000000000000000e+00
3.648155814501000e+00 7.957990189173589e+01 7.957990189173589e+01 0.000000000000000e+00 0.000000000000000e+00 0.000000000000000e+00 1.132137444968573e+02 0.000000000000000e+00 0.000000000000000e+00 0.000000000000000e+00 1.056156927355589e+02 1.056156927355589e+02 0.000000000000000e+00
3.669216847858000e+00 7.877956396534587e+01 7.877956396534587e+01 0.000000000000000e+00 0.000000000000000e+00 0.000000000000000e+00 1.120749584075918e+02 0.000000000000000e+00 0.000000000000000e+00 0.000000000000000e+00 1.045533772620746e+02 1.045533772620746e+02 0.000000000000000e+00
3.690399467888000e+00 7.798690202266390e+01 7.798690202266390e+01 0.000000000000000e+00 0.000000000000000e+00 0.000000000000000e+00 1.109471261958982e+02 0.000000000000000e+00 0.000000000000000e+00 0.000000000000000e+00 1.035012745797137e+02 1.035012745797137e+02 0.000000000000000e+00
3.711704376518000e+00 7.720190453563319e+01 7.720190453563319e+01 0.000000000000000e+00 0.000000000000000e+00 0.000000000000000e+00 1.098301887791195e+02 0.000000000000000e+00 0.000000000000000e+00 0.000000000000000e+00 1.024593372465939e+02 1.024593372465939e+02 0.000000000000000e+00
3.733132279727000e+00 7.642458379970455e+01 7.642458379970455e+01 0.000000000000000e+00 0.000000000000000e+00 0.000000000000000e+00 1.087241390378322e+02 0.000000000000000e+00 0.000000000000000e+00 0.000000000000000e+00 1.014275627146747e+02 1.014275627146747e+02 0.000000000000000e+00
3.754683887572000e+00 7.565469669428988e+01 7.565469669428988e+01 0.000000000000000e+00 0.000000000000000e+00 0.000000000000000e+00 1.076286398263540e+02 0.000000000000000e+00 0.000000000000000e+00 0.000000000000000e+00 1.004056350461008e+02 1.004056350461008e+02 0.000000000000000e+00
3.776359914206000e+00 7.489230536528028e+01 7.489230536528028e+01 0.000000000000000e+00 0.000000000000000e+00 0.000000000000000e+00 1.065438092510724e+02 0.000000000000000e+00 0.000000000000000e+00 0.000000000000000e+00 9.939365916661419e+01 9.939365916661419e+01 0.000000000000000e+00
3.798161077908000e+00 7.413718461743352e+01 7.413718461743352e+01 0.000000000000000e+00 0.000000000000000e+00 0.000000000000000e+00 1.054693492395455e+02 0.000000000000000e+00 0.000000000000000e+00 0.000000000000000e+00 9.839135325559948e+01 9.839135325559948e+01 0.000000000000000e+00
3.820088101102000e+00 7.338913398608292e+01 7.338913398608292e+01 0.000000000000000e+00 0.000000000000000e+00 0.000000000000000e+00 1.044049745293277e+02 0.000000000000000e+00 0.000000000000000e+00 0.000000000000000e+00 9.739845106691369e+01 9.739845106691369e+01 0.000000000000000e+00
3.842141710382000e+00 7.264843865032933e+01 7.264843865032933e+01 0.000000000000000e+00 0.000000000000000e+00 0.000000000000000e+00 1.033510721824956e+02 0.000000000000000e+00 0.000000000000000e+00 0.000000000000000e+00 9.641531735723591e+01 9.641531735723591e+01 0.000000000000000e+00
3.864322636537000e+00 7.191478627856513e+01 7.191478627856513e+01 0.000000000000000e+00 0.000000000000000e+00 0.000000000000000e+00 1.023071764870801e+02 0.000000000000000e+00 0.000000000000000e+00 0.000000000000000e+00 9.544152108889507e+01 9.544152108889507e+01 0.000000000000000e+00
3.886631614577000e+00 7.118837212998830e+01 7.118837212998830e+01 0.000000000000000e+00 0.000000000000000e+00 0.000000000000000e+00 1.012735571726804e+02 0.000000000000000e+00 0.000000000000000e+00 0.000000000000000e+00 9.447731519265112e+01 9.447731519265112e+01 0.000000000000000e+00
3.909069383752000e+00 7.046896037257675e+01 7.046896037257675e+01 0.000000000000000e+00 0.000000000000000e+00 0.000000000000000e+00 1.002498874228405e+02 0.000000000000000e+00 0.000000000000000e+00 0.000000000000000e+00 9.352239359855314e+01 9.352239359855314e+01 0.000000000000000e+00
3.931636687583000e+00 6.975640753562639e+01 6.975640753562639e+01 0.000000000000000e+00 0.000000000000000e+00 0.000000000000000e+00 9.923597321110911e+01 0.000000000000000e+00 0.000000000000000e+00 0.000000000000000e+00 9.257657314983770e+01 9.257657314983770e+01 0.000000000000000e+00
3.954334273880000e+00 6.905060308556602e+01 6.905060308556602e+01 0.000000000000000e+00 0.000000000000000e+00 0.000000000000000e+00 9.823167029822361e+01 0.000000000000000e+00 0.000000000000000e+00 0.000000000000000e+00 9.163971735329795e+01 9.163971735329795e+01 0.000000000000000e+00
3.977162894773000e+00 6.835179612598985e+01 6.835179612598985e+01 0.000000000000000e+00 0.000000000000000e+00 0.000000000000000e+00 9.723733733362451e+01 0.000000000000000e+00 0.000000000000000e+00 0.000000000000000e+00 9.071215986237442e+01 9.071215986237442e+01 0.000000000000000e+00
4.000123306733000e+00 6.765958125108048e+01 6.765958125108048e+01 0.000000000000000e+00 0.000000000000000e+00 0.000000000000000e+00 9.625239399025493e+01 0.000000000000000e+00 0.000000000000000e+00 0.000000000000000e+00 8.979335996719476e+01 8.979335996719476e+01 0.000000000000000e+00
4.023216270598000e+00 6.697398762682239e+01 6.697398762682239e+01 0.000000000000000e+00 0.000000000000000e+00 0.000000000000000e+00 9.527687582108017e+01 0.000000000000000e+00 0.000000000000000e+00 0.000000000000000e+00 8.888335194011817e+01 8.888335194011817e+01 0.000000000000000e+00
4.046442551597000e+00 6.629505701694875e+01 6.629505701694875e+01 0.000000000000000e+00 0.000000000000000e+00 0.000000000000000e+00 9.431083873721367e+01 0.000000000000000e+00 0.000000000000000e+00 0.000000000000000e+00 8.798218836927227e+01 8.798218836927227e+01 0.000000000000000e+00
4.069802919381000e+00 6.562264178255890e+01 6.562264178255890e+01 0.000000000000000e+00 0.000000000000000e+00 0.000000000000000e+00 9.335406446426646e+01 0.000000000000000e+00 0.000000000000000e+00 0.000000000000000e+00 8.708966736072794e+01 8.708966736072794e+01 0.000000000000000e+00
4.093298148039000e+00 6.495660290905845e+01 6.495660290905845e+01 0.000000000000000e+00 0.000000000000000e+00 0.000000000000000e+00 9.240635430948863e+01 0.000000000000000e+00 0.000000000000000e+00 0.000000000000000e+00 8.620560358774790e+01 8.620560358774790e+01 0.000000000000000e+00
4.116929016132000e+00 6.429687615548973e+01 6.429687615548973e+01 0.000000000000000e+00 0.000000000000000e+00 0.000000000000000e+00 9.146761835251078e+01 0.000000000000000e+00 0.000000000000000e+00 0.000000000000000e+00 8.532991302382359e+01 8.532991302382359e+01 0.000000000000000e+00
4.140696306716000e+00 6.364388399161732e+01 6.364388399161732e+01 0.000000000000000e+00 0.000000000000000e+00 0.000000000000000e+00 9.053846052408151e+01 0.000000000000000e+00 0.000000000000000e+00 0.000000000000000e+00 8.446315829469499e+01 8.446315829469499e+01 0.000000000000000e+00
4.164600807366000e+00 6.299698326962039e+01 6.299698326962039e+01 0.000000000000000e+00 0.000000000000000e+00 0.000000000000000e+00 8.961796486544546e+01 0.000000000000000e+00 0.000000000000000e+00 0.000000000000000e+00 8.360448517757222e+01 8.360448517757222e+01 0.000000000000000e+00
4.188643310204000e+00 6.235622236568882e+01 6.235622236568882e+01 0.000000000000000e+00 0.000000000000000e+00 0.000000000000000e+00 8.870620641773110e+01 0.000000000000000e+00 0.000000000000000e+00 0.000000000000000e+00 8.275396288239205e+01 8.275396288239205e+01 0.000000000000000e+00
4.212824611926000e+00 6.172170268679402e+01 6.172170268679402e+01 0.000000000000000e+00 0.000000000000000e+00 0.000000000000000e+00 8.780332881284367e+01 0.000000000000000e+00 0.000000000000000e+00 0.000000000000000e+00 8.191172523112157e+01 8.191172523112157e+01 0.000000000000000e+00
4.237145513826000e+00 6.109321452347208e+01 6.109321452347208e+01 0.000000000000000e+00 0.000000000000000e+00 0.000000000000000e+00 8.690903478448787e+01 0.000000000000000e+00 0.000000000000000e+00 0.000000000000000e+00 8.107749483292332e+01 8.107749483292332e+01 0.000000000000000e+00
4.261606821824000e+00 6.047076798871075e+01 6.047076798871075e+01 0.000000000000000e+00 0.000000000000000e+00 0.000000000000000e+00 8.602333746098384e+01 0.000000000000000e+00 0.000000000000000e+00 0.000000000000000e+00 8.025128400448865e+01 8.025128400448865e+01 0.000000000000000e+00
4.286209346495000e+00 5.985415699491266e+01 5.985415699491266e+01 0.000000000000000e+00 0.000000000000000e+00 0.000000000000000e+00 8.514594510601036e+01 0.000000000000000e+00 0.000000000000000e+00 0.000000000000000e+00 7.943282050624849e+01 7.943282050624849e+01 0.000000000000000e+00
4.310953903091000e+00 5.924368331198039e+01 5.924368331198039e+01 0.000000000000000e+00 0.000000000000000e+00 0.000000000000000e+00 8.427728507030953e+01 0.000000000000000e+00 0.000000000000000e+00 0.000000000000000e+00 7.862250339482240e+01 7.862250339482240e+01 0.000000000000000e+00
4.335841311572000e+00 5.863897826297870e+01 5.863897826297870e+01 0.000000000000000e+00 0.000000000000000e+00 0.000000000000000e+00 8.341683362434767e+01 0.000000000000000e+00 0.000000000000000e+00 0.000000000000000e+00 7.781984386982462e+01 7.781984386982462e+01 0.000000000000000e+00
4.360872396629000e+00 5.803991613202447e+01 5.803991613202447e+01 0.000000000000000e+00 0.000000000000000e+00 0.000000000000000e+00 8.256440936298986e+01 0.000000000000000e+00 0.000000000000000e+00 0.000000000000000e+00 7.702467305537131e+01 7.702467305537131e+01 0.000000000000000e+00
4.386047987717000e+00 5.744670519819935e+01 5.744670519819935e+01 0.000000000000000e+00 0.000000000000000e+00 0.000000000000000e+00 8.172031151206414e+01 0.000000000000000e+00 0.000000000000000e+00 0.000000000000000e+00 7.623726992482219e+01 7.623726992482219e+01 0.000000000000000e+00
4.411368919079000e+00 5.685915046175557e+01 5.685915046175557e+01 0.000000000000000e+00 0.000000000000000e+00 0.000000000000000e+00 8.088425947937147e+01 0.000000000000000e+00 0.000000000000000e+00 0.000000000000000e+00 7.545737299345713e+01 7.545737299345713e+01 0.000000000000000e+00
4.436836029773000e+00 5.627720813245707e+01 5.627720813245707e+01 0.000000000000000e+00 0.000000000000000e+00 0.000000000000000e+00 8.005619193762493e+01 0.000000000000000e+00 0.000000000000000e+00 0.000000000000000e+00 7.468492491893551e+01 7.468492491893551e+01 0.000000000000000e+00
4.462450163701000e+00 5.570092623163258e+01 5.570092623163258e+01 0.000000000000000e+00 0.000000000000000e+00 0.000000000000000e+00 7.923617569890155e+01 0.000000000000000e+00 0.000000000000000e+00 0.000000000000000e+00 7.391998831785017e+01 7.391998831785017e+01 0.000000000000000e+00
4.488212169638000e+00 5.513009283361303e+01 5.513009283361303e+01 0.000000000000000e+00 0.000000000000000e+00 0.000000000000000e+00 7.842391203541956e+01 0.000000000000000e+00 0.000000000000000e+00 0.000000000000000e+00 7.316228397575543e+01 7.316228397575543e+01 0.000000000000000e+00
4.514122901258000e+00 5.456460464862715e+01 5.456460464862715e+01 0.000000000000000e+00 0.000000000000000e+00 0.000000000000000e+00 7.761925071242324e+01 0.000000000000000e+00 0.000000000000000e+00 0.000000000000000e+00 7.241167234367826e+01 7.241167234367826e+01 0.000000000000000e+00
4.540183217165000e+00 5.400468884351692e+01 5.400468884351692e+01 0.000000000000000e+00 0.000000000000000e+00 0.000000000000000e+00 7.682251911753264e+01 0.000000000000000e+00 0.000000000000000e+00 0.000000000000000e+00 7.166845819967756e+01 7.166845819967756e+01 0.000000000000000e+00
4.566393980917000e+00 5.344994901124725e+01 5.344994901124725e+01 0.000000000000000e+00 0.000000000000000e+00 0.000000000000000e+00 7.603315083520971e+01 0.000000000000000e+00 0.000000000000000e+00 0.000000000000000e+00 7.093211372162740e+01 7.093211372162740e+01 0.000000000000000e+00
4.592756061060000e+00 5.290067781903340e+01 5.290067781903340e+01 0.000000000000000e+00 0.000000000000000e+00 0.000000000000000e+00 7.525156059826054e+01 0.000000000000000e+00 0.000000000000000e+00 0.000000000000000e+00 7.020302584904945e+01 7.020302584904945e+01 0.000000000000000e+00
4.619270331152000e+00 5.235660588816075e+01 5.235660588816075e+01 0.000000000000000e+00 0.000000000000000e+00 0.000000000000000e+00 7.447737108676498e+01 0.000000000000000e+00 0.000000000000000e+00 0.000000000000000e+00 6.948084152267036e+01 6.948084152267036e+01 0.000000000000000e+00
4.645937669796000e+00 5.181767530330939e+01 5.181767530330939e+01 0.000000000000000e+00 0.000000000000000e+00 0.000000000000000e+00 7.371049638140597e+01 0.000000000000000e+00 0.000000000000000e+00 0.000000000000000e+00 6.876548138530154e+01 6.876548138530154e+01 0.000000000000000e+00
4.672758960666000e+00 5.128369907286413e+01 5.128369907286413e+01 0.000000000000000e+00 0.000000000000000e+00 0.000000000000000e+00 7.295067050042047e+01 0.000000000000000e+00 0.000000000000000e+00 0.000000000000000e+00 6.805669720651537e+01 6.805669720651537e+01 0.000000000000000e+00
4.699735092537000e+00 5.075515929874390e+01 5.075515929874390e+01 0.000000000000000e+00 0.000000000000000e+00 0.000000000000000e+00 7.219857948122642e+01 0.000000000000000e+00 0.000000000000000e+00 0.000000000000000e+00 6.735512893119117e+01 6.735512893119117e+01 0.000000000000000e+00
4.726866959318000e+00 5.023148344501522e+01 5.023148344501522e+01 0.000000000000000e+00 0.000000000000000e+00 0.000000000000000e+00 7.145340919987444e+01 0.000000000000000e+00 0.000000000000000e+00 0.000000000000000e+00 6.666001711347013e+01 6.666001711347013e+01 0.000000000000000e+00
4.754155460075000e+00 4.971275099341705e+01 4.971275099341705e+01 0.000000000000000e+00 0.000000000000000e+00 0.000000000000000e+00 7.071527091346096e+01 0.000000000000000e+00 0.000000000000000e+00 0.000000000000000e+00 6.597146578839941e+01 6.597146578839941e+01 0.000000000000000e+00
4.781601499066000e+00 4.919902142303760e+01 4.919902142303760e+01 0.000000000000000e+00 0.000000000000000e+00 0.000000000000000e+00 6.998424586769369e+01 0.000000000000000e+00 0.000000000000000e+00 0.000000000000000e+00 6.528955133566298e+01 6.528955133566298e+01 0.000000000000000e+00
4.809205985769000e+00 4.869014394861836e+01 4.869014394861836e+01 0.000000000000000e+00 0.000000000000000e+00 0.000000000000000e+00 6.926012052107380e+01 0.000000000000000e+00 0.000000000000000e+00 0.000000000000000e+00 6.461407447275884e+01 6.461407447275884e+01 0.000000000000000e+00
4.836969834914000e+00 4.818615823211444e+01 4.818615823211444e+01 0.000000000000000e+00 0.000000000000000e+00 0.000000000000000e+00 6.854294882783299e+01 0.000000000000000e+00 0.000000000000000e+00 0.000000000000000e+00 6.394508585164770e+01 6.394508585164770e+01 0.000000000000000e+00
4.864893966508000e+00 4.768683975132583e+01 4.768683975132583e+01 0.000000000000000e+00 0.000000000000000e+00 0.000000000000000e+00 6.783241188972755e+01 0.000000000000000e+00 0.000000000000000e+00 0.000000000000000e+00 6.328228798062150e+01 6.328228798062150e+01 0.000000000000000e+00
4.892979305874000e+00 4.719231650490919e+01 4.719231650490919e+01 0.000000000000000e+00 0.000000000000000e+00 0.000000000000000e+00 6.712869426609994e+01 0.000000000000000e+00 0.000000000000000e+00 0.000000000000000e+00 6.262585257708729e+01 6.262585257708729e+01 0.000000000000000e+00
4.921226783673000e+00 4.670251680437769e+01 4.670251680437769e+01 0.000000000000000e+00 0.000000000000000e+00 0.000000000000000e+00 6.643169803249444e+01 0.000000000000000e+00 0.000000000000000e+00 0.000000000000000e+00 6.197568750695451e+01 6.197568750695451e+01 0.000000000000000e+00
4.949637335941000e+00 4.621736870979300e+01 4.621736870979300e+01 0.000000000000000e+00 0.000000000000000e+00 0.000000000000000e+00 6.574132514161546e+01 0.000000000000000e+00 0.000000000000000e+00 0.000000000000000e+00 6.133170078718863e+01 6.133170078718863e+01 0.000000000000000e+00
4.978211904117000e+00 4.573665698902031e+01 4.573665698902031e+01 0.000000000000000e+00 0.000000000000000e+00 0.000000000000000e+00 6.505727066878040e+01 0.000000000000000e+00 0.000000000000000e+00 0.000000000000000e+00 6.069360744836253e+01 6.069360744836253e+01 0.000000000000000e+00
5.006951435075000e+00 4.526061639827603e+01 4.526061639827603e+01 0.000000000000000e+00 0.000000000000000e+00 0.000000000000000e+00 6.437986693998005e+01 0.000000000000000e+00 0.000000000000000e+00 0.000000000000000e+00 6.006171805345878e+01 6.006171805345878e+01 0.000000000000000e+00
5.035856881156000e+00 4.478897261939580e+01 4.478897261939580e+01 0.000000000000000e+00 0.000000000000000e+00 0.000000000000000e+00 6.370871654498657e+01 0.000000000000000e+00 0.000000000000000e+00 0.000000000000000e+00 5.943566301543212e+01 5.943566301543212e+01 0.000000000000000e+00
5.064929200199000e+00 4.432181519596031e+01 4.432181519596031e+01 0.000000000000000e+00 0.000000000000000e+00 0.000000000000000e+00 6.304393997283137e+01 0.000000000000000e+00 0.000000000000000e+00 0.000000000000000e+00 5.881555596463756e+01 5.881555596463756e+01 0.000000000000000e+00
5.094169355571000e+00 4.385911658624327e+01 4.385911658624327e+01 0.000000000000000e+00 0.000000000000000e+00 0.000000000000000e+00 6.238549410233013e+01 0.000000000000000e+00 0.000000000000000e+00 0.000000000000000e+00 5.820135720958073e+01 5.820135720958073e+01 0.000000000000000e+00
5.123578316202000e+00 4.340080577655718e+01 4.340080577655718e+01 0.000000000000000e+00 0.000000000000000e+00 0.000000000000000e+00 6.173328532005775e+01 0.000000000000000e+00 0.000000000000000e+00 0.000000000000000e+00 5.759297838270745e+01 5.759297838270745e+01 0.000000000000000e+00
5.153157056616000e+00 4.294674675059316e+01 4.294674675059316e+01 0.000000000000000e+00 0.000000000000000e+00 0.000000000000000e+00 6.108713019256952e+01 0.000000000000000e+00 0.000000000000000e+00 0.000000000000000e+00 5.699024642361201e+01 5.699024642361201e+01 0.000000000000000e+00
5.182906556962000e+00 4.249693284982454e+01 4.249693284982454e+01 0.000000000000000e+00 0.000000000000000e+00 0.000000000000000e+00 6.044702713292442e+01 0.000000000000000e+00 0.000000000000000e+00 0.000000000000000e+00 5.639315861788420e+01 5.639315861788420e+01 0.000000000000000e+00
5.212827803047000e+00 4.205138207034675e+01 4.205138207034675e+01 0.000000000000000e+00 0.000000000000000e+00 0.000000000000000e+00 5.981299590089795e+01 0.000000000000000e+00 0.000000000000000e+00 0.000000000000000e+00 5.580173431930906e+01 5.580173431930906e+01 0.000000000000000e+00
5.242921786372000e+00 4.160987964577739e+01 4.160987964577739e+01 0.000000000000000e+00 0.000000000000000e+00 0.000000000000000e+00 5.918471622106920e+01 0.000000000000000e+00 0.000000000000000e+00 0.000000000000000e+00 5.521567739032537e+01 5.521567739032537e+01 0.000000000000000e+00
5.273189504158000e+00 4.117267476789451e+01 4.117267476789451e+01 0.000000000000000e+00 0.000000000000000e+00 0.000000000000000e+00 5.856253326306248e+01 0.000000000000000e+00 0.000000000000000e+00 0.000000000000000e+00 5.463531141777580e+01 5.463531141777580e+01 0.000000000000000e+00
5.303631959385000e+00 4.073958776673878e+01 4.073958776673878e+01 0.000000000000000e+00 0.000000000000000e+00 0.000000000000000e+00 5.794620166377762e+01 0.000000000000000e+00 0.000000000000000e+00 0.000000000000000e+00 5.406040574658902e+01 5.406040574658902e+01 0.000000000000000e+00
5.334250160825000e+00 4.031047110242997e+01 4.031047110242997e+01 0.000000000000000e+00 0.000000000000000e+00 0.000000000000000e+00 5.733553011158842e+01 0.000000000000000e+00 0.000000000000000e+00 0.000000000000000e+00 5.349077873303332e+01 5.349077873303332e+01 0.000000000000000e+00
5.365045123070000e+00 3.988522945425385e+01 3.988522945425385e+01 0.000000000000000e+00 0.000000000000000e+00 0.000000000000000e+00 5.673038587202531e+01 0.000000000000000e+00 0.000000000000000e+00 0.000000000000000e+00 5.292630592167959e+01 5.292630592167959e+01 0.000000000000000e+00
5.396017866573000e+00 3.946416053084701e+01 3.946416053084701e+01 0.000000000000000e+00 0.000000000000000e+00 0.000000000000000e+00 5.613117300219967e+01 0.000000000000000e+00 0.000000000000000e+00 0.000000000000000e+00 5.236736776743349e+01 5.236736776743349e+01 0.000000000000000e+00
5.427169417675000e+00 3.904702390399662e+01 3.904702390399662e+01 0.000000000000000e+00 0.000000000000000e+00 0.000000000000000e+00 5.553753317566230e+01 0.000000000000000e+00 0.000000000000000e+00 0.000000000000000e+00 5.181363283418280e+01 5.181363283418280e+01 0.000000000000000e+00
5.458500808644000e+00 3.863376607734285e+01 3.863376607734285e+01 0.000000000000000e+00 0.000000000000000e+00 0.000000000000000e+00 5.494940597458334e+01 0.000000000000000e+00 0.000000000000000e+00 0.000000000000000e+00 5.126504188812432e+01 5.126504188812432e+01 0.000000000000000e+00
5.490013077708000e+00 3.822427875140664e+01 3.822427875140664e+01 0.000000000000000e+00 0.000000000000000e+00 0.000000000000000e+00 5.436666186806419e+01 0.000000000000000e+00 0.000000000000000e+00 0.000000000000000e+00 5.072146999959477e+01 5.072146999959477e+01 0.000000000000000e+00
5.521707269086000e+00 3.781858920850299e+01 3.781858920850299e+01 0.000000000000000e+00 0.000000000000000e+00 0.000000000000000e+00 5.378932894345203e+01 0.000000000000000e+00 0.000000000000000e+00 0.000000000000000e+00 5.018294521458534e+01 5.018294521458534e+01 0.000000000000000e+00
5.553584433027000e+00 3.741669256263012e+01 3.741669256263012e+01 0.000000000000000e+00 0.000000000000000e+00 0.000000000000000e+00 5.321737029128080e+01 0.000000000000000e+00 0.000000000000000e+00 0.000000000000000e+00 4.964943820245556e+01 4.964943820245556e+01 0.000000000000000e+00
5.585645625845000e+00 3.701857568739755e+01 3.701857568739755e+01 0.000000000000000e+00 0.000000000000000e+00 0.000000000000000e+00 5.265077653118416e+01 0.000000000000000e+00 0.000000000000000e+00 0.000000000000000e+00 4.912093865819605e+01 4.912093865819605e+01 0.000000000000000e+00
5.617891909948000e+00 3.662405852563904e+01 3.662405852563904e+01 0.000000000000000e+00 0.000000000000000e+00 0.000000000000000e+00 5.208932399501423e+01 0.000000000000000e+00 0.000000000000000e+00 0.000000000000000e+00 4.859723203942229e+01 4.859723203942229e+01 0.000000000000000e+00
5.650324353881000e+00 3.623305131803908e+01 3.623305131803908e+01 0.000000000000000e+00 0.000000000000000e+00 0.000000000000000e+00 5.153287258076278e+01 0.000000000000000e+00 0.000000000000000e+00 0.000000000000000e+00 4.807819071660868e+01 4.807819071660868e+01 0.000000000000000e+00
5.682944032356000e+00 3.584584526230497e+01 3.584584526230497e+01 0.000000000000000e+00 0.000000000000000e+00 0.000000000000000e+00 5.098180317364686e+01 0.000000000000000e+00 0.000000000000000e+00 0.000000000000000e+00 4.756417480209748e+01 4.756417480209748e+01 0.000000000000000e+00
5.715752026290000e+00 3.546212264915802e+01 3.546212264915802e+01 0.000000000000000e+00 0.000000000000000e+00 0.000000000000000e+00 5.043568549782969e+01 0.000000000000000e+00 0.000000000000000e+00 0.000000000000000e+00 4.705477954764098e+01 4.705477954764098e+01 0.000000000000000e+00
5.748749422841000e+00 3.508192195697755e+01 3.508192195697755e+01 0.000000000000000e+00 0.000000000000000e+00 0.000000000000000e+00 4.989460239220256e+01 0.000000000000000e+00 0.000000000000000e+00 0.000000000000000e+00 4.655007723091484e+01 4.655007723091484e+01 0.000000000000000e+00
5.781937315440000e+00 3.470519414503435e+01 3.470519414503435e+01 0.000000000000000e+00 0.000000000000000e+00 0.000000000000000e+00 4.935844909194292e+01 0.000000000000000e+00 0.000000000000000e+00 0.000000000000000e+00 4.604997630376770e+01 4.604997630376770e+01 0.000000000000000e+00
5.815316803834000e+00 3.433205121507210e+01 3.433205121507210e+01 0.000000000000000e+00 0.000000000000000e+00 0.000000000000000e+00 4.882737338532373e+01 0.000000000000000e+00 0.000000000000000e+00 0.000000000000000e+00 4.555461667696705e+01 4.555461667696705e+01 0.000000000000000e+00
5.848888994118000e+00 3.396225232597152e+01 3.396225232597152e+01 0.000000000000000e+00 0.000000000000000e+00 0.000000000000000e+00 4.830107700084395e+01 0.000000000000000e+00 0.000000000000000e+00 0.000000000000000e+00 4.506371231520586e+01 4.506371231520586e+01 0.000000000000000e+00
5.882654998771000e+00 3.359575500316181e+01 3.359575500316181e+01 0.000000000000000e+00 0.000000000000000e+00 0.000000000000000e+00 4.777947947418090e+01 0.000000000000000e+00 0.000000000000000e+00 0.000000000000000e+00 4.457719163515446e+01 4.457719163515446e+01 0.000000000000000e+00
5.916615936696000e+00 3.323267098604035e+01 3.323267098604035e+01 0.000000000000000e+00 0.000000000000000e+00 0.000000000000000e+00 4.726270947453019e+01 0.000000000000000e+00 0.000000000000000e+00 0.000000000000000e+00 4.409517997425757e+01 4.409517997425757e+01 0.000000000000000e+00
5.950772933256000e+00 3.287287171753077e+01 3.287287171753077e+01 0.000000000000000e+00 0.000000000000000e+00 0.000000000000000e+00 4.675063197892906e+01 0.000000000000000e+00 0.000000000000000e+00 0.000000000000000e+00 4.361754310879201e+01 4.361754310879201e+01 0.000000000000000e+00
5.985127120309000e+00 3.251630368847690e+01 3.251630368847690e+01 0.000000000000000e+00 0.000000000000000e+00 0.000000000000000e+00 4.624315530951007e+01 0.000000000000000e+00 0.000000000000000e+00 0.000000000000000e+00 4.314419812183702e+01 4.314419812183702e+01 0.000000000000000e+00
6.019679636247000e+00 3.216313318588278e+01 3.216313318588278e+01 0.000000000000000e+00 0.000000000000000e+00 0.000000000000000e+00 4.574048351472359e+01 0.000000000000000e+00 0.000000000000000e+00 0.000000000000000e+00 4.267534109732426e+01 4.267534109732426e+01 0.000000000000000e+00
6.054431626038000e+00 3.181299384389156e+01 3.181299384389156e+01 0.000000000000000e+00 0.000000000000000e+00 0.000000000000000e+00 4.524214776516758e+01 0.000000000000000e+00 0.000000000000000e+00 0.000000000000000e+00 4.221052547742338e+01 4.221052547742338e+01 0.000000000000000e+00
6.089384241255000e+00 3.146607873673383e+01 3.146607873673383e+01 0.000000000000000e+00 0.000000000000000e+00 0.000000000000000e+00 4.474839191432949e+01 0.000000000000000e+00 0.000000000000000e+00 0.000000000000000e+00 4.174998422652187e+01 4.174998422652187e+01 0.000000000000000e+00
6.124538640121000e+00 3.112208098917587e+01 3.112208098917587e+01 0.000000000000000e+00 0.000000000000000e+00 0.000000000000000e+00 4.425876677862433e+01 0.000000000000000e+00 0.000000000000000e+00 0.000000000000000e+00 4.129330039979808e+01 4.129330039979808e+01 0.000000000000000e+00
6.159895987547000e+00 3.078160386421184e+01 3.078160386421184e+01 0.000000000000000e+00 0.000000000000000e+00 0.000000000000000e+00 4.377417787273000e+01 0.000000000000000e+00 0.000000000000000e+00 0.000000000000000e+00 4.084131068305511e+01 4.084131068305511e+01 0.000000000000000e+00
6.195457455167000e+00 3.044397906423388e+01 3.044397906423388e+01 0.000000000000000e+00 0.000000000000000e+00 0.000000000000000e+00 4.329362027579943e+01 0.000000000000000e+00 0.000000000000000e+00 0.000000000000000e+00 4.039308687596812e+01 4.039308687596812e+01 0.000000000000000e+00
6.231224221381000e+00 3.010931641656294e+01 3.010931641656294e+01 0.000000000000000e+00 0.000000000000000e+00 0.000000000000000e+00 4.281728379164856e+01 0.000000000000000e+00 0.000000000000000e+00 0.000000000000000e+00 3.994880021265467e+01 3.994880021265467e+01 0.000000000000000e+00
6.267197471389000e+00 2.977765310902373e+01 2.977765310902373e+01 0.000000000000000e+00 0.000000000000000e+00 0.000000000000000e+00 4.234522197998513e+01 0.000000000000000e+00 0.000000000000000e+00 0.000000000000000e+00 3.950850064833061e+01 3.950850064833061e+01 0.000000000000000e+00
6.303378397235000e+00 2.944900592642134e+01 2.944900592642134e+01 0.000000000000000e+00 0.000000000000000e+00 0.000000000000000e+00 4.187742651524526e+01 0.000000000000000e+00 0.000000000000000e+00 0.000000000000000e+00 3.907218588620865e+01 3.907218588620865e+01 0.000000000000000e+00
6.339768197846000e+00 2.912331554807347e+01 2.912331554807347e+01 0.000000000000000e+00 0.000000000000000e+00 0.000000000000000e+00 4.141386349648654e+01 0.000000000000000e+00 0.000000000000000e+00 0.000000000000000e+00 3.863981566956559e+01 3.863981566956559e+01 0.000000000000000e+00
6.376368079069000e+00 2.880049763485971e+01 2.880049763485971e+01 0.000000000000000e+00 0.000000000000000e+00 0.000000000000000e+00 4.095435821468878e+01 0.000000000000000e+00 0.000000000000000e+00 0.000000000000000e+00 3.821123646058710e+01 3.821123646058710e+01 0.000000000000000e+00
6.413179253712000e+00 2.848045523613582e+01 2.848045523613582e+01 0.000000000000000e+00 0.000000000000000e+00 0.000000000000000e+00 4.049882073545399e+01 0.000000000000000e+00 0.000000000000000e+00 0.000000000000000e+00 3.778635594173526e+01 3.778635594173526e+01 0.000000000000000e+00
6.450202941585000e+00 2.816338169731200e+01 2.816338169731200e+01 0.000000000000000e+00 0.000000000000000e+00 0.000000000000000e+00 4.004749210447847e+01 0.000000000000000e+00 0.000000000000000e+00 0.000000000000000e+00 3.736540507929127e+01 3.736540507929127e+01 0.000000000000000e+00
6.487440369541000e+00 2.784888882961544e+01 2.784888882961544e+01 0.000000000000000e+00 0.000000000000000e+00 0.000000000000000e+00 3.959983692169104e+01 0.000000000000000e+00 0.000000000000000e+00 0.000000000000000e+00 3.694788131110747e+01 3.694788131110747e+01 0.000000000000000e+00
6.524892771514000e+00 2.753731095319954e+01 2.753731095319954e+01 0.000000000000000e+00 0.000000000000000e+00 0.000000000000000e+00 3.915633046978160e+01 0.000000000000000e+00 0.000000000000000e+00 0.000000000000000e+00 3.653422816389538e+01 3.653422816389538e+01 0.000000000000000e+00
6.562561388564000e+00 2.722846508705437e+01 2.722846508705437e+01 0.000000000000000e+00 0.000000000000000e+00 0.000000000000000e+00 3.871669907794755e+01 0.000000000000000e+00 0.000000000000000e+00 0.000000000000000e+00 3.612419273575587e+01 3.612419273575587e+01 0.000000000000000e+00
6.600447468912000e+00 2.692229769768642e+01 2.692229769768642e+01 0.000000000000000e+00 0.000000000000000e+00 0.000000000000000e+00 3.828088979204121e+01 0.000000000000000e+00 0.000000000000000e+00 0.000000000000000e+00 3.571772138094892e+01 3.571772138094892e+01 0.000000000000000e+00
6.638552267990000e+00 2.661883369845453e+01 2.661883369845453e+01 0.000000000000000e+00 0.000000000000000e+00 0.000000000000000e+00 3.784890855512045e+01 0.000000000000000e+00 0.000000000000000e+00 0.000000000000000e+00 3.531482499852779e+01 3.531482499852779e+01 0.000000000000000e+00
6.676877048474000e+00 2.631798233151971e+01 2.631798233151971e+01 0.000000000000000e+00 0.000000000000000e+00 0.000000000000000e+00 3.742065908046851e+01 0.000000000000000e+00 0.000000000000000e+00 0.000000000000000e+00 3.491540785159984e+01 3.491540785159984e+01 0.000000000000000e+00
6.715423080329000e+00 2.601971172242279e+01 2.601971172242279e+01 0.000000000000000e+00 0.000000000000000e+00 0.000000000000000e+00 3.699606254742476e+01 0.000000000000000e+00 0.000000000000000e+00 0.000000000000000e+00 3.451940246563709e+01 3.451940246563709e+01 0.000000000000000e+00
6.754191640855000e+00 2.572407680294688e+01 2.572407680294688e+01 0.000000000000000e+00 0.000000000000000e+00 0.000000000000000e+00 3.657522837254381e+01 0.000000000000000e+00 0.000000000000000e+00 0.000000000000000e+00 3.412690528500504e+01 3.412690528500504e+01 0.000000000000000e+00
6.793184014724000e+00 2.543090988822016e+01 2.543090988822016e+01 0.000000000000000e+00 0.000000000000000e+00 0.000000000000000e+00 3.615789156675800e+01 0.000000000000000e+00 0.000000000000000e+00 0.000000000000000e+00 3.373767375984757e+01 3.373767375984757e+01 0.000000000000000e+00
6.832401494023000e+00 2.514040707329957e+01 2.514040707329957e+01 0.000000000000000e+00 0.000000000000000e+00 0.000000000000000e+00 3.574435056862594e+01 0.000000000000000e+00 0.000000000000000e+00 0.000000000000000e+00 3.335198296920095e+01 3.335198296920095e+01 0.000000000000000e+00
6.871845378301000e+00 2.485226844056693e+01 2.485226844056693e+01 0.000000000000000e+00 0.000000000000000e+00 0.000000000000000e+00 3.533416836179886e+01 0.000000000000000e+00 0.000000000000000e+00 0.000000000000000e+00 3.296942690265275e+01 3.296942690265275e+01 0.000000000000000e+00
6.911516974609000e+00 2.456663355705324e+01 2.456663355705324e+01 0.000000000000000e+00 0.000000000000000e+00 0.000000000000000e+00 3.492754174529085e+01 0.000000000000000e+00 0.000000000000000e+00 0.000000000000000e+00 3.259018966863209e+01 3.259018966863209e+01 0.000000000000000e+00
6.951417597541000e+00 2.428348594198940e+01 2.428348594198940e+01 0.000000000000000e+00 0.000000000000000e+00 0.000000000000000e+00 3.452446291219116e+01 0.000000000000000e+00 0.000000000000000e+00 0.000000000000000e+00 3.221426105062834e+01 3.221426105062834e+01 0.000000000000000e+00
6.991548569283000e+00 2.400267931504003e+01 2.400267931504003e+01 0.000000000000000e+00 0.000000000000000e+00 0.000000000000000e+00 3.412469493963957e+01 0.000000000000000e+00 0.000000000000000e+00 0.000000000000000e+00 3.184142509900187e+01 3.184142509900187e+01 0.000000000000000e+00
7.031911219653000e+00 2.372427098431453e+01 2.372427098431453e+01 0.000000000000000e+00 0.000000000000000e+00 0.000000000000000e+00 3.372835795952176e+01 0.000000000000000e+00 0.000000000000000e+00 0.000000000000000e+00 3.147178728018580e+01 3.147178728018580e+01 0.000000000000000e+00
7.072506886146000e+00 2.344817735670722e+01 2.344817735670722e+01 0.000000000000000e+00 0.000000000000000e+00 0.000000000000000e+00 3.333529171985887e+01 0.000000000000000e+00 0.000000000000000e+00 0.000000000000000e+00 3.110520508833994e+01 3.110520508833994e+01 0.000000000000000e+00
7.113336913980000e+00 2.317440175973349e+01 2.317440175973349e+01 0.000000000000000e+00 0.000000000000000e+00 0.000000000000000e+00 3.294553489955305e+01 0.000000000000000e+00 0.000000000000000e+00 0.000000000000000e+00 3.074170890688706e+01 3.074170890688706e+01 0.000000000000000e+00
7.154402656137000e+00 2.290306240909835e+01 2.290306240909835e+01 0.000000000000000e+00 0.000000000000000e+00 0.000000000000000e+00 3.255923944567012e+01 0.000000000000000e+00 0.000000000000000e+00 0.000000000000000e+00 3.038144319103268e+01 3.038144319103268e+01 0.000000000000000e+00
7.195705473411000e+00 2.263389327349070e+01 2.263389327349070e+01 0.000000000000000e+00 0.000000000000000e+00 0.000000000000000e+00 3.217601958521015e+01 0.000000000000000e+00 0.000000000000000e+00 0.000000000000000e+00 3.002404930636466e+01 3.002404930636466e+01 0.000000000000000e+00
7.237246734451000e+00 2.236698541039900e+01 2.236698541039900e+01 0.000000000000000e+00 0.000000000000000e+00 0.000000000000000e+00 3.179603265458650e+01 0.000000000000000e+00 0.000000000000000e+00 0.000000000000000e+00 2.966966899772262e+01 2.966966899772262e+01 0.000000000000000e+00
7.279027815808000e+00 2.210225415069458e+01 2.210225415069458e+01 0.000000000000000e+00 0.000000000000000e+00 0.000000000000000e+00 3.141912404209195e+01 0.000000000000000e+00 0.000000000000000e+00 0.000000000000000e+00 2.931816478609948e+01 2.931816478609948e+01 0.000000000000000e+00
7.321050101980000e+00 2.183982615968867e+01 2.183982615968867e+01 0.000000000000000e+00 0.000000000000000e+00 0.000000000000000e+00 3.104549392760087e+01 0.000000000000000e+00 0.000000000000000e+00 0.000000000000000e+00 2.896971901499705e+01 2.896971901499705e+01 0.000000000000000e+00
7.363314985458000e+00 2.157930964106684e+01 2.157930964106684e+01 0.000000000000000e+00 0.000000000000000e+00 0.000000000000000e+00 3.067459160013600e+01 0.000000000000000e+00 0.000000000000000e+00 0.000000000000000e+00 2.862381723751073e+01 2.862381723751073e+01 0.000000000000000e+00
7.405823866771000e+00 2.132111655906295e+01 2.132111655906295e+01 0.000000000000000e+00 0.000000000000000e+00 0.000000000000000e+00 3.030697764261107e+01 0.000000000000000e+00 0.000000000000000e+00 0.000000000000000e+00 2.828098658648501e+01 2.828098658648501e+01 0.000000000000000e+00
7.418397626113000e+00 2.124551357843862e+01 2.124551357843862e+01 0.000000000000000e+00 0.000000000000000e+00 0.000000000000000e+00 3.019933984891960e+01 0.000000000000000e+00 0.000000000000000e+00 0.000000000000000e+00 2.818060469355621e+01 2.818060469355621e+01 0.000000000000000e+00
7.448578154533000e+00 2.106510274441746e+01 2.106510274441746e+01 0.000000000000000e+00 0.000000000000000e+00 0.000000000000000e+00 2.994246806979509e+01 0.000000000000000e+00 0.000000000000000e+00 0.000000000000000e+00 2.794105194118870e+01 2.794105194118870e+01 0.000000000000000e+00
7.491579265493000e+00 2.081098274439395e+01 2.081098274439395e+01 0.000000000000000e+00 0.000000000000000e+00 0.000000000000000e+00 2.958065940965976e+01 0.000000000000000e+00 0.000000000000000e+00 0.000000000000000e+00 2.760363640923230e+01 2.760363640923230e+01 0.000000000000000e+00
7.534828624575000e+00 2.055902235799818e+01 2.055902235799818e+01 0.000000000000000e+00 0.000000000000000e+00 0.000000000000000e+00 2.922190817666571e+01 0.000000000000000e+00 0.000000000000000e+00 0.000000000000000e+00 2.726907634385242e+01 2.726907634385242e+01 0.000000000000000e+00
7.578327664932000e+00 2.030912998864459e+01 2.030912998864459e+01 0.000000000000000e+00 0.000000000000000e+00 0.000000000000000e+00 2.886609932286363e+01 0.000000000000000e+00 0.000000000000000e+00 0.000000000000000e+00 2.693726165750143e+01 2.693726165750143e+01 0.000000000000000e+00
7.622077827989000e+00 2.006114381771609e+01 2.006114381771609e+01 0.000000000000000e+00 0.000000000000000e+00 0.000000000000000e+00 2.851301042853138e+01 0.000000000000000e+00 0.000000000000000e+00 0.000000000000000e+00 2.660798353938980e+01 2.660798353938980e+01 0.000000000000000e+00
7.666080563494000e+00 1.981524387984042e+01 1.981524387984042e+01 0.000000000000000e+00 0.000000000000000e+00 0.000000000000000e+00 2.816288118151362e+01 0.000000000000000e+00 0.000000000000000e+00 0.000000000000000e+00 2.628146862229284e+01 2.628146862229284e+01 0.000000000000000e+00
7.710337329564000e+00 1.957123768913534e+01 1.957123768913534e+01 0.000000000000000e+00 0.000000000000000e+00 0.000000000000000e+00 2.781543763012978e+01 0.000000000000000e+00 0.000000000000000e+00 0.000000000000000e+00 2.595746118895092e+01 2.595746118895092e+01 0.000000000000000e+00
7.754849592732000e+00 1.932919865062716e+01 1.932919865062716e+01 0.000000000000000e+00 0.000000000000000e+00 0.000000000000000e+00 2.747079849678768e+01 0.000000000000000e+00 0.000000000000000e+00 0.000000000000000e+00 2.563606935828338e+01 2.563606935828338e+01 0.000000000000000e+00
7.799618828000000e+00 1.908910692213517e+01 1.908910692213517e+01 0.000000000000000e+00 0.000000000000000e+00 0.000000000000000e+00 2.712893267471150e+01 0.000000000000000e+00 0.000000000000000e+00 0.000000000000000e+00 2.531726485357038e+01 2.531726485357038e+01 0.000000000000000e+00
7.844646518884000e+00 1.885083954164207e+01 1.885083954164207e+01 0.000000000000000e+00 0.000000000000000e+00 0.000000000000000e+00 2.678965390028658e+01 0.000000000000000e+00 0.000000000000000e+00 0.000000000000000e+00 2.500087584798318e+01 2.500087584798318e+01 0.000000000000000e+00
7.889934157463000e+00 1.861449294398065e+01 1.861449294398065e+01 0.000000000000000e+00 0.000000000000000e+00 0.000000000000000e+00 2.645310175084193e+01 0.000000000000000e+00 0.000000000000000e+00 0.000000000000000e+00 2.468703205421695e+01 2.468703205421695e+01 0.000000000000000e+00
7.935483244434000e+00 1.838006217791950e+01 1.838006217791950e+01 0.000000000000000e+00 0.000000000000000e+00 0.000000000000000e+00 2.611927809831990e+01 0.000000000000000e+00 0.000000000000000e+00 0.000000000000000e+00 2.437573364685956e+01 2.437573364685956e+01 0.000000000000000e+00
7.981295289153000e+00 1.814732041241358e+01 1.814732041241358e+01 0.000000000000000e+00 0.000000000000000e+00 0.000000000000000e+00 2.578786117213958e+01 0.000000000000000e+00 0.000000000000000e+00 0.000000000000000e+00 2.406668021852177e+01 2.406668021852177e+01 0.000000000000000e+00
8.027371809692999e+00 1.791644251258146e+01 1.791644251258146e+01 0.000000000000000e+00 0.000000000000000e+00 0.000000000000000e+00 2.545909272169092e+01 0.000000000000000e+00 0.000000000000000e+00 0.000000000000000e+00 2.376009871266793e+01 2.376009871266793e+01 0.000000000000000e+00
8.073714332889001e+00 1.768728023911762e+01 1.768728023911762e+01 0.000000000000000e+00 0.000000000000000e+00 0.000000000000000e+00 2.513275881574255e+01 0.000000000000000e+00 0.000000000000000e+00 0.000000000000000e+00 2.345578984672016e+01 2.345578984672016e+01 0.000000000000000e+00
8.120324394391000e+00 1.745998750649689e+01 1.745998750649689e+01 0.000000000000000e+00 0.000000000000000e+00 0.000000000000000e+00 2.480908125065750e+01 0.000000000000000e+00 0.000000000000000e+00 0.000000000000000e+00 2.315396017132012e+01 2.315396017132012e+01 0.000000000000000e+00
8.167203538714000e+00 1.723437068879798e+01 1.723437068879798e+01 0.000000000000000e+00 0.000000000000000e+00 0.000000000000000e+00 2.448778909078668e+01 0.000000000000000e+00 0.000000000000000e+00 0.000000000000000e+00 2.285435616602859e+01 2.285435616602859e+01 0.000000000000000e+00
8.214353319291000e+00 1.701042503077550e+01 1.701042503077550e+01 0.000000000000000e+00 0.000000000000000e+00 0.000000000000000e+00 2.416887706907592e+01 0.000000000000000e+00 0.000000000000000e+00 0.000000000000000e+00 2.255697231749672e+01 2.255697231749672e+01 0.000000000000000e+00
8.261775298522000e+00 1.678828283500161e+01 1.678828283500161e+01 0.000000000000000e+00 0.000000000000000e+00 0.000000000000000e+00 2.385253002016218e+01 0.000000000000000e+00 0.000000000000000e+00 0.000000000000000e+00 2.226198222087144e+01 2.226198222087144e+01 0.000000000000000e+00
8.309471047825999e+00 1.656774895995447e+01 1.656774895995447e+01 0.000000000000000e+00 0.000000000000000e+00 0.000000000000000e+00 2.353846968776433e+01 0.000000000000000e+00 0.000000000000000e+00 0.000000000000000e+00 2.196912581851545e+01 2.196912581851545e+01 0.000000000000000e+00
8.357442147697000e+00 1.634886921885804e+01 1.634886921885804e+01 0.000000000000000e+00 0.000000000000000e+00 0.000000000000000e+00 2.322675955424062e+01 0.000000000000000e+00 0.000000000000000e+00 0.000000000000000e+00 2.167846280320744e+01 2.167846280320744e+01 0.000000000000000e+00
8.405690187749000e+00 1.613160447223036e+01 1.613160447223036e+01 0.000000000000000e+00 0.000000000000000e+00 0.000000000000000e+00 2.291734412167531e+01 0.000000000000000e+00 0.000000000000000e+00 0.000000000000000e+00 2.138994156150036e+01 2.138994156150036e+01 0.000000000000000e+00
8.454216766776000e+00 1.591605856861297e+01 1.591605856861297e+01 0.000000000000000e+00 0.000000000000000e+00 0.000000000000000e+00 2.261037324865760e+01 0.000000000000000e+00 0.000000000000000e+00 0.000000000000000e+00 2.110370123658163e+01 2.110370123658163e+01 0.000000000000000e+00
8.503023492801001e+00 1.570197670415539e+01 1.570197670415539e+01 0.000000000000000e+00 0.000000000000000e+00 0.000000000000000e+00 2.230548501978240e+01 0.000000000000000e+00 0.000000000000000e+00 0.000000000000000e+00 2.081940416157208e+01 2.081940416157208e+01 0.000000000000000e+00
8.552111983130001e+00 1.548948342274305e+01 1.548948342274305e+01 0.000000000000000e+00 0.000000000000000e+00 0.000000000000000e+00 2.200285691765539e+01 0.000000000000000e+00 0.000000000000000e+00 0.000000000000000e+00 2.053721581162911e+01 2.053721581162911e+01 0.000000000000000e+00
8.601483864405999e+00 1.527854969601432e+01 1.527854969601432e+01 0.000000000000000e+00 0.000000000000000e+00 0.000000000000000e+00 2.170244768598486e+01 0.000000000000000e+00 0.000000000000000e+00 0.000000000000000e+00 2.025709780771392e+01 2.025709780771392e+01 0.000000000000000e+00
8.651140772664000e+00 1.506920067936169e+01 1.506920067936169e+01 0.000000000000000e+00 0.000000000000000e+00 0.000000000000000e+00 2.140429312773320e+01 0.000000000000000e+00 0.000000000000000e+00 0.000000000000000e+00 1.997908338179702e+01 1.997908338179702e+01 0.000000000000000e+00
8.701084353382001e+00 1.486135482487584e+01 1.486135482487584e+01 0.000000000000000e+00 0.000000000000000e+00 0.000000000000000e+00 2.110827699940447e+01 0.000000000000000e+00 0.000000000000000e+00 0.000000000000000e+00 1.970306409454961e+01 1.970306409454961e+01 0.000000000000000e+00
8.751316261536999e+00 1.465490501781923e+01 1.465490501781923e+01 0.000000000000000e+00 0.000000000000000e+00 0.000000000000000e+00 2.081424689383006e+01 0.000000000000000e+00 0.000000000000000e+00 0.000000000000000e+00 1.942889792432759e+01 1.942889792432759e+01 0.000000000000000e+00
8.801838161662999e+00 1.445006876189481e+01 1.445006876189481e+01 0.000000000000000e+00 0.000000000000000e+00 0.000000000000000e+00 2.052251242710649e+01 0.000000000000000e+00 0.000000000000000e+00 0.000000000000000e+00 1.915687336517505e+01 1.915687336517505e+01 0.000000000000000e+00
8.852651727901000e+00 1.424666518247809e+01 1.424666518247809e+01 0.000000000000000e+00 0.000000000000000e+00 0.000000000000000e+00 2.023281587911416e+01 0.000000000000000e+00 0.000000000000000e+00 0.000000000000000e+00 1.888675035860775e+01 1.888675035860775e+01 0.000000000000000e+00
8.903758644059000e+00 1.404460943084544e+01 1.404460943084544e+01 0.000000000000000e+00 0.000000000000000e+00 0.000000000000000e+00 1.994503756082168e+01 0.000000000000000e+00 0.000000000000000e+00 0.000000000000000e+00 1.861841669100407e+01 1.861841669100407e+01 0.000000000000000e+00
8.955160603663000e+00 1.384413579673509e+01 1.384413579673509e+01 0.000000000000000e+00 0.000000000000000e+00 0.000000000000000e+00 1.965950982352757e+01 0.000000000000000e+00 0.000000000000000e+00 0.000000000000000e+00 1.835218283307925e+01 1.835218283307925e+01 0.000000000000000e+00
9.006859310018999e+00 1.364497096756598e+01 1.364497096756598e+01 0.000000000000000e+00 0.000000000000000e+00 0.000000000000000e+00 1.937584484105354e+01 0.000000000000000e+00 0.000000000000000e+00 0.000000000000000e+00 1.808768666573366e+01 1.808768666573366e+01 0.000000000000000e+00
9.058856476263999e+00 1.344724353955646e+01 1.344724353955646e+01 0.000000000000000e+00 0.000000000000000e+00 0.000000000000000e+00 1.909422528388398e+01 0.000000000000000e+00 0.000000000000000e+00 0.000000000000000e+00 1.782509868776726e+01 1.782509868776726e+01 0.000000000000000e+00
9.111153825424999e+00 1.325090100761314e+01 1.325090100761314e+01 0.000000000000000e+00 0.000000000000000e+00 0.000000000000000e+00 1.881457703988184e+01 0.000000000000000e+00 0.000000000000000e+00 0.000000000000000e+00 1.756434949737593e+01 1.756434949737593e+01 0.000000000000000e+00
9.163753090477000e+00 1.305594354225749e+01 1.305594354225749e+01 0.000000000000000e+00 0.000000000000000e+00 0.000000000000000e+00 1.853690077842601e+01 0.000000000000000e+00 0.000000000000000e+00 0.000000000000000e+00 1.730543960872917e+01 1.730543960872917e+01 0.000000000000000e+00
9.216656014401000e+00 1.286230016733816e+01 1.286230016733816e+01 0.000000000000000e+00 0.000000000000000e+00 0.000000000000000e+00 1.826109552156404e+01 0.000000000000000e+00 0.000000000000000e+00 0.000000000000000e+00 1.704827497153879e+01 1.704827497153879e+01 0.000000000000000e+00
9.269864350238000e+00 1.267007842799462e+01 1.267007842799462e+01 0.000000000000000e+00 0.000000000000000e+00 0.000000000000000e+00 1.798731479929915e+01 0.000000000000000e+00 0.000000000000000e+00 0.000000000000000e+00 1.679299853555943e+01 1.679299853555943e+01 0.000000000000000e+00
9.323379861149000e+00 1.247905607677520e+01 1.247905607677520e+01 0.000000000000000e+00 0.000000000000000e+00 0.000000000000000e+00 1.771524274618740e+01 0.000000000000000e+00 0.000000000000000e+00 0.000000000000000e+00 1.653931559090088e+01 1.653931559090088e+01 0.000000000000000e+00
9.377204320477000e+00 1.228940379794211e+01 1.228940379794211e+01 0.000000000000000e+00 0.000000000000000e+00 0.000000000000000e+00 1.744512198001241e+01 0.000000000000000e+00 0.000000000000000e+00 0.000000000000000e+00 1.628745235353435e+01 1.628745235353435e+01 0.000000000000000e+00
9.431339511799001e+00 1.210097343903855e+01 1.210097343903855e+01 0.000000000000000e+00 0.000000000000000e+00 0.000000000000000e+00 1.717674092630936e+01 0.000000000000000e+00 0.000000000000000e+00 0.000000000000000e+00 1.603721165980252e+01 1.603721165980252e+01 0.000000000000000e+00
9.485787228991001e+00 1.191388992822525e+01 1.191388992822525e+01 0.000000000000000e+00 0.000000000000000e+00 0.000000000000000e+00 1.691027705950178e+01 0.000000000000000e+00 0.000000000000000e+00 0.000000000000000e+00 1.578875903268880e+01 1.578875903268880e+01 0.000000000000000e+00
9.540549276285001e+00 1.172808116859182e+01 1.172808116859182e+01 0.000000000000000e+00 0.000000000000000e+00 0.000000000000000e+00 1.664562781271956e+01 0.000000000000000e+00 0.000000000000000e+00 0.000000000000000e+00 1.554199873997156e+01 1.554199873997156e+01 0.000000000000000e+00
9.595627468329001e+00 1.154355424170195e+01 1.154355424170195e+01 0.000000000000000e+00 0.000000000000000e+00 0.000000000000000e+00 1.638280514835194e+01 0.000000000000000e+00 0.000000000000000e+00 0.000000000000000e+00 1.529694153910925e+01 1.529694153910925e+01 0.000000000000000e+00
9.651023630245000e+00 1.136022616724629e+01 1.136022616724629e+01 0.000000000000000e+00 0.000000000000000e+00 0.000000000000000e+00 1.612169295052206e+01 0.000000000000000e+00 0.000000000000000e+00 0.000000000000000e+00 1.505347875330195e+01 1.505347875330195e+01 0.000000000000000e+00
9.706739597693000e+00 1.117814455327941e+01 1.117814455327941e+01 0.000000000000000e+00 0.000000000000000e+00 0.000000000000000e+00 1.586235915319827e+01 0.000000000000000e+00 0.000000000000000e+00 0.000000000000000e+00 1.481167373718611e+01 1.481167373718611e+01 0.000000000000000e+00
9.762777216931999e+00 1.099727321902391e+01 1.099727321902391e+01 0.000000000000000e+00 0.000000000000000e+00 0.000000000000000e+00 1.560475081683163e+01 0.000000000000000e+00 0.000000000000000e+00 0.000000000000000e+00 1.457147717789651e+01 1.457147717789651e+01 0.000000000000000e+00
9.819138344877000e+00 1.081754093258104e+01 1.081754093258104e+01 0.000000000000000e+00 0.000000000000000e+00 0.000000000000000e+00 1.534876423915130e+01 0.000000000000000e+00 0.000000000000000e+00 0.000000000000000e+00 1.433279266356519e+01 1.433279266356519e+01 0.000000000000000e+00
9.875824849164999e+00 1.063910446920582e+01 1.063910446920582e+01 0.000000000000000e+00 0.000000000000000e+00 0.000000000000000e+00 1.509462317184314e+01 0.000000000000000e+00 0.000000000000000e+00 0.000000000000000e+00 1.409582892060893e+01 1.409582892060893e+01 0.000000000000000e+00
9.932838608214000e+00 1.046183175010770e+01 1.046183175010770e+01 0.000000000000000e+00 0.000000000000000e+00 0.000000000000000e+00 1.484214470092455e+01 0.000000000000000e+00 0.000000000000000e+00 0.000000000000000e+00 1.386041424863328e+01 1.386041424863328e+01 0.000000000000000e+00
9.990181511285000e+00 1.028572667025699e+01 1.028572667025699e+01 0.000000000000000e+00 0.000000000000000e+00 0.000000000000000e+00 1.459133483400847e+01 0.000000000000000e+00 0.000000000000000e+00 0.000000000000000e+00 1.362655424097911e+01 1.362655424097911e+01 0.000000000000000e+00
1.004785545855000e+01 1.011082429367637e+01 1.011082429367637e+01 0.000000000000000e+00 0.000000000000000e+00 0.000000000000000e+00 1.434223849819409e+01 0.000000000000000e+00 0.000000000000000e+00 0.000000000000000e+00 1.339429143814787e+01 1.339429143814787e+01 0.000000000000000e+00
1.010586236114000e+01 9.936982344706081e+00 9.936982344706081e+00 0.000000000000000e+00 0.000000000000000e+00 0.000000000000000e+00 1.409465331608953e+01 0.000000000000000e+00 0.000000000000000e+00 0.000000000000000e+00 1.316343696560786e+01 1.316343696560786e+01 0.000000000000000e+00
1.016420414124000e+01 9.764406456129157e+00 9.764406456129157e+00 0.000000000000000e+00 0.000000000000000e+00 0.000000000000000e+00 1.384887844990111e+01 0.000000000000000e+00 0.000000000000000e+00 0.000000000000000e+00 1.293426869568184e+01 1.293426869568184e+01 0.000000000000000e+00
1.022288273211000e+01 9.592953325543274e+00 9.592953325543274e+00 0.000000000000000e+00 0.000000000000000e+00 0.000000000000000e+00 1.360470847718656e+01 0.000000000000000e+00 0.000000000000000e+00 0.000000000000000e+00 1.270659541954540e+01 1.270659541954540e+01 0.000000000000000e+00
1.028190007818000e+01 9.422642435821178e+00 9.422642435821178e+00 0.000000000000000e+00 0.000000000000000e+00 0.000000000000000e+00 1.336216523001387e+01 0.000000000000000e+00 0.000000000000000e+00 0.000000000000000e+00 1.248043822237264e+01 1.248043822237264e+01 0.000000000000000e+00
1.034125813511000e+01 9.253406999519573e+00 9.253406999519573e+00 0.000000000000000e+00 0.000000000000000e+00 0.000000000000000e+00 1.312115993972506e+01 0.000000000000000e+00 0.000000000000000e+00 0.000000000000000e+00 1.225571322943809e+01 1.225571322943809e+01 0.000000000000000e+00
1.040095886984000e+01 9.085242708830965e+00 9.085242708830965e+00 0.000000000000000e+00 0.000000000000000e+00 0.000000000000000e+00 1.288168996329951e+01 0.000000000000000e+00 0.000000000000000e+00 0.000000000000000e+00 1.203241715557939e+01 1.203241715557939e+01 0.000000000000000e+00
1.046100426068000e+01 8.918242362059090e+00 8.918242362059090e+00 0.000000000000000e+00 0.000000000000000e+00 0.000000000000000e+00 1.264387825884913e+01 0.000000000000000e+00 0.000000000000000e+00 0.000000000000000e+00 1.181066622096994e+01 1.181066622096994e+01 0.000000000000000e+00
1.052139629734000e+01 8.752436601230590e+00 8.752436601230590e+00 0.000000000000000e+00 0.000000000000000e+00 0.000000000000000e+00 1.240777378843453e+01 0.000000000000000e+00 0.000000000000000e+00 0.000000000000000e+00 1.159050573971800e+01 1.159050573971800e+01 0.000000000000000e+00
1.058213698103000e+01 8.587751440959520e+00 8.587751440959520e+00 0.000000000000000e+00 0.000000000000000e+00 0.000000000000000e+00 1.217327612728637e+01 0.000000000000000e+00 0.000000000000000e+00 0.000000000000000e+00 1.137183994627964e+01 1.137183994627964e+01 0.000000000000000e+00
1.064322832451000e+01 8.424120896289150e+00 8.424120896289150e+00 0.000000000000000e+00 0.000000000000000e+00 0.000000000000000e+00 1.194028198553714e+01 0.000000000000000e+00 0.000000000000000e+00 0.000000000000000e+00 1.115457464279589e+01 1.115457464279589e+01 0.000000000000000e+00
1.070467235217000e+01 8.261644639018710e+00 8.261644639018710e+00 0.000000000000000e+00 0.000000000000000e+00 0.000000000000000e+00 1.170894335500804e+01 0.000000000000000e+00 0.000000000000000e+00 0.000000000000000e+00 1.093885002462920e+01 1.093885002462920e+01 0.000000000000000e+00
1.076647110007000e+01 8.100105798669382e+00 8.100105798669382e+00 0.000000000000000e+00 0.000000000000000e+00 0.000000000000000e+00 1.147894618728417e+01 0.000000000000000e+00 0.000000000000000e+00 0.000000000000000e+00 1.072437334887784e+01 1.072437334887784e+01 0.000000000000000e+00
1.082862661604000e+01 7.939843353168649e+00 7.939843353168649e+00 0.000000000000000e+00 0.000000000000000e+00 0.000000000000000e+00 1.125077338581980e+01 0.000000000000000e+00 0.000000000000000e+00 0.000000000000000e+00 1.051159564418392e+01 1.051159564418392e+01 0.000000000000000e+00
1.089114095972000e+01 7.780514811110807e+00 7.780514811110807e+00 0.000000000000000e+00 0.000000000000000e+00 0.000000000000000e+00 1.102394341099760e+01 0.000000000000000e+00 0.000000000000000e+00 0.000000000000000e+00 1.030006571233701e+01 1.030006571233701e+01 0.000000000000000e+00
1.095401620264000e+01 7.622407020634618e+00 7.622407020634618e+00 0.000000000000000e+00 0.000000000000000e+00 0.000000000000000e+00 1.079885551052871e+01 0.000000000000000e+00 0.000000000000000e+00 0.000000000000000e+00 1.009015842008599e+01 1.009015842008599e+01 0.000000000000000e+00
1.101725442830000e+01 7.465222154515796e+00 7.465222154515796e+00 0.000000000000000e+00 0.000000000000000e+00 0.000000000000000e+00 1.057509802970730e+01 0.000000000000000e+00 0.000000000000000e+00 0.000000000000000e+00 9.881486708962120e+00 9.881486708962120e+00 0.000000000000000e+00
1.108085773222000e+01 7.309437394579990e+00 7.309437394579990e+00 0.000000000000000e+00 0.000000000000000e+00 0.000000000000000e+00 1.035333745044752e+01 0.000000000000000e+00 0.000000000000000e+00 0.000000000000000e+00 9.674674954109777e+00 9.674674954109777e+00 0.000000000000000e+00
1.114482822202000e+01 7.154447435943151e+00 7.154447435943151e+00 0.000000000000000e+00 0.000000000000000e+00 0.000000000000000e+00 1.013272625862538e+01 0.000000000000000e+00 0.000000000000000e+00 0.000000000000000e+00 9.468929625829473e+00 9.468929625829473e+00 0.000000000000000e+00
1.120916801749000e+01 7.000766464137169e+00 7.000766464137169e+00 0.000000000000000e+00 0.000000000000000e+00 0.000000000000000e+00 9.913984095367846e+00 0.000000000000000e+00 0.000000000000000e+00 0.000000000000000e+00 9.264924346337240e+00 9.264924346337240e+00 0.000000000000000e+00
1.127387925065000e+01 6.848051725106427e+00 6.848051725106427e+00 0.000000000000000e+00 0.000000000000000e+00 0.000000000000000e+00 9.696634963031830e+00 0.000000000000000e+00 0.000000000000000e+00 0.000000000000000e+00 9.062212730629209e+00 9.062212730629209e+00 0.000000000000000e+00
1.133896406584000e+01 6.696317240667913e+00 6.696317240667913e+00 0.000000000000000e+00 0.000000000000000e+00 0.000000000000000e+00 9.480691545523529e+00 0.000000000000000e+00 0.000000000000000e+00 0.000000000000000e+00 8.860807492330856e+00 8.860807492330856e+00 0.000000000000000e+00
1.140442461976000e+01 6.545861726264837e+00 6.545861726264837e+00 0.000000000000000e+00 0.000000000000000e+00 0.000000000000000e+00 9.266582385384861e+00 0.000000000000000e+00 0.000000000000000e+00 0.000000000000000e+00 8.661108530491317e+00 8.661108530491317e+00 0.000000000000000e+00
1.147026308159000e+01 6.396443154186104e+00 6.396443154186104e+00 0.000000000000000e+00 0.000000000000000e+00 0.000000000000000e+00 9.053963391894602e+00 0.000000000000000e+00 0.000000000000000e+00 0.000000000000000e+00 8.462793990681252e+00 8.462793990681252e+00 0.000000000000000e+00
1.153648163301000e+01 6.248282775479577e+00 6.248282775479577e+00 0.000000000000000e+00 0.000000000000000e+00 0.000000000000000e+00 8.843147310527595e+00 0.000000000000000e+00 0.000000000000000e+00 0.000000000000000e+00 8.266156066663475e+00 8.266156066663475e+00 0.000000000000000e+00
1.160308246830000e+01 6.101097684864874e+00 6.101097684864874e+00 0.000000000000000e+00 0.000000000000000e+00 0.000000000000000e+00 8.633738582008263e+00 0.000000000000000e+00 0.000000000000000e+00 0.000000000000000e+00 8.070824437921361e+00 8.070824437921361e+00 0.000000000000000e+00
1.167006779440000e+01 5.954922729643212e+00 5.954922729643212e+00 0.000000000000000e+00 0.000000000000000e+00 0.000000000000000e+00 8.425780119401646e+00 0.000000000000000e+00 0.000000000000000e+00 0.000000000000000e+00 7.876839936506578e+00 7.876839936506578e+00 0.000000000000000e+00
1.173743983101000e+01 5.810073365180576e+00 5.810073365180576e+00 0.000000000000000e+00 0.000000000000000e+00 0.000000000000000e+00 8.219725959601666e+00 0.000000000000000e+00 0.000000000000000e+00 0.000000000000000e+00 7.684625510332104e+00 7.684625510332104e+00 0.000000000000000e+00
1.180520081063000e+01 5.666247644982265e+00 5.666247644982265e+00 0.000000000000000e+00 0.000000000000000e+00 0.000000000000000e+00 8.015146670661629e+00 0.000000000000000e+00 0.000000000000000e+00 0.000000000000000e+00 7.493780036784540e+00 7.493780036784540e+00 0.000000000000000e+00
1.187335297866000e+01 5.523593903202748e+00 5.523593903202748e+00 0.000000000000000e+00 0.000000000000000e+00 0.000000000000000e+00 7.812249518142038e+00 0.000000000000000e+00 0.000000000000000e+00 0.000000000000000e+00 7.304497569361366e+00 7.304497569361366e+00 0.000000000000000e+00
1.194189859345000e+01 5.382125949902465e+00 5.382125949902465e+00 0.000000000000000e+00 0.000000000000000e+00 0.000000000000000e+00 7.611060479277441e+00 0.000000000000000e+00 0.000000000000000e+00 0.000000000000000e+00 7.116801174300250e+00 7.116801174300250e+00 0.000000000000000e+00
1.201083992639000e+01 5.241829577658643e+00 5.241829577658643e+00 0.000000000000000e+00 0.000000000000000e+00 0.000000000000000e+00 7.411557955621235e+00 0.000000000000000e+00 0.000000000000000e+00 0.000000000000000e+00 6.930670611348646e+00 6.930670611348646e+00 0.000000000000000e+00
1.208017926199000e+01 5.102676999341737e+00 5.102676999341737e+00 0.000000000000000e+00 0.000000000000000e+00 0.000000000000000e+00 7.213699551561419e+00 0.000000000000000e+00 0.000000000000000e+00 0.000000000000000e+00 6.746066940535199e+00 6.746066940535199e+00 0.000000000000000e+00
1.214991889794000e+01 4.964708175490019e+00 4.964708175490019e+00 0.000000000000000e+00 0.000000000000000e+00 0.000000000000000e+00 7.017546162923948e+00 0.000000000000000e+00 0.000000000000000e+00 0.000000000000000e+00 6.563046179607750e+00 6.563046179607750e+00 0.000000000000000e+00
1.222006114520000e+01 4.827940478136187e+00 4.827940478136187e+00 0.000000000000000e+00 0.000000000000000e+00 0.000000000000000e+00 6.823125502160077e+00 0.000000000000000e+00 0.000000000000000e+00 0.000000000000000e+00 6.381632967697771e+00 6.381632967697771e+00 0.000000000000000e+00
1.229060832808000e+01 4.692401294544355e+00 4.692401294544355e+00 0.000000000000000e+00 0.000000000000000e+00 0.000000000000000e+00 6.630472318570809e+00 0.000000000000000e+00 0.000000000000000e+00 0.000000000000000e+00 6.201860925939357e+00 6.201860925939357e+00 0.000000000000000e+00
1.236156278429000e+01 4.558072307921766e+00 4.558072307921766e+00 0.000000000000000e+00 0.000000000000000e+00 0.000000000000000e+00 6.439561461056051e+00 0.000000000000000e+00 0.000000000000000e+00 0.000000000000000e+00 6.023706091718683e+00 6.023706091718683e+00 0.000000000000000e+00
1.243292686504000e+01 4.424945205595320e+00 4.424945205595320e+00 0.000000000000000e+00 0.000000000000000e+00 0.000000000000000e+00 6.250383823690843e+00 0.000000000000000e+00 0.000000000000000e+00 0.000000000000000e+00 5.847159364256920e+00 5.847159364256920e+00 0.000000000000000e+00
1.250470293513000e+01 4.293097254537184e+00 4.293097254537184e+00 0.000000000000000e+00 0.000000000000000e+00 0.000000000000000e+00 6.063050633424169e+00 0.000000000000000e+00 0.000000000000000e+00 0.000000000000000e+00 5.672324048139736e+00 5.672324048139736e+00 0.000000000000000e+00
1.257689337299000e+01 4.162481168811589e+00 4.162481168811589e+00 0.000000000000000e+00 0.000000000000000e+00 0.000000000000000e+00 5.877493541505121e+00 0.000000000000000e+00 0.000000000000000e+00 0.000000000000000e+00 5.499136883278503e+00 5.499136883278503e+00 0.000000000000000e+00
1.264950057080000e+01 4.033203972077600e+00 4.033203972077600e+00 0.000000000000000e+00 0.000000000000000e+00 0.000000000000000e+00 5.693865619279375e+00 0.000000000000000e+00 0.000000000000000e+00 0.000000000000000e+00 5.327739617303888e+00 5.327739617303888e+00 0.000000000000000e+00
1.272252693454000e+01 3.905227974647975e+00 3.905227974647975e+00 0.000000000000000e+00 0.000000000000000e+00 0.000000000000000e+00 5.512111981468017e+00 0.000000000000000e+00 0.000000000000000e+00 0.000000000000000e+00 5.158082046767732e+00 5.158082046767732e+00 0.000000000000000e+00
1.279597488407000e+01 3.778565266449923e+00 3.778565266449923e+00 0.000000000000000e+00 0.000000000000000e+00 0.000000000000000e+00 5.332252783685409e+00 0.000000000000000e+00 0.000000000000000e+00 0.000000000000000e+00 4.990181538783550e+00 4.990181538783550e+00 0.000000000000000e+00
1.286984685325000e+01 3.653249700420130e+00 3.653249700420130e+00 0.000000000000000e+00 0.000000000000000e+00 0.000000000000000e+00 5.154335800554112e+00 0.000000000000000e+00 0.000000000000000e+00 0.000000000000000e+00 4.824083121346574e+00 4.824083121346574e+00 0.000000000000000e+00
1.294414528995000e+01 3.529238522213495e+00 3.529238522213495e+00 0.000000000000000e+00 0.000000000000000e+00 0.000000000000000e+00 4.978301648759872e+00 0.000000000000000e+00 0.000000000000000e+00 0.000000000000000e+00 4.659730834564554e+00 4.659730834564554e+00 0.000000000000000e+00
1.301887265621000e+01 3.406631590506230e+00 3.406631590506230e+00 0.000000000000000e+00 0.000000000000000e+00 0.000000000000000e+00 4.804292314141519e+00 0.000000000000000e+00 0.000000000000000e+00 0.000000000000000e+00 4.497257320778986e+00 4.497257320778986e+00 0.000000000000000e+00
1.309403142827000e+01 3.285469884306461e+00 3.285469884306461e+00 0.000000000000000e+00 0.000000000000000e+00 0.000000000000000e+00 4.632367025794164e+00 0.000000000000000e+00 0.000000000000000e+00 0.000000000000000e+00 4.336716729178998e+00 4.336716729178998e+00 0.000000000000000e+00
1.316962409665000e+01 3.165728606117197e+00 3.165728606117197e+00 0.000000000000000e+00 0.000000000000000e+00 0.000000000000000e+00 4.462489282243761e+00 0.000000000000000e+00 0.000000000000000e+00 0.000000000000000e+00 4.178076330762089e+00 4.178076330762089e+00 0.000000000000000e+00
1.324565316627000e+01 3.047401679314315e+00 3.047401679314315e+00 0.000000000000000e+00 0.000000000000000e+00 0.000000000000000e+00 4.294651446174419e+00 0.000000000000000e+00 0.000000000000000e+00 0.000000000000000e+00 4.021327745851973e+00 4.021327745851973e+00 0.000000000000000e+00
1.332212115650000e+01 2.930568311270451e+00 2.930568311270451e+00 0.000000000000000e+00 0.000000000000000e+00 0.000000000000000e+00 4.128967888365237e+00 0.000000000000000e+00 0.000000000000000e+00 0.000000000000000e+00 3.866577679389108e+00 3.866577679389108e+00 0.000000000000000e+00
1.339903060125000e+01 2.815202052879619e+00 2.815202052879619e+00 0.000000000000000e+00 0.000000000000000e+00 0.000000000000000e+00 3.965400852703304e+00 0.000000000000000e+00 0.000000000000000e+00 0.000000000000000e+00 3.713790771325842e+00 3.713790771325842e+00 0.000000000000000e+00
1.347638404908000e+01 2.701327535606641e+00 2.701327535606641e+00 0.000000000000000e+00 0.000000000000000e+00 0.000000000000000e+00 3.803985823120229e+00 0.000000000000000e+00 0.000000000000000e+00 0.000000000000000e+00 3.562999855618967e+00 3.562999855618967e+00 0.000000000000000e+00
1.355418406323000e+01 2.589076011786791e+00 2.589076011786791e+00 0.000000000000000e+00 0.000000000000000e+00 0.000000000000000e+00 3.644908502801971e+00 0.000000000000000e+00 0.000000000000000e+00 0.000000000000000e+00 3.414378726334823e+00 3.414378726334823e+00 0.000000000000000e+00
1.363243322176000e+01 2.478339693711247e+00 2.478339693711247e+00 0.000000000000000e+00 0.000000000000000e+00 0.000000000000000e+00 3.488017548856294e+00 0.000000000000000e+00 0.000000000000000e+00 0.000000000000000e+00 3.267785172570699e+00 3.267785172570699e+00 0.000000000000000e+00
1.371113411762000e+01 2.369279395534593e+00 2.369279395534593e+00 0.000000000000000e+00 0.000000000000000e+00 0.000000000000000e+00 3.333540288882066e+00 0.000000000000000e+00 0.000000000000000e+00 0.000000000000000e+00 3.123431977500821e+00 3.123431977500821e+00 0.000000000000000e+00
1.379028935870000e+01 2.261747830607408e+00 2.261747830607408e+00 0.000000000000000e+00 0.000000000000000e+00 0.000000000000000e+00 3.181269852286068e+00 0.000000000000000e+00 0.000000000000000e+00 0.000000000000000e+00 2.981125164195817e+00 2.981125164195817e+00 0.000000000000000e+00
1.386990156798000e+01 2.155926266847174e+00 2.155926266847174e+00 0.000000000000000e+00 0.000000000000000e+00 0.000000000000000e+00 3.031462230848021e+00 0.000000000000000e+00 0.000000000000000e+00 0.000000000000000e+00 2.841104394426383e+00 2.841104394426383e+00 0.000000000000000e+00
1.394997338356000e+01 2.051780738007932e+00 2.051780738007932e+00 0.000000000000000e+00 0.000000000000000e+00 0.000000000000000e+00 2.884070067750757e+00 0.000000000000000e+00 0.000000000000000e+00 0.000000000000000e+00 2.703324693048767e+00 2.703324693048767e+00 0.000000000000000e+00
1.403050745878000e+01 1.949376329413213e+00 1.949376329413213e+00 0.000000000000000e+00 0.000000000000000e+00 0.000000000000000e+00 2.739184341574020e+00 0.000000000000000e+00 0.000000000000000e+00 0.000000000000000e+00 2.567871752860551e+00 2.567871752860551e+00 0.000000000000000e+00
1.411150646229000e+01 1.848601942158564e+00 1.848601942158564e+00 0.000000000000000e+00 0.000000000000000e+00 0.000000000000000e+00 2.596649772480829e+00 0.000000000000000e+00 0.000000000000000e+00 0.000000000000000e+00 2.434599467434871e+00 2.434599467434871e+00 0.000000000000000e+00
1.419297307814000e+01 1.749682278460248e+00 1.749682278460248e+00 0.000000000000000e+00 0.000000000000000e+00 0.000000000000000e+00 2.456783436746203e+00 0.000000000000000e+00 0.000000000000000e+00 0.000000000000000e+00 2.303804632670837e+00 2.303804632670837e+00 0.000000000000000e+00
1.427491000590000e+01 1.652510912540567e+00 1.652510912540567e+00 0.000000000000000e+00 0.000000000000000e+00 0.000000000000000e+00 2.319436055547215e+00 0.000000000000000e+00 0.000000000000000e+00 0.000000000000000e+00 2.175347571744663e+00 2.175347571744663e+00 0.000000000000000e+00
1.435731996071000e+01 1.557149381026816e+00 1.557149381026816e+00 0.000000000000000e+00 0.000000000000000e+00 0.000000000000000e+00 2.184695017396705e+00 0.000000000000000e+00 0.000000000000000e+00 0.000000000000000e+00 2.049309817037332e+00 2.049309817037332e+00 0.000000000000000e+00
1.444020567338000e+01 1.463748756325987e+00 1.463748756325987e+00 0.000000000000000e+00 0.000000000000000e+00 0.000000000000000e+00 2.052771752138361e+00 0.000000000000000e+00 0.000000000000000e+00 0.000000000000000e+00 1.925889528654778e+00 1.925889528654778e+00 0.000000000000000e+00
1.452356989049000e+01 1.372129580784313e+00 1.372129580784313e+00 0.000000000000000e+00 0.000000000000000e+00 0.000000000000000e+00 1.923413248823609e+00 0.000000000000000e+00 0.000000000000000e+00 0.000000000000000e+00 1.804849850359967e+00 1.804849850359967e+00 0.000000000000000e+00
1.460741537448000e+01 1.282497856530771e+00 1.282497856530771e+00 0.000000000000000e+00 0.000000000000000e+00 0.000000000000000e+00 1.796911362576159e+00 0.000000000000000e+00 0.000000000000000e+00 0.000000000000000e+00 1.686463726091374e+00 1.686463726091374e+00 0.000000000000000e+00
1.469174490373000e+01 1.194913169168887e+00 1.194913169168887e+00 0.000000000000000e+00 0.000000000000000e+00 0.000000000000000e+00 1.673351375847774e+00 0.000000000000000e+00 0.000000000000000e+00 0.000000000000000e+00 1.570810397342740e+00 1.570810397342740e+00 0.000000000000000e+00
1.477656127266000e+01 1.109073363509513e+00 1.109073363509513e+00 0.000000000000000e+00 0.000000000000000e+00 0.000000000000000e+00 1.552302693312601e+00 0.000000000000000e+00 0.000000000000000e+00 0.000000000000000e+00 1.457488785384488e+00 1.457488785384488e+00 0.000000000000000e+00
1.486186729184000e+01 1.025382169104241e+00 1.025382169104241e+00 0.000000000000000e+00 0.000000000000000e+00 0.000000000000000e+00 1.434337144477834e+00 0.000000000000000e+00 0.000000000000000e+00 0.000000000000000e+00 1.347032709401980e+00 1.347032709401980e+00 0.000000000000000e+00
1.494766578804000e+01 9.436962777100245e-01 9.436962777100245e-01 0.000000000000000e+00 0.000000000000000e+00 0.000000000000000e+00 1.319253760361350e+00 0.000000000000000e+00 0.000000000000000e+00 0.000000000000000e+00 1.239254216129602e+00 1.239254216129602e+00 0.000000000000000e+00
1.503395960436000e+01 8.641105450972522e-01 8.641105450972522e-01 0.000000000000000e+00 0.000000000000000e+00 0.000000000000000e+00 1.207182234987876e+00 0.000000000000000e+00 0.000000000000000e+00 0.000000000000000e+00 1.134272211020845e+00 1.134272211020845e+00 0.000000000000000e+00
1.512075160032000e+01 7.866276114682552e-01 7.866276114682552e-01 0.000000000000000e+00 0.000000000000000e+00 0.000000000000000e+00 1.098127880205061e+00 0.000000000000000e+00 0.000000000000000e+00 0.000000000000000e+00 1.032098527089116e+00 1.032098527089116e+00 0.000000000000000e+00
1.520804465195000e+01 7.112557522159344e-01 7.112557522159344e-01 0.000000000000000e+00 0.000000000000000e+00 0.000000000000000e+00 9.921021381566525e-01 0.000000000000000e+00 0.000000000000000e+00 0.000000000000000e+00 9.327403149359845e-01 9.327403149359845e-01 0.000000000000000e+00
1.529584165186000e+01 6.380267972519219e-01 6.380267972519219e-01 0.000000000000000e+00 0.000000000000000e+00 0.000000000000000e+00 8.891472314092641e-01 0.000000000000000e+00 0.000000000000000e+00 0.000000000000000e+00 8.362375951751057e-01 8.362375951751057e-01 0.000000000000000e+00
1.538414550938000e+01 5.669916122091532e-01 5.669916122091532e-01 0.000000000000000e+00 0.000000000000000e+00 0.000000000000000e+00 7.893365929198314e-01 0.000000000000000e+00 0.000000000000000e+00 0.000000000000000e+00 7.426595503325303e-01 7.426595503325303e-01 0.000000000000000e+00
1.547295915063000e+01 4.981821633790531e-01 4.981821633790531e-01 0.000000000000000e+00 0.000000000000000e+00 0.000000000000000e+00 6.927105537333014e-01 0.000000000000000e+00 0.000000000000000e+00 0.000000000000000e+00 6.520449262484732e-01 6.520449262484732e-01 0.000000000000000e+00
1.556228551863000e+01 4.315996514229207e-01 4.315996514229207e-01 0.000000000000000e+00 0.000000000000000e+00 0.000000000000000e+00 5.992740830340013e-01 0.000000000000000e+00 0.000000000000000e+00 0.000000000000000e+00 5.643977125496696e-01 5.643977125496696e-01 0.000000000000000e+00
1.565212757338000e+01 3.672875209521839e-01 3.672875209521839e-01 0.000000000000000e+00 0.000000000000000e+00 0.000000000000000e+00 5.090828204794016e-01 0.000000000000000e+00 0.000000000000000e+00 0.000000000000000e+00 4.797713579591865e-01 4.797713579591865e-01 0.000000000000000e+00
1.574248829197000e+01 3.052524705527766e-01 3.052524705527766e-01 0.000000000000000e+00 0.000000000000000e+00 0.000000000000000e+00 4.221505302166866e-01 0.000000000000000e+00 0.000000000000000e+00 0.000000000000000e+00 3.981819354746166e-01 3.981819354746166e-01 0.000000000000000e+00
1.583337066869000e+01 2.455196549858385e-01 2.455196549858385e-01 0.000000000000000e+00 0.000000000000000e+00 0.000000000000000e+00 3.385042565334312e-01 0.000000000000000e+00 0.000000000000000e+00 0.000000000000000e+00 3.196457751930382e-01 3.196457751930382e-01 0.000000000000000e+00
1.592477771509000e+01 1.881307854098002e-01 1.881307854098002e-01 0.000000000000000e+00 0.000000000000000e+00 0.000000000000000e+00 2.582044702916524e-01 0.000000000000000e+00 0.000000000000000e+00 0.000000000000000e+00 2.442321990444535e-01 2.442321990444535e-01 0.000000000000000e+00
1.601671246012000e+01 1.330704178632209e-01 1.330704178632209e-01 0.000000000000000e+00 0.000000000000000e+00 0.000000000000000e+00 1.812278371207562e-01 0.000000000000000e+00 0.000000000000000e+00 0.000000000000000e+00 1.719126904514816e-01 1.719126904514816e-01 0.000000000000000e+00
1.610917795024000e+01 8.037416824266157e-02 8.037416824266157e-02 0.000000000000000e+00 0.000000000000000e+00 0.000000000000000e+00 1.076217455801315e-01 0.000000000000000e+00 0.000000000000000e+00 0.000000000000000e+00 1.027332805461654e-01 1.027332805461654e-01 0.000000000000000e+00
1.620217724945000e+01 3.008069550534506e-02 3.008069550534506e-02 0.000000000000000e+00 0.000000000000000e+00 0.000000000000000e+00 3.743927523344209e-02 0.000000000000000e+00 0.000000000000000e+00 0.000000000000000e+00 3.674713164674581e-02 3.674713164674581e-02 0.000000000000000e+00
1.629571343948000e+01 -1.784033722258056e-02 -1.784033722258056e-02 0.000000000000000e+00 0.000000000000000e+00 0.000000000000000e+00 -2.936616546894428e-02 0.000000000000000e+00 0.000000000000000e+00 0.000000000000000e+00 -2.608832618216181e-02 -2.608832618216181e-02 0.000000000000000e+00
1.638978961982000e+01 -6.334794419310495e-02 -6.334794419310495e-02 0.000000000000000e+00 0.000000000000000e+00 0.000000000000000e+00 -9.273701684764317e-02 0.000000000000000e+00 0.000000000000000e+00 0.000000000000000e+00 -8.572360445718352e-02 -8.572360445718352e-02 0.000000000000000e+00
1.648440890788000e+01 -1.064314991894269e-01 -1.064314991894269e-01 0.000000000000000e+00 0.000000000000000e+00 0.000000000000000e+00 -1.526609595848182e-01 0.000000000000000e+00 0.000000000000000e+00 0.000000000000000e+00 -1.421410885361704e-01 -1.421410885361704e-01 0.000000000000000e+00
1.657957443905000e+01 -1.471050618054007e-01 -1.471050618054007e-01 0.000000000000000e+00 0.000000000000000e+00 0.000000000000000e+00 -2.091626584725838e-01 0.000000000000000e+00 0.000000000000000e+00 0.000000000000000e+00 -1.953635934441985e-01 -1.953635934441985e-01 0.000000000000000e+00
1.667528936683000e+01 -1.853180935297394e-01 -1.853180935297394e-01 0.000000000000000e+00 0.000000000000000e+00 0.000000000000000e+00 -2.621735905335472e-01 0.000000000000000e+00 0.000000000000000e+00 0.000000000000000e+00 -2.453257323677166e-01 -2.453257323677166e-01 0.000000000000000e+00
1.677155686292000e+01 -2.211672749842026e-01 -2.211672749842026e-01 0.000000000000000e+00 0.000000000000000e+00 0.000000000000000e+00 -3.118298276487585e-01 0.000000000000000e+00 0.000000000000000e+00 0.000000000000000e+00 -2.921537266424284e-01 -2.921537266424284e-01 0.000000000000000e+00
1.686838011733000e+01 -2.545240096352642e-01 -2.545240096352642e-01 0.000000000000000e+00 0.000000000000000e+00 0.000000000000000e+00 -3.579576202045140e-01 0.000000000000000e+00 0.000000000000000e+00 0.000000000000000e+00 -3.356848463060151e-01 -3.356848463060151e-01 0.000000000000000e+00
1.696576233848000e+01 -2.855071792021817e-01 -2.855071792021817e-01 0.000000000000000e+00 0.000000000000000e+00 0.000000000000000e+00 -4.007243955689272e-01 0.000000000000000e+00 0.000000000000000e+00 0.000000000000000e+00 -3.760752994148610e-01 -3.760752994148610e-01 0.000000000000000e+00
1.706370675333000e+01 -3.140395322159614e-01 -3.140395322159614e-01 0.000000000000000e+00 0.000000000000000e+00 0.000000000000000e+00 -4.400268977150393e-01 0.000000000000000e+00 0.000000000000000e+00 0.000000000000000e+00 -4.132253891926198e-01 -4.132253891926198e-01 0.000000000000000e+00
1.716221660746000e+01 -3.401608974690891e-01 -3.401608974690891e-01 0.000000000000000e+00 0.000000000000000e+00 0.000000000000000e+00 -4.759238961944798e-01 0.000000000000000e+00 0.000000000000000e+00 0.000000000000000e+00 -4.471870926267071e-01 -4.471870926267071e-01 0.000000000000000e+00
1.726129516519000e+01 -3.638794174047171e-01 -3.638794174047171e-01 0.000000000000000e+00 0.000000000000000e+00 0.000000000000000e+00 -5.084318500363239e-01 0.000000000000000e+00 0.000000000000000e+00 0.000000000000000e+00 -4.779791719967763e-01 -4.779791719967763e-01 0.000000000000000e+00
1.736094570967000e+01 -3.852644992379471e-01 -3.852644992379471e-01 0.000000000000000e+00 0.000000000000000e+00 0.000000000000000e+00 -5.376497122739082e-01 0.000000000000000e+00 0.000000000000000e+00 0.000000000000000e+00 -5.056885030225606e-01 -5.056885030225606e-01 0.000000000000000e+00
1.746117154302000e+01 -4.042660912544007e-01 -4.042660912544007e-01 0.000000000000000e+00 0.000000000000000e+00 0.000000000000000e+00 -5.635138831258173e-01 0.000000000000000e+00 0.000000000000000e+00 0.000000000000000e+00 -5.302549035230980e-01 -5.302549035230980e-01 0.000000000000000e+00
1.756197598642000e+01 -4.209468377339265e-01 -4.209468377339265e-01 0.000000000000000e+00 0.000000000000000e+00 0.000000000000000e+00 -5.861152850209252e-01 0.000000000000000e+00 0.000000000000000e+00 0.000000000000000e+00 -5.517624571604021e-01 -5.517624571604021e-01 0.000000000000000e+00
1.766336238023000e+01 -4.353188631098243e-01 -4.353188631098243e-01 0.000000000000000e+00 0.000000000000000e+00 0.000000000000000e+00 -6.054760400804629e-01 0.000000000000000e+00 0.000000000000000e+00 0.000000000000000e+00 -5.702299400494951e-01 -5.702299400494951e-01 0.000000000000000e+00
1.776533408407000e+01 -4.474311883137125e-01 -4.474311883137125e-01 0.000000000000000e+00 0.000000000000000e+00 0.000000000000000e+00 -6.216681547234117e-01 0.000000000000000e+00 0.000000000000000e+00 0.000000000000000e+00 -5.857235550272755e-01 -5.857235550272755e-01 0.000000000000000e+00
1.786789447698000e+01 -4.573051330049255e-01 -4.573051330049255e-01 0.000000000000000e+00 0.000000000000000e+00 0.000000000000000e+00 -6.347271217203476e-01 0.000000000000000e+00 0.000000000000000e+00 0.000000000000000e+00 -5.982744991712707e-01 -5.982744991712707e-01 0.000000000000000e+00
1.797104695751000e+01 -4.649888478599864e-01 -4.649888478599864e-01 0.000000000000000e+00 0.000000000000000e+00 0.000000000000000e+00 -6.447245939508680e-01 0.000000000000000e+00 0.000000000000000e+00 0.000000000000000e+00 -6.079487849679577e-01 -6.079487849679577e-01 0.000000000000000e+00
1.807479494380000e+01 -4.705290731112556e-01 -4.705290731112556e-01 0.000000000000000e+00 0.000000000000000e+00 0.000000000000000e+00 -6.517316302479088e-01 0.000000000000000e+00 0.000000000000000e+00 0.000000000000000e+00 -6.148100587922969e-01 -6.148100587922969e-01 0.000000000000000e+00
1.817914187375000e+01 -4.739524325614795e-01 -4.739524325614795e-01 0.000000000000000e+00 0.000000000000000e+00 0.000000000000000e+00 -6.557898411769285e-01 0.000000000000000e+00 0.000000000000000e+00 0.000000000000000e+00 -6.188960082038708e-01 -6.188960082038708e-01 0.000000000000000e+00
1.828409120511000e+01 -4.753721524154280e-01 -4.753721524154280e-01 0.000000000000000e+00 0.000000000000000e+00 0.000000000000000e+00 -6.570616115292324e-01 0.000000000000000e+00 0.000000000000000e+00 0.000000000000000e+00 -6.203579505413018e-01 -6.203579505413018e-01 0.000000000000000e+00
1.838964641557000e+01 -4.747720439187634e-01 -4.747720439187634e-01 0.000000000000000e+00 0.000000000000000e+00 0.000000000000000e+00 -6.555308323883413e-01 0.000000000000000e+00 0.000000000000000e+00 0.000000000000000e+00 -6.191778328374723e-01 -6.191778328374723e-01 0.000000000000000e+00
1.849581100290000e+01 -4.723016924546531e-01 -4.723016924546531e-01 0.000000000000000e+00 0.000000000000000e+00 0.000000000000000e+00 -6.514099236065284e-01 0.000000000000000e+00 0.000000000000000e+00 0.000000000000000e+00 -6.155540932214798e-01 -6.155540932214798e-01 0.000000000000000e+00
1.860258848509000e+01 -4.679163013120439e-01 -4.679163013120439e-01 0.000000000000000e+00 0.000000000000000e+00 0.000000000000000e+00 -6.446441467649033e-01 0.000000000000000e+00 0.000000000000000e+00 0.000000000000000e+00 -6.094324008891467e-01 -6.094324008891467e-01 0.000000000000000e+00
1.870998240041000e+01 -4.618041015463605e-01 -4.618041015463605e-01 0.000000000000000e+00 0.000000000000000e+00 0.000000000000000e+00 -6.354972263485994e-01 0.000000000000000e+00 0.000000000000000e+00 0.000000000000000e+00 -6.010602708668917e-01 -6.010602708668917e-01 0.000000000000000e+00
1.881799630757000e+01 -4.539564894949510e-01 -4.539564894949510e-01 0.000000000000000e+00 0.000000000000000e+00 0.000000000000000e+00 -6.239659539665537e-01 0.000000000000000e+00 0.000000000000000e+00 0.000000000000000e+00 -5.904300042780881e-01 -5.904300042780881e-01 0.000000000000000e+00
1.892663378582000e+01 -4.445074057968874e-01 -4.445074057968874e-01 0.000000000000000e+00 0.000000000000000e+00 0.000000000000000e+00 -6.102408670548822e-01 0.000000000000000e+00 0.000000000000000e+00 0.000000000000000e+00 -5.777222670497349e-01 -5.777222670497349e-01 0.000000000000000e+00
1.903589843508000e+01 -4.335076958803399e-01 -4.335076958803399e-01 0.000000000000000e+00 0.000000000000000e+00 0.000000000000000e+00 -5.943960566486127e-01 0.000000000000000e+00 0.000000000000000e+00 0.000000000000000e+00 -5.630028692417456e-01 -5.630028692417456e-01 0.000000000000000e+00
1.914579387604000e+01 -4.210692093329220e-01 -4.210692093329220e-01 0.000000000000000e+00 0.000000000000000e+00 0.000000000000000e+00 -5.765951945075836e-01 0.000000000000000e+00 0.000000000000000e+00 0.000000000000000e+00 -5.464236722250410e-01 -5.464236722250410e-01 0.000000000000000e+00
1.925632375030000e+01 -4.072593447617681e-01 -4.072593447617681e-01 0.000000000000000e+00 0.000000000000000e+00 0.000000000000000e+00 -5.569341750742569e-01 0.000000000000000e+00 0.000000000000000e+00 0.000000000000000e+00 -5.280742125349652e-01 -5.280742125349652e-01 0.000000000000000e+00
1.936749172049000e+01 -3.921849753005339e-01 -3.921849753005339e-01 0.000000000000000e+00 0.000000000000000e+00 0.000000000000000e+00 -5.355677520940575e-01 0.000000000000000e+00 0.000000000000000e+00 0.000000000000000e+00 -5.080969429570401e-01 -5.080969429570401e-01 0.000000000000000e+00
1.947930147038000e+01 -3.759613626842828e-01 -3.759613626842828e-01 0.000000000000000e+00 0.000000000000000e+00 0.000000000000000e+00 -5.126600881133547e-01 0.000000000000000e+00 0.000000000000000e+00 0.000000000000000e+00 -4.866466541377735e-01 -4.866466541377735e-01 0.000000000000000e+00
1.959175670500000e+01 -3.586896899351297e-01 -3.586896899351297e-01 0.000000000000000e+00 0.000000000000000e+00 0.000000000000000e+00 -4.883553289544337e-01 0.000000000000000e+00 0.000000000000000e+00 0.000000000000000e+00 -4.638568240458232e-01 -4.638568240458232e-01 0.000000000000000e+00
1.970486115077000e+01 -3.404429092900834e-01 -3.404429092900834e-01 0.000000000000000e+00 0.000000000000000e+00 0.000000000000000e+00 -4.627595979295827e-01 0.000000000000000e+00 0.000000000000000e+00 0.000000000000000e+00 -4.398257029466430e-01 -4.398257029466430e-01 0.000000000000000e+00
1.981861855564000e+01 -3.213785115787368e-01 -3.213785115787368e-01 0.000000000000000e+00 0.000000000000000e+00 0.000000000000000e+00 -4.360946928824409e-01 0.000000000000000e+00 0.000000000000000e+00 0.000000000000000e+00 -4.147611879701494e-01 -4.147611879701494e-01 0.000000000000000e+00
1.993303268917000e+01 -3.015939714617999e-01 -3.015939714617999e-01 0.000000000000000e+00 0.000000000000000e+00 0.000000000000000e+00 -4.084983649852632e-01 0.000000000000000e+00 0.000000000000000e+00 0.000000000000000e+00 -3.887920473609339e-01 -3.887920473609339e-01 0.000000000000000e+00
2.004810734270000e+01 -2.811909152601858e-01 -2.811909152601858e-01 0.000000000000000e+00 0.000000000000000e+00 0.000000000000000e+00 -3.801161059340729e-01 0.000000000000000e+00 0.000000000000000e+00 0.000000000000000e+00 -3.620539718166107e-01 -3.620539718166107e-01 0.000000000000000e+00
2.016384632945000e+01 -2.602719886476762e-01 -2.602719886476762e-01 0.000000000000000e+00 0.000000000000000e+00 0.000000000000000e+00 -3.510910882712813e-01 0.000000000000000e+00 0.000000000000000e+00 0.000000000000000e+00 -3.346814224567174e-01 -3.346814224567174e-01 0.000000000000000e+00
2.028025348467000e+01 -2.390063720103872e-01 -2.390063720103872e-01 0.000000000000000e+00 0.000000000000000e+00 0.000000000000000e+00 -3.216604033310896e-01 0.000000000000000e+00 0.000000000000000e+00 0.000000000000000e+00 -3.068971746876386e-01 -3.068971746876386e-01 0.000000000000000e+00
2.039733266573000e+01 -2.174372386574237e-01 -2.174372386574237e-01 0.000000000000000e+00 0.000000000000000e+00 0.000000000000000e+00 -2.918857864634199e-01 0.000000000000000e+00 0.000000000000000e+00 0.000000000000000e+00 -2.787593449536077e-01 -2.787593449536077e-01 0.000000000000000e+00
2.051508775227000e+01 -1.957710697451665e-01 -1.957710697451665e-01 0.000000000000000e+00 0.000000000000000e+00 0.000000000000000e+00 -2.620521244807127e-01 0.000000000000000e+00 0.000000000000000e+00 0.000000000000000e+00 -2.505360465280416e-01 -2.505360465280416e-01 0.000000000000000e+00
2.063352264635000e+01 -1.740172632800750e-01 -1.740172632800750e-01 0.000000000000000e+00 0.000000000000000e+00 0.000000000000000e+00 -2.321769941448042e-01 0.000000000000000e+00 0.000000000000000e+00 0.000000000000000e+00 -2.222429137822463e-01 -2.222429137822463e-01 0.000000000000000e+00
2.075264127254000e+01 -1.524117751330468e-01 -1.524117751330468e-01 0.000000000000000e+00 0.000000000000000e+00 0.000000000000000e+00 -2.025810912408125e-01 0.000000000000000e+00 0.000000000000000e+00 0.000000000000000e+00 -1.941846133692702e-01 -1.941846133692702e-01 0.000000000000000e+00
2.087244757806000e+01 -1.309738855561573e-01 -1.309738855561573e-01 0.000000000000000e+00 0.000000000000000e+00 0.000000000000000e+00 -1.732946453658995e-01 0.000000000000000e+00 0.000000000000000e+00 0.000000000000000e+00 -1.663886029212161e-01 -1.663886029212161e-01 0.000000000000000e+00
2.099294553293000e+01 -1.099066552611647e-01 -1.099066552611647e-01 0.000000000000000e+00 0.000000000000000e+00 0.000000000000000e+00 -1.445938925247356e-01 0.000000000000000e+00 0.000000000000000e+00 0.000000000000000e+00 -1.391175535205902e-01 -1.391175535205902e-01 0.000000000000000e+00
2.111413913008000e+01 -8.920327250352662e-02 -8.920327250352662e-02 0.000000000000000e+00 0.000000000000000e+00 0.000000000000000e+00 -1.164709939790764e-01 0.000000000000000e+00 0.000000000000000e+00 0.000000000000000e+00 -1.123630347972163e-01 -1.123630347972163e-01 0.000000000000000e+00
2.123603238550000e+01 -6.908992022436565e-02 -6.908992022436565e-02 0.000000000000000e+00 0.000000000000000e+00 0.000000000000000e+00 -8.923137688026772e-02 0.000000000000000e+00 0.000000000000000e+00 0.000000000000000e+00 -8.641719313860519e-02 -8.641719313860519e-02 0.000000000000000e+00
2.135862933837000e+01 -4.960694856575600e-02 -4.960694856575600e-02 0.000000000000000e+00 0.000000000000000e+00 0.000000000000000e+00 -6.292931617421837e-02 0.000000000000000e+00 0.000000000000000e+00 0.000000000000000e+00 -6.133168735673595e-02 -6.133168735673595e-02 0.000000000000000e+00
2.148193405117000e+01 -3.087191868969677e-02 -3.087191868969677e-02 0.000000000000000e+00 0.000000000000000e+00 0.000000000000000e+00 -3.772249975026128e-02 0.000000000000000e+00 0.000000000000000e+00 0.000000000000000e+00 -3.725741289814190e-02 -3.725741289814190e-02 0.000000000000000e+00
2.160595060985000e+01 -1.300882131025107e-02 -1.300882131025107e-02 0.000000000000000e+00 0.000000000000000e+00 0.000000000000000e+00 -1.377555000097317e-02 0.000000000000000e+00 0.000000000000000e+00 0.000000000000000e+00 -1.435229159363840e-02 -1.435229159363840e-02 0.000000000000000e+00
2.173068312393000e+01 3.978955258664107e-03 3.978955258664107e-03 0.000000000000000e+00 0.000000000000000e+00 0.000000000000000e+00 8.908760418875070e-03 0.000000000000000e+00 0.000000000000000e+00 0.000000000000000e+00 7.379869221731205e-03 7.379869221731205e-03 0.000000000000000e+00
2.185613572668000e+01 1.989465613573912e-02 1.989465613573912e-02 0.000000000000000e+00 0.000000000000000e+00 0.000000000000000e+00 3.007099215068066e-02 0.000000000000000e+00 0.000000000000000e+00 0.000000000000000e+00 2.768938561360561e-02 2.768938561360561e-02 0.000000000000000e+00
2.198231257520000e+01 3.478964969013107e-02 3.478964969013107e-02 0.000000000000000e+00 0.000000000000000e+00 0.000000000000000e+00 4.978203459250512e-02 0.000000000000000e+00 0.000000000000000e+00 0.000000000000000e+00 4.664293011024115e-02 4.664293011024115e-02 0.000000000000000e+00
2.210921785062000e+01 4.849596269136525e-02 4.849596269136525e-02 0.000000000000000e+00 0.000000000000000e+00 0.000000000000000e+00 6.782373860569620e-02 0.000000000000000e+00 0.000000000000000e+00 0.000000000000000e+00 6.402905031305865e-02 6.402905031305865e-02 0.000000000000000e+00
2.223685575820000e+01 6.096274853516839e-02 6.096274853516839e-02 0.000000000000000e+00 0.000000000000000e+00 0.000000000000000e+00 8.413410371569170e-02 0.000000000000000e+00 0.000000000000000e+00 0.000000000000000e+00 7.978586012882072e-02 7.978586012882072e-02 0.000000000000000e+00
2.236523052745000e+01 7.219189773817053e-02 7.219189773817053e-02 0.000000000000000e+00 0.000000000000000e+00 0.000000000000000e+00 9.872081705337526e-02 0.000000000000000e+00 0.000000000000000e+00 0.000000000000000e+00 9.391845926857685e-02 9.391845926857685e-02 0.000000000000000e+00
2.249434641233000e+01 8.210434672462126e-02 8.210434672462126e-02 0.000000000000000e+00 0.000000000000000e+00 0.000000000000000e+00 1.114874660180973e-01 0.000000000000000e+00 0.000000000000000e+00 0.000000000000000e+00 1.063307962478335e-01 1.063307962478335e-01 0.000000000000000e+00
2.262420769135000e+01 9.068549184368262e-02 9.068549184368262e-02 0.000000000000000e+00 0.000000000000000e+00 0.000000000000000e+00 1.224219659698272e-01 0.000000000000000e+00 0.000000000000000e+00 0.000000000000000e+00 1.170082244514353e-01 1.170082244514353e-01 0.000000000000000e+00
2.275481866772000e+01 9.787181252049823e-02 9.787181252049823e-02 0.000000000000000e+00 0.000000000000000e+00 0.000000000000000e+00 1.314498574846777e-01 0.000000000000000e+00 0.000000000000000e+00 0.000000000000000e+00 1.258751665514855e-01 1.258751665514855e-01 0.000000000000000e+00
2.288618366948000e+01 1.037097672264822e-01 1.037097672264822e-01 0.000000000000000e+00 0.000000000000000e+00 0.000000000000000e+00 1.386414608931482e-01 0.000000000000000e+00 0.000000000000000e+00 0.000000000000000e+00 1.329956346132599e-01 1.329956346132599e-01 0.000000000000000e+00
2.301830704967000e+01 1.081607701428804e-01 1.081607701428804e-01 0.000000000000000e+00 0.000000000000000e+00 0.000000000000000e+00 1.439568490462386e-01 0.000000000000000e+00 0.000000000000000e+00 0.000000000000000e+00 1.383266894354382e-01 1.383266894354382e-01 0.000000000000000e+00
2.315119318647000e+01 1.112597691968567e-01 1.112597691968567e-01 0.000000000000000e+00 0.000000000000000e+00 0.000000000000000e+00 1.474528399239712e-01 0.000000000000000e+00 0.000000000000000e+00 0.000000000000000e+00 1.419186428596756e-01 1.419186428596756e-01 0.000000000000000e+00
2.328484648330000e+01 1.129996223750450e-01 1.129996223750450e-01 0.000000000000000e+00 0.000000000000000e+00 0.000000000000000e+00 1.491321748720241e-01 0.000000000000000e+00 0.000000000000000e+00 0.000000000000000e+00 1.437685927348723e-01 1.437685927348723e-01 0.000000000000000e+00
2.341927136903000e+01 1.134588218904377e-01 1.134588218904377e-01 0.000000000000000e+00 0.000000000000000e+00 0.000000000000000e+00 1.491080904619092e-01 0.000000000000000e+00 0.000000000000000e+00 0.000000000000000e+00 1.439834394827948e-01 1.439834394827948e-01 0.000000000000000e+00
2.355447229810000e+01 1.126340473439755e-01 1.126340473439755e-01 0.000000000000000e+00 0.000000000000000e+00 0.000000000000000e+00 1.473903071161723e-01 0.000000000000000e+00 0.000000000000000e+00 0.000000000000000e+00 1.425645878559831e-01 1.425645878559831e-01 0.000000000000000e+00
2.369045375065000e+01 1.106137417655044e-01 1.106137417655044e-01 0.000000000000000e+00 0.000000000000000e+00 0.000000000000000e+00 1.441077353189932e-01 0.000000000000000e+00 0.000000000000000e+00 0.000000000000000e+00 1.396329900060083e-01 1.396329900060083e-01 0.000000000000000e+00
2.382722023269000e+01 1.074426141318320e-01 1.074426141318320e-01 0.000000000000000e+00 0.000000000000000e+00 0.000000000000000e+00 1.393305802380939e-01 0.000000000000000e+00 0.000000000000000e+00 0.000000000000000e+00 1.352521020385797e-01 1.352521020385797e-01 0.000000000000000e+00
2.396477627625000e+01 1.032143388395662e-01 1.032143388395662e-01 0.000000000000000e+00 0.000000000000000e+00 0.000000000000000e+00 1.331941464308818e-01 0.000000000000000e+00 0.000000000000000e+00 0.000000000000000e+00 1.295460740281738e-01 1.295460740281738e-01 0.000000000000000e+00
2.410312643952000e+01 9.800179517355398e-02 9.800179517355398e-02 0.000000000000000e+00 0.000000000000000e+00 0.000000000000000e+00 1.258060635724840e-01 0.000000000000000e+00 0.000000000000000e+00 0.000000000000000e+00 1.226153178527269e-01 1.226153178527269e-01 0.000000000000000e+00
2.424227530699000e+01 9.190248139594338e-02 9.190248139594338e-02 0.000000000000000e+00 0.000000000000000e+00 0.000000000000000e+00 1.173052836162000e-01 0.000000000000000e+00 0.000000000000000e+00 0.000000000000000e+00 1.145886117252300e-01 1.145886117252300e-01 0.000000000000000e+00
2.438222748964000e+01 8.502264575901444e-02 8.502264575901444e-02 0.000000000000000e+00 0.000000000000000e+00 0.000000000000000e+00 1.078419904349932e-01 0.000000000000000e+00 0.000000000000000e+00 0.000000000000000e+00 1.056072304935893e-01 1.056072304935893e-01 0.000000000000000e+00
2.452298762506000e+01 7.746789278271363e-02 7.746789278271363e-02 0.000000000000000e+00 0.000000000000000e+00 0.000000000000000e+00 9.756404825088545e-02 0.000000000000000e+00 0.000000000000000e+00 0.000000000000000e+00 9.581035187356426e-02 9.581035187356426e-02 0.000000000000000e+00
2.466456037761000e+01 6.935298117941258e-02 6.935298117941258e-02 0.000000000000000e+00 0.000000000000000e+00 0.000000000000000e+00 8.662992573386000e-02 0.000000000000000e+00 0.000000000000000e+00 0.000000000000000e+00 8.534750032955642e-02 8.534750032955642e-02 0.000000000000000e+00
2.480695043858000e+01 6.079781270400021e-02 6.079781270400021e-02 0.000000000000000e+00 0.000000000000000e+00 0.000000000000000e+00 7.520470316393781e-02 0.000000000000000e+00 0.000000000000000e+00 0.000000000000000e+00 7.437635781206087e-02 7.437635781206087e-02 0.000000000000000e+00
2.495016252635000e+01 5.192110000268368e-02 5.192110000268368e-02 0.000000000000000e+00 0.000000000000000e+00 0.000000000000000e+00 6.344878898795531e-02 0.000000000000000e+00 0.000000000000000e+00 0.000000000000000e+00 6.304948379224123e-02 6.304948379224123e-02 0.000000000000000e+00
2.509420138651000e+01 4.285870083394911e-02 4.285870083394911e-02 0.000000000000000e+00 0.000000000000000e+00 0.000000000000000e+00 5.154477465822867e-02 0.000000000000000e+00 0.000000000000000e+00 0.000000000000000e+00 5.154119544332229e-02 5.154119544332229e-02 0.000000000000000e+00
2.523907179210000e+01 3.372720834045011e-02 3.372720834045011e-02 0.000000000000000e+00 0.000000000000000e+00 0.000000000000000e+00 3.964736327056249e-02 0.000000000000000e+00 0.000000000000000e+00 0.000000000000000e+00 4.000177159378440e-02 4.000177159378440e-02 0.000000000000000e+00
2.538477854366000e+01 2.464992719001467e-02 2.464992719001467e-02 0.000000000000000e+00 0.000000000000000e+00 0.000000000000000e+00 2.791853358174063e-02 0.000000000000000e+00 0.000000000000000e+00 0.000000000000000e+00 2.858697932502860e-02 2.858697932502860e-02 0.000000000000000e+00
2.553132646948000e+01 1.575808385515892e-02 1.575808385515892e-02 0.000000000000000e+00 0.000000000000000e+00 0.000000000000000e+00 1.652844494564645e-02 0.000000000000000e+00 0.000000000000000e+00 0.000000000000000e+00 1.746265058675503e-02 1.746265058675503e-02 0.000000000000000e+00
2.567872042570000e+01 7.160479017471659e-03 7.160479017471659e-03 0.000000000000000e+00 0.000000000000000e+00 0.000000000000000e+00 5.616331608743449e-03 0.000000000000000e+00 0.000000000000000e+00 0.000000000000000e+00 6.764860487963653e-03 6.764860487963653e-03 0.000000000000000e+00
2.582696529652000e+01 -1.021290206771433e-03 -1.021290206771433e-03 0.000000000000000e+00 0.000000000000000e+00 0.000000000000000e+00 -4.664302491194370e-03 0.000000000000000e+00 0.000000000000000e+00 0.000000000000000e+00 -3.355304085469234e-03 -3.355304085469234e-03 0.000000000000000e+00
2.597606599432000e+01 -8.687645346976950e-03 -8.687645346976950e-03 0.000000000000000e+00 0.000000000000000e+00 0.000000000000000e+00 -1.419085927972015e-02 0.000000000000000e+00 0.000000000000000e+00 0.000000000000000e+00 -1.277633981622436e-02 -1.277633981622436e-02 0.000000000000000e+00
2.612602745985000e+01 -1.574131852868704e-02 -1.574131852868704e-02 0.000000000000000e+00 0.000000000000000e+00 0.000000000000000e+00 -2.284524713242311e-02 0.000000000000000e+00 0.000000000000000e+00 0.000000000000000e+00 -2.137989444631070e-02 -2.137989444631070e-02 0.000000000000000e+00
2.627685466236000e+01 -2.210033815868927e-02 -2.210033815868927e-02 0.000000000000000e+00 0.000000000000000e+00 0.000000000000000e+00 -3.053103584056172e-02 0.000000000000000e+00 0.000000000000000e+00 0.000000000000000e+00 -2.906888557740126e-02 -2.906888557740126e-02 0.000000000000000e+00
2.642855259981000e+01 -2.768217256493994e-02 -2.768217256493994e-02 0.000000000000000e+00 0.000000000000000e+00 0.000000000000000e+00 -3.715404673983530e-02 0.000000000000000e+00 0.000000000000000e+00 0.000000000000000e+00 -3.574477789580360e-02 -3.574477789580360e-02 0.000000000000000e+00
2.658112629901000e+01 -3.243343234138243e-02 -3.243343234138243e-02 0.000000000000000e+00 0.000000000000000e+00 0.000000000000000e+00 -4.265722531619213e-02 0.000000000000000e+00 0.000000000000000e+00 0.000000000000000e+00 -4.134803251662390e-02 -4.134803251662390e-02 0.000000000000000e+00
2.673458081580000e+01 -3.630288928636652e-02 -3.630288928636652e-02 0.000000000000000e+00 0.000000000000000e+00 0.000000000000000e+00 -4.699001183411252e-02 0.000000000000000e+00 0.000000000000000e+00 0.000000000000000e+00 -4.582271635364135e-02 -4.582271635364135e-02 0.000000000000000e+00
2.688892123517000e+01 -3.926201280051293e-02 -3.926201280051293e-02 0.000000000000000e+00 0.000000000000000e+00 0.000000000000000e+00 -5.013130292002641e-02 0.000000000000000e+00 0.000000000000000e+00 0.000000000000000e+00 -4.914178538982905e-02 -4.914178538982905e-02 0.000000000000000e+00
2.704415267151000e+01 -4.128889128170706e-02 -4.128889128170706e-02 0.000000000000000e+00 0.000000000000000e+00 0.000000000000000e+00 -5.206940128555319e-02 0.000000000000000e+00 0.000000000000000e+00 0.000000000000000e+00 -5.128751425922376e-02 -5.128751425922376e-02 0.000000000000000e+00
2.720028026871000e+01 -4.239145545011698e-02 -4.239145545011698e-02 0.000000000000000e+00 0.000000000000000e+00 0.000000000000000e+00 -5.283106161319137e-02 0.000000000000000e+00 0.000000000000000e+00 0.000000000000000e+00 -5.227883975144767e-02 -5.227883975144767e-02 0.000000000000000e+00
2.735730920037000e+01 -4.257605015625409e-02 -4.257605015625409e-02 0.000000000000000e+00 0.000000000000000e+00 0.000000000000000e+00 -5.244263367046841e-02 0.000000000000000e+00 0.000000000000000e+00 0.000000000000000e+00 -5.213424418278540e-02 -5.213424418278540e-02 0.000000000000000e+00
2.751524466994000e+01 -4.188382748466699e-02 -4.188382748466699e-02 0.000000000000000e+00 0.000000000000000e+00 0.000000000000000e+00 -5.097301101146685e-02 0.000000000000000e+00 0.000000000000000e+00 0.000000000000000e+00 -5.091451872531796e-02 -5.091451872531796e-02 0.000000000000000e+00
2.767409191093000e+01 -4.035345831835642e-02 -4.035345831835642e-02 0.000000000000000e+00 0.000000000000000e+00 0.000000000000000e+00 -4.848961591170342e-02 0.000000000000000e+00 0.000000000000000e+00 0.000000000000000e+00 -4.867849580574650e-02 -4.867849580574650e-02 0.000000000000000e+00
2.783385618704000e+01 -3.805501049328020e-02 -3.805501049328020e-02 0.000000000000000e+00 0.000000000000000e+00 0.000000000000000e+00 -4.509651075014573e-02 0.000000000000000e+00 0.000000000000000e+00 0.000000000000000e+00 -4.552223726844890e-02 -4.552223726844890e-02 0.000000000000000e+00
2.799454279239000e+01 -3.506398231833239e-02 -3.506398231833239e-02 0.000000000000000e+00 0.000000000000000e+00 0.000000000000000e+00 -4.090501871324879e-02 0.000000000000000e+00 0.000000000000000e+00 0.000000000000000e+00 -4.154904433235791e-02 -4.154904433235791e-02 0.000000000000000e+00
2.815615705164000e+01 -3.146750344325876e-02 -3.146750344325876e-02 0.000000000000000e+00 0.000000000000000e+00 0.000000000000000e+00 -3.603846451959176e-02 0.000000000000000e+00 0.000000000000000e+00 0.000000000000000e+00 -3.687409782107425e-02 -3.687409782107425e-02 0.000000000000000e+00
2.831870432019000e+01 -2.736815001397592e-02 -2.736815001397592e-02 0.000000000000000e+00 0.000000000000000e+00 0.000000000000000e+00 -3.063775348301769e-02 0.000000000000000e+00 0.000000000000000e+00 0.000000000000000e+00 -3.163306206705632e-02 -3.163306206705632e-02 0.000000000000000e+00
2.848218998435000e+01 -2.287557985971803e-02 -2.287557985971803e-02 0.000000000000000e+00 0.000000000000000e+00 0.000000000000000e+00 -2.485016228528809e-02 0.000000000000000e+00 0.000000000000000e+00 0.000000000000000e+00 -2.596637590270728e-02 -2.596637590270728e-02 0.000000000000000e+00
2.864661946156000e+01 -1.810341083006168e-02 -1.810341083006168e-02 0.000000000000000e+00 0.000000000000000e+00 0.000000000000000e+00 -1.882556125427229e-02 0.000000000000000e+00 0.000000000000000e+00 0.000000000000000e+00 -2.001983476684657e-02 -2.001983476684657e-02 0.000000000000000e+00
2.881199820050000e+01 -1.317235791189665e-02 -1.317235791189665e-02 0.000000000000000e+00 0.000000000000000e+00 0.000000000000000e+00 -1.271838861890792e-02 0.000000000000000e+00 0.000000000000000e+00 0.000000000000000e+00 -1.394493791979335e-02 -1.394493791979335e-02 0.000000000000000e+00
2.897833168132000e+01 -8.201731302561273e-03 -8.201731302561273e-03 0.000000000000000e+00 0.000000000000000e+00 0.000000000000000e+00 -6.678393566591817e-03 0.000000000000000e+00 0.000000000000000e+00 0.000000000000000e+00 -7.889780296431665e-03 -7.889780296431665e-03 0.000000000000000e+00
2.914562541580000e+01 -3.320574746798949e-03 -3.320574746798949e-03 0.000000000000000e+00 0.000000000000000e+00 0.000000000000000e+00 -8.639571683536934e-04 0.000000000000000e+00 0.000000000000000e+00 0.000000000000000e+00 -2.012605802419128e-03 -2.012605802419128e-03 0.000000000000000e+00
2.931388494755000e+01 1.364305907463558e-03 1.364305907463558e-03 0.000000000000000e+00 0.000000000000000e+00 0.000000000000000e+00 4.597888143258676e-03 0.000000000000000e+00 0.000000000000000e+00 0.000000000000000e+00 3.557775764360478e-03 3.557775764360478e-03 0.000000000000000e+00
2.948311585218000e+01 5.735425174097763e-03 5.735425174097763e-03 0.000000000000000e+00 0.000000000000000e+00 0.000000000000000e+00 9.571451338469700e-03 0.000000000000000e+00 0.000000000000000e+00 0.000000000000000e+00 8.682210225486580e-03 8.682210225486580e-03 0.000000000000000e+00
2.965332373748000e+01 9.699242405000112e-03 9.699242405000112e-03 0.000000000000000e+00 0.000000000000000e+00 0.000000000000000e+00 1.395231518530169e-02 0.000000000000000e+00 0.000000000000000e+00 0.000000000000000e+00 1.325188809703875e-02 1.325188809703875e-02 0.000000000000000e+00
2.982451424363000e+01 1.316089084018250e-02 1.316089084018250e-02 0.000000000000000e+00 0.000000000000000e+00 0.000000000000000e+00 1.764044158857470e-02 0.000000000000000e+00 0.000000000000000e+00 0.000000000000000e+00 1.715981121542972e-02 1.715981121542972e-02 0.000000000000000e+00
2.999669304335000e+01 1.605037531378057e-02 1.605037531378057e-02 0.000000000000000e+00 0.000000000000000e+00 0.000000000000000e+00 2.056726558134798e-02 0.000000000000000e+00 0.000000000000000e+00 0.000000000000000e+00 2.033008883639202e-02 2.033008883639202e-02 0.000000000000000e+00
3.016986584213000e+01 1.830654793375322e-02 1.830654793375322e-02 0.000000000000000e+00 0.000000000000000e+00 0.000000000000000e+00 2.267946952508347e-02 0.000000000000000e+00 0.000000000000000e+00 0.000000000000000e+00 2.270024190265812e-02 2.270024190265812e-02 0.000000000000000e+00
3.034403837839000e+01 1.989051851058187e-02 1.989051851058187e-02 0.000000000000000e+00 0.000000000000000e+00 0.000000000000000e+00 2.395135889737540e-02 0.000000000000000e+00 0.000000000000000e+00 0.000000000000000e+00 2.423525031646374e-02 2.423525031646374e-02 0.000000000000000e+00
3.051921642368000e+01 2.078525366135774e-02 2.078525366135774e-02 0.000000000000000e+00 0.000000000000000e+00 0.000000000000000e+00 2.438602697928760e-02 0.000000000000000e+00 0.000000000000000e+00 0.000000000000000e+00 2.492815396901329e-02 2.492815396901329e-02 0.000000000000000e+00
3.069540578286000e+01 2.098828371145520e-02 2.098828371145520e-02 0.000000000000000e+00 0.000000000000000e+00 0.000000000000000e+00 2.400548895158943e-02 0.000000000000000e+00 0.000000000000000e+00 0.000000000000000e+00 2.479088483804172e-02 2.479088483804172e-02 0.000000000000000e+00
3.087261229431000e+01 2.052013142420668e-02 2.052013142420668e-02 0.000000000000000e+00 0.000000000000000e+00 0.000000000000000e+00 2.285916253207452e-02 0.000000000000000e+00 0.000000000000000e+00 0.000000000000000e+00 2.386219486607316e-02 2.386219486607316e-02 0.000000000000000e+00
3.105084183011000e+01 1.942024465854734e-02 1.942024465854734e-02 0.000000000000000e+00 0.000000000000000e+00 0.000000000000000e+00 2.101759524339202e-02 0.000000000000000e+00 0.000000000000000e+00 0.000000000000000e+00 2.220360626119161e-02 2.220360626119161e-02 0.000000000000000e+00
3.123010029625000e+01 1.775054721596594e-02 1.775054721596594e-02 0.000000000000000e+00 0.000000000000000e+00 0.000000000000000e+00 1.857726273098470e-02 0.000000000000000e+00 0.000000000000000e+00 0.000000000000000e+00 1.990378108793908e-02 1.990378108793908e-02 0.000000000000000e+00
3.141039363281000e+01 1.558503819210703e-02 1.558503819210703e-02 0.000000000000000e+00 0.000000000000000e+00 0.000000000000000e+00 1.564630735271721e-02 0.000000000000000e+00 0.000000000000000e+00 0.000000000000000e+00 1.706355165637407e-02 1.706355165637407e-02 0.000000000000000e+00
3.159172781416000e+01 1.301527220259699e-02 1.301527220259699e-02 0.000000000000000e+00 0.000000000000000e+00 0.000000000000000e+00 1.235060033529552e-02 0.000000000000000e+00 0.000000000000000e+00 0.000000000000000e+00 1.380422601945115e-02 1.380422601945115e-02 0.000000000000000e+00
3.177410884917000e+01 1.014575064555477e-02 1.014575064555477e-02 0.000000000000000e+00 0.000000000000000e+00 0.000000000000000e+00 8.825475995183952e-03 0.000000000000000e+00 0.000000000000000e+00 0.000000000000000e+00 1.025857577049674e-02 1.025857577049674e-02 0.000000000000000e+00
3.195754278138000e+01 7.085568572877112e-03 7.085568572877112e-03 0.000000000000000e+00 0.000000000000000e+00 0.000000000000000e+00 5.208308558850985e-03 0.000000000000000e+00 0.000000000000000e+00 0.000000000000000e+00 6.563204938099140e-03 6.563204938099140e-03 0.000000000000000e+00
3.214203568924000e+01 3.948735441471196e-03 3.948735441471196e-03 0.000000000000000e+00 0.000000000000000e+00 0.000000000000000e+00 1.637092745706088e-03 0.000000000000000e+00 0.000000000000000e+00 0.000000000000000e+00 2.857728295571267e-03 2.857728295571267e-03 0.000000000000000e+00
3.232759368627000e+01 8.569035806624370e-04 8.569035806624370e-04 0.000000000000000e+00 0.000000000000000e+00 0.000000000000000e+00 -1.749703581400039e-03 0.000000000000000e+00 0.000000000000000e+00 0.000000000000000e+00 -7.139680445876756e-04 -7.139680445876756e-04 0.000000000000000e+00
3.251422292132000e+01 -2.078654157814186e-03 -2.078654157814186e-03 0.000000000000000e+00 0.000000000000000e+00 0.000000000000000e+00 -4.829333802680030e-03 0.000000000000000e+00 0.000000000000000e+00 0.000000000000000e+00 -4.022841563157012e-03 -4.022841563157012e-03 0.000000000000000e+00
3.270192957870000e+01 -4.752193510464029e-03 -4.752193510464029e-03 0.000000000000000e+00 0.000000000000000e+00 0.000000000000000e+00 -7.492313291357971e-03 0.000000000000000e+00 0.000000000000000e+00 0.000000000000000e+00 -6.950007040108042e-03 -6.950007040108042e-03 0.000000000000000e+00
3.289071987843000e+01 -7.067957154150302e-03 -7.067957154150302e-03 0.000000000000000e+00 0.000000000000000e+00 0.000000000000000e+00 -9.646979491552807e-03 0.000000000000000e+00 0.000000000000000e+00 0.000000000000000e+00 -9.392379676631228e-03 -9.392379676631228e-03 0.000000000000000e+00
3.308060007646000e+01 -8.946390974744957e-03 -8.946390974744957e-03 0.000000000000000e+00 0.000000000000000e+00 0.000000000000000e+00 -1.122519574026712e-02 0.000000000000000e+00 0.000000000000000e+00 0.000000000000000e+00 -1.126894386967119e-02 -1.126894386967119e-02 0.000000000000000e+00
3.327157646484000e+01 -1.032863952305075e-02 -1.032863952305075e-02 0.000000000000000e+00 0.000000000000000e+00 0.000000000000000e+00 -1.218694172815736e-02 0.000000000000000e+00 0.000000000000000e+00 0.000000000000000e+00 -1.252640178925948e-02 -1.252640178925948e-02 0.000000000000000e+00
3.346365537194000e+01 -1.117273370516774e-02 -1.117273370516774e-02 0.000000000000000e+00 0.000000000000000e+00 0.000000000000000e+00 -1.251411614238007e-02 0.000000000000000e+00 0.000000000000000e+00 0.000000000000000e+00 -1.313177306215744e-02 -1.313177306215744e-02 0.000000000000000e+00
3.365684316267000e+01 -1.146645004345937e-02 -1.146645004345937e-02 0.000000000000000e+00 0.000000000000000e+00 0.000000000000000e+00 -1.222608874754862e-02 0.000000000000000e+00 0.000000000000000e+00 0.000000000000000e+00 -1.309075857262601e-02 -1.309075857262601e-02 0.000000000000000e+00
3.385114623869000e+01 -1.121447223758690e-02 -1.121447223758690e-02 0.000000000000000e+00 0.000000000000000e+00 0.000000000000000e+00 -1.135994301919123e-02 0.000000000000000e+00 0.000000000000000e+00 0.000000000000000e+00 -1.242792433847977e-02 -1.242792433847977e-02 0.000000000000000e+00
3.404657103861000e+01 -1.044936448840656e-02 -1.044936448840656e-02 0.000000000000000e+00 0.000000000000000e+00 0.000000000000000e+00 -9.985135908829233e-03 0.000000000000000e+00 0.000000000000000e+00 0.000000000000000e+00 -1.120131206756223e-02 -1.120131206756223e-02 0.000000000000000e+00
3.424312403820000e+01 -9.224621861973651e-03 -9.224621861973651e-03 0.000000000000000e+00 0.000000000000000e+00 0.000000000000000e+00 -8.189856442801817e-03 0.000000000000000e+00 0.000000000000000e+00 0.000000000000000e+00 -9.490699939380755e-03 -9.490699939380755e-03 0.000000000000000e+00
3.444081175065000e+01 -7.615613453080636e-03 -7.615613453080636e-03 0.000000000000000e+00 0.000000000000000e+00 0.000000000000000e+00 -6.084315039295593e-03 0.000000000000000e+00 0.000000000000000e+00 0.000000000000000e+00 -7.400912012001086e-03 -7.400912012001086e-03 0.000000000000000e+00
3.463964072672000e+01 -5.708910297507240e-03 -5.708910297507240e-03 0.000000000000000e+00 0.000000000000000e+00 0.000000000000000e+00 -3.784015779038629e-03 0.000000000000000e+00 0.000000000000000e+00 0.000000000000000e+00 -5.044813754956547e-03 -5.044813754956547e-03 0.000000000000000e+00
3.483961755499000e+01 -3.613444547698649e-03 -3.613444547698649e-03 0.000000000000000e+00 0.000000000000000e+00 0.000000000000000e+00 -1.422769535186360e-03 0.000000000000000e+00 0.000000000000000e+00 0.000000000000000e+00 -2.558322548284429e-03 -2.558322548284429e-03 0.000000000000000e+00
3.504074886210000e+01 -1.439826320022412e-03 -1.439826320022412e-03 0.000000000000000e+00 0.000000000000000e+00 0.000000000000000e+00 8.726424990602934e-04 0.000000000000000e+00 0.000000000000000e+00 0.000000000000000e+00 -7.393022112523678e-05 -7.393022112523678e-05 0.000000000000000e+00
3.524304131290000e+01 6.977432722061014e-04 6.977432722061014e-04 0.000000000000000e+00 0.000000000000000e+00 0.000000000000000e+00 2.980004799895552e-03 0.000000000000000e+00 0.000000000000000e+00 0.000000000000000e+00 2.276689382001068e-03 2.276689382001068e-03 0.000000000000000e+00
3.544650161078000e+01 2.688768973078301e-03 2.688768973078301e-03 0.000000000000000e+00 0.000000000000000e+00 0.000000000000000e+00 4.790059142169696e-03 0.000000000000000e+00 0.000000000000000e+00 0.000000000000000e+00 4.371410147659243e-03 4.371410147659243e-03 0.000000000000000e+00
3.565113649777000e+01 4.432241599250982e-03 4.432241599250982e-03 0.000000000000000e+00 0.000000000000000e+00 0.000000000000000e+00 6.213829514140338e-03 0.000000000000000e+00 0.000000000000000e+00 0.000000000000000e+00 6.105178089261613e-03 6.105178089261613e-03 0.000000000000000e+00
3.585695275485000e+01 5.842078288129759e-03 5.842078288129759e-03 0.000000000000000e+00 0.000000000000000e+00 0.000000000000000e+00 7.184787107242321e-03 0.000000000000000e+00 0.000000000000000e+00 0.000000000000000e+00 7.393897110132451e-03 7.393897110132451e-03 0.000000000000000e+00
3.606395720216000e+01 6.849504292396492e-03 6.849504292396492e-03 0.000000000000000e+00 0.000000000000000e+00 0.000000000000000e+00 7.663670043104158e-03 0.000000000000000e+00 0.000000000000000e+00 0.000000000000000e+00 8.178870744849737e-03 8.178870744849737e-03 0.000000000000000e+00
3.627215669918000e+01 7.409959679349307e-03 7.409959679349307e-03 0.000000000000000e+00 0.000000000000000e+00 0.000000000000000e+00 7.641806667174102e-03 0.000000000000000e+00 0.000000000000000e+00 0.000000000000000e+00 8.432175553647699e-03 8.432175553647699e-03 0.000000000000000e+00
3.648155814501000e+01 7.507078943858809e-03 7.507078943858809e-03 0.000000000000000e+00 0.000000000000000e+00 0.000000000000000e+00 7.142583041777865e-03 0.000000000000000e+00 0.000000000000000e+00 0.000000000000000e+00 8.159840998078149e-03 8.159840998078149e-03 0.000000000000000e+00
3.669216847858000e+01 7.149765995727483e-03 7.149765995727483e-03 0.000000000000000e+00 0.000000000000000e+00 0.000000000000000e+00 6.216735562358284e-03 0.000000000000000e+00 0.000000000000000e+00 0.000000000000000e+00 7.397017162860092e-03 7.397017162860092e-03 0.000000000000000e+00
3.690399467888000e+01 6.375804627764217e-03 6.375804627764217e-03 0.000000000000000e+00 0.000000000000000e+00 0.000000000000000e+00 4.943587534199274e-03 0.000000000000000e+00 0.000000000000000e+00 0.000000000000000e+00 6.211709248410494e-03 6.211709248410494e-03 0.000000000000000e+00
3.711704376518000e+01 5.246751982429594e-03 5.246751982429594e-03 0.000000000000000e+00 0.000000000000000e+00 0.000000000000000e+00 3.421805201061394e-03 0.000000000000000e+00 0.000000000000000e+00 0.000000000000000e+00 4.695460060818604e-03 4.695460060818604e-03 0.000000000000000e+00
3.733132279727000e+01 3.845245265856343e-03 3.845245265856343e-03 0.000000000000000e+00 0.000000000000000e+00 0.000000000000000e+00 1.763767994163372e-03 0.000000000000000e+00 0.000000000000000e+00 0.000000000000000e+00 2.959147861246205e-03 2.959147861246205e-03 0.000000000000000e+00
3.754683887572000e+01 2.271578368628719e-03 2.271578368628719e-03 0.000000000000000e+00 0.000000000000000e+00 0.000000000000000e+00 9.046485185411400e-05 0.000000000000000e+00 0.000000000000000e+00 0.000000000000000e+00 1.128215967254078e-03 1.128215967254078e-03 0.000000000000000e+00
3.776359914206000e+01 6.338500339527862e-04 6.338500339527862e-04 0.000000000000000e+00 0.000000000000000e+00 0.000000000000000e+00 -1.480414004058060e-03 0.000000000000000e+00 0.000000000000000e+00 0.000000000000000e+00 -6.700352712037565e-04 -6.700352712037565e-04 0.000000000000000e+00
3.798161077908000e+01 -9.537300375390540e-04 -9.537300375390540e-04 0.000000000000000e+00 0.000000000000000e+00 0.000000000000000e+00 -2.838546694222014e-03 0.000000000000000e+00 0.000000000000000e+00 0.000000000000000e+00 -2.309534404960619e-03 -2.309534404960619e-03 0.000000000000000e+00
3.820088101102000e+01 -2.385444650033991e-03 -2.385444650033991e-03 0.000000000000000e+00 0.000000000000000e+00 0.000000000000000e+00 -3.894420813113833e-03 0.000000000000000e+00 0.000000000000000e+00 0.000000000000000e+00 -3.680903690076625e-03 -3.680903690076625e-03 0.000000000000000e+00
3.842141710382000e+01 -3.565082492856199e-03 -3.565082492856199e-03 0.000000000000000e+00 0.000000000000000e+00 0.000000000000000e+00 -4.580214090230126e-03 0.000000000000000e+00 0.000000000000000e+00 0.000000000000000e+00 -4.693205174163752e-03 -4.693205174163752e-03 0.000000000000000e+00
3.864322636537000e+01 -4.415480455081533e-03 -4.415480455081533e-03 0.000000000000000e+00 0.000000000000000e+00 0.000000000000000e+00 -4.858123465959771e-03 0.000000000000000e+00 0.000000000000000e+00 0.000000000000000e+00 -5.283834601093734e-03 -5.283834601093734e-03 0.000000000000000e+00
3.886631614577000e+01 -4.885897923914359e-03 -4.885897923914359e-03 0.000000000000000e+00 0.000000000000000e+00 0.000000000000000e+00 -4.723687059531512e-03 0.000000000000000e+00 0.000000000000000e+00 0.000000000000000e+00 -5.423477641376866e-03 -5.423477641376866e-03 0.000000000000000e+00
3.909069383753000e+01 -4.953827611542256e-03 -4.953827611542256e-03 0.000000000000000e+00 0.000000000000000e+00 0.000000000000000e+00 -4.205491477004565e-03 0.000000000000000e+00 0.000000000000000e+00 0.000000000000000e+00 -5.118956264467525e-03 -5.118956264467525e-03 0.000000000000000e+00
3.931636687583000e+01 -4.627036151708707e-03 -4.627036151708707e-03 0.000000000000000e+00 0.000000000000000e+00 0.000000000000000e+00 -3.361798357634129e-03 0.000000000000000e+00 0.000000000000000e+00 0.000000000000000e+00 -4.410368500298296e-03 -4.410368500298296e-03 0.000000000000000e+00
3.954334273880000e+01 -3.945003970301697e-03 -3.945003970301697e-03 0.000000000000000e+00 0.000000000000000e+00 0.000000000000000e+00 -2.278016988683301e-03 0.000000000000000e+00 0.000000000000000e+00 0.000000000000000e+00 -3.371278553181049e-03 -3.371278553181049e-03 0.000000000000000e+00
3.977162894774000e+01 -2.973719826456608e-03 -2.973719826456608e-03 0.000000000000000e+00 0.000000000000000e+00 0.000000000000000e+00 -1.056706318685120e-03 0.000000000000000e+00 0.000000000000000e+00 0.000000000000000e+00 -2.099689925227224e-03 -2.099689925227224e-03 0.000000000000000e+00
4.000123306733000e+01 -1.801175833321053e-03 -1.801175833321053e-03 0.000000000000000e+00 0.000000000000000e+00 0.000000000000000e+00 1.895875352585557e-04 0.000000000000000e+00 0.000000000000000e+00 0.000000000000000e+00 -7.113878245790823e-04 -7.113878245790823e-04 0.000000000000000e+00
4.023216270598000e+01 -5.336747056475003e-04 -5.336747056475003e-04 0.000000000000000e+00 0.000000000000000e+00 0.000000000000000e+00 1.346692442597108e-03 0.000000000000000e+00 0.000000000000000e+00 0.000000000000000e+00 6.672228277074426e-04 6.672228277074426e-04 0.000000000000000e+00
4.046442551598000e+01 7.186014075166337e-04 7.186014075166337e-04 0.000000000000000e+00 0.000000000000000e+00 0.000000000000000e+00 2.312997610375730e-03 0.000000000000000e+00 0.000000000000000e+00 0.000000000000000e+00 1.915365547273570e-03 1.915365547273570e-03 0.000000000000000e+00
4.069802919381000e+01 1.848351564328398e-03 1.848351564328398e-03 0.000000000000000e+00 0.000000000000000e+00 0.000000000000000e+00 3.006751908096759e-03 0.000000000000000e+00 0.000000000000000e+00 0.000000000000000e+00 2.926115857282166e-03 2.926115857282166e-03 0.000000000000000e+00
4.093298148039000e+01 2.758693313321802e-03 2.758693313321802e-03 0.000000000000000e+00 0.000000000000000e+00 0.000000000000000e+00 3.372583879248938e-03 0.000000000000000e+00 0.000000000000000e+00 0.000000000000000e+00 3.614373983414419e-03 3.614373983414419e-03 0.000000000000000e+00
4.116929016133000e+01 3.375057894549015e-03 3.375057894549015e-03 0.000000000000000e+00 0.000000000000000e+00 0.000000000000000e+00 3.389055940234956e-03 0.000000000000000e+00 0.000000000000000e+00 0.000000000000000e+00 3.927906471652870e-03 3.927906471652870e-03 0.000000000000000e+00
4.140696306716000e+01 3.650739575581860e-03 3.650739575581860e-03 0.000000000000000e+00 0.000000000000000e+00 0.000000000000000e+00 3.069613597470530e-03 0.000000000000000e+00 0.000000000000000e+00 0.000000000000000e+00 3.851081199402461e-03 3.851081199402461e-03 0.000000000000000e+00
4.164600807366000e+01 3.571711750161257e-03 3.571711750161257e-03 0.000000000000000e+00 0.000000000000000e+00 0.000000000000000e+00 2.461490522402613e-03 0.000000000000000e+00 0.000000000000000e+00 0.000000000000000e+00 3.406705937256635e-03 3.406705937256635e-03 0.000000000000000e+00
4.188643310204000e+01 3.158302821640402e-03 3.158302821640402e-03 0.000000000000000e+00 0.000000000000000e+00 0.000000000000000e+00 1.641357814143989e-03 0.000000000000000e+00 0.000000000000000e+00 0.000000000000000e+00 2.654296536559275e-03 2.654296536559275e-03 0.000000000000000e+00
4.212824611926000e+01 2.462949358610709e-03 2.462949358610709e-03 0.000000000000000e+00 0.000000000000000e+00 0.000000000000000e+00 7.053332040879809e-04 0.000000000000000e+00 0.000000000000000e+00 0.000000000000000e+00 1.682706455116397e-03 1.682706455116397e-03 0.000000000000000e+00
4.237145513826000e+01 1.566861464971013e-03 1.566861464971013e-03 0.000000000000000e+00 0.000000000000000e+00 0.000000000000000e+00 -2.382742114969589e-04 0.000000000000000e+00 0.000000000000000e+00 0.000000000000000e+00 6.038973556673877e-04 6.038973556673877e-04 0.000000000000000e+00
4.261606821825000e+01 5.686641194846635e-04 5.686641194846635e-04 0.000000000000000e+00 0.000000000000000e+00 0.000000000000000e+00 -1.084841931614002e-03 0.000000000000000e+00 0.000000000000000e+00 0.000000000000000e+00 -4.633386315776597e-04 -4.633386315776597e-04 0.000000000000000e+00
4.286209346496000e+01 -4.221362581936974e-04 -4.221362581936974e-04 0.000000000000000e+00 0.000000000000000e+00 0.000000000000000e+00 -1.741358245982366e-03 0.000000000000000e+00 0.000000000000000e+00 0.000000000000000e+00 -1.401436908798034e-03 -1.401436908798034e-03 0.000000000000000e+00
4.310953903092000e+01 -1.299785012835073e-03 -1.299785012835073e-03 0.000000000000000e+00 0.000000000000000e+00 0.000000000000000e+00 -2.140313312899775e-03 0.000000000000000e+00 0.000000000000000e+00 0.000000000000000e+00 -2.111007933919134e-03 -2.111007933919134e-03 0.000000000000000e+00
4.335841311572000e+01 -1.971424614083137e-03 -1.971424614083137e-03 0.000000000000000e+00 0.000000000000000e+00 0.000000000000000e+00 -2.245820425524269e-03 0.000000000000000e+00 0.000000000000000e+00 0.000000000000000e+00 -2.519900361357832e-03 -2.519900361357832e-03 0.000000000000000e+00
4.360872396629000e+01 -2.369723682640545e-03 -2.369723682640545e-03 0.000000000000000e+00 0.000000000000000e+00 0.000000000000000e+00 -2.058468999100365e-03 0.000000000000000e+00 0.000000000000000e+00 0.000000000000000e+00 -2.592859082148541e-03 -2.592859082148541e-03 0.000000000000000e+00
4.386047987717000e+01 -2.459419448468752e-03 -2.459419448468752e-03 0.000000000000000e+00 0.000000000000000e+00 0.000000000000000e+00 -1.615693994078450e-03 0.000000000000000e+00 0.000000000000000e+00 0.000000000000000e+00 -2.335623993487592e-03 -2.335623993487592e-03 0.000000000000000e+00
4.411368919079000e+01 -2.241326845996660e-03 -2.241326845996660e-03 0.000000000000000e+00 0.000000000000000e+00 0.000000000000000e+00 -9.857476017254743e-04 0.000000000000000e+00 0.000000000000000e+00 0.000000000000000e+00 -1.793189636201998e-03 -1.793189636201998e-03 0.000000000000000e+00
4.436836029773000e+01 -1.753773585646262e-03 -1.753773585646262e-03 0.000000000000000e+00 0.000000000000000e+00 0.000000000000000e+00 -2.601079100894420e-04 0.000000000000000e+00 0.000000000000000e+00 0.000000000000000e+00 -1.046122645657520e-03 -1.046122645657520e-03 0.000000000000000e+00
4.462450163701000e+01 -1.067570588729728e-03 -1.067570588729728e-03 0.000000000000000e+00 0.000000000000000e+00 0.000000000000000e+00 4.587603159942600e-04 0.000000000000000e+00 0.000000000000000e+00 0.000000000000000e+00 -1.997328312697274e-04 -1.997328312697274e-04 0.000000000000000e+00
4.488212169638000e+01 -2.761114553442719e-04 -2.761114553442719e-04 0.000000000000000e+00 0.000000000000000e+00 0.000000000000000e+00 1.072662945436034e-03 0.000000000000000e+00 0.000000000000000e+00 0.000000000000000e+00 6.309086104665559e-04 6.309086104665559e-04 0.000000000000000e+00
4.514122901259000e+01 5.141729611078060e-04 5.141729611078060e-04 0.000000000000000e+00 0.000000000000000e+00 0.000000000000000e+00 1.499417382585286e-03 0.000000000000000e+00 0.000000000000000e+00 0.000000000000000e+00 1.334011340310660e-03 1.334011340310660e-03 0.000000000000000e+00
4.540183217165000e+01 1.199617127890221e-03 1.199617127890221e-03 0.000000000000000e+00 0.000000000000000e+00 0.000000000000000e+00 1.686060260381634e-03 0.000000000000000e+00 0.000000000000000e+00 0.000000000000000e+00 1.818248159098445e-03 1.818248159098445e-03 0.000000000000000e+00
4.566393980917000e+01 1.691601617197887e-03 1.691601617197887e-03 0.000000000000000e+00 0.000000000000000e+00 0.000000000000000e+00 1.615199395035020e-03 0.000000000000000e+00 0.000000000000000e+00 0.000000000000000e+00 2.023846365273761e-03 2.023846365273761e-03 0.000000000000000e+00
4.592756061060000e+01 1.929798625089574e-03 1.929798625089574e-03 0.000000000000000e+00 0.000000000000000e+00 0.000000000000000e+00 1.308828623067631e-03 0.000000000000000e+00 0.000000000000000e+00 0.000000000000000e+00 1.932688477557323e-03 1.932688477557323e-03 0.000000000000000e+00
4.619270331152000e+01 1.890138596980219e-03 1.890138596980219e-03 0.000000000000000e+00 0.000000000000000e+00 0.000000000000000e+00 8.239014795937244e-04 0.000000000000000e+00 0.000000000000000e+00 0.000000000000000e+00 1.569838207155179e-03 1.569838207155179e-03 0.000000000000000e+00
4.645937669796000e+01 1.587952755630074e-03 1.587952755630074e-03 0.000000000000000e+00 0.000000000000000e+00 0.000000000000000e+00 2.440196110763725e-04 0.000000000000000e+00 0.000000000000000e+00 0.000000000000000e+00 1.000227992048621e-03 1.000227992048621e-03 0.000000000000000e+00
4.672758960666000e+01 1.076582568992142e-03 1.076582568992142e-03 0.000000000000000e+00 0.000000000000000e+00 0.000000000000000e+00 -3.342570985002820e-04 0.000000000000000e+00 0.000000000000000e+00 0.000000000000000e+00 3.185278421114852e-04 3.185278421114852e-04 0.000000000000000e+00
4.699735092538000e+01 4.399690324447024e-04 4.399690324447024e-04 0.000000000000000e+00 0.000000000000000e+00 0.000000000000000e+00 -8.158431869081657e-04 0.000000000000000e+00 0.000000000000000e+00 0.000000000000000e+00 -3.638320180032489e-04 -3.638320180032489e-04 0.000000000000000e+00
4.726866959318000e+01 -2.210090486614865e-04 -2.210090486614865e-04 0.000000000000000e+00 0.000000000000000e+00 0.000000000000000e+00 -1.124606042099301e-03 0.000000000000000e+00 0.000000000000000e+00 0.000000000000000e+00 -9.386119293143193e-04 -9.386119293143193e-04 0.000000000000000e+00
4.754155460075000e+01 -8.037242226554740e-04 -8.037242226554740e-04 0.000000000000000e+00 0.000000000000000e+00 0.000000000000000e+00 -1.215330268249788e-03 0.000000000000000e+00 0.000000000000000e+00 0.000000000000000e+00 -1.317171333542583e-03 -1.317171333542583e-03 0.000000000000000e+00
4.781601499066000e+01 -1.218455800452636e-03 -1.218455800452636e-03 0.000000000000000e+00 0.000000000000000e+00 0.000000000000000e+00 -1.080706926787244e-03 0.000000000000000e+00 0.000000000000000e+00 0.000000000000000e+00 -1.443919068244894e-03 -1.443919068244894e-03 0.000000000000000e+00
4.809205985770000e+01 -1.404974514680211e-03 -1.404974514680211e-03 0.000000000000000e+00 0.000000000000000e+00 0.000000000000000e+00 -7.544356237507804e-04 0.000000000000000e+00 0.000000000000000e+00 0.000000000000000e+00 -1.307922652558523e-03 -1.307922652558523e-03 0.000000000000000e+00
4.836969834914000e+01 -1.341207913590106e-03 -1.341207913590106e-03 0.000000000000000e+00 0.000000000000000e+00 0.000000000000000e+00 -3.034847860821011e-04 0.000000000000000e+00 0.000000000000000e+00 0.000000000000000e+00 -9.431062461467126e-04 -9.431062461467126e-04 0.000000000000000e+00
4.864893966508000e+01 -1.047079060962595e-03 -1.047079060962595e-03 0.000000000000000e+00 0.000000000000000e+00 0.000000000000000e+00 1.829649682533429e-04 0.000000000000000e+00 0.000000000000000e+00 0.000000000000000e+00 -4.231624022954642e-04 -4.231624022954642e-04 0.000000000000000e+00
4.892979305874000e+01 -5.816499392139116e-04 -5.816499392139116e-04 0.000000000000000e+00 0.000000000000000e+00 0.000000000000000e+00 6.117025307430035e-04 0.000000000000000e+00 0.000000000000000e+00 0.000000000000000e+00 1.523279860161903e-04 1.523279860161903e-04 0.000000000000000e+00
4.921226783673000e+01 -3.295882768934781e-05 -3.295882768934781e-05 0.000000000000000e+00 0.000000000000000e+00 0.000000000000000e+00 9.019489149530136e-04 0.000000000000000e+00 0.000000000000000e+00 0.000000000000000e+00 6.752012857233622e-04 6.752012857233622e-04 0.000000000000000e+00
4.949637335941000e+01 4.989094647005448e-04 4.989094647005448e-04 0.000000000000000e+00 0.000000000000000e+00 0.000000000000000e+00 1.002345418001483e-03 0.000000000000000e+00 0.000000000000000e+00 0.000000000000000e+00 1.050276172540094e-03 1.050276172540094e-03 0.000000000000000e+00
4.978211904117000e+01 9.178894304588713e-04 9.178894304588713e-04 0.000000000000000e+00 0.000000000000000e+00 0.000000000000000e+00 9.004557899146292e-04 0.000000000000000e+00 0.000000000000000e+00 0.000000000000000e+00 1.211924154441126e-03 1.211924154441126e-03 0.000000000000000e+00
5.006951435075000e+01 1.151706502276488e-03 1.151706502276488e-03 0.000000000000000e+00 0.000000000000000e+00 0.000000000000000e+00 6.261868668568568e-04 0.000000000000000e+00 0.000000000000000e+00 0.000000000000000e+00 1.138503724213961e-03 1.138503724213961e-03 0.000000000000000e+00
5.035856881157000e+01 1.164008660421855e-03 1.164008660421855e-03 0.000000000000000e+00 0.000000000000000e+00 0.000000000000000e+00 2.443750305800293e-04 0.000000000000000e+00 0.000000000000000e+00 0.000000000000000e+00 8.548667302616295e-04 8.548667302616295e-04 0.000000000000000e+00
5.064929200199000e+01 9.625946805272600e-04 9.625946805272600e-04 0.000000000000000e+00 0.000000000000000e+00 0.000000000000000e+00 -1.583047281220344e-04 0.000000000000000e+00 0.000000000000000e+00 0.000000000000000e+00 4.285575731774071e-04 4.285575731774071e-04 0.000000000000000e+00
5.094169355571000e+01 5.962318605357657e-04 5.962318605357657e-04 0.000000000000000e+00 0.000000000000000e+00 0.000000000000000e+00 -4.929345013479821e-04 0.000000000000000e+00 0.000000000000000e+00 0.000000000000000e+00 -4.578191754308424e-05 -4.578191754308424e-05 0.000000000000000e+00
5.123578316203000e+01 1.462047828316616e-04 1.462047828316616e-04 0.000000000000000e+00 0.000000000000000e+00 0.000000000000000e+00 -6.877440717819581e-04 0.000000000000000e+00 0.000000000000000e+00 0.000000000000000e+00 -4.653446676964220e-04 -4.653446676964220e-04 0.000000000000000e+00
5.153157056616000e+01 -2.917478641167542e-04 -2.917478641167542e-04 0.000000000000000e+00 0.000000000000000e+00 0.000000000000000e+00 -7.049265644684862e-04 0.000000000000000e+00 0.000000000000000e+00 0.000000000000000e+00 -7.424527121861161e-04 -7.424527121861161e-04 0.000000000000000e+00
5.182906556962000e+01 -6.270304526119389e-04 -6.270304526119389e-04 0.000000000000000e+00 0.000000000000000e+00 0.000000000000000e+00 -5.494508041387551e-04 0.000000000000000e+00 0.000000000000000e+00 0.000000000000000e+00 -8.237380928281228e-04 -8.237380928281228e-04 0.000000000000000e+00
5.212827803048000e+01 -7.934871641564519e-04 -7.934871641564519e-04 0.000000000000000e+00 0.000000000000000e+00 0.000000000000000e+00 -2.671478542650340e-04 0.000000000000000e+00 0.000000000000000e+00 0.000000000000000e+00 -7.014426889480240e-04 -7.014426889480240e-04 0.000000000000000e+00
5.242921786372000e+01 -7.641141760734036e-04 -7.641141760734036e-04 0.000000000000000e+00 0.000000000000000e+00 0.000000000000000e+00 6.581357177598097e-05 0.000000000000000e+00 0.000000000000000e+00 0.000000000000000e+00 -4.155799744890624e-04 -4.155799744890624e-04 0.000000000000000e+00
5.273189504158000e+01 -5.562651456128805e-04 -5.562651456128805e-04 0.000000000000000e+00 0.000000000000000e+00 0.000000000000000e+00 3.632734454981123e-04 0.000000000000000e+00 0.000000000000000e+00 0.000000000000000e+00 -4.298693828157709e-05 -4.298693828157709e-05 0.000000000000000e+00
5.303631959385000e+01 -2.274604320546837e-04 -2.274604320546837e-04 0.000000000000000e+00 0.000000000000000e+00 0.000000000000000e+00 5.497487153025794e-04 0.000000000000000e+00 0.000000000000000e+00 0.000000000000000e+00 3.204905134836418e-04 3.204905134836418e-04 0.000000000000000e+00
5.334250160825000e+01 1.384968117527471e-04 1.384968117527471e-04 0.000000000000000e+00 0.000000000000000e+00 0.000000000000000e+00 5.812622996216185e-04 0.000000000000000e+00 0.000000000000000e+00 0.000000000000000e+00 5.847733531144131e-04 5.847733531144131e-04 0.000000000000000e+00
5.365045123070000e+01 4.517248525188650e-04 4.517248525188650e-04 0.000000000000000e+00 0.000000000000000e+00 0.000000000000000e+00 4.568419517759772e-04 0.000000000000000e+00 0.000000000000000e+00 0.000000000000000e+00 6.881553044095587e-04 6.881553044095587e-04 0.000000000000000e+00
5.396017866573000e+01 6.386366416439385e-04 6.386366416439385e-04 0.000000000000000e+00 0.000000000000000e+00 0.000000000000000e+00 2.181792970578693e-04 0.000000000000000e+00 0.000000000000000e+00 0.000000000000000e+00 6.127049666532476e-04 6.127049666532476e-04 0.000000000000000e+00
5.427169417675000e+01 6.595078123460940e-04 6.595078123460940e-04 0.000000000000000e+00 0.000000000000000e+00 0.000000000000000e+00 -6.131687186961385e-05 0.000000000000000e+00 0.000000000000000e+00 0.000000000000000e+00 3.888930957494655e-04 3.888930957494655e-04 0.000000000000000e+00
5.458500808645000e+01 5.183767546233579e-04 5.183767546233579e-04 0.000000000000000e+00 0.000000000000000e+00 0.000000000000000e+00 -2.985319184943064e-04 0.000000000000000e+00 0.000000000000000e+00 0.000000000000000e+00 8.625330099764826e-05 8.625330099764826e-05 0.000000000000000e+00
5.490013077708000e+01 2.612401983557580e-04 2.612401983557580e-04 0.000000000000000e+00 0.000000000000000e+00 0.000000000000000e+00 -4.246694258253315e-04 0.000000000000000e+00 0.000000000000000e+00 0.000000000000000e+00 -2.062643297406507e-04 -2.062643297406507e-04 0.000000000000000e+00
5.521707269086000e+01 -3.647093485257803e-05 -3.647093485257803e-05 0.000000000000000e+00 0.000000000000000e+00 0.000000000000000e+00 -4.058074445832854e-04 0.000000000000000e+00 0.000000000000000e+00 0.000000000000000e+00 -4.053238415595734e-04 -4.053238415595734e-04 0.000000000000000e+00
5.553584433027000e+01 -2.918090977622844e-04 -2.918090977622844e-04 0.000000000000000e+00 0.000000000000000e+00 0.000000000000000e+00 -2.537397701687454e-04 0.000000000000000e+00 0.000000000000000e+00 0.000000000000000e+00 -4.582283952117793e-04 -4.582283952117793e-04 0.000000000000000e+00
5.585645625845000e+01 -4.360453340541314e-04 -4.360453340541314e-04 0.000000000000000e+00 0.000000000000000e+00 0.000000000000000e+00 -2.218041391557428e-05 0.000000000000000e+00 0.000000000000000e+00 0.000000000000000e+00 -3.572221122818254e-04 -3.572221122818254e-04 0.000000000000000e+00
5.617891909948000e+01 -4.347491073122744e-04 -4.347491073122744e-04 0.000000000000000e+00 0.000000000000000e+00 0.000000000000000e+00 2.104721702450830e-04 0.000000000000000e+00 0.000000000000000e+00 0.000000000000000e+00 -1.416949604880286e-04 -1.416949604880286e-04 0.000000000000000e+00
5.650324353881000e+01 -2.967839076810478e-04 -2.967839076810478e-04 0.000000000000000e+00 0.000000000000000e+00 0.000000000000000e+00 3.666003781770038e-04 0.000000000000000e+00 0.000000000000000e+00 0.000000000000000e+00 1.147195632116620e-04 1.147195632116620e-04 0.000000000000000e+00
5.682944032356000e+01 -7.073712532773774e-05 -7.073712532773774e-05 0.000000000000000e+00 0.000000000000000e+00 0.000000000000000e+00 3.954585383623305e-04 0.000000000000000e+00 0.000000000000000e+00 0.000000000000000e+00 3.279314418575948e-04 3.279314418575948e-04 0.000000000000000e+00
5.715752026291000e+01 1.704068299478722e-04 1.704068299478722e-04 0.000000000000000e+00 0.000000000000000e+00 0.000000000000000e+00 2.908664364433288e-04 0.000000000000000e+00 0.000000000000000e+00 0.000000000000000e+00 4.309411905537275e-04 4.309411905537275e-04 0.000000000000000e+00
5.748749422841000e+01 3.519328103299862e-04 3.519328103299862e-04 0.000000000000000e+00 0.000000000000000e+00 0.000000000000000e+00 9.333323399189858e-05 0.000000000000000e+00 0.000000000000000e+00 0.000000000000000e+00 3.952108049571385e-04 3.952108049571385e-04 0.000000000000000e+00
5.781937315440000e+01 4.210619201043912e-04 4.210619201043912e-04 0.000000000000000e+00 0.000000000000000e+00 0.000000000000000e+00 -1.235198552799711e-04 0.000000000000000e+00 0.000000000000000e+00 0.000000000000000e+00 2.403507726869125e-04 2.403507726869125e-04 0.000000000000000e+00
5.815316803834000e+01 3.630938445503737e-04 3.630938445503737e-04 0.000000000000000e+00 0.000000000000000e+00 0.000000000000000e+00 -2.799769762194337e-04 0.000000000000000e+00 0.000000000000000e+00 0.000000000000000e+00 2.622582740827136e-05 2.622582740827136e-05 0.000000000000000e+00
5.848888994118000e+01 2.047318083767081e-04 2.047318083767081e-04 0.000000000000000e+00 0.000000000000000e+00 0.000000000000000e+00 -3.196378184350602e-04 0.000000000000000e+00 0.000000000000000e+00 0.000000000000000e+00 -1.689283804817483e-04 -1.689283804817483e-04 0.000000000000000e+00
5.882654998771000e+01 4.641683079833260e-06 4.641683079833260e-06 0.000000000000000e+00 0.000000000000000e+00 0.000000000000000e+00 -2.308633661859467e-04 0.000000000000000e+00 0.000000000000000e+00 0.000000000000000e+00 -2.763363040109344e-04 -2.763363040109344e-04 0.000000000000000e+00
5.916615936696000e+01 -1.675520168796021e-04 -1.675520168796021e-04 0.000000000000000e+00 0.000000000000000e+00 0.000000000000000e+00 -5.209052560641717e-05 0.000000000000000e+00 0.000000000000000e+00 0.000000000000000e+00 -2.623196829603676e-04 -2.623196829603676e-04 0.000000000000000e+00
5.950772933256000e+01 -2.559093530880439e-04 -2.559093530880439e-04 0.000000000000000e+00 0.000000000000000e+00 0.000000000000000e+00 1.432669897381589e-04 0.000000000000000e+00 0.000000000000000e+00 0.000000000000000e+00 -1.401419727792425e-04 -1.401419727792425e-04 0.000000000000000e+00
5.985127120309000e+01 -2.366149786946178e-04 -2.366149786946178e-04 0.000000000000000e+00 0.000000000000000e+00 0.000000000000000e+00 2.757927068495686e-04 0.000000000000000e+00 0.000000000000000e+00 0.000000000000000e+00 3.623950034701038e-05 3.623950034701038e-05 0.000000000000000e+00
6.019679636248000e+01 -1.258024306310052e-04 -1.258024306310052e-04 0.000000000000000e+00 0.000000000000000e+00 0.000000000000000e+00 2.928733509066736e-04 0.000000000000000e+00 0.000000000000000e+00 0.000000000000000e+00 1.938891909332857e-04 1.938891909332857e-04 0.000000000000000e+00
6.054431626038000e+01 2.845980407086782e-05 2.845980407086782e-05 0.000000000000000e+00 0.000000000000000e+00 0.000000000000000e+00 1.910917964246103e-04 0.000000000000000e+00 0.000000000000000e+00 0.000000000000000e+00 2.708558035951095e-04 2.708558035951095e-04 0.000000000000000e+00
6.089384241255000e+01 1.651280592122452e-04 1.651280592122452e-04 0.000000000000000e+00 0.000000000000000e+00 0.000000000000000e+00 1.810025141958323e-05 0.000000000000000e+00 0.000000000000000e+00 0.000000000000000e+00 2.410946912794842e-04 2.410946912794842e-04 0.000000000000000e+00
6.124538640121000e+01 2.342217466385977e-04 2.342217466385977e-04 0.000000000000000e+00 0.000000000000000e+00 0.000000000000000e+00 -1.476907482125798e-04 0.000000000000000e+00 0.000000000000000e+00 0.000000000000000e+00 1.247354335179486e-04 1.247354335179486e-04 0.000000000000000e+00
6.159895987547000e+01 2.156051964538433e-04 2.156051964538433e-04 0.000000000000000e+00 0.000000000000000e+00 0.000000000000000e+00 -2.319380814931919e-04 0.000000000000000e+00 0.000000000000000e+00 0.000000000000000e+00 -2.176587952551650e-05 -2.176587952551650e-05 0.000000000000000e+00
6.195457455168000e+01 1.254326206327580e-04 1.254326206327580e-04 0.000000000000000e+00 0.000000000000000e+00 0.000000000000000e+00 -1.985843369792341e-04 0.000000000000000e+00 0.000000000000000e+00 0.000000000000000e+00 -1.313057784533092e-04 -1.313057784533092e-04 0.000000000000000e+00
6.231224221381000e+01 7.380044486138742e-06 7.380044486138742e-06 0.000000000000000e+00 0.000000000000000e+00 0.000000000000000e+00 -6.713439751303633e-05 0.000000000000000e+00 0.000000000000000e+00 0.000000000000000e+00 -1.567726257330401e-04 -1.567726257330401e-04 0.000000000000000e+00
6.267197471389000e+01 -8.692060250498877e-05 -8.692060250498877e-05 0.000000000000000e+00 0.000000000000000e+00 0.000000000000000e+00 9.594439265692175e-05 0.000000000000000e+00 0.000000000000000e+00 0.000000000000000e+00 -9.224514765671615e-05 -9.224514765671615e-05 0.000000000000000e+00
6.303378397236000e+01 -1.204354505920449e-04 -1.204354505920449e-04 0.000000000000000e+00 0.000000000000000e+00 0.000000000000000e+00 2.090021180336906e-04 0.000000000000000e+00 0.000000000000000e+00 0.000000000000000e+00 2.496037303084715e-05 2.496037303084715e-05 0.000000000000000e+00
6.339768197847000e+01 -8.541544261946397e-05 -8.541544261946397e-05 0.000000000000000e+00 0.000000000000000e+00 0.000000000000000e+00 2.157546852712964e-04 0.000000000000000e+00 0.000000000000000e+00 0.000000000000000e+00 1.334273431468527e-04 1.334273431468527e-04 0.000000000000000e+00
6.376368079069000e+01 -5.051493063311967e-06 -5.051493063311967e-06 0.000000000000000e+00 0.000000000000000e+00 0.000000000000000e+00 1.143522049642476e-04 0.000000000000000e+00 0.000000000000000e+00 0.000000000000000e+00 1.785233093286814e-04 1.785233093286814e-04 0.000000000000000e+00
6.413179253712001e+01 7.931500994214475e-05 7.931500994214475e-05 0.000000000000000e+00 0.000000000000000e+00 0.000000000000000e+00 -4.022119279993074e-05 0.000000000000000e+00 0.000000000000000e+00 0.000000000000000e+00 1.401070155182400e-04 1.401070155182400e-04 0.000000000000000e+00
6.450202941585000e+01 1.282869664097489e-04 1.282869664097489e-04 0.000000000000000e+00 0.000000000000000e+00 0.000000000000000e+00 -1.644686346960799e-04 0.000000000000000e+00 0.000000000000000e+00 0.000000000000000e+00 4.243573863938500e-05 4.243573863938500e-05 0.000000000000000e+00
6.487440369541000e+01 1.231416345623835e-04 1.231416345623835e-04 0.000000000000000e+00 0.000000000000000e+00 0.000000000000000e+00 -1.906934801762715e-04 0.000000000000000e+00 0.000000000000000e+00 0.000000000000000e+00 -5.903923809625859e-05 -5.903923809625859e-05 0.000000000000000e+00
6.524892771514000e+01 7.266616352175419e-05 7.266616352175419e-05 0.000000000000000e+00 0.000000000000000e+00 0.000000000000000e+00 -1.048188587570460e-04 0.000000000000000e+00 0.000000000000000e+00 0.000000000000000e+00 -1.083209236759400e-04 -1.083209236759400e-04 0.000000000000000e+00
6.562561388564001e+01 6.664595004115416e-06 6.664595004115416e-06 0.000000000000000e+00 0.000000000000000e+00 0.000000000000000e+00 4.411098470944070e-05 0.000000000000000e+00 0.000000000000000e+00 0.000000000000000e+00 -7.995791930154858e-05 -7.995791930154858e-05 0.000000000000000e+00
6.600447468913001e+01 -4.078100246938168e-05 -4.078100246938168e-05 0.000000000000000e+00 0.000000000000000e+00 0.000000000000000e+00 1.705492280152819e-04 0.000000000000000e+00 0.000000000000000e+00 0.000000000000000e+00 6.888355648841879e-06 6.888355648841879e-06 0.000000000000000e+00
6.638552267990001e+01 -4.909980709351372e-05 -4.909980709351372e-05 0.000000000000000e+00 0.000000000000000e+00 0.000000000000000e+00 2.009667115612860e-04 0.000000000000000e+00 0.000000000000000e+00 0.000000000000000e+00 9.939809190964476e-05 9.939809190964476e-05 0.000000000000000e+00
6.676877048474000e+01 -2.024282255089710e-05 -2.024282255089710e-05 0.000000000000000e+00 0.000000000000000e+00 0.000000000000000e+00 1.178898127085579e-04 0.000000000000000e+00 0.000000000000000e+00 0.000000000000000e+00 1.423892303885928e-04 1.423892303885928e-04 0.000000000000000e+00
6.715423080329001e+01 2.488949268283568e-05 2.488949268283568e-05 0.000000000000000e+00 0.000000000000000e+00 0.000000000000000e+00 -2.809979564327230e-05 0.000000000000000e+00 0.000000000000000e+00 0.000000000000000e+00 1.115549181456692e-04 1.115549181456692e-04 0.000000000000000e+00
6.754191640856000e+01 6.001527816515787e-05 6.001527816515787e-05 0.000000000000000e+00 0.000000000000000e+00 0.000000000000000e+00 -1.477183596762861e-04 0.000000000000000e+00 0.000000000000000e+00 0.000000000000000e+00 2.820014900569788e-05 2.820014900569788e-05 0.000000000000000e+00
6.793184014724000e+01 6.853878853081298e-05 6.853878853081298e-05 0.000000000000000e+00 0.000000000000000e+00 0.000000000000000e+00 -1.678034502593842e-04 0.000000000000000e+00 0.000000000000000e+00 0.000000000000000e+00 -5.400827011483160e-05 -5.400827011483160e-05 0.000000000000000e+00
6.832401494023000e+01 5.142953203294657e-05 5.142953203294657e-05 0.000000000000000e+00 0.000000000000000e+00 0.000000000000000e+00 -7.793086226803531e-05 0.000000000000000e+00 0.000000000000000e+00 0.000000000000000e+00 -8.306576299884410e-05 -8.306576299884410e-05 0.000000000000000e+00
6.871845378302000e+01 2.379192831694408e-05 2.379192831694408e-05 0.000000000000000e+00 0.000000000000000e+00 0.000000000000000e+00 6.139685945153370e-05 0.000000000000000e+00 0.000000000000000e+00 0.000000000000000e+00 -4.258450153567039e-05 -4.258450153567039e-05 0.000000000000000e+00
6.911516974609000e+01 3.475427181177398e-06 3.475427181177398e-06 0.000000000000000e+00 0.000000000000000e+00 0.000000000000000e+00 1.576465154008158e-04 0.000000000000000e+00 0.000000000000000e+00 0.000000000000000e+00 3.753215623911386e-05 3.753215623911386e-05 0.000000000000000e+00
6.951417597541000e+01 -2.842240436270348e-07 -2.842240436270348e-07 0.000000000000000e+00 0.000000000000000e+00 0.000000000000000e+00 1.479332081435006e-04 0.000000000000000e+00 0.000000000000000e+00 0.000000000000000e+00 1.011743490154216e-04 1.011743490154216e-04 0.000000000000000e+00
6.991548569283000e+01 9.276727594651841e-06 9.276727594651841e-06 0.000000000000000e+00 0.000000000000000e+00 0.000000000000000e+00 4.248142718871255e-05 0.000000000000000e+00 0.000000000000000e+00 0.000000000000000e+00 1.047888483437990e-04 1.047888483437990e-04 0.000000000000000e+00
7.031911219653000e+01 2.138700421723811e-05 2.138700421723811e-05 0.000000000000000e+00 0.000000000000000e+00 0.000000000000000e+00 -8.150999687550908e-05 0.000000000000000e+00 0.000000000000000e+00 0.000000000000000e+00 4.808242138523109e-05 4.808242138523109e-05 0.000000000000000e+00
7.072506886147001e+01 2.719683313371895e-05 2.719683313371895e-05 0.000000000000000e+00 0.000000000000000e+00 0.000000000000000e+00 -1.344775238865282e-04 0.000000000000000e+00 0.000000000000000e+00 0.000000000000000e+00 -2.562122425610762e-05 -2.562122425610762e-05 0.000000000000000e+00
7.113336913981000e+01 2.564168126443756e-05 2.564168126443756e-05 0.000000000000000e+00 0.000000000000000e+00 0.000000000000000e+00 -7.985861866768630e-05 0.000000000000000e+00 0.000000000000000e+00 0.000000000000000e+00 -6.111503437200229e-05 -6.111503437200229e-05 0.000000000000000e+00
7.154402656137999e+01 2.223924703813741e-05 2.223924703813741e-05 0.000000000000000e+00 0.000000000000000e+00 0.000000000000000e+00 3.789163706362704e-05 0.000000000000000e+00 0.000000000000000e+00 0.000000000000000e+00 -3.263526422009792e-05 -3.263526422009792e-05 0.000000000000000e+00
7.195705473411000e+01 2.209495214642674e-05 2.209495214642674e-05 0.000000000000000e+00 0.000000000000000e+00 0.000000000000000e+00 1.261894712786122e-04 0.000000000000000e+00 0.000000000000000e+00 0.000000000000000e+00 3.597770199189536e-05 3.597770199189536e-05 0.000000000000000e+00
7.237246734451000e+01 2.457536513685001e-05 2.457536513685001e-05 0.000000000000000e+00 0.000000000000000e+00 0.000000000000000e+00 1.158318313941167e-04 0.000000000000000e+00 0.000000000000000e+00 0.000000000000000e+00 8.937126065307600e-05 8.937126065307600e-05 0.000000000000000e+00
7.279027815808000e+01 2.427778837436640e-05 2.427778837436640e-05 0.000000000000000e+00 0.000000000000000e+00 0.000000000000000e+00 1.645125393906211e-05 0.000000000000000e+00 0.000000000000000e+00 0.000000000000000e+00 8.433243590866609e-05 8.433243590866609e-05 0.000000000000000e+00
7.321050101980001e+01 1.759070757339880e-05 1.759070757339880e-05 0.000000000000000e+00 0.000000000000000e+00 0.000000000000000e+00 -8.978837522756846e-05 0.000000000000000e+00 0.000000000000000e+00 0.000000000000000e+00 2.506182323509041e-05 2.506182323509041e-05 0.000000000000000e+00
7.363314985458000e+01 8.175801438041552e-06 8.175801438041552e-06 0.000000000000000e+00 0.000000000000000e+00 0.000000000000000e+00 -1.146732211379987e-04 0.000000000000000e+00 0.000000000000000e+00 0.000000000000000e+00 -3.918826466262122e-05 -3.918826466262122e-05 0.000000000000000e+00
7.405823866771000e+01 4.935652764860076e-06 4.935652764860076e-06 0.000000000000000e+00 0.000000000000000e+00 0.000000000000000e+00 -3.808124843247688e-05 0.000000000000000e+00 0.000000000000000e+00 0.000000000000000e+00 -5.459104544205824e-05 -5.459104544205824e-05 0.000000000000000e+00
7.448578154533000e+01 1.361427187180981e-05 1.361427187180981e-05 0.000000000000000e+00 0.000000000000000e+00 0.000000000000000e+00 7.354011950879657e-05 0.000000000000000e+00 0.000000000000000e+00 0.000000000000000e+00 -8.450444415590038e-06 -8.450444415590038e-06 0.000000000000000e+00
7.491579265493000e+01 2.928308045370481e-05 2.928308045370481e-05 0.000000000000000e+00 0.000000000000000e+00 0.000000000000000e+00 1.232024355510813e-04 0.000000000000000e+00 0.000000000000000e+00 0.000000000000000e+00 5.885796101952184e-05 5.885796101952184e-05 0.000000000000000e+00
7.534828624575000e+01 3.863822383555872e-05 3.863822383555872e-05 0.000000000000000e+00 0.000000000000000e+00 0.000000000000000e+00 6.868162584551836e-05 0.000000000000000e+00 0.000000000000000e+00 0.000000000000000e+00 8.837215890397758e-05 8.837215890397758e-05 0.000000000000000e+00
7.578327664932000e+01 3.140332421471495e-05 3.140332421471495e-05 0.000000000000000e+00 0.000000000000000e+00 0.000000000000000e+00 -3.887280566413417e-05 0.000000000000000e+00 0.000000000000000e+00 0.000000000000000e+00 5.478641197597285e-05 5.478641197597285e-05 0.000000000000000e+00
7.622077827989000e+01 1.137018771807132e-05 1.137018771807132e-05 0.000000000000000e+00 0.000000000000000e+00 0.000000000000000e+00 -1.007670043905903e-04 0.000000000000000e+00 0.000000000000000e+00 0.000000000000000e+00 -1.029220039304494e-05 -1.029220039304494e-05 0.000000000000000e+00
7.666080563494999e+01 -4.745197385397121e-06 -4.745197385397121e-06 0.000000000000000e+00 0.000000000000000e+00 0.000000000000000e+00 -6.222660225254725e-05 0.000000000000000e+00 0.000000000000000e+00 0.000000000000000e+00 -4.691759680687165e-05 -4.691759680687165e-05 0.000000000000000e+00
7.710337329564000e+01 -1.717813064064768e-06 -1.717813064064768e-06 0.000000000000000e+00 0.000000000000000e+00 0.000000000000000e+00 3.557210467873677e-05 0.000000000000000e+00 0.000000000000000e+00 0.000000000000000e+00 -2.281236252408282e-05 -2.281236252408282e-05 0.000000000000000e+00
7.754849592732000e+01 1.889523463639296e-05 1.889523463639296e-05 0.000000000000000e+00 0.000000000000000e+00 0.000000000000000e+00 9.558024837670855e-05 0.000000000000000e+00 0.000000000000000e+00 0.000000000000000e+00 3.600481969862789e-05 3.600481969862789e-05 0.000000000000000e+00
7.799618828000000e+01 3.820772951708001e-05 3.820772951708001e-05 0.000000000000000e+00 0.000000000000000e+00 0.000000000000000e+00 6.083032351610797e-05 0.000000000000000e+00 0.000000000000000e+00 0.000000000000000e+00 7.066659498383254e-05 7.066659498383254e-05 0.000000000000000e+00
7.844646518883999e+01 3.707559979404579e-05 3.707559979404579e-05 0.000000000000000e+00 0.000000000000000e+00 0.000000000000000e+00 -2.832077760552962e-05 0.000000000000000e+00 0.000000000000000e+00 0.000000000000000e+00 4.801423840415440e-05 4.801423840415440e-05 0.000000000000000e+00
7.889934157464000e+01 1.559133403748440e-05 1.559133403748440e-05 0.000000000000000e+00 0.000000000000000e+00 0.000000000000000e+00 -7.643934063520521e-05 0.000000000000000e+00 0.000000000000000e+00 0.000000000000000e+00 -6.073356899818956e-06 -6.073356899818956e-06 0.000000000000000e+00
7.935483244434000e+01 -5.351295058042893e-06 -5.351295058042893e-06 0.000000000000000e+00 0.000000000000000e+00 0.000000000000000e+00 -3.413354717285380e-05 0.000000000000000e+00 0.000000000000000e+00 0.000000000000000e+00 -3.393438450721397e-05 -3.393438450721397e-05 0.000000000000000e+00
7.981295289153999e+01 -4.189765037043954e-06 -4.189765037043954e-06 0.000000000000000e+00 0.000000000000000e+00 0.000000000000000e+00 4.871687711839566e-05 0.000000000000000e+00 0.000000000000000e+00 0.000000000000000e+00 -7.165123110872484e-06 -7.165123110872484e-06 0.000000000000000e+00
8.027371809693000e+01 1.849259830026481e-05 1.849259830026481e-05 0.000000000000000e+00 0.000000000000000e+00 0.000000000000000e+00 7.791773684724780e-05 0.000000000000000e+00 0.000000000000000e+00 0.000000000000000e+00 4.294447194616130e-05 4.294447194616130e-05 0.000000000000000e+00
8.073714332889000e+01 3.898003007232128e-05 3.898003007232128e-05 0.000000000000000e+00 0.000000000000000e+00 0.000000000000000e+00 2.103255019547222e-05 0.000000000000000e+00 0.000000000000000e+00 0.000000000000000e+00 5.992650713827046e-05 5.992650713827046e-05 0.000000000000000e+00
8.120324394391000e+01 3.477016835223066e-05 3.477016835223066e-05 0.000000000000000e+00 0.000000000000000e+00 0.000000000000000e+00 -5.476761287966257e-05 0.000000000000000e+00 0.000000000000000e+00 0.000000000000000e+00 2.526495144041060e-05 2.526495144041060e-05 0.000000000000000e+00
8.167203538714000e+01 9.489194715257456e-06 9.489194715257456e-06 0.000000000000000e+00 0.000000000000000e+00 0.000000000000000e+00 -6.016338754976078e-05 0.000000000000000e+00 0.000000000000000e+00 0.000000000000000e+00 -2.055895478370949e-05 -2.055895478370949e-05 0.000000000000000e+00
8.214353319291000e+01 -9.774073330606192e-06 -9.774073330606192e-06 0.000000000000000e+00 0.000000000000000e+00 0.000000000000000e+00 1.033903238594231e-05 0.000000000000000e+00 0.000000000000000e+00 0.000000000000000e+00 -2.486102118655927e-05 -2.486102118655927e-05 0.000000000000000e+00
8.261775298521999e+01 -1.901479887148155e-06 -1.901479887148155e-06 0.000000000000000e+00 0.000000000000000e+00 0.000000000000000e+00 7.069249217176005e-05 0.000000000000000e+00 0.000000000000000e+00 0.000000000000000e+00 1.562264928102958e-05 1.562264928102958e-05 0.000000000000000e+00
8.309471047827000e+01 2.405417130021057e-05 2.405417130021057e-05 0.000000000000000e+00 0.000000000000000e+00 0.000000000000000e+00 4.791913677421423e-05 0.000000000000000e+00 0.000000000000000e+00 0.000000000000000e+00 5.137452937660678e-05 5.137452937660678e-05 0.000000000000000e+00
8.357442147697000e+01 3.848097384774969e-05 3.848097384774969e-05 0.000000000000000e+00 0.000000000000000e+00 0.000000000000000e+00 -2.721666262429316e-05 0.000000000000000e+00 0.000000000000000e+00 0.000000000000000e+00 4.031328903114147e-05 4.031328903114147e-05 0.000000000000000e+00
8.405690187749001e+01 2.534484339535196e-05 2.534484339535196e-05 0.000000000000000e+00 0.000000000000000e+00 0.000000000000000e+00 -5.898399185677578e-05 0.000000000000000e+00 0.000000000000000e+00 0.000000000000000e+00 -1.132740995157199e-06 -1.132740995157199e-06 0.000000000000000e+00
8.454216766776000e+01 1.005771964877385e-06 1.005771964877385e-06 0.000000000000000e+00 0.000000000000000e+00 0.000000000000000e+00 -9.872911149009196e-06 0.000000000000000e+00 0.000000000000000e+00 0.000000000000000e+00 -2.030687203680361e-05 -2.030687203680361e-05 0.000000000000000e+00
8.503023492801000e+01 -5.629689477652939e-06 -5.629689477652939e-06 0.000000000000000e+00 0.000000000000000e+00 0.000000000000000e+00 5.133276920266916e-05 0.000000000000000e+00 0.000000000000000e+00 0.000000000000000e+00 4.105797787181666e-06 4.105797787181666e-06 0.000000000000000e+00
8.552111983130000e+01 1.159086936459081e-05 1.159086936459081e-05 0.000000000000000e+00 0.000000000000000e+00 0.000000000000000e+00 4.291404942824953e-05 0.000000000000000e+00 0.000000000000000e+00 0.000000000000000e+00 3.628016653647026e-05 3.628016653647026e-05 0.000000000000000e+00
8.601483864407000e+01 2.933703955587492e-05 2.933703955587492e-05 0.000000000000000e+00 0.000000000000000e+00 0.000000000000000e+00 -1.857320881114386e-05 0.000000000000000e+00 0.000000000000000e+00 0.000000000000000e+00 3.326598850763896e-05 3.326598850763896e-05 0.000000000000000e+00
8.651140772664000e+01 2.524401428366304e-05 2.524401428366304e-05 0.000000000000000e+00 0.000000000000000e+00 0.000000000000000e+00 -4.346130115333165e-05 0.000000000000000e+00 0.000000000000000e+00 0.000000000000000e+00 2.858517290239840e-06 2.858517290239840e-06 0.000000000000000e+00
8.701084353381999e+01 6.428486912674014e-06 6.428486912674014e-06 0.000000000000000e+00 0.000000000000000e+00 0.000000000000000e+00 1.718867213005390e-06 0.000000000000000e+00 0.000000000000000e+00 0.000000000000000e+00 -1.017446828998978e-05 -1.017446828998978e-05 0.000000000000000e+00
8.751316261537001e+01 -1.241688215471877e-06 -1.241688215471877e-06 0.000000000000000e+00 0.000000000000000e+00 0.000000000000000e+00 4.636793886160093e-05 0.000000000000000e+00 0.000000000000000e+00 0.000000000000000e+00 1.088028998464127e-05 1.088028998464127e-05 0.000000000000000e+00
8.801838161662999e+01 1.135208168062702e-05 1.135208168062702e-05 0.000000000000000e+00 0.000000000000000e+00 0.000000000000000e+00 2.227695585584161e-05 0.000000000000000e+00 0.000000000000000e+00 0.000000000000000e+00 3.204380658452345e-05 3.204380658452345e-05 0.000000000000000e+00
8.852651727902000e+01 2.519306695854342e-05 2.519306695854342e-05 0.000000000000000e+00 0.000000000000000e+00 0.000000000000000e+00 -3.194031519692038e-05 0.000000000000000e+00 0.000000000000000e+00 0.000000000000000e+00 2.128488046476521e-05 2.128488046476521e-05 0.000000000000000e+00
8.903758644059000e+01 2.090732269105188e-05 2.090732269105188e-05 0.000000000000000e+00 0.000000000000000e+00 0.000000000000000e+00 -3.035180468248752e-05 0.000000000000000e+00 0.000000000000000e+00 0.000000000000000e+00 -3.230741044051552e-06 -3.230741044051552e-06 0.000000000000000e+00
8.955160603664000e+01 5.730947010804555e-06 5.730947010804555e-06 0.000000000000000e+00 0.000000000000000e+00 0.000000000000000e+00 2.444130499085106e-05 0.000000000000000e+00 0.000000000000000e+00 0.000000000000000e+00 -2.943727408404530e-06 -2.943727408404530e-06 0.000000000000000e+00
9.006859310019000e+01 1.557016852446828e-06 1.557016852446828e-06 0.000000000000000e+00 0.000000000000000e+00 0.000000000000000e+00 4.395979527195739e-05 0.000000000000000e+00 0.000000000000000e+00 0.000000000000000e+00 2.001286625307872e-05 2.001286625307872e-05 0.000000000000000e+00
9.058856476264000e+01 1.272642558289624e-05 1.272642558289624e-05 0.000000000000000e+00 0.000000000000000e+00 0.000000000000000e+00 -3.192979591067845e-06 0.000000000000000e+00 0.000000000000000e+00 0.000000000000000e+00 2.763360319292085e-05 2.763360319292085e-05 0.000000000000000e+00
9.111153825424999e+01 2.145143646586096e-05 2.145143646586096e-05 0.000000000000000e+00 0.000000000000000e+00 0.000000000000000e+00 -3.873558894089716e-05 0.000000000000000e+00 0.000000000000000e+00 0.000000000000000e+00 8.661326917705730e-06 8.661326917705730e-06 0.000000000000000e+00
9.163753090477999e+01 1.578389505178991e-05 1.578389505178991e-05 0.000000000000000e+00 0.000000000000000e+00 0.000000000000000e+00 -4.700941639723897e-06 0.000000000000000e+00 0.000000000000000e+00 0.000000000000000e+00 -4.104803322445440e-06 -4.104803322445440e-06 0.000000000000000e+00
9.216656014401001e+01 6.120122951551733e-06 6.120122951551733e-06 0.000000000000000e+00 0.000000000000000e+00 0.000000000000000e+00 3.855013368645571e-05 0.000000000000000e+00 0.000000000000000e+00 0.000000000000000e+00 9.507846087957692e-06 9.507846087957692e-06 0.000000000000000e+00
9.269864350237999e+01 6.751959405060767e-06 6.751959405060767e-06 0.000000000000000e+00 0.000000000000000e+00 0.000000000000000e+00 1.711302935702155e-05 0.000000000000000e+00 0.000000000000000e+00 0.000000000000000e+00 2.356842153374402e-05 2.356842153374402e-05 0.000000000000000e+00
9.323379861149000e+01 1.415935839913283e-05 1.415935839913283e-05 0.000000000000000e+00 0.000000000000000e+00 0.000000000000000e+00 -2.726288345863233e-05 0.000000000000000e+00 0.000000000000000e+00 0.000000000000000e+00 1.351522544912346e-05 1.351522544912346e-05 0.000000000000000e+00
9.377204320477000e+01 1.568381432905921e-05 1.568381432905921e-05 0.000000000000000e+00 0.000000000000000e+00 0.000000000000000e+00 -1.402919560953378e-05 0.000000000000000e+00 0.000000000000000e+00 0.000000000000000e+00 -4.564519499236176e-07 -4.564519499236176e-07 0.000000000000000e+00
9.431339511799000e+01 1.047912632724433e-05 1.047912632724433e-05 0.000000000000000e+00 0.000000000000000e+00 0.000000000000000e+00 2.868277647247933e-05 0.000000000000000e+00 0.000000000000000e+00 0.000000000000000e+00 7.557818067697144e-06 7.557818067697144e-06 0.000000000000000e+00
9.485787228992000e+01 8.001609358592031e-06 8.001609358592031e-06 0.000000000000000e+00 0.000000000000000e+00 0.000000000000000e+00 1.836206895806222e-05 0.000000000000000e+00 0.000000000000000e+00 0.000000000000000e+00 2.050692734982055e-05 2.050692734982055e-05 0.000000000000000e+00
9.540549276286001e+01 1.090246465600565e-05 1.090246465600565e-05 0.000000000000000e+00 0.000000000000000e+00 0.000000000000000e+00 -2.358204666291657e-05 0.000000000000000e+00 0.000000000000000e+00 0.000000000000000e+00 1.235819057601895e-05 1.235819057601895e-05 0.000000000000000e+00
9.595627468329000e+01 1.298556814156761e-05 1.298556814156761e-05 0.000000000000000e+00 0.000000000000000e+00 0.000000000000000e+00 -1.324259509814087e-05 0.000000000000000e+00 0.000000000000000e+00 0.000000000000000e+00 -4.753988136226964e-07 -4.753988136226964e-07 0.000000000000000e+00
9.651023630245000e+01 1.148079098492887e-05 1.148079098492887e-05 0.000000000000000e+00 0.000000000000000e+00 0.000000000000000e+00 2.909699738168542e-05 0.000000000000000e+00 0.000000000000000e+00 0.000000000000000e+00 8.118047401405010e-06 8.118047401405010e-06 0.000000000000000e+00
9.706739597693000e+01 9.742249220409605e-06 9.742249220409605e-06 0.000000000000000e+00 0.000000000000000e+00 0.000000000000000e+00 1.741333926271816e-05 0.000000000000000e+00 0.000000000000000e+00 0.000000000000000e+00 2.063629363434070e-05 2.063629363434070e-05 0.000000000000000e+00
9.762777216932000e+01 9.574396428670017e-06 9.574396428670017e-06 0.000000000000000e+00 0.000000000000000e+00 0.000000000000000e+00 -2.527168697519120e-05 0.000000000000000e+00 0.000000000000000e+00 0.000000000000000e+00 1.091794642184414e-05 1.091794642184414e-05 0.000000000000000e+00
9.819138344878000e+01 1.010935526215814e-05 1.010935526215814e-05 0.000000000000000e+00 0.000000000000000e+00 0.000000000000000e+00 -1.163910638124666e-05 0.000000000000000e+00 0.000000000000000e+00 0.000000000000000e+00 -1.421644962669318e-06 -1.421644962669318e-06 0.000000000000000e+00
9.875824849164999e+01 1.112170308805665e-05 1.112170308805665e-05 0.000000000000000e+00 0.000000000000000e+00 0.000000000000000e+00 2.909774274333988e-05 0.000000000000000e+00 0.000000000000000e+00 0.000000000000000e+00 8.902022020505594e-06 8.902022020505594e-06 0.000000000000000e+00
9.932838608214000e+01 1.139347865805076e-05 1.139347865805076e-05 0.000000000000000e+00 0.000000000000000e+00 0.000000000000000e+00 1.198524226929023e-05 0.000000000000000e+00 0.000000000000000e+00 0.000000000000000e+00 1.956655922122670e-05 1.956655922122670e-05 0.000000000000000e+00
9.990181511285000e+01 9.391172981404801e-06 9.391172981404801e-06 0.000000000000000e+00 0.000000000000000e+00 0.000000000000000e+00 -2.353740354212877e-05 0.000000000000000e+00 0.000000000000000e+00 0.000000000000000e+00 8.156095416646163e-06 8.156095416646163e-06 0.000000000000000e+00
1.004785545855000e+02 8.153425085830525e-06 8.153425085830525e-06 0.000000000000000e+00 0.000000000000000e+00 0.000000000000000e+00 -1.349496459375069e-06 0.000000000000000e+00 0.000000000000000e+00 0.000000000000000e+00 1.413061078386881e-07 1.413061078386881e-07 0.000000000000000e+00
1.010586236114000e+02 1.052601253304823e-05 1.052601253304823e-05 0.000000000000000e+00 0.000000000000000e+00 0.000000000000000e+00 2.492983594593595e-05 0.000000000000000e+00 0.000000000000000e+00 0.000000000000000e+00 1.212226425779596e-05 1.212226425779596e-05 0.000000000000000e+00
1.016420414124000e+02 1.167899169244245e-05 1.167899169244245e-05 0.000000000000000e+00 0.000000000000000e+00 0.000000000000000e+00 -3.215815987347464e-06 0.000000000000000e+00 0.000000000000000e+00 0.000000000000000e+00 1.563436432831281e-05 1.563436432831281e-05 0.000000000000000e+00
1.022288273211000e+02 8.389890778634864e-06 8.389890778634864e-06 0.000000000000000e+00 0.000000000000000e+00 0.000000000000000e+00 -1.660646421003171e-05 0.000000000000000e+00 0.000000000000000e+00 0.000000000000000e+00 3.145389930974575e-06 3.145389930974575e-06 0.000000000000000e+00
1.028190007818000e+02 7.506358268179781e-06 7.506358268179781e-06 0.000000000000000e+00 0.000000000000000e+00 0.000000000000000e+00 1.561083405174207e-05 0.000000000000000e+00 0.000000000000000e+00 0.000000000000000e+00 4.662765358613517e-06 4.662765358613517e-06 0.000000000000000e+00
1.034125813511000e+02 1.132090776353569e-05 1.132090776353569e-05 0.000000000000000e+00 0.000000000000000e+00 0.000000000000000e+00 1.314093331896099e-05 0.000000000000000e+00 0.000000000000000e+00 0.000000000000000e+00 1.588057496619437e-05 1.588057496619437e-05 0.000000000000000e+00
1.040095886984000e+02 1.094164494147992e-05 1.094164494147992e-05 0.000000000000000e+00 0.000000000000000e+00 0.000000000000000e+00 -1.801345052851095e-05 0.000000000000000e+00 0.000000000000000e+00 0.000000000000000e+00 8.894682964177970e-06 8.894682964177970e-06 0.000000000000000e+00
1.046100426068000e+02 6.431303313322008e-06 6.431303313322008e-06 0.000000000000000e+00 0.000000000000000e+00 0.000000000000000e+00 4.201937694660915e-07 0.000000000000000e+00 0.000000000000000e+00 0.000000000000000e+00 6.754378210673104e-07 6.754378210673104e-07 0.000000000000000e+00
1.052139629734000e+02 8.007814507224211e-06 8.007814507224211e-06 0.000000000000000e+00 0.000000000000000e+00 0.000000000000000e+00 2.230527894491847e-05 0.000000000000000e+00 0.000000000000000e+00 0.000000000000000e+00 1.126753349076598e-05 1.126753349076598e-05 0.000000000000000e+00
1.058213698103000e+02 1.205375350796002e-05 1.205375350796002e-05 0.000000000000000e+00 0.000000000000000e+00 0.000000000000000e+00 -7.592351232247359e-06 0.000000000000000e+00 0.000000000000000e+00 0.000000000000000e+00 1.386454698333028e-05 1.386454698333028e-05 0.000000000000000e+00
1.064322832451000e+02 8.813005671859329e-06 8.813005671859329e-06 0.000000000000000e+00 0.000000000000000e+00 0.000000000000000e+00 -1.242850294024598e-05 0.000000000000000e+00 0.000000000000000e+00 0.000000000000000e+00 2.417238530454715e-06 2.417238530454715e-06 0.000000000000000e+00
1.070467235217000e+02 5.882770619796550e-06 5.882770619796550e-06 0.000000000000000e+00 0.000000000000000e+00 0.000000000000000e+00 1.814382120003618e-05 0.000000000000000e+00 0.000000000000000e+00 0.000000000000000e+00 5.925183106338219e-06 5.925183106338219e-06 0.000000000000000e+00
1.076647110007000e+02 9.850574213115398e-06 9.850574213115398e-06 0.000000000000000e+00 0.000000000000000e+00 0.000000000000000e+00 3.478416226406119e-06 0.000000000000000e+00 0.000000000000000e+00 0.000000000000000e+00 1.358615903024905e-05 1.358615903024905e-05 0.000000000000000e+00
1.082862661604000e+02 1.032305519086273e-05 1.032305519086273e-05 0.000000000000000e+00 0.000000000000000e+00 0.000000000000000e+00 -1.362840049559092e-05 0.000000000000000e+00 0.000000000000000e+00 0.000000000000000e+00 5.526607281439972e-06 5.526607281439972e-06 0.000000000000000e+00
1.089114095972000e+02 6.392316838170314e-06 6.392316838170314e-06 0.000000000000000e+00 0.000000000000000e+00 0.000000000000000e+00 1.210884176348624e-05 0.000000000000000e+00 0.000000000000000e+00 0.000000000000000e+00 4.602172203406587e-06 4.602172203406587e-06 0.000000000000000e+00
1.095401620264000e+02 8.140732270834520e-06 8.140732270834520e-06 0.000000000000000e+00 0.000000000000000e+00 0.000000000000000e+00 5.929638762810260e-06 0.000000000000000e+00 0.000000000000000e+00 0.000000000000000e+00 1.193808556223240e-05 1.193808556223240e-05 0.000000000000000e+00
1.101725442830000e+02 1.019944144202565e-05 1.019944144202565e-05 0.000000000000000e+00 0.000000000000000e+00 0.000000000000000e+00 -1.279817680719408e-05 0.000000000000000e+00 0.000000000000000e+00 0.000000000000000e+00 6.085896419249665e-06 6.085896419249665e-06 0.000000000000000e+00
1.108085773222000e+02 6.881305334540882e-06 6.881305334540882e-06 0.000000000000000e+00 0.000000000000000e+00 0.000000000000000e+00 1.152502473212324e-05 0.000000000000000e+00 0.000000000000000e+00 0.000000000000000e+00 4.442557509496394e-06 4.442557509496394e-06 0.000000000000000e+00
1.114482822202000e+02 7.117312567516764e-06 7.117312567516764e-06 0.000000000000000e+00 0.000000000000000e+00 0.000000000000000e+00 6.681050940810653e-06 0.000000000000000e+00 0.000000000000000e+00 0.000000000000000e+00 1.148291275859300e-05 1.148291275859300e-05 0.000000000000000e+00
1.120916801749000e+02 9.740529379822993e-06 9.740529379822993e-06 0.000000000000000e+00 0.000000000000000e+00 0.000000000000000e+00 -1.421262888066553e-05 0.000000000000000e+00 0.000000000000000e+00 0.000000000000000e+00 5.959649580338642e-06 5.959649580338642e-06 0.000000000000000e+00
1.127387925065000e+02 7.487334183860237e-06 7.487334183860237e-06 0.000000000000000e+00 0.000000000000000e+00 0.000000000000000e+00 1.135977390640317e-05 0.000000000000000e+00 0.000000000000000e+00 0.000000000000000e+00 4.188783715022318e-06 4.188783715022318e-06 0.000000000000000e+00
1.133896406584000e+02 6.614264473025467e-06 6.614264473025467e-06 0.000000000000000e+00 0.000000000000000e+00 0.000000000000000e+00 7.213118981914119e-06 0.000000000000000e+00 0.000000000000000e+00 0.000000000000000e+00 1.093262809356392e-05 1.093262809356392e-05 0.000000000000000e+00
1.140442461976000e+02 8.684891227643165e-06 8.684891227643165e-06 0.000000000000000e+00 0.000000000000000e+00 0.000000000000000e+00 -1.324820108757037e-05 0.000000000000000e+00 0.000000000000000e+00 0.000000000000000e+00 5.627907377120762e-06 5.627907377120762e-06 0.000000000000000e+00
1.147026308159000e+02 7.709439655622998e-06 7.709439655622998e-06 0.000000000000000e+00 0.000000000000000e+00 0.000000000000000e+00 1.098418993602307e-05 0.000000000000000e+00 0.000000000000000e+00 0.000000000000000e+00 4.841327363862683e-06 4.841327363862683e-06 0.000000000000000e+00
1.153648163301000e+02 6.863174127833575e-06 6.863174127833575e-06 0.000000000000000e+00 0.000000000000000e+00 0.000000000000000e+00 3.470017239036369e-06 0.000000000000000e+00 0.000000000000000e+00 0.000000000000000e+00 9.941069305343188e-06 9.941069305343188e-06 0.000000000000000e+00
1.160308246830000e+02 7.782831810363196e-06 7.782831810363196e-06 0.000000000000000e+00 0.000000000000000e+00 0.000000000000000e+00 -8.792734554833416e-06 0.000000000000000e+00 0.000000000000000e+00 0.000000000000000e+00 4.616502978927047e-06 4.616502978927047e-06 0.000000000000000e+00
1.167006779440000e+02 7.431329771998987e-06 7.431329771998987e-06 0.000000000000000e+00 0.000000000000000e+00 0.000000000000000e+00 1.214364602230847e-05 0.000000000000000e+00 0.000000000000000e+00 0.000000000000000e+00 6.509393762342547e-06 6.509393762342547e-06 0.000000000000000e+00
1.173743983101000e+02 7.033237582912460e-06 7.033237582912460e-06 0.000000000000000e+00 0.000000000000000e+00 0.000000000000000e+00 -4.068047435911186e-06 0.000000000000000e+00 0.000000000000000e+00 0.000000000000000e+00 8.546352407637369e-06 8.546352407637369e-06 0.000000000000000e+00
1.180520081063000e+02 7.166717423349465e-06 7.166717423349465e-06 0.000000000000000e+00 0.000000000000000e+00 0.000000000000000e+00 -1.880595724306094e-06 0.000000000000000e+00 0.000000000000000e+00 0.000000000000000e+00 3.530786656998059e-06 3.530786656998059e-06 0.000000000000000e+00
1.187335297866000e+02 7.323971462773741e-06 7.323971462773741e-06 0.000000000000000e+00 0.000000000000000e+00 0.000000000000000e+00 1.170454755806163e-05 0.000000000000000e+00 0.000000000000000e+00 0.000000000000000e+00 8.431782215432324e-06 8.431782215432324e-06 0.000000000000000e+00
1.194189859345000e+02 6.903905354070558e-06 6.903905354070558e-06 0.000000000000000e+00 0.000000000000000e+00 0.000000000000000e+00 -1.023985002592974e-05 0.000000000000000e+00 0.000000000000000e+00 0.000000000000000e+00 6.458419642797716e-06 6.458419642797716e-06 0.000000000000000e+00
1.201083992639000e+02 6.597180749779838e-06 6.597180749779838e-06 0.000000000000000e+00 0.000000000000000e+00 0.000000000000000e+00 6.569725921167160e-06 0.000000000000000e+00 0.000000000000000e+00 0.000000000000000e+00 3.815765235262712e-06 3.815765235262712e-06 0.000000000000000e+00
1.208017926199000e+02 7.388287978044488e-06 7.388287978044488e-06 0.000000000000000e+00 0.000000000000000e+00 0.000000000000000e+00 4.899370600389525e-06 0.000000000000000e+00 0.000000000000000e+00 0.000000000000000e+00 9.168451373062024e-06 9.168451373062024e-06 0.000000000000000e+00
1.214991889794000e+02 6.512966414202547e-06 6.512966414202547e-06 0.000000000000000e+00 0.000000000000000e+00 0.000000000000000e+00 -8.310227183264473e-06 0.000000000000000e+00 0.000000000000000e+00 0.000000000000000e+00 4.153752249506154e-06 4.153752249506154e-06 0.000000000000000e+00
1.222006114520000e+02 6.426612312998444e-06 6.426612312998444e-06 0.000000000000000e+00 0.000000000000000e+00 0.000000000000000e+00 1.103151693042781e-05 0.000000000000000e+00 0.000000000000000e+00 0.000000000000000e+00 6.060570542306044e-06 6.060570542306044e-06 0.000000000000000e+00
1.229060832808000e+02 7.209964261440500e-06 7.209964261440500e-06 0.000000000000000e+00 0.000000000000000e+00 0.000000000000000e+00 -5.255779773841730e-06 0.000000000000000e+00 0.000000000000000e+00 0.000000000000000e+00 7.257841154414292e-06 7.257841154414292e-06 0.000000000000000e+00
1.236156278429000e+02 5.931628303784201e-06 5.931628303784201e-06 0.000000000000000e+00 0.000000000000000e+00 0.000000000000000e+00 3.158717405174363e-06 0.000000000000000e+00 0.000000000000000e+00 0.000000000000000e+00 3.821894574827525e-06 3.821894574827525e-06 0.000000000000000e+00
1.243292686504000e+02 6.818733695787750e-06 6.818733695787750e-06 0.000000000000000e+00 0.000000000000000e+00 0.000000000000000e+00 3.407327486844863e-06 0.000000000000000e+00 0.000000000000000e+00 0.000000000000000e+00 7.885319875150308e-06 7.885319875150308e-06 0.000000000000000e+00
1.250470293513000e+02 6.455893740487698e-06 6.455893740487698e-06 0.000000000000000e+00 0.000000000000000e+00 0.000000000000000e+00 -4.999392441746928e-06 0.000000000000000e+00 0.000000000000000e+00 0.000000000000000e+00 3.987996736698203e-06 3.987996736698203e-06 0.000000000000000e+00
1.257689337299000e+02 5.789557984372710e-06 5.789557984372710e-06 0.000000000000000e+00 0.000000000000000e+00 0.000000000000000e+00 9.939035244132307e-06 0.000000000000000e+00 0.000000000000000e+00 0.000000000000000e+00 6.446153652897745e-06 6.446153652897745e-06 0.000000000000000e+00
1.264950057080000e+02 7.004877791767280e-06 7.004877791767280e-06 0.000000000000000e+00 0.000000000000000e+00 0.000000000000000e+00 -8.017758494113886e-06 0.000000000000000e+00 0.000000000000000e+00 0.000000000000000e+00 5.954682935832094e-06 5.954682935832094e-06 0.000000000000000e+00
1.272252693454000e+02 5.551584493396088e-06 5.551584493396088e-06 0.000000000000000e+00 0.000000000000000e+00 0.000000000000000e+00 7.633909354890030e-06 0.000000000000000e+00 0.000000000000000e+00 0.000000000000000e+00 4.072450315679528e-06 4.072450315679528e-06 0.000000000000000e+00
1.279597488407000e+02 6.305931045508226e-06 6.305931045508226e-06 0.000000000000000e+00 0.000000000000000e+00 0.000000000000000e+00 -1.197920268939957e-06 0.000000000000000e+00 0.000000000000000e+00 0.000000000000000e+00 7.348597729166385e-06 7.348597729166385e-06 0.000000000000000e+00
1.286984685325000e+02 6.220067429705005e-06 6.220067429705005e-06 0.000000000000000e+00 0.000000000000000e+00 0.000000000000000e+00 -7.909904383430087e-07 0.000000000000000e+00 0.000000000000000e+00 0.000000000000000e+00 3.557094033660386e-06 3.557094033660386e-06 0.000000000000000e+00
1.294414528995000e+02 5.578920687755766e-06 5.578920687755766e-06 0.000000000000000e+00 0.000000000000000e+00 0.000000000000000e+00 5.502441752066165e-06 0.000000000000000e+00 0.000000000000000e+00 0.000000000000000e+00 6.686941738431617e-06 6.686941738431617e-06 0.000000000000000e+00
1.301887265622000e+02 6.274463573593509e-06 6.274463573593509e-06 0.000000000000000e+00 0.000000000000000e+00 0.000000000000000e+00 -4.542832535107353e-06 0.000000000000000e+00 0.000000000000000e+00 0.000000000000000e+00 4.298832597816884e-06 4.298832597816884e-06 0.000000000000000e+00
1.309403142827000e+02 5.519589517337969e-06 5.519589517337969e-06 0.000000000000000e+00 0.000000000000000e+00 0.000000000000000e+00 6.943891089987617e-06 0.000000000000000e+00 0.000000000000000e+00 0.000000000000000e+00 5.798425694666992e-06 5.798425694666992e-06 0.000000000000000e+00
1.316962409665000e+02 5.965432471407022e-06 5.965432471407022e-06 0.000000000000000e+00 0.000000000000000e+00 0.000000000000000e+00 -5.263986439675762e-06 0.000000000000000e+00 0.000000000000000e+00 0.000000000000000e+00 4.718825769560528e-06 4.718825769560528e-06 0.000000000000000e+00
1.324565316627000e+02 5.584050701074791e-06 5.584050701074791e-06 0.000000000000000e+00 0.000000000000000e+00 0.000000000000000e+00 7.618903507755038e-06 0.000000000000000e+00 0.000000000000000e+00 0.000000000000000e+00 5.208229139844114e-06 5.208229139844114e-06 0.000000000000000e+00
1.332212115650000e+02 5.638747214664287e-06 5.638747214664287e-06 0.000000000000000e+00 0.000000000000000e+00 0.000000000000000e+00 -5.725877237431280e-06 0.000000000000000e+00 0.000000000000000e+00 0.000000000000000e+00 5.140001253239693e-06 5.140001253239693e-06 0.000000000000000e+00
1.339903060125000e+02 5.603429273313277e-06 5.603429273313277e-06 0.000000000000000e+00 0.000000000000000e+00 0.000000000000000e+00 7.073973790452539e-06 0.000000000000000e+00 0.000000000000000e+00 0.000000000000000e+00 4.448271811782221e-06 4.448271811782221e-06 0.000000000000000e+00
1.347638404908000e+02 5.462136461465150e-06 5.462136461465150e-06 0.000000000000000e+00 0.000000000000000e+00 0.000000000000000e+00 -4.009679983658216e-06 0.000000000000000e+00 0.000000000000000e+00 0.000000000000000e+00 5.634833753833835e-06 5.634833753833835e-06 0.000000000000000e+00
1.355418406323000e+02 5.416480670062279e-06 5.416480670062279e-06 0.000000000000000e+00 0.000000000000000e+00 0.000000000000000e+00 4.536431228806765e-06 0.000000000000000e+00 0.000000000000000e+00 0.000000000000000e+00 3.895577038655848e-06 3.895577038655848e-06 0.000000000000000e+00
1.363243322176000e+02 5.444738462696968e-06 5.444738462696968e-06 0.000000000000000e+00 0.000000000000000e+00 0.000000000000000e+00 -1.632655497652767e-06 0.000000000000000e+00 0.000000000000000e+00 0.000000000000000e+00 5.684965626053683e-06 5.684965626053683e-06 0.000000000000000e+00
1.371113411762000e+02 5.194955263341185e-06 5.194955263341185e-06 0.000000000000000e+00 0.000000000000000e+00 0.000000000000000e+00 2.975693208909920e-06 0.000000000000000e+00 0.000000000000000e+00 0.000000000000000e+00 3.840940973900930e-06 3.840940973900930e-06 0.000000000000000e+00
1.379028935870000e+02 5.391041348483958e-06 5.391041348483958e-06 0.000000000000000e+00 0.000000000000000e+00 0.000000000000000e+00 -1.250010715060820e-06 0.000000000000000e+00 0.000000000000000e+00 0.000000000000000e+00 5.406648142654083e-06 5.406648142654083e-06 0.000000000000000e+00
1.386990156798000e+02 5.016690326052063e-06 5.016690326052063e-06 0.000000000000000e+00 0.000000000000000e+00 0.000000000000000e+00 3.444212922587962e-06 0.000000000000000e+00 0.000000000000000e+00 0.000000000000000e+00 3.873228975562296e-06 3.873228975562296e-06 0.000000000000000e+00
1.394997338356000e+02 5.334119266431360e-06 5.334119266431360e-06 0.000000000000000e+00 0.000000000000000e+00 0.000000000000000e+00 -2.184005440667858e-06 0.000000000000000e+00 0.000000000000000e+00 0.000000000000000e+00 5.233601750419950e-06 5.233601750419950e-06 0.000000000000000e+00
1.403050745878000e+02 4.834080264282494e-06 4.834080264282494e-06 0.000000000000000e+00 0.000000000000000e+00 0.000000000000000e+00 4.302814766955651e-06 0.000000000000000e+00 0.000000000000000e+00 0.000000000000000e+00 3.754512596895224e-06 3.754512596895224e-06 0.000000000000000e+00
1.411150646229000e+02 5.255689542232510e-06 5.255689542232510e-06 0.000000000000000e+00 0.000000000000000e+00 0.000000000000000e+00 -2.810910864719520e-06 0.000000000000000e+00 0.000000000000000e+00 0.000000000000000e+00 5.136739370746782e-06 5.136739370746782e-06 0.000000000000000e+00
1.419297307814000e+02 4.723946621514967e-06 4.723946621514967e-06 0.000000000000000e+00 0.000000000000000e+00 0.000000000000000e+00 4.579307876123391e-06 0.000000000000000e+00 0.000000000000000e+00 0.000000000000000e+00 3.706791138196482e-06 3.706791138196482e-06 0.000000000000000e+00
1.427491000590000e+02 5.094034433617288e-06 5.094034433617288e-06 0.000000000000000e+00 0.000000000000000e+00 0.000000000000000e+00 -2.925978301774847e-06 0.000000000000000e+00 0.000000000000000e+00 0.000000000000000e+00 4.851747641596515e-06 4.851747641596515e-06 0.000000000000000e+00
1.435731996071000e+02 4.676622193166865e-06 4.676622193166865e-06 0.000000000000000e+00 0.000000000000000e+00 0.000000000000000e+00 4.542066803021101e-06 0.000000000000000e+00 0.000000000000000e+00 0.000000000000000e+00 3.905747174401023e-06 3.905747174401023e-06 0.000000000000000e+00
1.444020567338000e+02 4.919361080543938e-06 4.919361080543938e-06 0.000000000000000e+00 0.000000000000000e+00 0.000000000000000e+00 -2.838395193335459e-06 0.000000000000000e+00 0.000000000000000e+00 0.000000000000000e+00 4.339475329837550e-06 4.339475329837550e-06 0.000000000000000e+00
1.452356989049000e+02 4.611501079059593e-06 4.611501079059593e-06 0.000000000000000e+00 0.000000000000000e+00 0.000000000000000e+00 4.222466388156988e-06 0.000000000000000e+00 0.000000000000000e+00 0.000000000000000e+00 4.271500872960618e-06 4.271500872960618e-06 0.000000000000000e+00
1.460741537448000e+02 4.776324830039126e-06 4.776324830039126e-06 0.000000000000000e+00 0.000000000000000e+00 0.000000000000000e+00 -2.185477905832922e-06 0.000000000000000e+00 0.000000000000000e+00 0.000000000000000e+00 3.763383136344559e-06 3.763383136344559e-06 0.000000000000000e+00
1.469174490373000e+02 4.537336884990672e-06 4.537336884990672e-06 0.000000000000000e+00 0.000000000000000e+00 0.000000000000000e+00 2.960160360085723e-06 0.000000000000000e+00 0.000000000000000e+00 0.000000000000000e+00 4.590555435115014e-06 4.590555435115014e-06 0.000000000000000e+00
1.477656127266000e+02 4.625768415052448e-06 4.625768415052448e-06 0.000000000000000e+00 0.000000000000000e+00 0.000000000000000e+00 -2.907999395317037e-07 0.000000000000000e+00 0.000000000000000e+00 0.000000000000000e+00 3.367536855949600e-06 3.367536855949600e-06 0.000000000000000e+00
1.486186729184000e+02 4.483575173238681e-06 4.483575173238681e-06 0.000000000000000e+00 0.000000000000000e+00 0.000000000000000e+00 4.362592193465087e-07 0.000000000000000e+00 0.000000000000000e+00 0.000000000000000e+00 4.601912470858469e-06 4.601912470858469e-06 0.000000000000000e+00
1.494766578804000e+02 4.465380238486660e-06 4.465380238486660e-06 0.000000000000000e+00 0.000000000000000e+00 0.000000000000000e+00 2.436089987802391e-06 0.000000000000000e+00 0.000000000000000e+00 0.000000000000000e+00 3.390483751677398e-06 3.390483751677398e-06 0.000000000000000e+00
1.503395960436000e+02 4.423559746843774e-06 4.423559746843774e-06 0.000000000000000e+00 0.000000000000000e+00 0.000000000000000e+00 -1.964340516817582e-06 0.000000000000000e+00 0.000000000000000e+00 0.000000000000000e+00 4.154075339008683e-06 4.154075339008683e-06 0.000000000000000e+00
1.512075160033000e+02 4.347629179322067e-06 4.347629179322067e-06 0.000000000000000e+00 0.000000000000000e+00 0.000000000000000e+00 3.683413159268991e-06 0.000000000000000e+00 0.000000000000000e+00 0.000000000000000e+00 3.818262772477785e-06 3.818262772477785e-06 0.000000000000000e+00
1.520804465195000e+02 4.302760495470558e-06 4.302760495470558e-06 0.000000000000000e+00 0.000000000000000e+00 0.000000000000000e+00 -1.504544756261304e-06 0.000000000000000e+00 0.000000000000000e+00 0.000000000000000e+00 3.502071763312224e-06 3.502071763312224e-06 0.000000000000000e+00
1.529584165186000e+02 4.296060766076802e-06 4.296060766076802e-06 0.000000000000000e+00 0.000000000000000e+00 0.000000000000000e+00 1.285368285169515e-06 0.000000000000000e+00 0.000000000000000e+00 0.000000000000000e+00 4.136561016491052e-06 4.136561016491052e-06 0.000000000000000e+00
1.538414550938000e+02 4.142540080974717e-06 4.142540080974717e-06 0.000000000000000e+00 0.000000000000000e+00 0.000000000000000e+00 2.143662435202300e-06 0.000000000000000e+00 0.000000000000000e+00 0.000000000000000e+00 3.315419770892671e-06 3.315419770892671e-06 0.000000000000000e+00
1.547295915063000e+02 4.243232382424221e-06 4.243232382424221e-06 0.000000000000000e+00 0.000000000000000e+00 0.000000000000000e+00 -2.287614268959812e-06 0.000000000000000e+00 0.000000000000000e+00 0.000000000000000e+00 3.758069503407967e-06 3.758069503407967e-06 0.000000000000000e+00
1.556228551863000e+02 4.044056774261898e-06 4.044056774261898e-06 0.000000000000000e+00 0.000000000000000e+00 0.000000000000000e+00 3.860204795093224e-06 0.000000000000000e+00 0.000000000000000e+00 0.000000000000000e+00 3.787646080101455e-06 3.787646080101455e-06 0.000000000000000e+00
1.565212757338000e+02 4.096739186418025e-06 4.096739186418025e-06 0.000000000000000e+00 0.000000000000000e+00 0.000000000000000e+00 -1.126348002138922e-06 0.000000000000000e+00 0.000000000000000e+00 0.000000000000000e+00 3.114512106564960e-06 3.114512106564960e-06 0.000000000000000e+00
1.574248829197000e+02 4.032772027545211e-06 4.032772027545211e-06 0.000000000000000e+00 0.000000000000000e+00 0.000000000000000e+00 2.182413245373797e-07 0.000000000000000e+00 0.000000000000000e+00 0.000000000000000e+00 3.923487345726384e-06 3.923487345726384e-06 0.000000000000000e+00
1.583337066869000e+02 3.926687703773256e-06 3.926687703773256e-06 0.000000000000000e+00 0.000000000000000e+00 0.000000000000000e+00 2.737226144313225e-06 0.000000000000000e+00 0.000000000000000e+00 0.000000000000000e+00 3.291234305628753e-06 3.291234305628753e-06 0.000000000000000e+00
1.592477771509000e+02 3.967600234771698e-06 3.967600234771698e-06 0.000000000000000e+00 0.000000000000000e+00 0.000000000000000e+00 -1.201666650682700e-06 0.000000000000000e+00 0.000000000000000e+00 0.000000000000000e+00 3.265073893473323e-06 3.265073893473323e-06 0.000000000000000e+00
1.601671246012000e+02 3.866732762052267e-06 3.866732762052267e-06 0.000000000000000e+00 0.000000000000000e+00 0.000000000000000e+00 5.180889860863737e-07 0.000000000000000e+00 0.000000000000000e+00 0.000000000000000e+00 3.644174404098841e-06 3.644174404098841e-06 0.000000000000000e+00
1.610917795024000e+02 3.819569741803982e-06 3.819569741803982e-06 0.000000000000000e+00 0.000000000000000e+00 0.000000000000000e+00 2.676571743699281e-06 0.000000000000000e+00 0.000000000000000e+00 0.000000000000000e+00 3.255618163579128e-06 3.255618163579128e-06 0.000000000000000e+00
1.620217724945000e+02 3.808150989457863e-06 3.808150989457863e-06 0.000000000000000e+00 0.000000000000000e+00 0.000000000000000e+00 -1.290595159467489e-06 0.000000000000000e+00 0.000000000000000e+00 0.000000000000000e+00 3.046111732889680e-06 3.046111732889680e-06 0.000000000000000e+00
1.629571343948000e+02 3.747165821679131e-06 3.747165821679131e-06 0.000000000000000e+00 0.000000000000000e+00 0.000000000000000e+00 2.744007261327232e-07 0.000000000000000e+00 0.000000000000000e+00 0.000000000000000e+00 3.599252899642224e-06 3.599252899642224e-06 0.000000000000000e+00
1.638978961982000e+02 3.689353767661693e-06 3.689353767661693e-06 0.000000000000000e+00 0.000000000000000e+00 0.000000000000000e+00 2.922521518967982e-06 0.000000000000000e+00 0.000000000000000e+00 0.000000000000000e+00 3.110964979446621e-06 3.110964979446621e-06 0.000000000000000e+00
1.648440890788000e+02 3.658504459720634e-06 3.658504459720634e-06 0.000000000000000e+00 0.000000000000000e+00 0.000000000000000e+00 -1.061503303920628e-06 0.000000000000000e+00 0.000000000000000e+00 0.000000000000000e+00 2.952948125387109e-06 2.952948125387109e-06 0.000000000000000e+00
1.657957443905000e+02 3.638036981384267e-06 3.638036981384267e-06 0.000000000000000e+00 0.000000000000000e+00 0.000000000000000e+00 -1.283692633729703e-07 0.000000000000000e+00 0.000000000000000e+00 0.000000000000000e+00 3.339218729527113e-06 3.339218729527113e-06 0.000000000000000e+00
1.667528936683000e+02 3.562327448709465e-06 3.562327448709465e-06 0.000000000000000e+00 0.000000000000000e+00 0.000000000000000e+00 2.015470924547962e-06 0.000000000000000e+00 0.000000000000000e+00 0.000000000000000e+00 3.181515074683405e-06 3.181515074683405e-06 0.000000000000000e+00
1.677155686292000e+02 3.510754993664877e-06 3.510754993664877e-06 0.000000000000000e+00 0.000000000000000e+00 0.000000000000000e+00 1.166579114086170e-06 0.000000000000000e+00 0.000000000000000e+00 0.000000000000000e+00 2.856682802699581e-06 2.856682802699581e-06 0.000000000000000e+00
1.686838011733000e+02 3.521439154475668e-06 3.521439154475668e-06 0.000000000000000e+00 0.000000000000000e+00 0.000000000000000e+00 -1.350595099958961e-06 0.000000000000000e+00 0.000000000000000e+00 0.000000000000000e+00 2.936373326918881e-06 2.936373326918881e-06 0.000000000000000e+00
1.696576233848000e+02 3.456985947312776e-06 3.456985947312776e-06 0.000000000000000e+00 0.000000000000000e+00 0.000000000000000e+00 5.077522441239305e-07 0.000000000000000e+00 0.000000000000000e+00 0.000000000000000e+00 3.259780094188121e-06 3.259780094188121e-06 0.000000000000000e+00
1.706370675333000e+02 3.374839366842186e-06 3.374839366842186e-06 0.000000000000000e+00 0.000000000000000e+00 0.000000000000000e+00 2.737993941770449e-06 0.000000000000000e+00 0.000000000000000e+00 0.000000000000000e+00 2.908914985721504e-06 2.908914985721504e-06 0.000000000000000e+00
1.716221660746000e+02 3.385088361503238e-06 3.385088361503238e-06 0.000000000000000e+00 0.000000000000000e+00 0.000000000000000e+00 -1.202540079910825e-07 0.000000000000000e+00 0.000000000000000e+00 0.000000000000000e+00 2.668732420849966e-06 2.668732420849966e-06 0.000000000000000e+00
1.726129516519000e+02 3.345413592790549e-06 3.345413592790549e-06 0.000000000000000e+00 0.000000000000000e+00 0.000000000000000e+00 -9.517201911363294e-07 0.000000000000000e+00 0.000000000000000e+00 0.000000000000000e+00 2.921039245772210e-06 2.921039245772210e-06 0.000000000000000e+00
1.736094570967000e+02 3.287251897824631e-06 3.287251897824631e-06 0.000000000000000e+00 0.000000000000000e+00 0.000000000000000e+00 6.881080135526981e-07 0.000000000000000e+00 0.000000000000000e+00 0.000000000000000e+00 2.983758969328381e-06 2.983758969328381e-06 0.000000000000000e+00
1.746117154302000e+02 3.246024708621096e-06 3.246024708621096e-06 0.000000000000000e+00 0.000000000000000e+00 0.000000000000000e+00 1.715048528706904e-06 0.000000000000000e+00 0.000000000000000e+00 0.000000000000000e+00 2.854416354659253e-06 2.854416354659253e-06 0.000000000000000e+00
1.756197598642000e+02 3.209317551014372e-06 3.209317551014372e-06 0.000000000000000e+00 0.000000000000000e+00 0.000000000000000e+00 1.384829830287364e-06 0.000000000000000e+00 0.000000000000000e+00 0.000000000000000e+00 2.627361585552447e-06 2.627361585552447e-06 0.000000000000000e+00
1.766336238023000e+02 3.179340538322041e-06 3.179340538322041e-06 0.000000000000000e+00 0.000000000000000e+00 0.000000000000000e+00 -6.927500374369816e-07 0.000000000000000e+00 0.000000000000000e+00 0.000000000000000e+00 2.569771769680937e-06 2.569771769680937e-06 0.000000000000000e+00
1.776533408407000e+02 3.155274356273337e-06 3.155274356273337e-06 0.000000000000000e+00 0.000000000000000e+00 0.000000000000000e+00 -9.296390040831663e-07 0.000000000000000e+00 0.000000000000000e+00 0.000000000000000e+00 2.798029667556234e-06 2.798029667556234e-06 0.000000000000000e+00
1.786789447698000e+02 3.105526142240574e-06 3.105526142240574e-06 0.000000000000000e+00 0.000000000000000e+00 0.000000000000000e+00 1.126218352497240e-06 0.000000000000000e+00 0.000000000000000e+00 0.000000000000000e+00 2.834923407084246e-06 2.834923407084246e-06 0.000000000000000e+00
1.797104695751000e+02 3.052716698058295e-06 3.052716698058295e-06 0.000000000000000e+00 0.000000000000000e+00 0.000000000000000e+00 1.787897696145279e-06 0.000000000000000e+00 0.000000000000000e+00 0.000000000000000e+00 2.632087553729256e-06 2.632087553729256e-06 0.000000000000000e+00
1.807479494380000e+02 3.020739567994533e-06 3.020739567994533e-06 0.000000000000000e+00 0.000000000000000e+00 0.000000000000000e+00 1.079673550512261e-06 0.000000000000000e+00 0.000000000000000e+00 0.000000000000000e+00 2.500254481972762e-06 2.500254481972762e-06 0.000000000000000e+00
1.817914187376000e+02 2.995829639794493e-06 2.995829639794493e-06 0.000000000000000e+00 0.000000000000000e+00 0.000000000000000e+00 3.024224536446427e-07 0.000000000000000e+00 0.000000000000000e+00 0.000000000000000e+00 2.440542887178561e-06 2.440542887178561e-06 0.000000000000000e+00
1.828409120511000e+02 2.972115799961739e-06 2.972115799961739e-06 0.000000000000000e+00 0.000000000000000e+00 0.000000000000000e+00 -6.888873511643706e-07 0.000000000000000e+00 0.000000000000000e+00 0.000000000000000e+00 2.449810252527555e-06 2.449810252527555e-06 0.000000000000000e+00
1.838964641557000e+02 2.934998814978465e-06 2.934998814978465e-06 0.000000000000000e+00 0.000000000000000e+00 0.000000000000000e+00 -8.548958711484000e-07 0.000000000000000e+00 0.000000000000000e+00 0.000000000000000e+00 2.568898620677820e-06 2.568898620677820e-06 0.000000000000000e+00
1.849581100290000e+02 2.887635898995044e-06 2.887635898995044e-06 0.000000000000000e+00 0.000000000000000e+00 0.000000000000000e+00 4.673614207026036e-07 0.000000000000000e+00 0.000000000000000e+00 0.000000000000000e+00 2.632508283930345e-06 2.632508283930345e-06 0.000000000000000e+00
1.860258848509000e+02 2.848966128419179e-06 2.848966128419179e-06 0.000000000000000e+00 0.000000000000000e+00 0.000000000000000e+00 1.665346235079449e-06 0.000000000000000e+00 0.000000000000000e+00 0.000000000000000e+00 2.528633787237623e-06 2.528633787237623e-06 0.000000000000000e+00
1.870998240041000e+02 2.816007158468522e-06 2.816007158468522e-06 0.000000000000000e+00 0.000000000000000e+00 0.000000000000000e+00 1.626076910377226e-06 0.000000000000000e+00 0.000000000000000e+00 0.000000000000000e+00 2.383198282785491e-06 2.383198282785491e-06 0.000000000000000e+00
1.881799630757000e+02 2.783043701290387e-06 2.783043701290387e-06 0.000000000000000e+00 0.000000000000000e+00 0.000000000000000e+00 1.133988616787533e-06 0.000000000000000e+00 0.000000000000000e+00 0.000000000000000e+00 2.303883809303891e-06 2.303883809303891e-06 0.000000000000000e+00
1.892663378582000e+02 2.750515925623289e-06 2.750515925623289e-06 0.000000000000000e+00 0.000000000000000e+00 0.000000000000000e+00 8.196368948061998e-07 0.000000000000000e+00 0.000000000000000e+00 0.000000000000000e+00 2.249552442445324e-06 2.249552442445324e-06 0.000000000000000e+00
1.903589843508000e+02 2.720182972679951e-06 2.720182972679951e-06 0.000000000000000e+00 0.000000000000000e+00 0.000000000000000e+00 3.282223877514156e-07 0.000000000000000e+00 0.000000000000000e+00 0.000000000000000e+00 2.188991185596158e-06 2.188991185596158e-06 0.000000000000000e+00
1.914579387604000e+02 2.695668052688994e-06 2.695668052688994e-06 0.000000000000000e+00 0.000000000000000e+00 0.000000000000000e+00 -4.430998965613763e-07 0.000000000000000e+00 0.000000000000000e+00 0.000000000000000e+00 2.167558751525706e-06 2.167558751525706e-06 0.000000000000000e+00
1.925632375030000e+02 2.669997307182824e-06 2.669997307182824e-06 0.000000000000000e+00 0.000000000000000e+00 0.000000000000000e+00 -9.479650003165415e-07 0.000000000000000e+00 0.000000000000000e+00 0.000000000000000e+00 2.202373824602970e-06 2.202373824602970e-06 0.000000000000000e+00
1.936749172049000e+02 2.636966897685404e-06 2.636966897685404e-06 0.000000000000000e+00 0.000000000000000e+00 0.000000000000000e+00 -8.652897346946146e-07 0.000000000000000e+00 0.000000000000000e+00 0.000000000000000e+00 2.243333311234506e-06 2.243333311234506e-06 0.000000000000000e+00
1.947930147038000e+02 2.601499240348071e-06 2.601499240348071e-06 0.000000000000000e+00 0.000000000000000e+00 0.000000000000000e+00 -5.175414095661525e-07 0.000000000000000e+00 0.000000000000000e+00 0.000000000000000e+00 2.245975555219317e-06 2.245975555219317e-06 0.000000000000000e+00
1.959175670500000e+02 2.568613407607461e-06 2.568613407607461e-06 0.000000000000000e+00 0.000000000000000e+00 0.000000000000000e+00 -3.488322430092022e-07 0.000000000000000e+00 0.000000000000000e+00 0.000000000000000e+00 2.218727199331787e-06 2.218727199331787e-06 0.000000000000000e+00
1.970486115077000e+02 2.538330483639340e-06 2.538330483639340e-06 0.000000000000000e+00 0.000000000000000e+00 0.000000000000000e+00 -4.202449171401202e-07 0.000000000000000e+00 0.000000000000000e+00 0.000000000000000e+00 2.194807637967358e-06 2.194807637967358e-06 0.000000000000000e+00
1.981861855564000e+02 2.509331211355382e-06 2.509331211355382e-06 0.000000000000000e+00 0.000000000000000e+00 0.000000000000000e+00 -5.016387997886036e-07 0.000000000000000e+00 0.000000000000000e+00 0.000000000000000e+00 2.187917363701287e-06 2.187917363701287e-06 0.000000000000000e+00
1.993303268917000e+02 2.480439646412375e-06 2.480439646412375e-06 0.000000000000000e+00 0.000000000000000e+00 0.000000000000000e+00 -4.298251604425555e-07 0.000000000000000e+00 0.000000000000000e+00 0.000000000000000e+00 2.184864705357150e-06 2.184864705357150e-06 0.000000000000000e+00
2.004810734270000e+02 2.450776166619608e-06 2.450776166619608e-06 0.000000000000000e+00 0.000000000000000e+00 0.000000000000000e+00 -2.589626957932331e-07 0.000000000000000e+00 0.000000000000000e+00 0.000000000000000e+00 2.167406297710238e-06 2.167406297710238e-06 0.000000000000000e+00
