1.046853290200000e-05 1.952864841125326e+05 1.952864841125326e+05 0.000000000000000e+00 0.000000000000000e+00 0.000000000000000e+00 1.952864835027967e+05 0.000000000000000e+00 0.000000000000000e+00 0.000000000000000e+00 1.943973731528801e+05 1.943973731528801e+05 0.000000000000000e+00
1.052896840198000e-05 1.952864840475415e+05 1.952864840475415e+05 0.000000000000000e+00 0.000000000000000e+00 0.000000000000000e+00 1.952864834231564e+05 0.000000000000000e+00 0.000000000000000e+00 0.000000000000000e+00 1.943973730390686e+05 1.943973730390686e+05 0.000000000000000e+00
1.058975279991000e-05 1.952864831783746e+05 1.952864831783746e+05 0.000000000000000e+00 0.000000000000000e+00 0.000000000000000e+00 1.952864825392644e+05 0.000000000000000e+00 0.000000000000000e+00 0.000000000000000e+00 1.943973339909675e+05 1.943973339909675e+05 0.000000000000000e+00
1.065088811000000e-05 1.952864833005850e+05 1.952864833005850e+05 0.000000000000000e+00 0.000000000000000e+00 0.000000000000000e+00 1.952864826466402e+05 0.000000000000000e+00 0.000000000000000e+00 0.000000000000000e+00 1.943973299181731e+05 1.943973299181731e+05 0.000000000000000e+00
1.071237635808000e-05 1.952864834170169e+05 1.952864834170169e+05 0.000000000000000e+00 0.000000000000000e+00 0.000000000000000e+00 1.952864827480360e+05 0.000000000000000e+00 0.000000000000000e+00 0.000000000000000e+00 1.943973267033939e+05 1.943973267033939e+05 0.000000000000000e+00
1.077421958170000e-05 1.952864848422314e+05 1.952864848422314e+05 0.000000000000000e+00 0.000000000000000e+00 0.000000000000000e+00 1.952864841579876e+05 0.000000000000000e+00 0.000000000000000e+00 0.000000000000000e+00 1.943973216435914e+05 1.943973216435914e+05 0.000000000000000e+00
1.083641983014000e-05 1.952864848767565e+05 1.952864848767565e+05 0.000000000000000e+00 0.000000000000000e+00 0.000000000000000e+00 1.952864841771265e+05 0.000000000000000e+00 0.000000000000000e+00 0.000000000000000e+00 1.943973211421317e+05 1.943973211421317e+05 0.000000000000000e+00
1.089897916453000e-05 1.952864848870148e+05 1.952864848870148e+05 0.000000000000000e+00 0.000000000000000e+00 0.000000000000000e+00 1.952864841717988e+05 0.000000000000000e+00 0.000000000000000e+00 0.000000000000000e+00 1.943973222146597e+05 1.943973222146597e+05 0.000000000000000e+00
1.096189965790000e-05 1.952864848695954e+05 1.952864848695954e+05 0.000000000000000e+00 0.000000000000000e+00 0.000000000000000e+00 1.952864841385788e+05 0.000000000000000e+00 0.000000000000000e+00 0.000000000000000e+00 1.943973252061029e+05 1.943973252061029e+05 0.000000000000000e+00
1.102518339524000e-05 1.952864847938844e+05 1.952864847938844e+05 0.000000000000000e+00 0.000000000000000e+00 0.000000000000000e+00 1.952864840469241e+05 0.000000000000000e+00 0.000000000000000e+00 0.000000000000000e+00 1.943973231014217e+05 1.943973231014217e+05 0.000000000000000e+00
1.108883247359000e-05 1.952864831172958e+05 1.952864831172958e+05 0.000000000000000e+00 0.000000000000000e+00 0.000000000000000e+00 1.952864823542046e+05 0.000000000000000e+00 0.000000000000000e+00 0.000000000000000e+00 1.943973214999035e+05 1.943973214999035e+05 0.000000000000000e+00
1.115284900208000e-05 1.952864831604106e+05 1.952864831604106e+05 0.000000000000000e+00 0.000000000000000e+00 0.000000000000000e+00 1.952864823809594e+05 0.000000000000000e+00 0.000000000000000e+00 0.000000000000000e+00 1.943973185230633e+05 1.943973185230633e+05 0.000000000000000e+00
1.121723510201000e-05 1.952864830931833e+05 1.952864830931833e+05 0.000000000000000e+00 0.000000000000000e+00 0.000000000000000e+00 1.952864822969655e+05 0.000000000000000e+00 0.000000000000000e+00 0.000000000000000e+00 1.943973178297079e+05 1.943973178297079e+05 0.000000000000000e+00
1.128199290696000e-05 1.952864829671874e+05 1.952864829671874e+05 0.000000000000000e+00 0.000000000000000e+00 0.000000000000000e+00 1.952864821546074e+05 0.000000000000000e+00 0.000000000000000e+00 0.000000000000000e+00 1.943973165994250e+05 1.943973165994250e+05 0.000000000000000e+00
1.134712456280000e-05 1.952864828600406e+05 1.952864828600406e+05 0.000000000000000e+00 0.000000000000000e+00 0.000000000000000e+00 1.952864820304472e+05 0.000000000000000e+00 0.000000000000000e+00 0.000000000000000e+00 1.943973162995805e+05 1.943973162995805e+05 0.000000000000000e+00
1.141263222779000e-05 1.952864827631838e+05 1.952864827631838e+05 0.000000000000000e+00 0.000000000000000e+00 0.000000000000000e+00 1.952864819165143e+05 0.000000000000000e+00 0.000000000000000e+00 0.000000000000000e+00 1.943973237884500e+05 1.943973237884500e+05 0.000000000000000e+00
1.147851807266000e-05 1.952864825729347e+05 1.952864825729347e+05 0.000000000000000e+00 0.000000000000000e+00 0.000000000000000e+00 1.952864817089526e+05 0.000000000000000e+00 0.000000000000000e+00 0.000000000000000e+00 1.943973172363642e+05 1.943973172363642e+05 0.000000000000000e+00
1.154478428066000e-05 1.952864823324638e+05 1.952864823324638e+05 0.000000000000000e+00 0.000000000000000e+00 0.000000000000000e+00 1.952864814510006e+05 0.000000000000000e+00 0.000000000000000e+00 0.000000000000000e+00 1.943973275798418e+05 1.943973275798418e+05 0.000000000000000e+00
1.161143304765000e-05 1.952864820776184e+05 1.952864820776184e+05 0.000000000000000e+00 0.000000000000000e+00 0.000000000000000e+00 1.952864811784936e+05 0.000000000000000e+00 0.000000000000000e+00 0.000000000000000e+00 1.943973335156302e+05 1.943973335156302e+05 0.000000000000000e+00
1.167846658217000e-05 1.952864817557375e+05 1.952864817557375e+05 0.000000000000000e+00 0.000000000000000e+00 0.000000000000000e+00 1.952864808387090e+05 0.000000000000000e+00 0.000000000000000e+00 0.000000000000000e+00 1.943973068239902e+05 1.943973068239902e+05 0.000000000000000e+00
1.174588710552000e-05 1.952864815663756e+05 1.952864815663756e+05 0.000000000000000e+00 0.000000000000000e+00 0.000000000000000e+00 1.952864806312428e+05 0.000000000000000e+00 0.000000000000000e+00 0.000000000000000e+00 1.943973054292753e+05 1.943973054292753e+05 0.000000000000000e+00
1.181369685179000e-05 1.952864813427978e+05 1.952864813427978e+05 0.000000000000000e+00 0.000000000000000e+00 0.000000000000000e+00 1.952864803893507e+05 0.000000000000000e+00 0.000000000000000e+00 0.000000000000000e+00 1.943973043338001e+05 1.943973043338001e+05 0.000000000000000e+00
1.188189806800000e-05 1.952864809835622e+05 1.952864809835622e+05 0.000000000000000e+00 0.000000000000000e+00 0.000000000000000e+00 1.952864800115819e+05 0.000000000000000e+00 0.000000000000000e+00 0.000000000000000e+00 1.943973261366775e+05 1.943973261366775e+05 0.000000000000000e+00
1.195049301412000e-05 1.952864807516250e+05 1.952864807516250e+05 0.000000000000000e+00 0.000000000000000e+00 0.000000000000000e+00 1.952864797608844e+05 0.000000000000000e+00 0.000000000000000e+00 0.000000000000000e+00 1.943973031730485e+05 1.943973031730485e+05 0.000000000000000e+00
1.201948396320000e-05 1.952864805244352e+05 1.952864805244352e+05 0.000000000000000e+00 0.000000000000000e+00 0.000000000000000e+00 1.952864795147238e+05 0.000000000000000e+00 0.000000000000000e+00 0.000000000000000e+00 1.943973031469695e+05 1.943973031469695e+05 0.000000000000000e+00
1.208887320136000e-05 1.952864707314176e+05 1.952864707314176e+05 0.000000000000000e+00 0.000000000000000e+00 0.000000000000000e+00 1.952864697025172e+05 0.000000000000000e+00 0.000000000000000e+00 0.000000000000000e+00 1.943974088964954e+05 1.943974088964954e+05 0.000000000000000e+00
1.215866302798000e-05 1.952864703028739e+05 1.952864703028739e+05 0.000000000000000e+00 0.000000000000000e+00 0.000000000000000e+00 1.952864692546062e+05 0.000000000000000e+00 0.000000000000000e+00 0.000000000000000e+00 1.943974044178124e+05 1.943974044178124e+05 0.000000000000000e+00
1.222885575565000e-05 1.952864697194876e+05 1.952864697194876e+05 0.000000000000000e+00 0.000000000000000e+00 0.000000000000000e+00 1.952864686515737e+05 0.000000000000000e+00 0.000000000000000e+00 0.000000000000000e+00 1.943973969666232e+05 1.943973969666232e+05 0.000000000000000e+00
1.229945371037000e-05 1.952864698966434e+05 1.952864698966434e+05 0.000000000000000e+00 0.000000000000000e+00 0.000000000000000e+00 1.952864688088687e+05 0.000000000000000e+00 0.000000000000000e+00 0.000000000000000e+00 1.943974099025360e+05 1.943974099025360e+05 0.000000000000000e+00
1.237045923153000e-05 1.952864693903205e+05 1.952864693903205e+05 0.000000000000000e+00 0.000000000000000e+00 0.000000000000000e+00 1.952864682821931e+05 0.000000000000000e+00 0.000000000000000e+00 0.000000000000000e+00 1.943974078332216e+05 1.943974078332216e+05 0.000000000000000e+00
1.244187467203000e-05 1.952864687705699e+05 1.952864687705699e+05 0.000000000000000e+00 0.000000000000000e+00 0.000000000000000e+00 1.952864676423402e+05 0.000000000000000e+00 0.000000000000000e+00 0.000000000000000e+00 1.943974032194230e+05 1.943974032194230e+05 0.000000000000000e+00
1.251370239837000e-05 1.952864682082071e+05 1.952864682082071e+05 0.000000000000000e+00 0.000000000000000e+00 0.000000000000000e+00 1.952864670593078e+05 0.000000000000000e+00 0.000000000000000e+00 0.000000000000000e+00 1.943973979486866e+05 1.943973979486866e+05 0.000000000000000e+00
1.258594479070000e-05 1.952864676486849e+05 1.952864676486849e+05 0.000000000000000e+00 0.000000000000000e+00 0.000000000000000e+00 1.952864664789937e+05 0.000000000000000e+00 0.000000000000000e+00 0.000000000000000e+00 1.943973945417808e+05 1.943973945417808e+05 0.000000000000000e+00
1.265860424292000e-05 1.952864669673576e+05 1.952864669673576e+05 0.000000000000000e+00 0.000000000000000e+00 0.000000000000000e+00 1.952864657769171e+05 0.000000000000000e+00 0.000000000000000e+00 0.000000000000000e+00 1.943973865621453e+05 1.943973865621453e+05 0.000000000000000e+00
1.273168316272000e-05 1.952864663887401e+05 1.952864663887401e+05 0.000000000000000e+00 0.000000000000000e+00 0.000000000000000e+00 1.952864651771314e+05 0.000000000000000e+00 0.000000000000000e+00 0.000000000000000e+00 1.943973881675015e+05 1.943973881675015e+05 0.000000000000000e+00
1.280518397174000e-05 1.952864658555999e+05 1.952864658555999e+05 0.000000000000000e+00 0.000000000000000e+00 0.000000000000000e+00 1.952864646217944e+05 0.000000000000000e+00 0.000000000000000e+00 0.000000000000000e+00 1.943973852319437e+05 1.943973852319437e+05 0.000000000000000e+00
1.287910910556000e-05 1.952864652870008e+05 1.952864652870008e+05 0.000000000000000e+00 0.000000000000000e+00 0.000000000000000e+00 1.952864640316237e+05 0.000000000000000e+00 0.000000000000000e+00 0.000000000000000e+00 1.943973763745800e+05 1.943973763745800e+05 0.000000000000000e+00
1.295346101383000e-05 1.952864647420683e+05 1.952864647420683e+05 0.000000000000000e+00 0.000000000000000e+00 0.000000000000000e+00 1.952864634647014e+05 0.000000000000000e+00 0.000000000000000e+00 0.000000000000000e+00 1.943973687690569e+05 1.943973687690569e+05 0.000000000000000e+00
1.302824216035000e-05 1.952864641240706e+05 1.952864641240706e+05 0.000000000000000e+00 0.000000000000000e+00 0.000000000000000e+00 1.952864628242185e+05 0.000000000000000e+00 0.000000000000000e+00 0.000000000000000e+00 1.943973600200226e+05 1.943973600200226e+05 0.000000000000000e+00
1.310345502315000e-05 1.952864636238765e+05 1.952864636238765e+05 0.000000000000000e+00 0.000000000000000e+00 0.000000000000000e+00 1.952864623014949e+05 0.000000000000000e+00 0.000000000000000e+00 0.000000000000000e+00 1.943973498757543e+05 1.943973498757543e+05 0.000000000000000e+00
1.317910209454000e-05 1.952864630511237e+05 1.952864630511237e+05 0.000000000000000e+00 0.000000000000000e+00 0.000000000000000e+00 1.952864617063203e+05 0.000000000000000e+00 0.000000000000000e+00 0.000000000000000e+00 1.943973386718822e+05 1.943973386718822e+05 0.000000000000000e+00
1.325518588124000e-05 1.952864624744217e+05 1.952864624744217e+05 0.000000000000000e+00 0.000000000000000e+00 0.000000000000000e+00 1.952864611062859e+05 0.000000000000000e+00 0.000000000000000e+00 0.000000000000000e+00 1.943973738768152e+05 1.943973738768152e+05 0.000000000000000e+00
1.333170890443000e-05 1.952864618442309e+05 1.952864618442309e+05 0.000000000000000e+00 0.000000000000000e+00 0.000000000000000e+00 1.952864604526935e+05 0.000000000000000e+00 0.000000000000000e+00 0.000000000000000e+00 1.943973709631861e+05 1.943973709631861e+05 0.000000000000000e+00
1.340867369985000e-05 1.952864611518081e+05 1.952864611518081e+05 0.000000000000000e+00 0.000000000000000e+00 0.000000000000000e+00 1.952864597366205e+05 0.000000000000000e+00 0.000000000000000e+00 0.000000000000000e+00 1.943973689525252e+05 1.943973689525252e+05 0.000000000000000e+00
1.348608281789000e-05 1.952864602853784e+05 1.952864602853784e+05 0.000000000000000e+00 0.000000000000000e+00 0.000000000000000e+00 1.952864588467501e+05 0.000000000000000e+00 0.000000000000000e+00 0.000000000000000e+00 1.943973665702009e+05 1.943973665702009e+05 0.000000000000000e+00
1.356393882365000e-05 1.952864597208006e+05 1.952864597208006e+05 0.000000000000000e+00 0.000000000000000e+00 0.000000000000000e+00 1.952864582580226e+05 0.000000000000000e+00 0.000000000000000e+00 0.000000000000000e+00 1.943973675557625e+05 1.943973675557625e+05 0.000000000000000e+00
1.364224429703000e-05 1.952864587467023e+05 1.952864587467023e+05 0.000000000000000e+00 0.000000000000000e+00 0.000000000000000e+00 1.952864572599948e+05 0.000000000000000e+00 0.000000000000000e+00 0.000000000000000e+00 1.943973633678317e+05 1.943973633678317e+05 0.000000000000000e+00
1.372100183284000e-05 1.952864578849134e+05 1.952864578849134e+05 0.000000000000000e+00 0.000000000000000e+00 0.000000000000000e+00 1.952864563730285e+05 0.000000000000000e+00 0.000000000000000e+00 0.000000000000000e+00 1.943973619971363e+05 1.943973619971363e+05 0.000000000000000e+00
1.380021404087000e-05 1.952864570073408e+05 1.952864570073408e+05 0.000000000000000e+00 0.000000000000000e+00 0.000000000000000e+00 1.952864554705949e+05 0.000000000000000e+00 0.000000000000000e+00 0.000000000000000e+00 1.943973611934973e+05 1.943973611934973e+05 0.000000000000000e+00
1.387988354596000e-05 1.952864561431022e+05 1.952864561431022e+05 0.000000000000000e+00 0.000000000000000e+00 0.000000000000000e+00 1.952864545810217e+05 0.000000000000000e+00 0.000000000000000e+00 0.000000000000000e+00 1.943973062976163e+05 1.943973062976163e+05 0.000000000000000e+00
1.396001298813000e-05 1.952864557259543e+05 1.952864557259543e+05 0.000000000000000e+00 0.000000000000000e+00 0.000000000000000e+00 1.952864541378095e+05 0.000000000000000e+00 0.000000000000000e+00 0.000000000000000e+00 1.943973651610681e+05 1.943973651610681e+05 0.000000000000000e+00
1.404060502262000e-05 1.952864549673862e+05 1.952864549673862e+05 0.000000000000000e+00 0.000000000000000e+00 0.000000000000000e+00 1.952864533539082e+05 0.000000000000000e+00 0.000000000000000e+00 0.000000000000000e+00 1.943973631549695e+05 1.943973631549695e+05 0.000000000000000e+00
1.412166231999000e-05 1.952864540472055e+05 1.952864540472055e+05 0.000000000000000e+00 0.000000000000000e+00 0.000000000000000e+00 1.952864524069760e+05 0.000000000000000e+00 0.000000000000000e+00 0.000000000000000e+00 1.943972901598839e+05 1.943972901598839e+05 0.000000000000000e+00
1.420318756626000e-05 1.952864532658728e+05 1.952864532658728e+05 0.000000000000000e+00 0.000000000000000e+00 0.000000000000000e+00 1.952864515993380e+05 0.000000000000000e+00 0.000000000000000e+00 0.000000000000000e+00 1.943973597371023e+05 1.943973597371023e+05 0.000000000000000e+00
1.428518346290000e-05 1.952864525358680e+05 1.952864525358680e+05 0.000000000000000e+00 0.000000000000000e+00 0.000000000000000e+00 1.952864508427245e+05 0.000000000000000e+00 0.000000000000000e+00 0.000000000000000e+00 1.943973471155948e+05 1.943973471155948e+05 0.000000000000000e+00
1.436765272703000e-05 1.952864517297429e+05 1.952864517297429e+05 0.000000000000000e+00 0.000000000000000e+00 0.000000000000000e+00 1.952864500093077e+05 0.000000000000000e+00 0.000000000000000e+00 0.000000000000000e+00 1.943973433775473e+05 1.943973433775473e+05 0.000000000000000e+00
1.445059809141000e-05 1.952864509285783e+05 1.952864509285783e+05 0.000000000000000e+00 0.000000000000000e+00 0.000000000000000e+00 1.952864491807857e+05 0.000000000000000e+00 0.000000000000000e+00 0.000000000000000e+00 1.943973530340530e+05 1.943973530340530e+05 0.000000000000000e+00
1.453402230460000e-05 1.952864502003509e+05 1.952864502003509e+05 0.000000000000000e+00 0.000000000000000e+00 0.000000000000000e+00 1.952864484251178e+05 0.000000000000000e+00 0.000000000000000e+00 0.000000000000000e+00 1.943973503560075e+05 1.943973503560075e+05 0.000000000000000e+00
1.461792813103000e-05 1.952864492142362e+05 1.952864492142362e+05 0.000000000000000e+00 0.000000000000000e+00 0.000000000000000e+00 1.952864474103283e+05 0.000000000000000e+00 0.000000000000000e+00 0.000000000000000e+00 1.943973412354534e+05 1.943973412354534e+05 0.000000000000000e+00
1.470231835109000e-05 1.952864484223105e+05 1.952864484223105e+05 0.000000000000000e+00 0.000000000000000e+00 0.000000000000000e+00 1.952864465902162e+05 0.000000000000000e+00 0.000000000000000e+00 0.000000000000000e+00 1.943973464738691e+05 1.943973464738691e+05 0.000000000000000e+00
1.478719576120000e-05 1.952864475757222e+05 1.952864475757222e+05 0.000000000000000e+00 0.000000000000000e+00 0.000000000000000e+00 1.952864457151032e+05 0.000000000000000e+00 0.000000000000000e+00 0.000000000000000e+00 1.943973439114403e+05 1.943973439114403e+05 0.000000000000000e+00
1.487256317395000e-05 1.952864466744273e+05 1.952864466744273e+05 0.000000000000000e+00 0.000000000000000e+00 0.000000000000000e+00 1.952864447846260e+05 0.000000000000000e+00 0.000000000000000e+00 0.000000000000000e+00 1.943973413526286e+05 1.943973413526286e+05 0.000000000000000e+00
1.495842341815000e-05 1.952864457633144e+05 1.952864457633144e+05 0.000000000000000e+00 0.000000000000000e+00 0.000000000000000e+00 1.952864438447164e+05 0.000000000000000e+00 0.000000000000000e+00 0.000000000000000e+00 1.943973392097019e+05 1.943973392097019e+05 0.000000000000000e+00
1.504477933895000e-05 1.952864448545999e+05 1.952864448545999e+05 0.000000000000000e+00 0.000000000000000e+00 0.000000000000000e+00 1.952864429058468e+05 0.000000000000000e+00 0.000000000000000e+00 0.000000000000000e+00 1.943973369923571e+05 1.943973369923571e+05 0.000000000000000e+00
1.513163379792000e-05 1.952864439018122e+05 1.952864439018122e+05 0.000000000000000e+00 0.000000000000000e+00 0.000000000000000e+00 1.952864419231194e+05 0.000000000000000e+00 0.000000000000000e+00 0.000000000000000e+00 1.943973269119070e+05 1.943973269119070e+05 0.000000000000000e+00
1.521898967315000e-05 1.952864430691350e+05 1.952864430691350e+05 0.000000000000000e+00 0.000000000000000e+00 0.000000000000000e+00 1.952864410598878e+05 0.000000000000000e+00 0.000000000000000e+00 0.000000000000000e+00 1.943973254142354e+05 1.943973254142354e+05 0.000000000000000e+00
1.530684985936000e-05 1.952864420770124e+05 1.952864420770124e+05 0.000000000000000e+00 0.000000000000000e+00 0.000000000000000e+00 1.952864400375927e+05 0.000000000000000e+00 0.000000000000000e+00 0.000000000000000e+00 1.943973228931115e+05 1.943973228931115e+05 0.000000000000000e+00
1.539521726796000e-05 1.952864411434205e+05 1.952864411434205e+05 0.000000000000000e+00 0.000000000000000e+00 0.000000000000000e+00 1.952864390721076e+05 0.000000000000000e+00 0.000000000000000e+00 0.000000000000000e+00 1.943973258264068e+05 1.943973258264068e+05 0.000000000000000e+00
1.548409482717000e-05 1.952864401092025e+05 1.952864401092025e+05 0.000000000000000e+00 0.000000000000000e+00 0.000000000000000e+00 1.952864380067625e+05 0.000000000000000e+00 0.000000000000000e+00 0.000000000000000e+00 1.943973190775950e+05 1.943973190775950e+05 0.000000000000000e+00
1.557348548213000e-05 1.952864391425007e+05 1.952864391425007e+05 0.000000000000000e+00 0.000000000000000e+00 0.000000000000000e+00 1.952864370082321e+05 0.000000000000000e+00 0.000000000000000e+00 0.000000000000000e+00 1.943973155972262e+05 1.943973155972262e+05 0.000000000000000e+00
1.566339219498000e-05 1.952864380400337e+05 1.952864380400337e+05 0.000000000000000e+00 0.000000000000000e+00 0.000000000000000e+00 1.952864358735427e+05 0.000000000000000e+00 0.000000000000000e+00 0.000000000000000e+00 1.943973143925157e+05 1.943973143925157e+05 0.000000000000000e+00
1.575381794494000e-05 1.952864370151329e+05 1.952864370151329e+05 0.000000000000000e+00 0.000000000000000e+00 0.000000000000000e+00 1.952864348165852e+05 0.000000000000000e+00 0.000000000000000e+00 0.000000000000000e+00 1.943973190125087e+05 1.943973190125087e+05 0.000000000000000e+00
1.584476572845000e-05 1.952864357988217e+05 1.952864357988217e+05 0.000000000000000e+00 0.000000000000000e+00 0.000000000000000e+00 1.952864335667099e+05 0.000000000000000e+00 0.000000000000000e+00 0.000000000000000e+00 1.943973218379458e+05 1.943973218379458e+05 0.000000000000000e+00
1.593623855925000e-05 1.952864345207043e+05 1.952864345207043e+05 0.000000000000000e+00 0.000000000000000e+00 0.000000000000000e+00 1.952864322554847e+05 0.000000000000000e+00 0.000000000000000e+00 0.000000000000000e+00 1.943973086337141e+05 1.943973086337141e+05 0.000000000000000e+00
1.602823946847000e-05 1.952864334760483e+05 1.952864334760483e+05 0.000000000000000e+00 0.000000000000000e+00 0.000000000000000e+00 1.952864311770180e+05 0.000000000000000e+00 0.000000000000000e+00 0.000000000000000e+00 1.943973155696513e+05 1.943973155696513e+05 0.000000000000000e+00
1.612077150472000e-05 1.952864321027225e+05 1.952864321027225e+05 0.000000000000000e+00 0.000000000000000e+00 0.000000000000000e+00 1.952864297694995e+05 0.000000000000000e+00 0.000000000000000e+00 0.000000000000000e+00 1.943973077918856e+05 1.943973077918856e+05 0.000000000000000e+00
1.621383773426000e-05 1.952864310798039e+05 1.952864310798039e+05 0.000000000000000e+00 0.000000000000000e+00 0.000000000000000e+00 1.952864287121544e+05 0.000000000000000e+00 0.000000000000000e+00 0.000000000000000e+00 1.943973175089602e+05 1.943973175089602e+05 0.000000000000000e+00
1.630744124100000e-05 1.952864297575209e+05 1.952864297575209e+05 0.000000000000000e+00 0.000000000000000e+00 0.000000000000000e+00 1.952864273553402e+05 0.000000000000000e+00 0.000000000000000e+00 0.000000000000000e+00 1.943973064744273e+05 1.943973064744273e+05 0.000000000000000e+00
1.640158512668000e-05 1.952864287202593e+05 1.952864287202593e+05 0.000000000000000e+00 0.000000000000000e+00 0.000000000000000e+00 1.952864262823430e+05 0.000000000000000e+00 0.000000000000000e+00 0.000000000000000e+00 1.943973094556984e+05 1.943973094556984e+05 0.000000000000000e+00
1.649627251094000e-05 1.952864274538763e+05 1.952864274538763e+05 0.000000000000000e+00 0.000000000000000e+00 0.000000000000000e+00 1.952864249803259e+05 0.000000000000000e+00 0.000000000000000e+00 0.000000000000000e+00 1.943972980564478e+05 1.943972980564478e+05 0.000000000000000e+00
1.659150653144000e-05 1.952864262181928e+05 1.952864262181928e+05 0.000000000000000e+00 0.000000000000000e+00 0.000000000000000e+00 1.952864237085580e+05 0.000000000000000e+00 0.000000000000000e+00 0.000000000000000e+00 1.943973104401930e+05 1.943973104401930e+05 0.000000000000000e+00
1.668729034394000e-05 1.952864249960551e+05 1.952864249960551e+05 0.000000000000000e+00 0.000000000000000e+00 0.000000000000000e+00 1.952864224496199e+05 0.000000000000000e+00 0.000000000000000e+00 0.000000000000000e+00 1.943973077565944e+05 1.943973077565944e+05 0.000000000000000e+00
1.678362712243000e-05 1.952864238648389e+05 1.952864238648389e+05 0.000000000000000e+00 0.000000000000000e+00 0.000000000000000e+00 1.952864212812495e+05 0.000000000000000e+00 0.000000000000000e+00 0.000000000000000e+00 1.943972826742866e+05 1.943972826742866e+05 0.000000000000000e+00
1.688052005920000e-05 1.952864377625779e+05 1.952864377625779e+05 0.000000000000000e+00 0.000000000000000e+00 0.000000000000000e+00 1.952864351422405e+05 0.000000000000000e+00 0.000000000000000e+00 0.000000000000000e+00 1.943972302422922e+05 1.943972302422922e+05 0.000000000000000e+00
1.697797236501000e-05 1.952864215093193e+05 1.952864215093193e+05 0.000000000000000e+00 0.000000000000000e+00 0.000000000000000e+00 1.952864188507696e+05 0.000000000000000e+00 0.000000000000000e+00 0.000000000000000e+00 1.943972687732356e+05 1.943972687732356e+05 0.000000000000000e+00
1.707598726911000e-05 1.952864202853302e+05 1.952864202853302e+05 0.000000000000000e+00 0.000000000000000e+00 0.000000000000000e+00 1.952864175885031e+05 0.000000000000000e+00 0.000000000000000e+00 0.000000000000000e+00 1.943972619635098e+05 1.943972619635098e+05 0.000000000000000e+00
1.717456801943000e-05 1.952864200659791e+05 1.952864200659791e+05 0.000000000000000e+00 0.000000000000000e+00 0.000000000000000e+00 1.952864173308309e+05 0.000000000000000e+00 0.000000000000000e+00 0.000000000000000e+00 1.943972626212304e+05 1.943972626212304e+05 0.000000000000000e+00
1.727371788264000e-05 1.952864186923946e+05 1.952864186923946e+05 0.000000000000000e+00 0.000000000000000e+00 0.000000000000000e+00 1.952864159177524e+05 0.000000000000000e+00 0.000000000000000e+00 0.000000000000000e+00 1.943972600084465e+05 1.943972600084465e+05 0.000000000000000e+00
1.737344014425000e-05 1.952864173628381e+05 1.952864173628381e+05 0.000000000000000e+00 0.000000000000000e+00 0.000000000000000e+00 1.952864145487135e+05 0.000000000000000e+00 0.000000000000000e+00 0.000000000000000e+00 1.943972933766838e+05 1.943972933766838e+05 0.000000000000000e+00
1.747373810876000e-05 1.952864160369692e+05 1.952864160369692e+05 0.000000000000000e+00 0.000000000000000e+00 0.000000000000000e+00 1.952864131831432e+05 0.000000000000000e+00 0.000000000000000e+00 0.000000000000000e+00 1.943972903179085e+05 1.943972903179085e+05 0.000000000000000e+00
1.757461509973000e-05 1.952864149513714e+05 1.952864149513714e+05 0.000000000000000e+00 0.000000000000000e+00 0.000000000000000e+00 1.952864120567999e+05 0.000000000000000e+00 0.000000000000000e+00 0.000000000000000e+00 1.943972890003289e+05 1.943972890003289e+05 0.000000000000000e+00
1.767607445994000e-05 1.952864135462866e+05 1.952864135462866e+05 0.000000000000000e+00 0.000000000000000e+00 0.000000000000000e+00 1.952864106102138e+05 0.000000000000000e+00 0.000000000000000e+00 0.000000000000000e+00 1.943972806908400e+05 1.943972806908400e+05 0.000000000000000e+00
1.777811955142000e-05 1.952864120287299e+05 1.952864120287299e+05 0.000000000000000e+00 0.000000000000000e+00 0.000000000000000e+00 1.952864090512467e+05 0.000000000000000e+00 0.000000000000000e+00 0.000000000000000e+00 1.943972785856266e+05 1.943972785856266e+05 0.000000000000000e+00
1.788075375564000e-05 1.952864106052341e+05 1.952864106052341e+05 0.000000000000000e+00 0.000000000000000e+00 0.000000000000000e+00 1.952864075859611e+05 0.000000000000000e+00 0.000000000000000e+00 0.000000000000000e+00 1.943972734940089e+05 1.943972734940089e+05 0.000000000000000e+00
1.798398047359000e-05 1.952864090979452e+05 1.952864090979452e+05 0.000000000000000e+00 0.000000000000000e+00 0.000000000000000e+00 1.952864060360655e+05 0.000000000000000e+00 0.000000000000000e+00 0.000000000000000e+00 1.943972694412775e+05 1.943972694412775e+05 0.000000000000000e+00
1.808780312589000e-05 1.952864075797402e+05 1.952864075797402e+05 0.000000000000000e+00 0.000000000000000e+00 0.000000000000000e+00 1.952864044751847e+05 0.000000000000000e+00 0.000000000000000e+00 0.000000000000000e+00 1.943972685258583e+05 1.943972685258583e+05 0.000000000000000e+00
1.819222515289000e-05 1.952864060964702e+05 1.952864060964702e+05 0.000000000000000e+00 0.000000000000000e+00 0.000000000000000e+00 1.952864029483980e+05 0.000000000000000e+00 0.000000000000000e+00 0.000000000000000e+00 1.943972682289841e+05 1.943972682289841e+05 0.000000000000000e+00
1.829725001484000e-05 1.952864046312807e+05 1.952864046312807e+05 0.000000000000000e+00 0.000000000000000e+00 0.000000000000000e+00 1.952864014392114e+05 0.000000000000000e+00 0.000000000000000e+00 0.000000000000000e+00 1.943972597084702e+05 1.943972597084702e+05 0.000000000000000e+00
1.840288119194000e-05 1.952864031480027e+05 1.952864031480027e+05 0.000000000000000e+00 0.000000000000000e+00 0.000000000000000e+00 1.952863999117808e+05 0.000000000000000e+00 0.000000000000000e+00 0.000000000000000e+00 1.943972465725616e+05 1.943972465725616e+05 0.000000000000000e+00
1.850912218447000e-05 1.952864145005877e+05 1.952864145005877e+05 0.000000000000000e+00 0.000000000000000e+00 0.000000000000000e+00 1.952864112193972e+05 0.000000000000000e+00 0.000000000000000e+00 0.000000000000000e+00 1.943972183776035e+05 1.943972183776035e+05 0.000000000000000e+00
1.861597651295000e-05 1.952864128158670e+05 1.952864128158670e+05 0.000000000000000e+00 0.000000000000000e+00 0.000000000000000e+00 1.952864094893020e+05 0.000000000000000e+00 0.000000000000000e+00 0.000000000000000e+00 1.943972162966871e+05 1.943972162966871e+05 0.000000000000000e+00
1.872344771820000e-05 1.952863982124084e+05 1.952863982124084e+05 0.000000000000000e+00 0.000000000000000e+00 0.000000000000000e+00 1.952863948395757e+05 0.000000000000000e+00 0.000000000000000e+00 0.000000000000000e+00 1.943972516980306e+05 1.943972516980306e+05 0.000000000000000e+00
1.883153936149000e-05 1.952863967096191e+05 1.952863967096191e+05 0.000000000000000e+00 0.000000000000000e+00 0.000000000000000e+00 1.952863932905876e+05 0.000000000000000e+00 0.000000000000000e+00 0.000000000000000e+00 1.943972427378977e+05 1.943972427378977e+05 0.000000000000000e+00
1.894025502464000e-05 1.952863950825240e+05 1.952863950825240e+05 0.000000000000000e+00 0.000000000000000e+00 0.000000000000000e+00 1.952863916159250e+05 0.000000000000000e+00 0.000000000000000e+00 0.000000000000000e+00 1.943972704533709e+05 1.943972704533709e+05 0.000000000000000e+00
1.904959831017000e-05 1.952863934430664e+05 1.952863934430664e+05 0.000000000000000e+00 0.000000000000000e+00 0.000000000000000e+00 1.952863899288522e+05 0.000000000000000e+00 0.000000000000000e+00 0.000000000000000e+00 1.943972687311534e+05 1.943972687311534e+05 0.000000000000000e+00
1.915957284137000e-05 1.952863917902221e+05 1.952863917902221e+05 0.000000000000000e+00 0.000000000000000e+00 0.000000000000000e+00 1.952863882277851e+05 0.000000000000000e+00 0.000000000000000e+00 0.000000000000000e+00 1.943972661018948e+05 1.943972661018948e+05 0.000000000000000e+00
1.927018226247000e-05 1.952864044709154e+05 1.952864044709154e+05 0.000000000000000e+00 0.000000000000000e+00 0.000000000000000e+00 1.952864008597770e+05 0.000000000000000e+00 0.000000000000000e+00 0.000000000000000e+00 1.943971900893369e+05 1.943971900893369e+05 0.000000000000000e+00
1.938143023872000e-05 1.952864026395588e+05 1.952864026395588e+05 0.000000000000000e+00 0.000000000000000e+00 0.000000000000000e+00 1.952863989789120e+05 0.000000000000000e+00 0.000000000000000e+00 0.000000000000000e+00 1.943971880854538e+05 1.943971880854538e+05 0.000000000000000e+00
1.949332045656000e-05 1.952864009036733e+05 1.952864009036733e+05 0.000000000000000e+00 0.000000000000000e+00 0.000000000000000e+00 1.952863971934836e+05 0.000000000000000e+00 0.000000000000000e+00 0.000000000000000e+00 1.943971863131798e+05 1.943971863131798e+05 0.000000000000000e+00
1.960585662366000e-05 1.952863992447646e+05 1.952863992447646e+05 0.000000000000000e+00 0.000000000000000e+00 0.000000000000000e+00 1.952863954841133e+05 0.000000000000000e+00 0.000000000000000e+00 0.000000000000000e+00 1.943971854288980e+05 1.943971854288980e+05 0.000000000000000e+00
1.971904246916000e-05 1.952863973516994e+05 1.952863973516994e+05 0.000000000000000e+00 0.000000000000000e+00 0.000000000000000e+00 1.952863935399381e+05 0.000000000000000e+00 0.000000000000000e+00 0.000000000000000e+00 1.943971821687148e+05 1.943971821687148e+05 0.000000000000000e+00
1.983288174366000e-05 1.952863956886787e+05 1.952863956886787e+05 0.000000000000000e+00 0.000000000000000e+00 0.000000000000000e+00 1.952863918252419e+05 0.000000000000000e+00 0.000000000000000e+00 0.000000000000000e+00 1.943971816780271e+05 1.943971816780271e+05 0.000000000000000e+00
1.994737821948000e-05 1.952863935871428e+05 1.952863935871428e+05 0.000000000000000e+00 0.000000000000000e+00 0.000000000000000e+00 1.952863896715102e+05 0.000000000000000e+00 0.000000000000000e+00 0.000000000000000e+00 1.943971834766370e+05 1.943971834766370e+05 0.000000000000000e+00
2.006253569066000e-05 1.952863917091459e+05 1.952863917091459e+05 0.000000000000000e+00 0.000000000000000e+00 0.000000000000000e+00 1.952863877407206e+05 0.000000000000000e+00 0.000000000000000e+00 0.000000000000000e+00 1.943971818702247e+05 1.943971818702247e+05 0.000000000000000e+00
2.017835797317000e-05 1.952863898920927e+05 1.952863898920927e+05 0.000000000000000e+00 0.000000000000000e+00 0.000000000000000e+00 1.952863858700181e+05 0.000000000000000e+00 0.000000000000000e+00 0.000000000000000e+00 1.943971812453714e+05 1.943971812453714e+05 0.000000000000000e+00
2.029484890502000e-05 1.952863879974228e+05 1.952863879974228e+05 0.000000000000000e+00 0.000000000000000e+00 0.000000000000000e+00 1.952863839213023e+05 0.000000000000000e+00 0.000000000000000e+00 0.000000000000000e+00 1.943971790830740e+05 1.943971790830740e+05 0.000000000000000e+00
2.041201234636000e-05 1.952863861557170e+05 1.952863861557170e+05 0.000000000000000e+00 0.000000000000000e+00 0.000000000000000e+00 1.952863820250783e+05 0.000000000000000e+00 0.000000000000000e+00 0.000000000000000e+00 1.943971763094523e+05 1.943971763094523e+05 0.000000000000000e+00
2.052985217963000e-05 1.952863841821962e+05 1.952863841821962e+05 0.000000000000000e+00 0.000000000000000e+00 0.000000000000000e+00 1.952863799962240e+05 0.000000000000000e+00 0.000000000000000e+00 0.000000000000000e+00 1.943971735388795e+05 1.943971735388795e+05 0.000000000000000e+00
2.064837230968000e-05 1.952863821049065e+05 1.952863821049065e+05 0.000000000000000e+00 0.000000000000000e+00 0.000000000000000e+00 1.952863778629711e+05 0.000000000000000e+00 0.000000000000000e+00 0.000000000000000e+00 1.943971728111652e+05 1.943971728111652e+05 0.000000000000000e+00
2.076757666391000e-05 1.952863800948065e+05 1.952863800948065e+05 0.000000000000000e+00 0.000000000000000e+00 0.000000000000000e+00 1.952863757962394e+05 0.000000000000000e+00 0.000000000000000e+00 0.000000000000000e+00 1.943971698769467e+05 1.943971698769467e+05 0.000000000000000e+00
2.088746919238000e-05 1.952863780131767e+05 1.952863780131767e+05 0.000000000000000e+00 0.000000000000000e+00 0.000000000000000e+00 1.952863736574004e+05 0.000000000000000e+00 0.000000000000000e+00 0.000000000000000e+00 1.943971675259204e+05 1.943971675259204e+05 0.000000000000000e+00
2.100805386798000e-05 1.952863759706001e+05 1.952863759706001e+05 0.000000000000000e+00 0.000000000000000e+00 0.000000000000000e+00 1.952863715568657e+05 0.000000000000000e+00 0.000000000000000e+00 0.000000000000000e+00 1.943971654572619e+05 1.943971654572619e+05 0.000000000000000e+00
2.112933468650000e-05 1.952863740483142e+05 1.952863740483142e+05 0.000000000000000e+00 0.000000000000000e+00 0.000000000000000e+00 1.952863695759585e+05 0.000000000000000e+00 0.000000000000000e+00 0.000000000000000e+00 1.943971652787042e+05 1.943971652787042e+05 0.000000000000000e+00
2.125131566683000e-05 1.952863720219379e+05 1.952863720219379e+05 0.000000000000000e+00 0.000000000000000e+00 0.000000000000000e+00 1.952863674902809e+05 0.000000000000000e+00 0.000000000000000e+00 0.000000000000000e+00 1.943971615570503e+05 1.943971615570503e+05 0.000000000000000e+00
2.137400085105000e-05 1.952863696172498e+05 1.952863696172498e+05 0.000000000000000e+00 0.000000000000000e+00 0.000000000000000e+00 1.952863650257931e+05 0.000000000000000e+00 0.000000000000000e+00 0.000000000000000e+00 1.943971585603818e+05 1.943971585603818e+05 0.000000000000000e+00
2.149739430456000e-05 1.952863676789555e+05 1.952863676789555e+05 0.000000000000000e+00 0.000000000000000e+00 0.000000000000000e+00 1.952863630268433e+05 0.000000000000000e+00 0.000000000000000e+00 0.000000000000000e+00 1.943971570209487e+05 1.943971570209487e+05 0.000000000000000e+00
2.162150011625000e-05 1.952863655124472e+05 1.952863655124472e+05 0.000000000000000e+00 0.000000000000000e+00 0.000000000000000e+00 1.952863607988908e+05 0.000000000000000e+00 0.000000000000000e+00 0.000000000000000e+00 1.943971548171732e+05 1.943971548171732e+05 0.000000000000000e+00
2.174632239861000e-05 1.952863632954100e+05 1.952863632954100e+05 0.000000000000000e+00 0.000000000000000e+00 0.000000000000000e+00 1.952863585197883e+05 0.000000000000000e+00 0.000000000000000e+00 0.000000000000000e+00 1.943971545826136e+05 1.943971545826136e+05 0.000000000000000e+00
2.187186528788000e-05 1.952863610191937e+05 1.952863610191937e+05 0.000000000000000e+00 0.000000000000000e+00 0.000000000000000e+00 1.952863561807787e+05 0.000000000000000e+00 0.000000000000000e+00 0.000000000000000e+00 1.943971513783434e+05 1.943971513783434e+05 0.000000000000000e+00
2.199813294415000e-05 1.952863586713636e+05 1.952863586713636e+05 0.000000000000000e+00 0.000000000000000e+00 0.000000000000000e+00 1.952863537693335e+05 0.000000000000000e+00 0.000000000000000e+00 0.000000000000000e+00 1.943971477046736e+05 1.943971477046736e+05 0.000000000000000e+00
2.212512955156000e-05 1.952863566202940e+05 1.952863566202940e+05 0.000000000000000e+00 0.000000000000000e+00 0.000000000000000e+00 1.952863516539790e+05 0.000000000000000e+00 0.000000000000000e+00 0.000000000000000e+00 1.943971456409266e+05 1.943971456409266e+05 0.000000000000000e+00
2.225285931838000e-05 1.952863541185211e+05 1.952863541185211e+05 0.000000000000000e+00 0.000000000000000e+00 0.000000000000000e+00 1.952863490871948e+05 0.000000000000000e+00 0.000000000000000e+00 0.000000000000000e+00 1.943971430590377e+05 1.943971430590377e+05 0.000000000000000e+00
2.238132647719000e-05 1.952863519143944e+05 1.952863519143944e+05 0.000000000000000e+00 0.000000000000000e+00 0.000000000000000e+00 1.952863468176785e+05 0.000000000000000e+00 0.000000000000000e+00 0.000000000000000e+00 1.943971419069154e+05 1.943971419069154e+05 0.000000000000000e+00
2.251053528501000e-05 1.952863496609058e+05 1.952863496609058e+05 0.000000000000000e+00 0.000000000000000e+00 0.000000000000000e+00 1.952863444970936e+05 0.000000000000000e+00 0.000000000000000e+00 0.000000000000000e+00 1.943971408620884e+05 1.943971408620884e+05 0.000000000000000e+00
2.264049002341000e-05 1.952863473772600e+05 1.952863473772600e+05 0.000000000000000e+00 0.000000000000000e+00 0.000000000000000e+00 1.952863421461630e+05 0.000000000000000e+00 0.000000000000000e+00 0.000000000000000e+00 1.943971377048015e+05 1.943971377048015e+05 0.000000000000000e+00
2.277119499871000e-05 1.952863475853070e+05 1.952863475853070e+05 0.000000000000000e+00 0.000000000000000e+00 0.000000000000000e+00 1.952863422864963e+05 0.000000000000000e+00 0.000000000000000e+00 0.000000000000000e+00 1.943971336672260e+05 1.943971336672260e+05 0.000000000000000e+00
2.290265454206000e-05 1.952863435830174e+05 1.952863435830174e+05 0.000000000000000e+00 0.000000000000000e+00 0.000000000000000e+00 1.952863382154130e+05 0.000000000000000e+00 0.000000000000000e+00 0.000000000000000e+00 1.943971343341292e+05 1.943971343341292e+05 0.000000000000000e+00
2.303487300964000e-05 1.952863399093433e+05 1.952863399093433e+05 0.000000000000000e+00 0.000000000000000e+00 0.000000000000000e+00 1.952863344721523e+05 0.000000000000000e+00 0.000000000000000e+00 0.000000000000000e+00 1.943971311460648e+05 1.943971311460648e+05 0.000000000000000e+00
2.316785478276000e-05 1.952863374760078e+05 1.952863374760078e+05 0.000000000000000e+00 0.000000000000000e+00 0.000000000000000e+00 1.952863319683768e+05 0.000000000000000e+00 0.000000000000000e+00 0.000000000000000e+00 1.943971284688760e+05 1.943971284688760e+05 0.000000000000000e+00
2.330160426804000e-05 1.952863399237139e+05 1.952863399237139e+05 0.000000000000000e+00 0.000000000000000e+00 0.000000000000000e+00 1.952863343448032e+05 0.000000000000000e+00 0.000000000000000e+00 0.000000000000000e+00 1.943971194087057e+05 1.943971194087057e+05 0.000000000000000e+00
2.343612589752000e-05 1.952863374705391e+05 1.952863374705391e+05 0.000000000000000e+00 0.000000000000000e+00 0.000000000000000e+00 1.952863318195296e+05 0.000000000000000e+00 0.000000000000000e+00 0.000000000000000e+00 1.943971164699630e+05 1.943971164699630e+05 0.000000000000000e+00
2.357142412884000e-05 1.952863350130751e+05 1.952863350130751e+05 0.000000000000000e+00 0.000000000000000e+00 0.000000000000000e+00 1.952863292891495e+05 0.000000000000000e+00 0.000000000000000e+00 0.000000000000000e+00 1.943971136812036e+05 1.943971136812036e+05 0.000000000000000e+00
2.370750344538000e-05 1.952863324538972e+05 1.952863324538972e+05 0.000000000000000e+00 0.000000000000000e+00 0.000000000000000e+00 1.952863266561060e+05 0.000000000000000e+00 0.000000000000000e+00 0.000000000000000e+00 1.943971106326369e+05 1.943971106326369e+05 0.000000000000000e+00
2.384436835638000e-05 1.952863299602809e+05 1.952863299602809e+05 0.000000000000000e+00 0.000000000000000e+00 0.000000000000000e+00 1.952863240878601e+05 0.000000000000000e+00 0.000000000000000e+00 0.000000000000000e+00 1.943971075603020e+05 1.943971075603020e+05 0.000000000000000e+00
2.398202339714000e-05 1.952863273355633e+05 1.952863273355633e+05 0.000000000000000e+00 0.000000000000000e+00 0.000000000000000e+00 1.952863213879511e+05 0.000000000000000e+00 0.000000000000000e+00 0.000000000000000e+00 1.943971044882393e+05 1.943971044882393e+05 0.000000000000000e+00
2.412047312912000e-05 1.952863207299427e+05 1.952863207299427e+05 0.000000000000000e+00 0.000000000000000e+00 0.000000000000000e+00 1.952863147054617e+05 0.000000000000000e+00 0.000000000000000e+00 0.000000000000000e+00 1.943971123336787e+05 1.943971123336787e+05 0.000000000000000e+00
2.425972214013000e-05 1.952863180272255e+05 1.952863180272255e+05 0.000000000000000e+00 0.000000000000000e+00 0.000000000000000e+00 1.952863119252125e+05 0.000000000000000e+00 0.000000000000000e+00 0.000000000000000e+00 1.943971085714832e+05 1.943971085714832e+05 0.000000000000000e+00
2.439977504445000e-05 1.952863154165737e+05 1.952863154165737e+05 0.000000000000000e+00 0.000000000000000e+00 0.000000000000000e+00 1.952863092364159e+05 0.000000000000000e+00 0.000000000000000e+00 0.000000000000000e+00 1.943971064696736e+05 1.943971064696736e+05 0.000000000000000e+00
2.454063648301000e-05 1.952863146058138e+05 1.952863146058138e+05 0.000000000000000e+00 0.000000000000000e+00 0.000000000000000e+00 1.952863083461822e+05 0.000000000000000e+00 0.000000000000000e+00 0.000000000000000e+00 1.943971013747511e+05 1.943971013747511e+05 0.000000000000000e+00
2.468231112352000e-05 1.952863118725262e+05 1.952863118725262e+05 0.000000000000000e+00 0.000000000000000e+00 0.000000000000000e+00 1.952863055335195e+05 0.000000000000000e+00 0.000000000000000e+00 0.000000000000000e+00 1.943970983435242e+05 1.943970983435242e+05 0.000000000000000e+00
2.482480366067000e-05 1.952863090969151e+05 1.952863090969151e+05 0.000000000000000e+00 0.000000000000000e+00 0.000000000000000e+00 1.952863026767802e+05 0.000000000000000e+00 0.000000000000000e+00 0.000000000000000e+00 1.943970953189916e+05 1.943970953189916e+05 0.000000000000000e+00
2.496811881621000e-05 1.952863062287393e+05 1.952863062287393e+05 0.000000000000000e+00 0.000000000000000e+00 0.000000000000000e+00 1.952862997269076e+05 0.000000000000000e+00 0.000000000000000e+00 0.000000000000000e+00 1.943970923443263e+05 1.943970923443263e+05 0.000000000000000e+00
2.511226133917000e-05 1.952863033386792e+05 1.952863033386792e+05 0.000000000000000e+00 0.000000000000000e+00 0.000000000000000e+00 1.952862967535936e+05 0.000000000000000e+00 0.000000000000000e+00 0.000000000000000e+00 1.943970893274966e+05 1.943970893274966e+05 0.000000000000000e+00
2.525723600600000e-05 1.952863004254992e+05 1.952863004254992e+05 0.000000000000000e+00 0.000000000000000e+00 0.000000000000000e+00 1.952862937566646e+05 0.000000000000000e+00 0.000000000000000e+00 0.000000000000000e+00 1.943970862560248e+05 1.943970862560248e+05 0.000000000000000e+00
2.540304762071000e-05 1.952862982811664e+05 1.952862982811664e+05 0.000000000000000e+00 0.000000000000000e+00 0.000000000000000e+00 1.952862915276427e+05 0.000000000000000e+00 0.000000000000000e+00 0.000000000000000e+00 1.943970949355766e+05 1.943970949355766e+05 0.000000000000000e+00
2.554970101506000e-05 1.952862953525759e+05 1.952862953525759e+05 0.000000000000000e+00 0.000000000000000e+00 0.000000000000000e+00 1.952862885133598e+05 0.000000000000000e+00 0.000000000000000e+00 0.000000000000000e+00 1.943970921359689e+05 1.943970921359689e+05 0.000000000000000e+00
2.569720104869000e-05 1.952862923882489e+05 1.952862923882489e+05 0.000000000000000e+00 0.000000000000000e+00 0.000000000000000e+00 1.952862854623467e+05 0.000000000000000e+00 0.000000000000000e+00 0.000000000000000e+00 1.943970892861846e+05 1.943970892861846e+05 0.000000000000000e+00
2.584555260932000e-05 1.952862893734944e+05 1.952862893734944e+05 0.000000000000000e+00 0.000000000000000e+00 0.000000000000000e+00 1.952862823604470e+05 0.000000000000000e+00 0.000000000000000e+00 0.000000000000000e+00 1.943970864822953e+05 1.943970864822953e+05 0.000000000000000e+00
2.599476061284000e-05 1.952862863102298e+05 1.952862863102298e+05 0.000000000000000e+00 0.000000000000000e+00 0.000000000000000e+00 1.952862792084535e+05 0.000000000000000e+00 0.000000000000000e+00 0.000000000000000e+00 1.943970661120506e+05 1.943970661120506e+05 0.000000000000000e+00
2.614483000358000e-05 1.952862779794406e+05 1.952862779794406e+05 0.000000000000000e+00 0.000000000000000e+00 0.000000000000000e+00 1.952862707883227e+05 0.000000000000000e+00 0.000000000000000e+00 0.000000000000000e+00 1.943970814334583e+05 1.943970814334583e+05 0.000000000000000e+00
2.629576575436000e-05 1.952862748330794e+05 1.952862748330794e+05 0.000000000000000e+00 0.000000000000000e+00 0.000000000000000e+00 1.952862675512068e+05 0.000000000000000e+00 0.000000000000000e+00 0.000000000000000e+00 1.943970781096565e+05 1.943970781096565e+05 0.000000000000000e+00
2.644757286674000e-05 1.952862715892181e+05 1.952862715892181e+05 0.000000000000000e+00 0.000000000000000e+00 0.000000000000000e+00 1.952862642155147e+05 0.000000000000000e+00 0.000000000000000e+00 0.000000000000000e+00 1.943970748673150e+05 1.943970748673150e+05 0.000000000000000e+00
2.660025637114000e-05 1.952862682663254e+05 1.952862682663254e+05 0.000000000000000e+00 0.000000000000000e+00 0.000000000000000e+00 1.952862607996615e+05 0.000000000000000e+00 0.000000000000000e+00 0.000000000000000e+00 1.943970718837214e+05 1.943970718837214e+05 0.000000000000000e+00
2.675382132703000e-05 1.952862649987847e+05 1.952862649987847e+05 0.000000000000000e+00 0.000000000000000e+00 0.000000000000000e+00 1.952862574376661e+05 0.000000000000000e+00 0.000000000000000e+00 0.000000000000000e+00 1.943970678460806e+05 1.943970678460806e+05 0.000000000000000e+00
2.690827282309000e-05 1.952862616368021e+05 1.952862616368021e+05 0.000000000000000e+00 0.000000000000000e+00 0.000000000000000e+00 1.952862539814173e+05 0.000000000000000e+00 0.000000000000000e+00 0.000000000000000e+00 1.943970654836611e+05 1.943970654836611e+05 0.000000000000000e+00
2.706361597737000e-05 1.952862583152914e+05 1.952862583152914e+05 0.000000000000000e+00 0.000000000000000e+00 0.000000000000000e+00 1.952862505637850e+05 0.000000000000000e+00 0.000000000000000e+00 0.000000000000000e+00 1.943970514715885e+05 1.943970514715885e+05 0.000000000000000e+00
2.721985593746000e-05 1.952862549616963e+05 1.952862549616963e+05 0.000000000000000e+00 0.000000000000000e+00 0.000000000000000e+00 1.952862471124418e+05 0.000000000000000e+00 0.000000000000000e+00 0.000000000000000e+00 1.943970464524988e+05 1.943970464524988e+05 0.000000000000000e+00
2.737699788068000e-05 1.952862517057136e+05 1.952862517057136e+05 0.000000000000000e+00 0.000000000000000e+00 0.000000000000000e+00 1.952862437580494e+05 0.000000000000000e+00 0.000000000000000e+00 0.000000000000000e+00 1.943970420862932e+05 1.943970420862932e+05 0.000000000000000e+00
2.753504701425000e-05 1.952862514218460e+05 1.952862514218460e+05 0.000000000000000e+00 0.000000000000000e+00 0.000000000000000e+00 1.952862433748268e+05 0.000000000000000e+00 0.000000000000000e+00 0.000000000000000e+00 1.943970497612878e+05 1.943970497612878e+05 0.000000000000000e+00
2.769400857542000e-05 1.952862479448656e+05 1.952862479448656e+05 0.000000000000000e+00 0.000000000000000e+00 0.000000000000000e+00 1.952862397972045e+05 0.000000000000000e+00 0.000000000000000e+00 0.000000000000000e+00 1.943970468862273e+05 1.943970468862273e+05 0.000000000000000e+00
2.785388783169000e-05 1.952862443650326e+05 1.952862443650326e+05 0.000000000000000e+00 0.000000000000000e+00 0.000000000000000e+00 1.952862361155332e+05 0.000000000000000e+00 0.000000000000000e+00 0.000000000000000e+00 1.943970431443003e+05 1.943970431443003e+05 0.000000000000000e+00
2.801469008099000e-05 1.952862407252900e+05 1.952862407252900e+05 0.000000000000000e+00 0.000000000000000e+00 0.000000000000000e+00 1.952862323726238e+05 0.000000000000000e+00 0.000000000000000e+00 0.000000000000000e+00 1.943970397136294e+05 1.943970397136294e+05 0.000000000000000e+00
2.817642065180000e-05 1.952862370530897e+05 1.952862370530897e+05 0.000000000000000e+00 0.000000000000000e+00 0.000000000000000e+00 1.952862285964928e+05 0.000000000000000e+00 0.000000000000000e+00 0.000000000000000e+00 1.943970359436892e+05 1.943970359436892e+05 0.000000000000000e+00
2.833908490339000e-05 1.952862333588499e+05 1.952862333588499e+05 0.000000000000000e+00 0.000000000000000e+00 0.000000000000000e+00 1.952862247972018e+05 0.000000000000000e+00 0.000000000000000e+00 0.000000000000000e+00 1.943970322170282e+05 1.943970322170282e+05 0.000000000000000e+00
2.850268822595000e-05 1.952862295891032e+05 1.952862295891032e+05 0.000000000000000e+00 0.000000000000000e+00 0.000000000000000e+00 1.952862209206973e+05 0.000000000000000e+00 0.000000000000000e+00 0.000000000000000e+00 1.943970282945448e+05 1.943970282945448e+05 0.000000000000000e+00
2.866723604079000e-05 1.952862257951568e+05 1.952862257951568e+05 0.000000000000000e+00 0.000000000000000e+00 0.000000000000000e+00 1.952862170188588e+05 0.000000000000000e+00 0.000000000000000e+00 0.000000000000000e+00 1.943970246736154e+05 1.943970246736154e+05 0.000000000000000e+00
2.883273380054000e-05 1.952862218951038e+05 1.952862218951038e+05 0.000000000000000e+00 0.000000000000000e+00 0.000000000000000e+00 1.952862130093977e+05 0.000000000000000e+00 0.000000000000000e+00 0.000000000000000e+00 1.943970208270161e+05 1.943970208270161e+05 0.000000000000000e+00
2.899918698929000e-05 1.952862180083070e+05 1.952862180083070e+05 0.000000000000000e+00 0.000000000000000e+00 0.000000000000000e+00 1.952862090122171e+05 0.000000000000000e+00 0.000000000000000e+00 0.000000000000000e+00 1.943970169702689e+05 1.943970169702689e+05 0.000000000000000e+00
2.916660112277000e-05 1.952862140762791e+05 1.952862140762791e+05 0.000000000000000e+00 0.000000000000000e+00 0.000000000000000e+00 1.952862049685282e+05 0.000000000000000e+00 0.000000000000000e+00 0.000000000000000e+00 1.943970130318919e+05 1.943970130318919e+05 0.000000000000000e+00
2.933498174860000e-05 1.952862100979919e+05 1.952862100979919e+05 0.000000000000000e+00 0.000000000000000e+00 0.000000000000000e+00 1.952862008772910e+05 0.000000000000000e+00 0.000000000000000e+00 0.000000000000000e+00 1.943970090390145e+05 1.943970090390145e+05 0.000000000000000e+00
2.950433444639000e-05 1.952862060654796e+05 1.952862060654796e+05 0.000000000000000e+00 0.000000000000000e+00 0.000000000000000e+00 1.952861967305495e+05 0.000000000000000e+00 0.000000000000000e+00 0.000000000000000e+00 1.943970052868871e+05 1.943970052868871e+05 0.000000000000000e+00
2.967466482797000e-05 1.952862019941717e+05 1.952862019941717e+05 0.000000000000000e+00 0.000000000000000e+00 0.000000000000000e+00 1.952861925436622e+05 0.000000000000000e+00 0.000000000000000e+00 0.000000000000000e+00 1.943970012080883e+05 1.943970012080883e+05 0.000000000000000e+00
2.984597853758000e-05 1.952861979292426e+05 1.952861979292426e+05 0.000000000000000e+00 0.000000000000000e+00 0.000000000000000e+00 1.952861883618114e+05 0.000000000000000e+00 0.000000000000000e+00 0.000000000000000e+00 1.943969967933343e+05 1.943969967933343e+05 0.000000000000000e+00
3.001828125203000e-05 1.952861937687835e+05 1.952861937687835e+05 0.000000000000000e+00 0.000000000000000e+00 0.000000000000000e+00 1.952861840826823e+05 0.000000000000000e+00 0.000000000000000e+00 0.000000000000000e+00 1.943969923873935e+05 1.943969923873935e+05 0.000000000000000e+00
3.019157868090000e-05 1.952861895542427e+05 1.952861895542427e+05 0.000000000000000e+00 0.000000000000000e+00 0.000000000000000e+00 1.952861797493069e+05 0.000000000000000e+00 0.000000000000000e+00 0.000000000000000e+00 1.943969882209724e+05 1.943969882209724e+05 0.000000000000000e+00
3.036587656675000e-05 1.952861852441819e+05 1.952861852441819e+05 0.000000000000000e+00 0.000000000000000e+00 0.000000000000000e+00 1.952861753177998e+05 0.000000000000000e+00 0.000000000000000e+00 0.000000000000000e+00 1.943969842000168e+05 1.943969842000168e+05 0.000000000000000e+00
3.054118068527000e-05 1.952861809814975e+05 1.952861809814975e+05 0.000000000000000e+00 0.000000000000000e+00 0.000000000000000e+00 1.952861709328167e+05 0.000000000000000e+00 0.000000000000000e+00 0.000000000000000e+00 1.943969794548005e+05 1.943969794548005e+05 0.000000000000000e+00
3.071749684551000e-05 1.952861766213515e+05 1.952861766213515e+05 0.000000000000000e+00 0.000000000000000e+00 0.000000000000000e+00 1.952861664487558e+05 0.000000000000000e+00 0.000000000000000e+00 0.000000000000000e+00 1.943969752204995e+05 1.943969752204995e+05 0.000000000000000e+00
3.089483089006000e-05 1.952861721965397e+05 1.952861721965397e+05 0.000000000000000e+00 0.000000000000000e+00 0.000000000000000e+00 1.952861618982663e+05 0.000000000000000e+00 0.000000000000000e+00 0.000000000000000e+00 1.943969709377295e+05 1.943969709377295e+05 0.000000000000000e+00
3.107318869521000e-05 1.952861676820353e+05 1.952861676820353e+05 0.000000000000000e+00 0.000000000000000e+00 0.000000000000000e+00 1.952861572573536e+05 0.000000000000000e+00 0.000000000000000e+00 0.000000000000000e+00 1.943969665425725e+05 1.943969665425725e+05 0.000000000000000e+00
3.125257617122000e-05 1.952861632127430e+05 1.952861632127430e+05 0.000000000000000e+00 0.000000000000000e+00 0.000000000000000e+00 1.952861526595826e+05 0.000000000000000e+00 0.000000000000000e+00 0.000000000000000e+00 1.943969618032301e+05 1.943969618032301e+05 0.000000000000000e+00
3.143299926242000e-05 1.952861586491959e+05 1.952861586491959e+05 0.000000000000000e+00 0.000000000000000e+00 0.000000000000000e+00 1.952861479667308e+05 0.000000000000000e+00 0.000000000000000e+00 0.000000000000000e+00 1.943969572419907e+05 1.943969572419907e+05 0.000000000000000e+00
3.161446394750000e-05 1.952861539755415e+05 1.952861539755415e+05 0.000000000000000e+00 0.000000000000000e+00 0.000000000000000e+00 1.952861431617473e+05 0.000000000000000e+00 0.000000000000000e+00 0.000000000000000e+00 1.943969528288332e+05 1.943969528288332e+05 0.000000000000000e+00
3.179697623963000e-05 1.952861493538423e+05 1.952861493538423e+05 0.000000000000000e+00 0.000000000000000e+00 0.000000000000000e+00 1.952861384075707e+05 0.000000000000000e+00 0.000000000000000e+00 0.000000000000000e+00 1.943969479407948e+05 1.943969479407948e+05 0.000000000000000e+00
3.198054218673000e-05 1.952861446301849e+05 1.952861446301849e+05 0.000000000000000e+00 0.000000000000000e+00 0.000000000000000e+00 1.952861335494159e+05 0.000000000000000e+00 0.000000000000000e+00 0.000000000000000e+00 1.943969430637223e+05 1.943969430637223e+05 0.000000000000000e+00
3.216516787160000e-05 1.952861398468321e+05 1.952861398468321e+05 0.000000000000000e+00 0.000000000000000e+00 0.000000000000000e+00 1.952861286303063e+05 0.000000000000000e+00 0.000000000000000e+00 0.000000000000000e+00 1.943969382872315e+05 1.943969382872315e+05 0.000000000000000e+00
3.235085941218000e-05 1.952861350033694e+05 1.952861350033694e+05 0.000000000000000e+00 0.000000000000000e+00 0.000000000000000e+00 1.952861236495027e+05 0.000000000000000e+00 0.000000000000000e+00 0.000000000000000e+00 1.943969335180635e+05 1.943969335180635e+05 0.000000000000000e+00
3.253762296173000e-05 1.952861301133384e+05 1.952861301133384e+05 0.000000000000000e+00 0.000000000000000e+00 0.000000000000000e+00 1.952861186203998e+05 0.000000000000000e+00 0.000000000000000e+00 0.000000000000000e+00 1.943969284996303e+05 1.943969284996303e+05 0.000000000000000e+00
3.272546470902000e-05 1.952861251537974e+05 1.952861251537974e+05 0.000000000000000e+00 0.000000000000000e+00 0.000000000000000e+00 1.952861135203087e+05 0.000000000000000e+00 0.000000000000000e+00 0.000000000000000e+00 1.943969236798789e+05 1.943969236798789e+05 0.000000000000000e+00
3.291439087854000e-05 1.952861201483940e+05 1.952861201483940e+05 0.000000000000000e+00 0.000000000000000e+00 0.000000000000000e+00 1.952861083727184e+05 0.000000000000000e+00 0.000000000000000e+00 0.000000000000000e+00 1.943969186141397e+05 1.943969186141397e+05 0.000000000000000e+00
3.310440773075000e-05 1.952861150887171e+05 1.952861150887171e+05 0.000000000000000e+00 0.000000000000000e+00 0.000000000000000e+00 1.952861031692009e+05 0.000000000000000e+00 0.000000000000000e+00 0.000000000000000e+00 1.943969135730696e+05 1.943969135730696e+05 0.000000000000000e+00
3.329552156221000e-05 1.952861099642835e+05 1.952861099642835e+05 0.000000000000000e+00 0.000000000000000e+00 0.000000000000000e+00 1.952860978992751e+05 0.000000000000000e+00 0.000000000000000e+00 0.000000000000000e+00 1.943969082156024e+05 1.943969082156024e+05 0.000000000000000e+00
3.348773870587000e-05 1.952861047793173e+05 1.952861047793173e+05 0.000000000000000e+00 0.000000000000000e+00 0.000000000000000e+00 1.952860925671167e+05 0.000000000000000e+00 0.000000000000000e+00 0.000000000000000e+00 1.943969030116610e+05 1.943969030116610e+05 0.000000000000000e+00
3.368106553120000e-05 1.952860995349856e+05 1.952860995349856e+05 0.000000000000000e+00 0.000000000000000e+00 0.000000000000000e+00 1.952860871738921e+05 0.000000000000000e+00 0.000000000000000e+00 0.000000000000000e+00 1.943968977426656e+05 1.943968977426656e+05 0.000000000000000e+00
3.387550844448000e-05 1.952860942293862e+05 1.952860942293862e+05 0.000000000000000e+00 0.000000000000000e+00 0.000000000000000e+00 1.952860817176702e+05 0.000000000000000e+00 0.000000000000000e+00 0.000000000000000e+00 1.943968924217171e+05 1.943968924217171e+05 0.000000000000000e+00
3.407107388895000e-05 1.952860888523570e+05 1.952860888523570e+05 0.000000000000000e+00 0.000000000000000e+00 0.000000000000000e+00 1.952860761882819e+05 0.000000000000000e+00 0.000000000000000e+00 0.000000000000000e+00 1.943968872124722e+05 1.943968872124722e+05 0.000000000000000e+00
3.426776834504000e-05 1.952860834437833e+05 1.952860834437833e+05 0.000000000000000e+00 0.000000000000000e+00 0.000000000000000e+00 1.952860706255140e+05 0.000000000000000e+00 0.000000000000000e+00 0.000000000000000e+00 1.943968811535731e+05 1.943968811535731e+05 0.000000000000000e+00
3.446559833063000e-05 1.952860780089200e+05 1.952860780089200e+05 0.000000000000000e+00 0.000000000000000e+00 0.000000000000000e+00 1.952860650347340e+05 0.000000000000000e+00 0.000000000000000e+00 0.000000000000000e+00 1.943968749688638e+05 1.943968749688638e+05 0.000000000000000e+00
3.466457040118000e-05 1.952860724517562e+05 1.952860724517562e+05 0.000000000000000e+00 0.000000000000000e+00 0.000000000000000e+00 1.952860593198965e+05 0.000000000000000e+00 0.000000000000000e+00 0.000000000000000e+00 1.943968687894980e+05 1.943968687894980e+05 0.000000000000000e+00
3.486469115004000e-05 1.952860668646564e+05 1.952860668646564e+05 0.000000000000000e+00 0.000000000000000e+00 0.000000000000000e+00 1.952860535733075e+05 0.000000000000000e+00 0.000000000000000e+00 0.000000000000000e+00 1.943968624491012e+05 1.943968624491012e+05 0.000000000000000e+00
3.506596720858000e-05 1.952860611530426e+05 1.952860611530426e+05 0.000000000000000e+00 0.000000000000000e+00 0.000000000000000e+00 1.952860477008426e+05 0.000000000000000e+00 0.000000000000000e+00 0.000000000000000e+00 1.943968563073398e+05 1.943968563073398e+05 0.000000000000000e+00
3.526840524650000e-05 1.952860554272752e+05 1.952860554272752e+05 0.000000000000000e+00 0.000000000000000e+00 0.000000000000000e+00 1.952860418117939e+05 0.000000000000000e+00 0.000000000000000e+00 0.000000000000000e+00 1.943968496151448e+05 1.943968496151448e+05 0.000000000000000e+00
3.547201197195000e-05 1.952860519754623e+05 1.952860519754623e+05 0.000000000000000e+00 0.000000000000000e+00 0.000000000000000e+00 1.952860381950142e+05 0.000000000000000e+00 0.000000000000000e+00 0.000000000000000e+00 1.943968303913098e+05 1.943968303913098e+05 0.000000000000000e+00
3.567679413187000e-05 1.952860461131353e+05 1.952860461131353e+05 0.000000000000000e+00 0.000000000000000e+00 0.000000000000000e+00 1.952860321651972e+05 0.000000000000000e+00 0.000000000000000e+00 0.000000000000000e+00 1.943968242834145e+05 1.943968242834145e+05 0.000000000000000e+00
3.588275851209000e-05 1.952860402680651e+05 1.952860402680651e+05 0.000000000000000e+00 0.000000000000000e+00 0.000000000000000e+00 1.952860261510393e+05 0.000000000000000e+00 0.000000000000000e+00 0.000000000000000e+00 1.943968180839747e+05 1.943968180839747e+05 0.000000000000000e+00
3.608991193766000e-05 1.952860342933456e+05 1.952860342933456e+05 0.000000000000000e+00 0.000000000000000e+00 0.000000000000000e+00 1.952860200048181e+05 0.000000000000000e+00 0.000000000000000e+00 0.000000000000000e+00 1.943968118752195e+05 1.943968118752195e+05 0.000000000000000e+00
3.629826127300000e-05 1.952860283036881e+05 1.952860283036881e+05 0.000000000000000e+00 0.000000000000000e+00 0.000000000000000e+00 1.952860138423881e+05 0.000000000000000e+00 0.000000000000000e+00 0.000000000000000e+00 1.943968056203652e+05 1.943968056203652e+05 0.000000000000000e+00
3.650781342218000e-05 1.952860222429919e+05 1.952860222429919e+05 0.000000000000000e+00 0.000000000000000e+00 0.000000000000000e+00 1.952860076071830e+05 0.000000000000000e+00 0.000000000000000e+00 0.000000000000000e+00 1.943967991098000e+05 1.943967991098000e+05 0.000000000000000e+00
3.671857532912000e-05 1.952860095211479e+05 1.952860095211479e+05 0.000000000000000e+00 0.000000000000000e+00 0.000000000000000e+00 1.952859947087544e+05 0.000000000000000e+00 0.000000000000000e+00 0.000000000000000e+00 1.943967937231215e+05 1.943967937231215e+05 0.000000000000000e+00
3.693055397783000e-05 1.952860032161869e+05 1.952860032161869e+05 0.000000000000000e+00 0.000000000000000e+00 0.000000000000000e+00 1.952859882240500e+05 0.000000000000000e+00 0.000000000000000e+00 0.000000000000000e+00 1.943967873623685e+05 1.943967873623685e+05 0.000000000000000e+00
3.714375639264000e-05 1.952859968338757e+05 1.952859968338757e+05 0.000000000000000e+00 0.000000000000000e+00 0.000000000000000e+00 1.952859816609951e+05 0.000000000000000e+00 0.000000000000000e+00 0.000000000000000e+00 1.943967807958564e+05 1.943967807958564e+05 0.000000000000000e+00
3.735818963841000e-05 1.952859903805091e+05 1.952859903805091e+05 0.000000000000000e+00 0.000000000000000e+00 0.000000000000000e+00 1.952859750244480e+05 0.000000000000000e+00 0.000000000000000e+00 0.000000000000000e+00 1.943967743222213e+05 1.943967743222213e+05 0.000000000000000e+00
3.757386082083000e-05 1.952859838580306e+05 1.952859838580306e+05 0.000000000000000e+00 0.000000000000000e+00 0.000000000000000e+00 1.952859683166764e+05 0.000000000000000e+00 0.000000000000000e+00 0.000000000000000e+00 1.943967678033816e+05 1.943967678033816e+05 0.000000000000000e+00
3.779077708656000e-05 1.952859772490631e+05 1.952859772490631e+05 0.000000000000000e+00 0.000000000000000e+00 0.000000000000000e+00 1.952859615202766e+05 0.000000000000000e+00 0.000000000000000e+00 0.000000000000000e+00 1.943967613137894e+05 1.943967613137894e+05 0.000000000000000e+00
3.800894562357000e-05 1.952859705694035e+05 1.952859705694035e+05 0.000000000000000e+00 0.000000000000000e+00 0.000000000000000e+00 1.952859546509989e+05 0.000000000000000e+00 0.000000000000000e+00 0.000000000000000e+00 1.943967545867824e+05 1.943967545867824e+05 0.000000000000000e+00
3.822837366128000e-05 1.952859638209222e+05 1.952859638209222e+05 0.000000000000000e+00 0.000000000000000e+00 0.000000000000000e+00 1.952859477103881e+05 0.000000000000000e+00 0.000000000000000e+00 0.000000000000000e+00 1.943967476695075e+05 1.943967476695075e+05 0.000000000000000e+00
3.844906847088000e-05 1.952859569273973e+05 1.952859569273973e+05 0.000000000000000e+00 0.000000000000000e+00 0.000000000000000e+00 1.952859406233674e+05 0.000000000000000e+00 0.000000000000000e+00 0.000000000000000e+00 1.943967409217331e+05 1.943967409217331e+05 0.000000000000000e+00
3.867103736552000e-05 1.952859500673412e+05 1.952859500673412e+05 0.000000000000000e+00 0.000000000000000e+00 0.000000000000000e+00 1.952859335672517e+05 0.000000000000000e+00 0.000000000000000e+00 0.000000000000000e+00 1.943967340101787e+05 1.943967340101787e+05 0.000000000000000e+00
3.889428770058000e-05 1.952859496299223e+05 1.952859496299223e+05 0.000000000000000e+00 0.000000000000000e+00 0.000000000000000e+00 1.952859329308482e+05 0.000000000000000e+00 0.000000000000000e+00 0.000000000000000e+00 1.943967260030967e+05 1.943967260030967e+05 0.000000000000000e+00
3.911882687388000e-05 1.952859425891455e+05 1.952859425891455e+05 0.000000000000000e+00 0.000000000000000e+00 0.000000000000000e+00 1.952859256890657e+05 0.000000000000000e+00 0.000000000000000e+00 0.000000000000000e+00 1.943967186875050e+05 1.943967186875050e+05 0.000000000000000e+00
3.934466232598000e-05 1.952859354776604e+05 1.952859354776604e+05 0.000000000000000e+00 0.000000000000000e+00 0.000000000000000e+00 1.952859183744127e+05 0.000000000000000e+00 0.000000000000000e+00 0.000000000000000e+00 1.943967113684878e+05 1.943967113684878e+05 0.000000000000000e+00
3.957180154037000e-05 1.952859282748431e+05 1.952859282748431e+05 0.000000000000000e+00 0.000000000000000e+00 0.000000000000000e+00 1.952859109663108e+05 0.000000000000000e+00 0.000000000000000e+00 0.000000000000000e+00 1.943967039932290e+05 1.943967039932290e+05 0.000000000000000e+00
3.980025204375000e-05 1.952859209412203e+05 1.952859209412203e+05 0.000000000000000e+00 0.000000000000000e+00 0.000000000000000e+00 1.952859034246117e+05 0.000000000000000e+00 0.000000000000000e+00 0.000000000000000e+00 1.943966967980906e+05 1.943966967980906e+05 0.000000000000000e+00
4.003002140629000e-05 1.952859136172395e+05 1.952859136172395e+05 0.000000000000000e+00 0.000000000000000e+00 0.000000000000000e+00 1.952858958901382e+05 0.000000000000000e+00 0.000000000000000e+00 0.000000000000000e+00 1.943966889775121e+05 1.943966889775121e+05 0.000000000000000e+00
4.026111724183000e-05 1.952859061034898e+05 1.952859061034898e+05 0.000000000000000e+00 0.000000000000000e+00 0.000000000000000e+00 1.952858881633067e+05 0.000000000000000e+00 0.000000000000000e+00 0.000000000000000e+00 1.943966813249207e+05 1.943966813249207e+05 0.000000000000000e+00
4.049354720818000e-05 1.952858985582942e+05 1.952858985582942e+05 0.000000000000000e+00 0.000000000000000e+00 0.000000000000000e+00 1.952858804028706e+05 0.000000000000000e+00 0.000000000000000e+00 0.000000000000000e+00 1.943966736345944e+05 1.943966736345944e+05 0.000000000000000e+00
4.072731900738000e-05 1.952858908764886e+05 1.952858908764886e+05 0.000000000000000e+00 0.000000000000000e+00 0.000000000000000e+00 1.952858725039754e+05 0.000000000000000e+00 0.000000000000000e+00 0.000000000000000e+00 1.943966660446023e+05 1.943966660446023e+05 0.000000000000000e+00
4.096244038590000e-05 1.952858789729793e+05 1.952858789729793e+05 0.000000000000000e+00 0.000000000000000e+00 0.000000000000000e+00 1.952858603805877e+05 0.000000000000000e+00 0.000000000000000e+00 0.000000000000000e+00 1.943966492654195e+05 1.943966492654195e+05 0.000000000000000e+00
4.119891913495000e-05 1.952858701286083e+05 1.952858701286083e+05 0.000000000000000e+00 0.000000000000000e+00 0.000000000000000e+00 1.952858513135129e+05 0.000000000000000e+00 0.000000000000000e+00 0.000000000000000e+00 1.943966506250183e+05 1.943966506250183e+05 0.000000000000000e+00
4.143676309072000e-05 1.952858631072714e+05 1.952858631072714e+05 0.000000000000000e+00 0.000000000000000e+00 0.000000000000000e+00 1.952858440661312e+05 0.000000000000000e+00 0.000000000000000e+00 0.000000000000000e+00 1.943966329785596e+05 1.943966329785596e+05 0.000000000000000e+00
4.167598013463000e-05 1.952858542754005e+05 1.952858542754005e+05 0.000000000000000e+00 0.000000000000000e+00 0.000000000000000e+00 1.952858350070596e+05 0.000000000000000e+00 0.000000000000000e+00 0.000000000000000e+00 1.943966335629682e+05 1.943966335629682e+05 0.000000000000000e+00
4.191657819361000e-05 1.952858475516986e+05 1.952858475516986e+05 0.000000000000000e+00 0.000000000000000e+00 0.000000000000000e+00 1.952858280524368e+05 0.000000000000000e+00 0.000000000000000e+00 0.000000000000000e+00 1.943966314517673e+05 1.943966314517673e+05 0.000000000000000e+00
4.215856524034000e-05 1.952858379222277e+05 1.952858379222277e+05 0.000000000000000e+00 0.000000000000000e+00 0.000000000000000e+00 1.952858181891941e+05 0.000000000000000e+00 0.000000000000000e+00 0.000000000000000e+00 1.943966107731498e+05 1.943966107731498e+05 0.000000000000000e+00
4.240194929354000e-05 1.952858296595483e+05 1.952858296595483e+05 0.000000000000000e+00 0.000000000000000e+00 0.000000000000000e+00 1.952858096902059e+05 0.000000000000000e+00 0.000000000000000e+00 0.000000000000000e+00 1.943966036287158e+05 1.943966036287158e+05 0.000000000000000e+00
4.264673841820000e-05 1.952858212953640e+05 1.952858212953640e+05 0.000000000000000e+00 0.000000000000000e+00 0.000000000000000e+00 1.952858010876127e+05 0.000000000000000e+00 0.000000000000000e+00 0.000000000000000e+00 1.943965966912440e+05 1.943965966912440e+05 0.000000000000000e+00
4.289294072591000e-05 1.952858127865597e+05 1.952858127865597e+05 0.000000000000000e+00 0.000000000000000e+00 0.000000000000000e+00 1.952857923373265e+05 0.000000000000000e+00 0.000000000000000e+00 0.000000000000000e+00 1.943965896590782e+05 1.943965896590782e+05 0.000000000000000e+00
4.314056437505000e-05 1.952858046372051e+05 1.952858046372051e+05 0.000000000000000e+00 0.000000000000000e+00 0.000000000000000e+00 1.952857839437022e+05 0.000000000000000e+00 0.000000000000000e+00 0.000000000000000e+00 1.943965901765687e+05 1.943965901765687e+05 0.000000000000000e+00
4.338961757112000e-05 1.952857955623751e+05 1.952857955623751e+05 0.000000000000000e+00 0.000000000000000e+00 0.000000000000000e+00 1.952857746214464e+05 0.000000000000000e+00 0.000000000000000e+00 0.000000000000000e+00 1.943965724433457e+05 1.943965724433457e+05 0.000000000000000e+00
4.364010856698000e-05 1.952857868530029e+05 1.952857868530029e+05 0.000000000000000e+00 0.000000000000000e+00 0.000000000000000e+00 1.952857656621280e+05 0.000000000000000e+00 0.000000000000000e+00 0.000000000000000e+00 1.943965801649470e+05 1.943965801649470e+05 0.000000000000000e+00
4.389204566314000e-05 1.952857779400800e+05 1.952857779400800e+05 0.000000000000000e+00 0.000000000000000e+00 0.000000000000000e+00 1.952857564968812e+05 0.000000000000000e+00 0.000000000000000e+00 0.000000000000000e+00 1.943965709777027e+05 1.943965709777027e+05 0.000000000000000e+00
4.414543720803000e-05 1.952857689255651e+05 1.952857689255651e+05 0.000000000000000e+00 0.000000000000000e+00 0.000000000000000e+00 1.952857472267028e+05 0.000000000000000e+00 0.000000000000000e+00 0.000000000000000e+00 1.943965601154880e+05 1.943965601154880e+05 0.000000000000000e+00
4.440029159827000e-05 1.952857597696476e+05 1.952857597696476e+05 0.000000000000000e+00 0.000000000000000e+00 0.000000000000000e+00 1.952857378118873e+05 0.000000000000000e+00 0.000000000000000e+00 0.000000000000000e+00 1.943965595488040e+05 1.943965595488040e+05 0.000000000000000e+00
4.465661727896000e-05 1.952857505367653e+05 1.952857505367653e+05 0.000000000000000e+00 0.000000000000000e+00 0.000000000000000e+00 1.952857283170639e+05 0.000000000000000e+00 0.000000000000000e+00 0.000000000000000e+00 1.943965509209561e+05 1.943965509209561e+05 0.000000000000000e+00
4.491442274396000e-05 1.952857412275639e+05 1.952857412275639e+05 0.000000000000000e+00 0.000000000000000e+00 0.000000000000000e+00 1.952857187430831e+05 0.000000000000000e+00 0.000000000000000e+00 0.000000000000000e+00 1.943965405906104e+05 1.943965405906104e+05 0.000000000000000e+00
4.517371653614000e-05 1.952857318661452e+05 1.952857318661452e+05 0.000000000000000e+00 0.000000000000000e+00 0.000000000000000e+00 1.952857091141101e+05 0.000000000000000e+00 0.000000000000000e+00 0.000000000000000e+00 1.943965079629562e+05 1.943965079629562e+05 0.000000000000000e+00
4.543450724773000e-05 1.952857222728409e+05 1.952857222728409e+05 0.000000000000000e+00 0.000000000000000e+00 0.000000000000000e+00 1.952856992494842e+05 0.000000000000000e+00 0.000000000000000e+00 0.000000000000000e+00 1.943964988732093e+05 1.943964988732093e+05 0.000000000000000e+00
4.569680352052000e-05 1.952857123689756e+05 1.952857123689756e+05 0.000000000000000e+00 0.000000000000000e+00 0.000000000000000e+00 1.952856890718766e+05 0.000000000000000e+00 0.000000000000000e+00 0.000000000000000e+00 1.943964947278296e+05 1.943964947278296e+05 0.000000000000000e+00
4.596061404623000e-05 1.952857023841189e+05 1.952857023841189e+05 0.000000000000000e+00 0.000000000000000e+00 0.000000000000000e+00 1.952856788097197e+05 0.000000000000000e+00 0.000000000000000e+00 0.000000000000000e+00 1.943964902198424e+05 1.943964902198424e+05 0.000000000000000e+00
4.622594756671000e-05 1.952856931196373e+05 1.952856931196373e+05 0.000000000000000e+00 0.000000000000000e+00 0.000000000000000e+00 1.952856692644010e+05 0.000000000000000e+00 0.000000000000000e+00 0.000000000000000e+00 1.943964743237042e+05 1.943964743237042e+05 0.000000000000000e+00
4.649281287433000e-05 1.952856831567833e+05 1.952856831567833e+05 0.000000000000000e+00 0.000000000000000e+00 0.000000000000000e+00 1.952856590175666e+05 0.000000000000000e+00 0.000000000000000e+00 0.000000000000000e+00 1.943964657675784e+05 1.943964657675784e+05 0.000000000000000e+00
4.676121881218000e-05 1.952856730624677e+05 1.952856730624677e+05 0.000000000000000e+00 0.000000000000000e+00 0.000000000000000e+00 1.952856486366664e+05 0.000000000000000e+00 0.000000000000000e+00 0.000000000000000e+00 1.943964571896835e+05 1.943964571896835e+05 0.000000000000000e+00
4.703117427442000e-05 1.952856628761202e+05 1.952856628761202e+05 0.000000000000000e+00 0.000000000000000e+00 0.000000000000000e+00 1.952856381603799e+05 0.000000000000000e+00 0.000000000000000e+00 0.000000000000000e+00 1.943964488471882e+05 1.943964488471882e+05 0.000000000000000e+00
4.730268820655000e-05 1.952856525383668e+05 1.952856525383668e+05 0.000000000000000e+00 0.000000000000000e+00 0.000000000000000e+00 1.952856275288077e+05 0.000000000000000e+00 0.000000000000000e+00 0.000000000000000e+00 1.943964383064394e+05 1.943964383064394e+05 0.000000000000000e+00
4.757576960572000e-05 1.952856421105200e+05 1.952856421105200e+05 0.000000000000000e+00 0.000000000000000e+00 0.000000000000000e+00 1.952856168032553e+05 0.000000000000000e+00 0.000000000000000e+00 0.000000000000000e+00 1.943964295843783e+05 1.943964295843783e+05 0.000000000000000e+00
4.785042752101000e-05 1.952856315215647e+05 1.952856315215647e+05 0.000000000000000e+00 0.000000000000000e+00 0.000000000000000e+00 1.952856059137804e+05 0.000000000000000e+00 0.000000000000000e+00 0.000000000000000e+00 1.943964212236347e+05 1.943964212236347e+05 0.000000000000000e+00
4.812667105375000e-05 1.952856214547286e+05 1.952856214547286e+05 0.000000000000000e+00 0.000000000000000e+00 0.000000000000000e+00 1.952855955429644e+05 0.000000000000000e+00 0.000000000000000e+00 0.000000000000000e+00 1.943964064818859e+05 1.943964064818859e+05 0.000000000000000e+00
4.840450935781000e-05 1.952856098908747e+05 1.952856098908747e+05 0.000000000000000e+00 0.000000000000000e+00 0.000000000000000e+00 1.952855836718715e+05 0.000000000000000e+00 0.000000000000000e+00 0.000000000000000e+00 1.943963878730279e+05 1.943963878730279e+05 0.000000000000000e+00
4.868395163990000e-05 1.952855989673584e+05 1.952855989673584e+05 0.000000000000000e+00 0.000000000000000e+00 0.000000000000000e+00 1.952855724376442e+05 0.000000000000000e+00 0.000000000000000e+00 0.000000000000000e+00 1.943963778200681e+05 1.943963778200681e+05 0.000000000000000e+00
4.896500715989000e-05 1.952855888669264e+05 1.952855888669264e+05 0.000000000000000e+00 0.000000000000000e+00 0.000000000000000e+00 1.952855620222825e+05 0.000000000000000e+00 0.000000000000000e+00 0.000000000000000e+00 1.943963743304378e+05 1.943963743304378e+05 0.000000000000000e+00
4.924768523111000e-05 1.952855755198430e+05 1.952855755198430e+05 0.000000000000000e+00 0.000000000000000e+00 0.000000000000000e+00 1.952855483566139e+05 0.000000000000000e+00 0.000000000000000e+00 0.000000000000000e+00 1.943963563504853e+05 1.943963563504853e+05 0.000000000000000e+00
4.953199522063000e-05 1.952855685592402e+05 1.952855685592402e+05 0.000000000000000e+00 0.000000000000000e+00 0.000000000000000e+00 1.952855410740032e+05 0.000000000000000e+00 0.000000000000000e+00 0.000000000000000e+00 1.943963563483862e+05 1.943963563483862e+05 0.000000000000000e+00
4.981794654964000e-05 1.952855526014491e+05 1.952855526014491e+05 0.000000000000000e+00 0.000000000000000e+00 0.000000000000000e+00 1.952855247900872e+05 0.000000000000000e+00 0.000000000000000e+00 0.000000000000000e+00 1.943963334119834e+05 1.943963334119834e+05 0.000000000000000e+00
5.010554869369000e-05 1.952855412005342e+05 1.952855412005342e+05 0.000000000000000e+00 0.000000000000000e+00 0.000000000000000e+00 1.952855130603156e+05 0.000000000000000e+00 0.000000000000000e+00 0.000000000000000e+00 1.943963200001674e+05 1.943963200001674e+05 0.000000000000000e+00
5.039481118304000e-05 1.952855284907230e+05 1.952855284907230e+05 0.000000000000000e+00 0.000000000000000e+00 0.000000000000000e+00 1.952855000171875e+05 0.000000000000000e+00 0.000000000000000e+00 0.000000000000000e+00 1.943963251580896e+05 1.943963251580896e+05 0.000000000000000e+00
5.068574360296000e-05 1.952855166814561e+05 1.952855166814561e+05 0.000000000000000e+00 0.000000000000000e+00 0.000000000000000e+00 1.952854878704675e+05 0.000000000000000e+00 0.000000000000000e+00 0.000000000000000e+00 1.943963137592649e+05 1.943963137592649e+05 0.000000000000000e+00
5.097835559407000e-05 1.952855047697353e+05 1.952855047697353e+05 0.000000000000000e+00 0.000000000000000e+00 0.000000000000000e+00 1.952854756178994e+05 0.000000000000000e+00 0.000000000000000e+00 0.000000000000000e+00 1.943963027274334e+05 1.943963027274334e+05 0.000000000000000e+00
5.127265685264000e-05 1.952854925935671e+05 1.952854925935671e+05 0.000000000000000e+00 0.000000000000000e+00 0.000000000000000e+00 1.952854630968855e+05 0.000000000000000e+00 0.000000000000000e+00 0.000000000000000e+00 1.943962894746461e+05 1.943962894746461e+05 0.000000000000000e+00
5.156865713091000e-05 1.952854804985951e+05 1.952854804985951e+05 0.000000000000000e+00 0.000000000000000e+00 0.000000000000000e+00 1.952854506526673e+05 0.000000000000000e+00 0.000000000000000e+00 0.000000000000000e+00 1.943962788660464e+05 1.943962788660464e+05 0.000000000000000e+00
5.186636623745000e-05 1.952854683794019e+05 1.952854683794019e+05 0.000000000000000e+00 0.000000000000000e+00 0.000000000000000e+00 1.952854381800547e+05 0.000000000000000e+00 0.000000000000000e+00 0.000000000000000e+00 1.943962690014540e+05 1.943962690014540e+05 0.000000000000000e+00
5.216579403741000e-05 1.952854561625194e+05 1.952854561625194e+05 0.000000000000000e+00 0.000000000000000e+00 0.000000000000000e+00 1.952854256059938e+05 0.000000000000000e+00 0.000000000000000e+00 0.000000000000000e+00 1.943962592785107e+05 1.943962592785107e+05 0.000000000000000e+00
5.246695045292000e-05 1.952854438876121e+05 1.952854438876121e+05 0.000000000000000e+00 0.000000000000000e+00 0.000000000000000e+00 1.952854129696814e+05 0.000000000000000e+00 0.000000000000000e+00 0.000000000000000e+00 1.943962228525496e+05 1.943962228525496e+05 0.000000000000000e+00
5.276984546339000e-05 1.952854311626114e+05 1.952854311626114e+05 0.000000000000000e+00 0.000000000000000e+00 0.000000000000000e+00 1.952853998797405e+05 0.000000000000000e+00 0.000000000000000e+00 0.000000000000000e+00 1.943962110494674e+05 1.943962110494674e+05 0.000000000000000e+00
5.307448910585000e-05 1.952854182571045e+05 1.952854182571045e+05 0.000000000000000e+00 0.000000000000000e+00 0.000000000000000e+00 1.952853866036450e+05 0.000000000000000e+00 0.000000000000000e+00 0.000000000000000e+00 1.943962003044697e+05 1.943962003044697e+05 0.000000000000000e+00
5.338089147524000e-05 1.952854051070728e+05 1.952854051070728e+05 0.000000000000000e+00 0.000000000000000e+00 0.000000000000000e+00 1.952853730795227e+05 0.000000000000000e+00 0.000000000000000e+00 0.000000000000000e+00 1.943961912708286e+05 1.943961912708286e+05 0.000000000000000e+00
5.368906272482000e-05 1.952853908278830e+05 1.952853908278830e+05 0.000000000000000e+00 0.000000000000000e+00 0.000000000000000e+00 1.952853584231615e+05 0.000000000000000e+00 0.000000000000000e+00 0.000000000000000e+00 1.943961822239913e+05 1.943961822239913e+05 0.000000000000000e+00
5.399901306643000e-05 1.952853781912775e+05 1.952853781912775e+05 0.000000000000000e+00 0.000000000000000e+00 0.000000000000000e+00 1.952853454039072e+05 0.000000000000000e+00 0.000000000000000e+00 0.000000000000000e+00 1.943961587545395e+05 1.943961587545395e+05 0.000000000000000e+00
5.431075277089000e-05 1.952853645831799e+05 1.952853645831799e+05 0.000000000000000e+00 0.000000000000000e+00 0.000000000000000e+00 1.952853314085373e+05 0.000000000000000e+00 0.000000000000000e+00 0.000000000000000e+00 1.943961472629589e+05 1.943961472629589e+05 0.000000000000000e+00
5.462429216831000e-05 1.952853515389493e+05 1.952853515389493e+05 0.000000000000000e+00 0.000000000000000e+00 0.000000000000000e+00 1.952853179720606e+05 0.000000000000000e+00 0.000000000000000e+00 0.000000000000000e+00 1.943961464809059e+05 1.943961464809059e+05 0.000000000000000e+00
5.493964164843000e-05 1.952853375500521e+05 1.952853375500521e+05 0.000000000000000e+00 0.000000000000000e+00 0.000000000000000e+00 1.952853035873258e+05 0.000000000000000e+00 0.000000000000000e+00 0.000000000000000e+00 1.943961226236633e+05 1.943961226236633e+05 0.000000000000000e+00
5.525681166095000e-05 1.952853234281044e+05 1.952853234281044e+05 0.000000000000000e+00 0.000000000000000e+00 0.000000000000000e+00 1.952852890642225e+05 0.000000000000000e+00 0.000000000000000e+00 0.000000000000000e+00 1.943961094780496e+05 1.943961094780496e+05 0.000000000000000e+00
5.557581271595000e-05 1.952853091415168e+05 1.952853091415168e+05 0.000000000000000e+00 0.000000000000000e+00 0.000000000000000e+00 1.952852743717518e+05 0.000000000000000e+00 0.000000000000000e+00 0.000000000000000e+00 1.943960969666493e+05 1.943960969666493e+05 0.000000000000000e+00
5.589665538413000e-05 1.952852946923663e+05 1.952852946923663e+05 0.000000000000000e+00 0.000000000000000e+00 0.000000000000000e+00 1.952852595122952e+05 0.000000000000000e+00 0.000000000000000e+00 0.000000000000000e+00 1.943960847308524e+05 1.943960847308524e+05 0.000000000000000e+00
5.621935029725000e-05 1.952852816268609e+05 1.952852816268609e+05 0.000000000000000e+00 0.000000000000000e+00 0.000000000000000e+00 1.952852460325880e+05 0.000000000000000e+00 0.000000000000000e+00 0.000000000000000e+00 1.943960632069533e+05 1.943960632069533e+05 0.000000000000000e+00
5.654390814843000e-05 1.952852644765810e+05 1.952852644765810e+05 0.000000000000000e+00 0.000000000000000e+00 0.000000000000000e+00 1.952852284625750e+05 0.000000000000000e+00 0.000000000000000e+00 0.000000000000000e+00 1.943960373087661e+05 1.943960373087661e+05 0.000000000000000e+00
5.687033969254000e-05 1.952852499544829e+05 1.952852499544829e+05 0.000000000000000e+00 0.000000000000000e+00 0.000000000000000e+00 1.952852135158000e+05 0.000000000000000e+00 0.000000000000000e+00 0.000000000000000e+00 1.943960268296661e+05 1.943960268296661e+05 0.000000000000000e+00
5.719865574651000e-05 1.952852345773072e+05 1.952852345773072e+05 0.000000000000000e+00 0.000000000000000e+00 0.000000000000000e+00 1.952851977093811e+05 0.000000000000000e+00 0.000000000000000e+00 0.000000000000000e+00 1.943960270821784e+05 1.943960270821784e+05 0.000000000000000e+00
5.752886718975000e-05 1.952852203739125e+05 1.952852203739125e+05 0.000000000000000e+00 0.000000000000000e+00 0.000000000000000e+00 1.952851830715813e+05 0.000000000000000e+00 0.000000000000000e+00 0.000000000000000e+00 1.943960094782914e+05 1.943960094782914e+05 0.000000000000000e+00
5.786098496446000e-05 1.952852040224057e+05 1.952852040224057e+05 0.000000000000000e+00 0.000000000000000e+00 0.000000000000000e+00 1.952851662808358e+05 0.000000000000000e+00 0.000000000000000e+00 0.000000000000000e+00 1.943959939244571e+05 1.943959939244571e+05 0.000000000000000e+00
5.819502007600000e-05 1.952851883734549e+05 1.952851883734549e+05 0.000000000000000e+00 0.000000000000000e+00 0.000000000000000e+00 1.952851501873452e+05 0.000000000000000e+00 0.000000000000000e+00 0.000000000000000e+00 1.943959787071832e+05 1.943959787071832e+05 0.000000000000000e+00
5.853098359329000e-05 1.952851726336559e+05 1.952851726336559e+05 0.000000000000000e+00 0.000000000000000e+00 0.000000000000000e+00 1.952851339971453e+05 0.000000000000000e+00 0.000000000000000e+00 0.000000000000000e+00 1.943959573387101e+05 1.943959573387101e+05 0.000000000000000e+00
5.886888664912000e-05 1.952851555479880e+05 1.952851555479880e+05 0.000000000000000e+00 0.000000000000000e+00 0.000000000000000e+00 1.952851164569676e+05 0.000000000000000e+00 0.000000000000000e+00 0.000000000000000e+00 1.943959500965917e+05 1.943959500965917e+05 0.000000000000000e+00
5.920874044059000e-05 1.952851401103000e+05 1.952851401103000e+05 0.000000000000000e+00 0.000000000000000e+00 0.000000000000000e+00 1.952851005599888e+05 0.000000000000000e+00 0.000000000000000e+00 0.000000000000000e+00 1.943959200459932e+05 1.943959200459932e+05 0.000000000000000e+00
5.955055622941000e-05 1.952851239503702e+05 1.952851239503702e+05 0.000000000000000e+00 0.000000000000000e+00 0.000000000000000e+00 1.952850839343852e+05 0.000000000000000e+00 0.000000000000000e+00 0.000000000000000e+00 1.943959004359726e+05 1.943959004359726e+05 0.000000000000000e+00
5.989434534231000e-05 1.952851073213369e+05 1.952851073213369e+05 0.000000000000000e+00 0.000000000000000e+00 0.000000000000000e+00 1.952850668340529e+05 0.000000000000000e+00 0.000000000000000e+00 0.000000000000000e+00 1.943958844218164e+05 1.943958844218164e+05 0.000000000000000e+00
6.024011917142000e-05 1.952850906556975e+05 1.952850906556975e+05 0.000000000000000e+00 0.000000000000000e+00 0.000000000000000e+00 1.952850496926504e+05 0.000000000000000e+00 0.000000000000000e+00 0.000000000000000e+00 1.943958790385191e+05 1.943958790385191e+05 0.000000000000000e+00
6.058788917463000e-05 1.952850723947799e+05 1.952850723947799e+05 0.000000000000000e+00 0.000000000000000e+00 0.000000000000000e+00 1.952850309495922e+05 0.000000000000000e+00 0.000000000000000e+00 0.000000000000000e+00 1.943958483640256e+05 1.943958483640256e+05 0.000000000000000e+00
6.093766687597000e-05 1.952850573619070e+05 1.952850573619070e+05 0.000000000000000e+00 0.000000000000000e+00 0.000000000000000e+00 1.952850154293954e+05 0.000000000000000e+00 0.000000000000000e+00 0.000000000000000e+00 1.943958467714538e+05 1.943958467714538e+05 0.000000000000000e+00
6.128946386602999e-05 1.952850390333221e+05 1.952850390333221e+05 0.000000000000000e+00 0.000000000000000e+00 0.000000000000000e+00 1.952849966078837e+05 0.000000000000000e+00 0.000000000000000e+00 0.000000000000000e+00 1.943958281598963e+05 1.943958281598963e+05 0.000000000000000e+00
6.164329180227000e-05 1.952850214230375e+05 1.952850214230375e+05 0.000000000000000e+00 0.000000000000000e+00 0.000000000000000e+00 1.952849784991055e+05 0.000000000000000e+00 0.000000000000000e+00 0.000000000000000e+00 1.943958103635135e+05 1.943958103635135e+05 0.000000000000000e+00
6.199916240948000e-05 1.952850040658870e+05 1.952850040658870e+05 0.000000000000000e+00 0.000000000000000e+00 0.000000000000000e+00 1.952849606367470e+05 0.000000000000000e+00 0.000000000000000e+00 0.000000000000000e+00 1.943958003519845e+05 1.943958003519845e+05 0.000000000000000e+00
6.235708748012000e-05 1.952849840130843e+05 1.952849840130843e+05 0.000000000000000e+00 0.000000000000000e+00 0.000000000000000e+00 1.952849400738218e+05 0.000000000000000e+00 0.000000000000000e+00 0.000000000000000e+00 1.943957797603806e+05 1.943957797603806e+05 0.000000000000000e+00
6.271707887475000e-05 1.952849679762719e+05 1.952849679762719e+05 0.000000000000000e+00 0.000000000000000e+00 0.000000000000000e+00 1.952849235209511e+05 0.000000000000000e+00 0.000000000000000e+00 0.000000000000000e+00 1.943957602172629e+05 1.943957602172629e+05 0.000000000000000e+00
6.307914852238001e-05 1.952849495124800e+05 1.952849495124800e+05 0.000000000000000e+00 0.000000000000000e+00 0.000000000000000e+00 1.952849045348768e+05 0.000000000000000e+00 0.000000000000000e+00 0.000000000000000e+00 1.943957387407649e+05 1.943957387407649e+05 0.000000000000000e+00
6.344330842089999e-05 1.952849296484103e+05 1.952849296484103e+05 0.000000000000000e+00 0.000000000000000e+00 0.000000000000000e+00 1.952848841418364e+05 0.000000000000000e+00 0.000000000000000e+00 0.000000000000000e+00 1.943957160646272e+05 1.943957160646272e+05 0.000000000000000e+00
6.380957063745000e-05 1.952849108746515e+05 1.952849108746515e+05 0.000000000000000e+00 0.000000000000000e+00 0.000000000000000e+00 1.952848648335924e+05 0.000000000000000e+00 0.000000000000000e+00 0.000000000000000e+00 1.943956973995529e+05 1.943956973995529e+05 0.000000000000000e+00
6.417794730884999e-05 1.952848924116843e+05 1.952848924116843e+05 0.000000000000000e+00 0.000000000000000e+00 0.000000000000000e+00 1.952848458295343e+05 0.000000000000000e+00 0.000000000000000e+00 0.000000000000000e+00 1.943956767697460e+05 1.943956767697460e+05 0.000000000000000e+00
6.454845064199000e-05 1.952848728264596e+05 1.952848728264596e+05 0.000000000000000e+00 0.000000000000000e+00 0.000000000000000e+00 1.952848256978582e+05 0.000000000000000e+00 0.000000000000000e+00 0.000000000000000e+00 1.943956553980667e+05 1.943956553980667e+05 0.000000000000000e+00
6.492109291421000e-05 1.952848536020885e+05 1.952848536020885e+05 0.000000000000000e+00 0.000000000000000e+00 0.000000000000000e+00 1.952848059207027e+05 0.000000000000000e+00 0.000000000000000e+00 0.000000000000000e+00 1.943956384320598e+05 1.943956384320598e+05 0.000000000000000e+00
6.529588647374000e-05 1.952848339670482e+05 1.952848339670482e+05 0.000000000000000e+00 0.000000000000000e+00 0.000000000000000e+00 1.952847857260068e+05 0.000000000000000e+00 0.000000000000000e+00 0.000000000000000e+00 1.943956157359475e+05 1.943956157359475e+05 0.000000000000000e+00
6.567284374011000e-05 1.952848136249128e+05 1.952848136249128e+05 0.000000000000000e+00 0.000000000000000e+00 0.000000000000000e+00 1.952847648176920e+05 0.000000000000000e+00 0.000000000000000e+00 0.000000000000000e+00 1.943956063132372e+05 1.943956063132372e+05 0.000000000000000e+00
6.605197720453000e-05 1.952847945466852e+05 1.952847945466852e+05 0.000000000000000e+00 0.000000000000000e+00 0.000000000000000e+00 1.952847451666970e+05 0.000000000000000e+00 0.000000000000000e+00 0.000000000000000e+00 1.943955691112001e+05 1.943955691112001e+05 0.000000000000000e+00
6.643329943032000e-05 1.952847742023485e+05 1.952847742023485e+05 0.000000000000000e+00 0.000000000000000e+00 0.000000000000000e+00 1.952847242431807e+05 0.000000000000000e+00 0.000000000000000e+00 0.000000000000000e+00 1.943955486818308e+05 1.943955486818308e+05 0.000000000000000e+00
6.681682305334001e-05 1.952847536396470e+05 1.952847536396470e+05 0.000000000000000e+00 0.000000000000000e+00 0.000000000000000e+00 1.952847030942107e+05 0.000000000000000e+00 0.000000000000000e+00 0.000000000000000e+00 1.943955284525576e+05 1.943955284525576e+05 0.000000000000000e+00
6.720256078240999e-05 1.952847328386246e+05 1.952847328386246e+05 0.000000000000000e+00 0.000000000000000e+00 0.000000000000000e+00 1.952846817003996e+05 0.000000000000000e+00 0.000000000000000e+00 0.000000000000000e+00 1.943955086421304e+05 1.943955086421304e+05 0.000000000000000e+00
6.759052539968000e-05 1.952847095288720e+05 1.952847095288720e+05 0.000000000000000e+00 0.000000000000000e+00 0.000000000000000e+00 1.952846577913133e+05 0.000000000000000e+00 0.000000000000000e+00 0.000000000000000e+00 1.943955081773404e+05 1.943955081773404e+05 0.000000000000000e+00
6.798072976112999e-05 1.952846881902667e+05 1.952846881902667e+05 0.000000000000000e+00 0.000000000000000e+00 0.000000000000000e+00 1.952846358461037e+05 0.000000000000000e+00 0.000000000000000e+00 0.000000000000000e+00 1.943954884425085e+05 1.943954884425085e+05 0.000000000000000e+00
6.837318679695000e-05 1.952846665556160e+05 1.952846665556160e+05 0.000000000000000e+00 0.000000000000000e+00 0.000000000000000e+00 1.952846135976064e+05 0.000000000000000e+00 0.000000000000000e+00 0.000000000000000e+00 1.943954700625075e+05 1.943954700625075e+05 0.000000000000000e+00
6.876790951196000e-05 1.952846447848793e+05 1.952846447848793e+05 0.000000000000000e+00 0.000000000000000e+00 0.000000000000000e+00 1.952845912067853e+05 0.000000000000000e+00 0.000000000000000e+00 0.000000000000000e+00 1.943954320322410e+05 1.943954320322410e+05 0.000000000000000e+00
6.916491098607000e-05 1.952846227266885e+05 1.952846227266885e+05 0.000000000000000e+00 0.000000000000000e+00 0.000000000000000e+00 1.952845685207205e+05 0.000000000000000e+00 0.000000000000000e+00 0.000000000000000e+00 1.943954097486618e+05 1.943954097486618e+05 0.000000000000000e+00
6.956420437470000e-05 1.952846004149600e+05 1.952846004149600e+05 0.000000000000000e+00 0.000000000000000e+00 0.000000000000000e+00 1.952845455738258e+05 0.000000000000000e+00 0.000000000000000e+00 0.000000000000000e+00 1.943953877622959e+05 1.943953877622959e+05 0.000000000000000e+00
6.996580290922000e-05 1.952845778738513e+05 1.952845778738513e+05 0.000000000000000e+00 0.000000000000000e+00 0.000000000000000e+00 1.952845223902351e+05 0.000000000000000e+00 0.000000000000000e+00 0.000000000000000e+00 1.943953655823323e+05 1.943953655823323e+05 0.000000000000000e+00
7.036971989738001e-05 1.952845551165335e+05 1.952845551165335e+05 0.000000000000000e+00 0.000000000000000e+00 0.000000000000000e+00 1.952844989828200e+05 0.000000000000000e+00 0.000000000000000e+00 0.000000000000000e+00 1.943953421309934e+05 1.943953421309934e+05 0.000000000000000e+00
7.077596872377000e-05 1.952845319565348e+05 1.952845319565348e+05 0.000000000000000e+00 0.000000000000000e+00 0.000000000000000e+00 1.952844751652209e+05 0.000000000000000e+00 0.000000000000000e+00 0.000000000000000e+00 1.943953200438072e+05 1.943953200438072e+05 0.000000000000000e+00
7.118456285022001e-05 1.952845094632473e+05 1.952845094632473e+05 0.000000000000000e+00 0.000000000000000e+00 0.000000000000000e+00 1.952844520079391e+05 0.000000000000000e+00 0.000000000000000e+00 0.000000000000000e+00 1.943952980176293e+05 1.943952980176293e+05 0.000000000000000e+00
7.159551581630000e-05 1.952844865670115e+05 1.952844865670115e+05 0.000000000000000e+00 0.000000000000000e+00 0.000000000000000e+00 1.952844284388495e+05 0.000000000000000e+00 0.000000000000000e+00 0.000000000000000e+00 1.943952720888568e+05 1.943952720888568e+05 0.000000000000000e+00
7.200884123975000e-05 1.952844626374248e+05 1.952844626374248e+05 0.000000000000000e+00 0.000000000000000e+00 0.000000000000000e+00 1.952844038288748e+05 0.000000000000000e+00 0.000000000000000e+00 0.000000000000000e+00 1.943952479341828e+05 1.943952479341828e+05 0.000000000000000e+00
7.242455281691000e-05 1.952844383555158e+05 1.952844383555158e+05 0.000000000000000e+00 0.000000000000000e+00 0.000000000000000e+00 1.952843788572883e+05 0.000000000000000e+00 0.000000000000000e+00 0.000000000000000e+00 1.943952240015136e+05 1.943952240015136e+05 0.000000000000000e+00
7.284266432320000e-05 1.952844132290001e+05 1.952844132290001e+05 0.000000000000000e+00 0.000000000000000e+00 0.000000000000000e+00 1.952843530351433e+05 0.000000000000000e+00 0.000000000000000e+00 0.000000000000000e+00 1.943952024892854e+05 1.943952024892854e+05 0.000000000000000e+00
7.326318961355001e-05 1.952843882620104e+05 1.952843882620104e+05 0.000000000000000e+00 0.000000000000000e+00 0.000000000000000e+00 1.952843273620113e+05 0.000000000000000e+00 0.000000000000000e+00 0.000000000000000e+00 1.943951705459603e+05 1.943951705459603e+05 0.000000000000000e+00
7.368614262289999e-05 1.952843631708372e+05 1.952843631708372e+05 0.000000000000000e+00 0.000000000000000e+00 0.000000000000000e+00 1.952843015581224e+05 0.000000000000000e+00 0.000000000000000e+00 0.000000000000000e+00 1.943951456601466e+05 1.943951456601466e+05 0.000000000000000e+00
7.411153736661000e-05 1.952843377585616e+05 1.952843377585616e+05 0.000000000000000e+00 0.000000000000000e+00 0.000000000000000e+00 1.952842754256123e+05 0.000000000000000e+00 0.000000000000000e+00 0.000000000000000e+00 1.943951205722034e+05 1.943951205722034e+05 0.000000000000000e+00
7.453938794099000e-05 1.952843124419432e+05 1.952843124419432e+05 0.000000000000000e+00 0.000000000000000e+00 0.000000000000000e+00 1.952842493795755e+05 0.000000000000000e+00 0.000000000000000e+00 0.000000000000000e+00 1.943950943829539e+05 1.943950943829539e+05 0.000000000000000e+00
7.496970852368000e-05 1.952842864513693e+05 1.952842864513693e+05 0.000000000000000e+00 0.000000000000000e+00 0.000000000000000e+00 1.952842226517376e+05 0.000000000000000e+00 0.000000000000000e+00 0.000000000000000e+00 1.943950698081764e+05 1.943950698081764e+05 0.000000000000000e+00
7.540251337421000e-05 1.952842601427863e+05 1.952842601427863e+05 0.000000000000000e+00 0.000000000000000e+00 0.000000000000000e+00 1.952841955965740e+05 0.000000000000000e+00 0.000000000000000e+00 0.000000000000000e+00 1.943950450645527e+05 1.943950450645527e+05 0.000000000000000e+00
7.583781683441001e-05 1.952842335322007e+05 1.952842335322007e+05 0.000000000000000e+00 0.000000000000000e+00 0.000000000000000e+00 1.952841682314883e+05 0.000000000000000e+00 0.000000000000000e+00 0.000000000000000e+00 1.943950203593776e+05 1.943950203593776e+05 0.000000000000000e+00
7.627563332891000e-05 1.952842066991111e+05 1.952842066991111e+05 0.000000000000000e+00 0.000000000000000e+00 0.000000000000000e+00 1.952841406344847e+05 0.000000000000000e+00 0.000000000000000e+00 0.000000000000000e+00 1.943949963909310e+05 1.943949963909310e+05 0.000000000000000e+00
7.671597736560999e-05 1.952841793940151e+05 1.952841793940151e+05 0.000000000000000e+00 0.000000000000000e+00 0.000000000000000e+00 1.952841125564124e+05 0.000000000000000e+00 0.000000000000000e+00 0.000000000000000e+00 1.943949725253136e+05 1.943949725253136e+05 0.000000000000000e+00
7.715886353618000e-05 1.952841518222059e+05 1.952841518222059e+05 0.000000000000000e+00 0.000000000000000e+00 0.000000000000000e+00 1.952840842034546e+05 0.000000000000000e+00 0.000000000000000e+00 0.000000000000000e+00 1.943949484275757e+05 1.943949484275757e+05 0.000000000000000e+00
7.760430651651999e-05 1.952841239296287e+05 1.952841239296287e+05 0.000000000000000e+00 0.000000000000000e+00 0.000000000000000e+00 1.952840555203876e+05 0.000000000000000e+00 0.000000000000000e+00 0.000000000000000e+00 1.943949097497342e+05 1.943949097497342e+05 0.000000000000000e+00
7.805232106724999e-05 1.952840957690902e+05 1.952840957690902e+05 0.000000000000000e+00 0.000000000000000e+00 0.000000000000000e+00 1.952840265606153e+05 0.000000000000000e+00 0.000000000000000e+00 0.000000000000000e+00 1.943948821484082e+05 1.943948821484082e+05 0.000000000000000e+00
7.850292203420000e-05 1.952840671736855e+05 1.952840671736855e+05 0.000000000000000e+00 0.000000000000000e+00 0.000000000000000e+00 1.952839971561185e+05 0.000000000000000e+00 0.000000000000000e+00 0.000000000000000e+00 1.943948544238742e+05 1.943948544238742e+05 0.000000000000000e+00
7.895612434892000e-05 1.952840374999444e+05 1.952840374999444e+05 0.000000000000000e+00 0.000000000000000e+00 0.000000000000000e+00 1.952839666633819e+05 0.000000000000000e+00 0.000000000000000e+00 0.000000000000000e+00 1.943948273133025e+05 1.943948273133025e+05 0.000000000000000e+00
7.941194302916000e-05 1.952840085324991e+05 1.952840085324991e+05 0.000000000000000e+00 0.000000000000000e+00 0.000000000000000e+00 1.952839368681897e+05 0.000000000000000e+00 0.000000000000000e+00 0.000000000000000e+00 1.943947983169627e+05 1.943947983169627e+05 0.000000000000000e+00
7.987039317935999e-05 1.952839787399689e+05 1.952839787399689e+05 0.000000000000000e+00 0.000000000000000e+00 0.000000000000000e+00 1.952839062382758e+05 0.000000000000000e+00 0.000000000000000e+00 0.000000000000000e+00 1.943947697308504e+05 1.943947697308504e+05 0.000000000000000e+00
8.033148999116001e-05 1.952839488256583e+05 1.952839488256583e+05 0.000000000000000e+00 0.000000000000000e+00 0.000000000000000e+00 1.952838754772937e+05 0.000000000000000e+00 0.000000000000000e+00 0.000000000000000e+00 1.943947405460014e+05 1.943947405460014e+05 0.000000000000000e+00
8.079524874390000e-05 1.952839186253613e+05 1.952839186253613e+05 0.000000000000000e+00 0.000000000000000e+00 0.000000000000000e+00 1.952838444197871e+05 0.000000000000000e+00 0.000000000000000e+00 0.000000000000000e+00 1.943947110789878e+05 1.943947110789878e+05 0.000000000000000e+00
8.126168480514000e-05 1.952838877470695e+05 1.952838877470695e+05 0.000000000000000e+00 0.000000000000000e+00 0.000000000000000e+00 1.952838126753276e+05 0.000000000000000e+00 0.000000000000000e+00 0.000000000000000e+00 1.943946824546212e+05 1.943946824546212e+05 0.000000000000000e+00
8.173081363114999e-05 1.952838568255790e+05 1.952838568255790e+05 0.000000000000000e+00 0.000000000000000e+00 0.000000000000000e+00 1.952837808767636e+05 0.000000000000000e+00 0.000000000000000e+00 0.000000000000000e+00 1.943946536467443e+05 1.943946536467443e+05 0.000000000000000e+00
8.220265076742000e-05 1.952838255642383e+05 1.952838255642383e+05 0.000000000000000e+00 0.000000000000000e+00 0.000000000000000e+00 1.952837487287878e+05 0.000000000000000e+00 0.000000000000000e+00 0.000000000000000e+00 1.943946257219173e+05 1.943946257219173e+05 0.000000000000000e+00
8.267721184921000e-05 1.952837933374882e+05 1.952837933374882e+05 0.000000000000000e+00 0.000000000000000e+00 0.000000000000000e+00 1.952837156048325e+05 0.000000000000000e+00 0.000000000000000e+00 0.000000000000000e+00 1.943945911461403e+05 1.943945911461403e+05 0.000000000000000e+00
8.315451260203001e-05 1.952837613749061e+05 1.952837613749061e+05 0.000000000000000e+00 0.000000000000000e+00 0.000000000000000e+00 1.952836827346392e+05 0.000000000000000e+00 0.000000000000000e+00 0.000000000000000e+00 1.943945582609137e+05 1.943945582609137e+05 0.000000000000000e+00
8.363456884216000e-05 1.952837288733004e+05 1.952837288733004e+05 0.000000000000000e+00 0.000000000000000e+00 0.000000000000000e+00 1.952836493152424e+05 0.000000000000000e+00 0.000000000000000e+00 0.000000000000000e+00 1.943945261854614e+05 1.943945261854614e+05 0.000000000000000e+00
8.411739647721000e-05 1.952836965507404e+05 1.952836965507404e+05 0.000000000000000e+00 0.000000000000000e+00 0.000000000000000e+00 1.952836160629784e+05 0.000000000000000e+00 0.000000000000000e+00 0.000000000000000e+00 1.943944923365459e+05 1.943944923365459e+05 0.000000000000000e+00
8.460301150661000e-05 1.952836645480429e+05 1.952836645480429e+05 0.000000000000000e+00 0.000000000000000e+00 0.000000000000000e+00 1.952835831205923e+05 0.000000000000000e+00 0.000000000000000e+00 0.000000000000000e+00 1.943944582529971e+05 1.943944582529971e+05 0.000000000000000e+00
8.509143002218000e-05 1.952836310198545e+05 1.952836310198545e+05 0.000000000000000e+00 0.000000000000000e+00 0.000000000000000e+00 1.952835486427502e+05 0.000000000000000e+00 0.000000000000000e+00 0.000000000000000e+00 1.943944258719373e+05 1.943944258719373e+05 0.000000000000000e+00
8.558266820860001e-05 1.952835971362730e+05 1.952835971362730e+05 0.000000000000000e+00 0.000000000000000e+00 0.000000000000000e+00 1.952835137975815e+05 0.000000000000000e+00 0.000000000000000e+00 0.000000000000000e+00 1.943943938625419e+05 1.943943938625419e+05 0.000000000000000e+00
8.607674234403000e-05 1.952835627797669e+05 1.952835627797669e+05 0.000000000000000e+00 0.000000000000000e+00 0.000000000000000e+00 1.952834784689981e+05 0.000000000000000e+00 0.000000000000000e+00 0.000000000000000e+00 1.943943578867255e+05 1.943943578867255e+05 0.000000000000000e+00
8.657366880057001e-05 1.952835280628320e+05 1.952835280628320e+05 0.000000000000000e+00 0.000000000000000e+00 0.000000000000000e+00 1.952834427686378e+05 0.000000000000000e+00 0.000000000000000e+00 0.000000000000000e+00 1.943943234167630e+05 1.943943234167630e+05 0.000000000000000e+00
8.707346404484000e-05 1.952834929530038e+05 1.952834929530038e+05 0.000000000000000e+00 0.000000000000000e+00 0.000000000000000e+00 1.952834066640832e+05 0.000000000000000e+00 0.000000000000000e+00 0.000000000000000e+00 1.943942879463878e+05 1.943942879463878e+05 0.000000000000000e+00
8.757614463855000e-05 1.952834576815792e+05 1.952834576815792e+05 0.000000000000000e+00 0.000000000000000e+00 0.000000000000000e+00 1.952833703859285e+05 0.000000000000000e+00 0.000000000000000e+00 0.000000000000000e+00 1.943942526251338e+05 1.943942526251338e+05 0.000000000000000e+00
8.808172723900000e-05 1.952834217065622e+05 1.952834217065622e+05 0.000000000000000e+00 0.000000000000000e+00 0.000000000000000e+00 1.952833333919973e+05 0.000000000000000e+00 0.000000000000000e+00 0.000000000000000e+00 1.943942185298654e+05 1.943942185298654e+05 0.000000000000000e+00
8.859022859965000e-05 1.952833853709543e+05 1.952833853709543e+05 0.000000000000000e+00 0.000000000000000e+00 0.000000000000000e+00 1.952832960262830e+05 0.000000000000000e+00 0.000000000000000e+00 0.000000000000000e+00 1.943941826321023e+05 1.943941826321023e+05 0.000000000000000e+00
8.910166557069999e-05 1.952833485714772e+05 1.952833485714772e+05 0.000000000000000e+00 0.000000000000000e+00 0.000000000000000e+00 1.952832581848915e+05 0.000000000000000e+00 0.000000000000000e+00 0.000000000000000e+00 1.943941483326328e+05 1.943941483326328e+05 0.000000000000000e+00
8.961605509960000e-05 1.952833115634217e+05 1.952833115634217e+05 0.000000000000000e+00 0.000000000000000e+00 0.000000000000000e+00 1.952832201221194e+05 0.000000000000000e+00 0.000000000000000e+00 0.000000000000000e+00 1.943941074652255e+05 1.943941074652255e+05 0.000000000000000e+00
9.013341423165000e-05 1.952832739161549e+05 1.952832739161549e+05 0.000000000000000e+00 0.000000000000000e+00 0.000000000000000e+00 1.952831814085135e+05 0.000000000000000e+00 0.000000000000000e+00 0.000000000000000e+00 1.943940707237649e+05 1.943940707237649e+05 0.000000000000000e+00
9.065376011058000e-05 1.952832359276430e+05 1.952832359276430e+05 0.000000000000000e+00 0.000000000000000e+00 0.000000000000000e+00 1.952831423413324e+05 0.000000000000000e+00 0.000000000000000e+00 0.000000000000000e+00 1.943940335898858e+05 1.943940335898858e+05 0.000000000000000e+00
9.117710997904001e-05 1.952831973884124e+05 1.952831973884124e+05 0.000000000000000e+00 0.000000000000000e+00 0.000000000000000e+00 1.952831027111862e+05 0.000000000000000e+00 0.000000000000000e+00 0.000000000000000e+00 1.943939964865502e+05 1.943939964865502e+05 0.000000000000000e+00
9.170348117926000e-05 1.952831584301780e+05 1.952831584301780e+05 0.000000000000000e+00 0.000000000000000e+00 0.000000000000000e+00 1.952830626492118e+05 0.000000000000000e+00 0.000000000000000e+00 0.000000000000000e+00 1.943939549701837e+05 1.943939549701837e+05 0.000000000000000e+00
9.223289115359000e-05 1.952831190773113e+05 1.952831190773113e+05 0.000000000000000e+00 0.000000000000000e+00 0.000000000000000e+00 1.952830221803302e+05 0.000000000000000e+00 0.000000000000000e+00 0.000000000000000e+00 1.943939152329078e+05 1.943939152329078e+05 0.000000000000000e+00
9.276535744505000e-05 1.952830791946095e+05 1.952830791946095e+05 0.000000000000000e+00 0.000000000000000e+00 0.000000000000000e+00 1.952829811679807e+05 0.000000000000000e+00 0.000000000000000e+00 0.000000000000000e+00 1.943938756647771e+05 1.943938756647771e+05 0.000000000000000e+00
9.330089769796000e-05 1.952830387646644e+05 1.952830387646644e+05 0.000000000000000e+00 0.000000000000000e+00 0.000000000000000e+00 1.952829395953799e+05 0.000000000000000e+00 0.000000000000000e+00 0.000000000000000e+00 1.943938355126843e+05 1.943938355126843e+05 0.000000000000000e+00
9.383952965848999e-05 1.952829979701603e+05 1.952829979701603e+05 0.000000000000000e+00 0.000000000000000e+00 0.000000000000000e+00 1.952828976449223e+05 0.000000000000000e+00 0.000000000000000e+00 0.000000000000000e+00 1.943937953720725e+05 1.943937953720725e+05 0.000000000000000e+00
9.438127117526000e-05 1.952829570795535e+05 1.952829570795535e+05 0.000000000000000e+00 0.000000000000000e+00 0.000000000000000e+00 1.952828555852887e+05 0.000000000000000e+00 0.000000000000000e+00 0.000000000000000e+00 1.943937524973552e+05 1.943937524973552e+05 0.000000000000000e+00
9.492614019994000e-05 1.952829153840673e+05 1.952829153840673e+05 0.000000000000000e+00 0.000000000000000e+00 0.000000000000000e+00 1.952828127063169e+05 0.000000000000000e+00 0.000000000000000e+00 0.000000000000000e+00 1.943937111178928e+05 1.943937111178928e+05 0.000000000000000e+00
9.547415478783000e-05 1.952828732733690e+05 1.952828732733690e+05 0.000000000000000e+00 0.000000000000000e+00 0.000000000000000e+00 1.952827693997651e+05 0.000000000000000e+00 0.000000000000000e+00 0.000000000000000e+00 1.943936687786716e+05 1.943936687786716e+05 0.000000000000000e+00
9.602533309846000e-05 1.952828305884634e+05 1.952828305884634e+05 0.000000000000000e+00 0.000000000000000e+00 0.000000000000000e+00 1.952827255039645e+05 0.000000000000000e+00 0.000000000000000e+00 0.000000000000000e+00 1.943936261283107e+05 1.943936261283107e+05 0.000000000000000e+00
9.657969339619999e-05 1.952827874335732e+05 1.952827874335732e+05 0.000000000000000e+00 0.000000000000000e+00 0.000000000000000e+00 1.952826811249728e+05 0.000000000000000e+00 0.000000000000000e+00 0.000000000000000e+00 1.943935832201296e+05 1.943935832201296e+05 0.000000000000000e+00
9.713725405086000e-05 1.952827427077075e+05 1.952827427077075e+05 0.000000000000000e+00 0.000000000000000e+00 0.000000000000000e+00 1.952826351630758e+05 0.000000000000000e+00 0.000000000000000e+00 0.000000000000000e+00 1.943935363068419e+05 1.943935363068419e+05 0.000000000000000e+00
9.769803353831000e-05 1.952826985642228e+05 1.952826985642228e+05 0.000000000000000e+00 0.000000000000000e+00 0.000000000000000e+00 1.952825897667651e+05 0.000000000000000e+00 0.000000000000000e+00 0.000000000000000e+00 1.943934920301997e+05 1.943934920301997e+05 0.000000000000000e+00
9.826205044107000e-05 1.952826539012071e+05 1.952826539012071e+05 0.000000000000000e+00 0.000000000000000e+00 0.000000000000000e+00 1.952825438366000e+05 0.000000000000000e+00 0.000000000000000e+00 0.000000000000000e+00 1.943934471846790e+05 1.943934471846790e+05 0.000000000000000e+00
9.882932344895000e-05 1.952826099635660e+05 1.952826099635660e+05 0.000000000000000e+00 0.000000000000000e+00 0.000000000000000e+00 1.952824986171276e+05 0.000000000000000e+00 0.000000000000000e+00 0.000000000000000e+00 1.943934028220943e+05 1.943934028220943e+05 0.000000000000000e+00
9.939987135964000e-05 1.952825642296013e+05 1.952825642296013e+05 0.000000000000000e+00 0.000000000000000e+00 0.000000000000000e+00 1.952824515860339e+05 0.000000000000000e+00 0.000000000000000e+00 0.000000000000000e+00 1.943933570425917e+05 1.943933570425917e+05 0.000000000000000e+00
9.997371307936000e-05 1.952825179517212e+05 1.952825179517212e+05 0.000000000000000e+00 0.000000000000000e+00 0.000000000000000e+00 1.952824039966026e+05 0.000000000000000e+00 0.000000000000000e+00 0.000000000000000e+00 1.943933111262194e+05 1.943933111262194e+05 0.000000000000000e+00
1.005508676235000e-04 1.952824711380936e+05 1.952824711380936e+05 0.000000000000000e+00 0.000000000000000e+00 0.000000000000000e+00 1.952823558555079e+05 0.000000000000000e+00 0.000000000000000e+00 0.000000000000000e+00 1.943932648811940e+05 1.943932648811940e+05 0.000000000000000e+00
1.011313541172000e-04 1.952824233128392e+05 1.952824233128392e+05 0.000000000000000e+00 0.000000000000000e+00 0.000000000000000e+00 1.952823066855643e+05 0.000000000000000e+00 0.000000000000000e+00 0.000000000000000e+00 1.943932216025053e+05 1.943932216025053e+05 0.000000000000000e+00
1.017151917959000e-04 1.952823754009861e+05 1.952823754009861e+05 0.000000000000000e+00 0.000000000000000e+00 0.000000000000000e+00 1.952822574159070e+05 0.000000000000000e+00 0.000000000000000e+00 0.000000000000000e+00 1.943931751821873e+05 1.943931751821873e+05 0.000000000000000e+00
1.023024000064000e-04 1.952823269644833e+05 1.952823269644833e+05 0.000000000000000e+00 0.000000000000000e+00 0.000000000000000e+00 1.952822076058731e+05 0.000000000000000e+00 0.000000000000000e+00 0.000000000000000e+00 1.943931240519196e+05 1.943931240519196e+05 0.000000000000000e+00
1.028929982069000e-04 1.952822779878882e+05 1.952822779878882e+05 0.000000000000000e+00 0.000000000000000e+00 0.000000000000000e+00 1.952821572395997e+05 0.000000000000000e+00 0.000000000000000e+00 0.000000000000000e+00 1.943930749414586e+05 1.943930749414586e+05 0.000000000000000e+00
1.034870059680000e-04 1.952822284042852e+05 1.952822284042852e+05 0.000000000000000e+00 0.000000000000000e+00 0.000000000000000e+00 1.952821062505145e+05 0.000000000000000e+00 0.000000000000000e+00 0.000000000000000e+00 1.943930253371618e+05 1.943930253371618e+05 0.000000000000000e+00
1.040844429733000e-04 1.952821782659552e+05 1.952821782659552e+05 0.000000000000000e+00 0.000000000000000e+00 0.000000000000000e+00 1.952820546898797e+05 0.000000000000000e+00 0.000000000000000e+00 0.000000000000000e+00 1.943929749664583e+05 1.943929749664583e+05 0.000000000000000e+00
1.046853290201000e-04 1.952821275787131e+05 1.952821275787131e+05 0.000000000000000e+00 0.000000000000000e+00 0.000000000000000e+00 1.952820025642778e+05 0.000000000000000e+00 0.000000000000000e+00 0.000000000000000e+00 1.943929240721123e+05 1.943929240721123e+05 0.000000000000000e+00
1.052896840198000e-04 1.952820763283139e+05 1.952820763283139e+05 0.000000000000000e+00 0.000000000000000e+00 0.000000000000000e+00 1.952819498589231e+05 0.000000000000000e+00 0.000000000000000e+00 0.000000000000000e+00 1.943928724345417e+05 1.943928724345417e+05 0.000000000000000e+00
1.058975279991000e-04 1.952820243474245e+05 1.952820243474245e+05 0.000000000000000e+00 0.000000000000000e+00 0.000000000000000e+00 1.952818964064746e+05 0.000000000000000e+00 0.000000000000000e+00 0.000000000000000e+00 1.943928208598267e+05 1.943928208598267e+05 0.000000000000000e+00
1.065088811000000e-04 1.952819719487979e+05 1.952819719487979e+05 0.000000000000000e+00 0.000000000000000e+00 0.000000000000000e+00 1.952818425192102e+05 0.000000000000000e+00 0.000000000000000e+00 0.000000000000000e+00 1.943927704670521e+05 1.943927704670521e+05 0.000000000000000e+00
1.071237635808000e-04 1.952819187896297e+05 1.952819187896297e+05 0.000000000000000e+00 0.000000000000000e+00 0.000000000000000e+00 1.952817878535215e+05 0.000000000000000e+00 0.000000000000000e+00 0.000000000000000e+00 1.943927184378095e+05 1.943927184378095e+05 0.000000000000000e+00
1.077421958170000e-04 1.952818651364536e+05 1.952818651364536e+05 0.000000000000000e+00 0.000000000000000e+00 0.000000000000000e+00 1.952817326769602e+05 0.000000000000000e+00 0.000000000000000e+00 0.000000000000000e+00 1.943926620320868e+05 1.943926620320868e+05 0.000000000000000e+00
1.083641983014000e-04 1.952818107886513e+05 1.952818107886513e+05 0.000000000000000e+00 0.000000000000000e+00 0.000000000000000e+00 1.952816767873529e+05 0.000000000000000e+00 0.000000000000000e+00 0.000000000000000e+00 1.943926079228203e+05 1.943926079228203e+05 0.000000000000000e+00
1.089897916453000e-04 1.952817558369040e+05 1.952817558369040e+05 0.000000000000000e+00 0.000000000000000e+00 0.000000000000000e+00 1.952816202765752e+05 0.000000000000000e+00 0.000000000000000e+00 0.000000000000000e+00 1.943925519177072e+05 1.943925519177072e+05 0.000000000000000e+00
1.096189965790000e-04 1.952817002450430e+05 1.952817002450430e+05 0.000000000000000e+00 0.000000000000000e+00 0.000000000000000e+00 1.952815631077788e+05 0.000000000000000e+00 0.000000000000000e+00 0.000000000000000e+00 1.943924964242309e+05 1.943924964242309e+05 0.000000000000000e+00
1.102518339524000e-04 1.952816440205115e+05 1.952816440205115e+05 0.000000000000000e+00 0.000000000000000e+00 0.000000000000000e+00 1.952815052881826e+05 0.000000000000000e+00 0.000000000000000e+00 0.000000000000000e+00 1.943924400830533e+05 1.943924400830533e+05 0.000000000000000e+00
1.108883247359000e-04 1.952815871486536e+05 1.952815871486536e+05 0.000000000000000e+00 0.000000000000000e+00 0.000000000000000e+00 1.952814468024350e+05 0.000000000000000e+00 0.000000000000000e+00 0.000000000000000e+00 1.943923836495293e+05 1.943923836495293e+05 0.000000000000000e+00
1.115284900208000e-04 1.952815296166170e+05 1.952815296166170e+05 0.000000000000000e+00 0.000000000000000e+00 0.000000000000000e+00 1.952813876378261e+05 0.000000000000000e+00 0.000000000000000e+00 0.000000000000000e+00 1.943923264450810e+05 1.943923264450810e+05 0.000000000000000e+00
1.121723510201000e-04 1.952814713992354e+05 1.952814713992354e+05 0.000000000000000e+00 0.000000000000000e+00 0.000000000000000e+00 1.952813277683335e+05 0.000000000000000e+00 0.000000000000000e+00 0.000000000000000e+00 1.943922695326159e+05 1.943922695326159e+05 0.000000000000000e+00
1.128199290696000e-04 1.952814129250170e+05 1.952814129250170e+05 0.000000000000000e+00 0.000000000000000e+00 0.000000000000000e+00 1.952812676241788e+05 0.000000000000000e+00 0.000000000000000e+00 0.000000000000000e+00 1.943922022346496e+05 1.943922022346496e+05 0.000000000000000e+00
1.134712456280000e-04 1.952813533167275e+05 1.952813533167275e+05 0.000000000000000e+00 0.000000000000000e+00 0.000000000000000e+00 1.952812063270193e+05 0.000000000000000e+00 0.000000000000000e+00 0.000000000000000e+00 1.943921459800496e+05 1.943921459800496e+05 0.000000000000000e+00
1.141263222779000e-04 1.952812931291890e+05 1.952812931291890e+05 0.000000000000000e+00 0.000000000000000e+00 0.000000000000000e+00 1.952811444299010e+05 0.000000000000000e+00 0.000000000000000e+00 0.000000000000000e+00 1.943920850482509e+05 1.943920850482509e+05 0.000000000000000e+00
1.147851807266000e-04 1.952812321898328e+05 1.952812321898328e+05 0.000000000000000e+00 0.000000000000000e+00 0.000000000000000e+00 1.952810817612959e+05 0.000000000000000e+00 0.000000000000000e+00 0.000000000000000e+00 1.943920240454477e+05 1.943920240454477e+05 0.000000000000000e+00
1.154478428066000e-04 1.952811705858455e+05 1.952811705858455e+05 0.000000000000000e+00 0.000000000000000e+00 0.000000000000000e+00 1.952810184078792e+05 0.000000000000000e+00 0.000000000000000e+00 0.000000000000000e+00 1.943919618394951e+05 1.943919618394951e+05 0.000000000000000e+00
1.161143304765000e-04 1.952811082184030e+05 1.952811082184030e+05 0.000000000000000e+00 0.000000000000000e+00 0.000000000000000e+00 1.952809542710349e+05 0.000000000000000e+00 0.000000000000000e+00 0.000000000000000e+00 1.943918997389172e+05 1.943918997389172e+05 0.000000000000000e+00
1.167846658217000e-04 1.952810449839415e+05 1.952810449839415e+05 0.000000000000000e+00 0.000000000000000e+00 0.000000000000000e+00 1.952808892457249e+05 0.000000000000000e+00 0.000000000000000e+00 0.000000000000000e+00 1.943918393753475e+05 1.943918393753475e+05 0.000000000000000e+00
1.174588710552000e-04 1.952809811772917e+05 1.952809811772917e+05 0.000000000000000e+00 0.000000000000000e+00 0.000000000000000e+00 1.952808236286160e+05 0.000000000000000e+00 0.000000000000000e+00 0.000000000000000e+00 1.943917697828578e+05 1.943917697828578e+05 0.000000000000000e+00
1.181369685179000e-04 1.952809166305084e+05 1.952809166305084e+05 0.000000000000000e+00 0.000000000000000e+00 0.000000000000000e+00 1.952807572502185e+05 0.000000000000000e+00 0.000000000000000e+00 0.000000000000000e+00 1.943917049875384e+05 1.943917049875384e+05 0.000000000000000e+00
1.188189806800000e-04 1.952808508381791e+05 1.952808508381791e+05 0.000000000000000e+00 0.000000000000000e+00 0.000000000000000e+00 1.952806896048042e+05 0.000000000000000e+00 0.000000000000000e+00 0.000000000000000e+00 1.943916428589923e+05 1.943916428589923e+05 0.000000000000000e+00
1.195049301412000e-04 1.952807855489678e+05 1.952807855489678e+05 0.000000000000000e+00 0.000000000000000e+00 0.000000000000000e+00 1.952806224429975e+05 0.000000000000000e+00 0.000000000000000e+00 0.000000000000000e+00 1.943915789755265e+05 1.943915789755265e+05 0.000000000000000e+00
1.201948396320000e-04 1.952807185422795e+05 1.952807185422795e+05 0.000000000000000e+00 0.000000000000000e+00 0.000000000000000e+00 1.952805535358168e+05 0.000000000000000e+00 0.000000000000000e+00 0.000000000000000e+00 1.943915070634802e+05 1.943915070634802e+05 0.000000000000000e+00
1.208887320136000e-04 1.952806503908163e+05 1.952806503908163e+05 0.000000000000000e+00 0.000000000000000e+00 0.000000000000000e+00 1.952804834685919e+05 0.000000000000000e+00 0.000000000000000e+00 0.000000000000000e+00 1.943914464340691e+05 1.943914464340691e+05 0.000000000000000e+00
1.215866302798000e-04 1.952805818730300e+05 1.952805818730300e+05 0.000000000000000e+00 0.000000000000000e+00 0.000000000000000e+00 1.952804130105807e+05 0.000000000000000e+00 0.000000000000000e+00 0.000000000000000e+00 1.943913766577272e+05 1.943913766577272e+05 0.000000000000000e+00
1.222885575565000e-04 1.952805127341937e+05 1.952805127341937e+05 0.000000000000000e+00 0.000000000000000e+00 0.000000000000000e+00 1.952803419087813e+05 0.000000000000000e+00 0.000000000000000e+00 0.000000000000000e+00 1.943913076027358e+05 1.943913076027358e+05 0.000000000000000e+00
1.229945371037000e-04 1.952804427904625e+05 1.952804427904625e+05 0.000000000000000e+00 0.000000000000000e+00 0.000000000000000e+00 1.952802699796998e+05 0.000000000000000e+00 0.000000000000000e+00 0.000000000000000e+00 1.943912371763591e+05 1.943912371763591e+05 0.000000000000000e+00
1.237045923153000e-04 1.952803720303349e+05 1.952803720303349e+05 0.000000000000000e+00 0.000000000000000e+00 0.000000000000000e+00 1.952801972111381e+05 0.000000000000000e+00 0.000000000000000e+00 0.000000000000000e+00 1.943911666164871e+05 1.943911666164871e+05 0.000000000000000e+00
1.244187467203000e-04 1.952803009210156e+05 1.952803009210156e+05 0.000000000000000e+00 0.000000000000000e+00 0.000000000000000e+00 1.952801240695566e+05 0.000000000000000e+00 0.000000000000000e+00 0.000000000000000e+00 1.943910908550158e+05 1.943910908550158e+05 0.000000000000000e+00
1.251370239837000e-04 1.952802283874525e+05 1.952802283874525e+05 0.000000000000000e+00 0.000000000000000e+00 0.000000000000000e+00 1.952800494800224e+05 0.000000000000000e+00 0.000000000000000e+00 0.000000000000000e+00 1.943910236259314e+05 1.943910236259314e+05 0.000000000000000e+00
1.258594479070000e-04 1.952801549707542e+05 1.952801549707542e+05 0.000000000000000e+00 0.000000000000000e+00 0.000000000000000e+00 1.952799739870501e+05 0.000000000000000e+00 0.000000000000000e+00 0.000000000000000e+00 1.943909475686428e+05 1.943909475686428e+05 0.000000000000000e+00
1.265860424292000e-04 1.952800808910538e+05 1.952800808910538e+05 0.000000000000000e+00 0.000000000000000e+00 0.000000000000000e+00 1.952798978018633e+05 0.000000000000000e+00 0.000000000000000e+00 0.000000000000000e+00 1.943908743583260e+05 1.943908743583260e+05 0.000000000000000e+00
1.273168316272000e-04 1.952800058771404e+05 1.952800058771404e+05 0.000000000000000e+00 0.000000000000000e+00 0.000000000000000e+00 1.952798206609811e+05 0.000000000000000e+00 0.000000000000000e+00 0.000000000000000e+00 1.943907983354516e+05 1.943907983354516e+05 0.000000000000000e+00
1.280518397174000e-04 1.952799300846581e+05 1.952799300846581e+05 0.000000000000000e+00 0.000000000000000e+00 0.000000000000000e+00 1.952797427162642e+05 0.000000000000000e+00 0.000000000000000e+00 0.000000000000000e+00 1.943907232941309e+05 1.943907232941309e+05 0.000000000000000e+00
1.287910910556000e-04 1.952798541893767e+05 1.952798541893767e+05 0.000000000000000e+00 0.000000000000000e+00 0.000000000000000e+00 1.952796646462755e+05 0.000000000000000e+00 0.000000000000000e+00 0.000000000000000e+00 1.943906404044537e+05 1.943906404044537e+05 0.000000000000000e+00
1.295346101383000e-04 1.952797757885956e+05 1.952797757885956e+05 0.000000000000000e+00 0.000000000000000e+00 0.000000000000000e+00 1.952795840417859e+05 0.000000000000000e+00 0.000000000000000e+00 0.000000000000000e+00 1.943905671835047e+05 1.943905671835047e+05 0.000000000000000e+00
1.302824216036000e-04 1.952796981451265e+05 1.952796981451265e+05 0.000000000000000e+00 0.000000000000000e+00 0.000000000000000e+00 1.952795041718821e+05 0.000000000000000e+00 0.000000000000000e+00 0.000000000000000e+00 1.943904828314684e+05 1.943904828314684e+05 0.000000000000000e+00
1.310345502315000e-04 1.952796187745075e+05 1.952796187745075e+05 0.000000000000000e+00 0.000000000000000e+00 0.000000000000000e+00 1.952794225471328e+05 0.000000000000000e+00 0.000000000000000e+00 0.000000000000000e+00 1.943904031385958e+05 1.943904031385958e+05 0.000000000000000e+00
1.317910209454000e-04 1.952795384978807e+05 1.952795384978807e+05 0.000000000000000e+00 0.000000000000000e+00 0.000000000000000e+00 1.952793399910133e+05 0.000000000000000e+00 0.000000000000000e+00 0.000000000000000e+00 1.943903225454243e+05 1.943903225454243e+05 0.000000000000000e+00
1.325518588124000e-04 1.952794571237851e+05 1.952794571237851e+05 0.000000000000000e+00 0.000000000000000e+00 0.000000000000000e+00 1.952792563081360e+05 0.000000000000000e+00 0.000000000000000e+00 0.000000000000000e+00 1.943902462201120e+05 1.943902462201120e+05 0.000000000000000e+00
1.333170890443000e-04 1.952793751060297e+05 1.952793751060297e+05 0.000000000000000e+00 0.000000000000000e+00 0.000000000000000e+00 1.952791719603344e+05 0.000000000000000e+00 0.000000000000000e+00 0.000000000000000e+00 1.943901593135785e+05 1.943901593135785e+05 0.000000000000000e+00
1.340867369985000e-04 1.952792919666689e+05 1.952792919666689e+05 0.000000000000000e+00 0.000000000000000e+00 0.000000000000000e+00 1.952790864612508e+05 0.000000000000000e+00 0.000000000000000e+00 0.000000000000000e+00 1.943900754428427e+05 1.943900754428427e+05 0.000000000000000e+00
1.348608281789000e-04 1.952792078952690e+05 1.952792078952690e+05 0.000000000000000e+00 0.000000000000000e+00 0.000000000000000e+00 1.952790000025926e+05 0.000000000000000e+00 0.000000000000000e+00 0.000000000000000e+00 1.943899913727141e+05 1.943899913727141e+05 0.000000000000000e+00
1.356393882365000e-04 1.952791228498816e+05 1.952791228498816e+05 0.000000000000000e+00 0.000000000000000e+00 0.000000000000000e+00 1.952789125422165e+05 0.000000000000000e+00 0.000000000000000e+00 0.000000000000000e+00 1.943899078539649e+05 1.943899078539649e+05 0.000000000000000e+00
1.364224429703000e-04 1.952790367541591e+05 1.952790367541591e+05 0.000000000000000e+00 0.000000000000000e+00 0.000000000000000e+00 1.952788240039634e+05 0.000000000000000e+00 0.000000000000000e+00 0.000000000000000e+00 1.943898233550403e+05 1.943898233550403e+05 0.000000000000000e+00
1.372100183284000e-04 1.952789497075105e+05 1.952789497075105e+05 0.000000000000000e+00 0.000000000000000e+00 0.000000000000000e+00 1.952787344869651e+05 0.000000000000000e+00 0.000000000000000e+00 0.000000000000000e+00 1.943897360488496e+05 1.943897360488496e+05 0.000000000000000e+00
1.380021404087000e-04 1.952788617336751e+05 1.952788617336751e+05 0.000000000000000e+00 0.000000000000000e+00 0.000000000000000e+00 1.952786440134444e+05 0.000000000000000e+00 0.000000000000000e+00 0.000000000000000e+00 1.943896471482103e+05 1.943896471482103e+05 0.000000000000000e+00
1.387988354596000e-04 1.952787726825860e+05 1.952787726825860e+05 0.000000000000000e+00 0.000000000000000e+00 0.000000000000000e+00 1.952785524342293e+05 0.000000000000000e+00 0.000000000000000e+00 0.000000000000000e+00 1.943895586268181e+05 1.943895586268181e+05 0.000000000000000e+00
1.396001298813000e-04 1.952786825441247e+05 1.952786825441247e+05 0.000000000000000e+00 0.000000000000000e+00 0.000000000000000e+00 1.952784597373413e+05 0.000000000000000e+00 0.000000000000000e+00 0.000000000000000e+00 1.943894681570703e+05 1.943894681570703e+05 0.000000000000000e+00
1.404060502262000e-04 1.952785913648372e+05 1.952785913648372e+05 0.000000000000000e+00 0.000000000000000e+00 0.000000000000000e+00 1.952783659704746e+05 0.000000000000000e+00 0.000000000000000e+00 0.000000000000000e+00 1.943893768419196e+05 1.943893768419196e+05 0.000000000000000e+00
1.412166231999000e-04 1.952784991692748e+05 1.952784991692748e+05 0.000000000000000e+00 0.000000000000000e+00 0.000000000000000e+00 1.952782711579120e+05 0.000000000000000e+00 0.000000000000000e+00 0.000000000000000e+00 1.943892821635468e+05 1.943892821635468e+05 0.000000000000000e+00
1.420318756626000e-04 1.952784058585742e+05 1.952784058585742e+05 0.000000000000000e+00 0.000000000000000e+00 0.000000000000000e+00 1.952781751981199e+05 0.000000000000000e+00 0.000000000000000e+00 0.000000000000000e+00 1.943891892024523e+05 1.943891892024523e+05 0.000000000000000e+00
1.428518346290000e-04 1.952783115208477e+05 1.952783115208477e+05 0.000000000000000e+00 0.000000000000000e+00 0.000000000000000e+00 1.952780781810343e+05 0.000000000000000e+00 0.000000000000000e+00 0.000000000000000e+00 1.943890947897184e+05 1.943890947897184e+05 0.000000000000000e+00
1.436765272703000e-04 1.952782161405354e+05 1.952782161405354e+05 0.000000000000000e+00 0.000000000000000e+00 0.000000000000000e+00 1.952779800916216e+05 0.000000000000000e+00 0.000000000000000e+00 0.000000000000000e+00 1.943889989403755e+05 1.943889989403755e+05 0.000000000000000e+00
1.445059809141000e-04 1.952781196306215e+05 1.952781196306215e+05 0.000000000000000e+00 0.000000000000000e+00 0.000000000000000e+00 1.952778808409232e+05 0.000000000000000e+00 0.000000000000000e+00 0.000000000000000e+00 1.943889021572003e+05 1.943889021572003e+05 0.000000000000000e+00
1.453402230460000e-04 1.952780219499537e+05 1.952780219499537e+05 0.000000000000000e+00 0.000000000000000e+00 0.000000000000000e+00 1.952777803870425e+05 0.000000000000000e+00 0.000000000000000e+00 0.000000000000000e+00 1.943888046698873e+05 1.943888046698873e+05 0.000000000000000e+00
1.461792813103000e-04 1.952779231673825e+05 1.952779231673825e+05 0.000000000000000e+00 0.000000000000000e+00 0.000000000000000e+00 1.952776788002239e+05 0.000000000000000e+00 0.000000000000000e+00 0.000000000000000e+00 1.943887054943801e+05 1.943887054943801e+05 0.000000000000000e+00
1.470231835109000e-04 1.952778232325737e+05 1.952778232325737e+05 0.000000000000000e+00 0.000000000000000e+00 0.000000000000000e+00 1.952775760285762e+05 0.000000000000000e+00 0.000000000000000e+00 0.000000000000000e+00 1.943886052137362e+05 1.943886052137362e+05 0.000000000000000e+00
1.478719576120000e-04 1.952777221814489e+05 1.952777221814489e+05 0.000000000000000e+00 0.000000000000000e+00 0.000000000000000e+00 1.952774721078481e+05 0.000000000000000e+00 0.000000000000000e+00 0.000000000000000e+00 1.943885038751910e+05 1.943885038751910e+05 0.000000000000000e+00
1.487256317395000e-04 1.952776198703024e+05 1.952776198703024e+05 0.000000000000000e+00 0.000000000000000e+00 0.000000000000000e+00 1.952773668934949e+05 0.000000000000000e+00 0.000000000000000e+00 0.000000000000000e+00 1.943884011498754e+05 1.943884011498754e+05 0.000000000000000e+00
1.495842341815000e-04 1.952775164325269e+05 1.952775164325269e+05 0.000000000000000e+00 0.000000000000000e+00 0.000000000000000e+00 1.952772605177996e+05 0.000000000000000e+00 0.000000000000000e+00 0.000000000000000e+00 1.943882977021729e+05 1.943882977021729e+05 0.000000000000000e+00
1.504477933895000e-04 1.952774117883175e+05 1.952774117883175e+05 0.000000000000000e+00 0.000000000000000e+00 0.000000000000000e+00 1.952771529034975e+05 0.000000000000000e+00 0.000000000000000e+00 0.000000000000000e+00 1.943881926791449e+05 1.943881926791449e+05 0.000000000000000e+00
1.513163379792000e-04 1.952773059646251e+05 1.952773059646251e+05 0.000000000000000e+00 0.000000000000000e+00 0.000000000000000e+00 1.952770440752611e+05 0.000000000000000e+00 0.000000000000000e+00 0.000000000000000e+00 1.943880857993416e+05 1.943880857993416e+05 0.000000000000000e+00
1.521898967316000e-04 1.952771988431290e+05 1.952771988431290e+05 0.000000000000000e+00 0.000000000000000e+00 0.000000000000000e+00 1.952769339133157e+05 0.000000000000000e+00 0.000000000000000e+00 0.000000000000000e+00 1.943879787936883e+05 1.943879787936883e+05 0.000000000000000e+00
1.530684985936000e-04 1.952770904762401e+05 1.952770904762401e+05 0.000000000000000e+00 0.000000000000000e+00 0.000000000000000e+00 1.952768224712043e+05 0.000000000000000e+00 0.000000000000000e+00 0.000000000000000e+00 1.943878699980128e+05 1.943878699980128e+05 0.000000000000000e+00
1.539521726796000e-04 1.952769809896944e+05 1.952769809896944e+05 0.000000000000000e+00 0.000000000000000e+00 0.000000000000000e+00 1.952767098738340e+05 0.000000000000000e+00 0.000000000000000e+00 0.000000000000000e+00 1.943877603126545e+05 1.943877603126545e+05 0.000000000000000e+00
1.548409482717000e-04 1.952768701494244e+05 1.952768701494244e+05 0.000000000000000e+00 0.000000000000000e+00 0.000000000000000e+00 1.952765958865852e+05 0.000000000000000e+00 0.000000000000000e+00 0.000000000000000e+00 1.943876493138047e+05 1.943876493138047e+05 0.000000000000000e+00
1.557348548213000e-04 1.952767580301593e+05 1.952767580301593e+05 0.000000000000000e+00 0.000000000000000e+00 0.000000000000000e+00 1.952764805841537e+05 0.000000000000000e+00 0.000000000000000e+00 0.000000000000000e+00 1.943875370326752e+05 1.943875370326752e+05 0.000000000000000e+00
1.566339219498000e-04 1.952766442515550e+05 1.952766442515550e+05 0.000000000000000e+00 0.000000000000000e+00 0.000000000000000e+00 1.952763635867941e+05 0.000000000000000e+00 0.000000000000000e+00 0.000000000000000e+00 1.943874230982656e+05 1.943874230982656e+05 0.000000000000000e+00
1.575381794494000e-04 1.952765294933401e+05 1.952765294933401e+05 0.000000000000000e+00 0.000000000000000e+00 0.000000000000000e+00 1.952762455712012e+05 0.000000000000000e+00 0.000000000000000e+00 0.000000000000000e+00 1.943873085639556e+05 1.943873085639556e+05 0.000000000000000e+00
1.584476572845000e-04 1.952764134198833e+05 1.952764134198833e+05 0.000000000000000e+00 0.000000000000000e+00 0.000000000000000e+00 1.952761262019640e+05 0.000000000000000e+00 0.000000000000000e+00 0.000000000000000e+00 1.943871924100483e+05 1.943871924100483e+05 0.000000000000000e+00
1.593623855925000e-04 1.952762961161075e+05 1.952762961161075e+05 0.000000000000000e+00 0.000000000000000e+00 0.000000000000000e+00 1.952760055641197e+05 0.000000000000000e+00 0.000000000000000e+00 0.000000000000000e+00 1.943870751337262e+05 1.943870751337262e+05 0.000000000000000e+00
1.602823946847000e-04 1.952761773487420e+05 1.952761773487420e+05 0.000000000000000e+00 0.000000000000000e+00 0.000000000000000e+00 1.952758834246695e+05 0.000000000000000e+00 0.000000000000000e+00 0.000000000000000e+00 1.943869560030981e+05 1.943869560030981e+05 0.000000000000000e+00
1.612077150472000e-04 1.952760571102971e+05 1.952760571102971e+05 0.000000000000000e+00 0.000000000000000e+00 0.000000000000000e+00 1.952757597768111e+05 0.000000000000000e+00 0.000000000000000e+00 0.000000000000000e+00 1.943868363137521e+05 1.943868363137521e+05 0.000000000000000e+00
1.621383773426000e-04 1.952759356562970e+05 1.952759356562970e+05 0.000000000000000e+00 0.000000000000000e+00 0.000000000000000e+00 1.952756348710466e+05 0.000000000000000e+00 0.000000000000000e+00 0.000000000000000e+00 1.943867138376828e+05 1.943867138376828e+05 0.000000000000000e+00
1.630744124100000e-04 1.952758124615468e+05 1.952758124615468e+05 0.000000000000000e+00 0.000000000000000e+00 0.000000000000000e+00 1.952755081913442e+05 0.000000000000000e+00 0.000000000000000e+00 0.000000000000000e+00 1.943865904103892e+05 1.943865904103892e+05 0.000000000000000e+00
1.640158512668000e-04 1.952756883553143e+05 1.952756883553143e+05 0.000000000000000e+00 0.000000000000000e+00 0.000000000000000e+00 1.952753805492571e+05 0.000000000000000e+00 0.000000000000000e+00 0.000000000000000e+00 1.943864661625246e+05 1.943864661625246e+05 0.000000000000000e+00
1.649627251094000e-04 1.952755626541309e+05 1.952755626541309e+05 0.000000000000000e+00 0.000000000000000e+00 0.000000000000000e+00 1.952752512755544e+05 0.000000000000000e+00 0.000000000000000e+00 0.000000000000000e+00 1.943863403271915e+05 1.943863403271915e+05 0.000000000000000e+00
1.659150653144000e-04 1.952754352185974e+05 1.952754352185974e+05 0.000000000000000e+00 0.000000000000000e+00 0.000000000000000e+00 1.952751202279644e+05 0.000000000000000e+00 0.000000000000000e+00 0.000000000000000e+00 1.943862121733800e+05 1.943862121733800e+05 0.000000000000000e+00
1.668729034394000e-04 1.952753067054965e+05 1.952753067054965e+05 0.000000000000000e+00 0.000000000000000e+00 0.000000000000000e+00 1.952749880602605e+05 0.000000000000000e+00 0.000000000000000e+00 0.000000000000000e+00 1.943860840144990e+05 1.943860840144990e+05 0.000000000000000e+00
1.678362712243000e-04 1.952751762095006e+05 1.952751762095006e+05 0.000000000000000e+00 0.000000000000000e+00 0.000000000000000e+00 1.952748538621981e+05 0.000000000000000e+00 0.000000000000000e+00 0.000000000000000e+00 1.943859551315834e+05 1.943859551315834e+05 0.000000000000000e+00
1.688052005920000e-04 1.952750446848322e+05 1.952750446848322e+05 0.000000000000000e+00 0.000000000000000e+00 0.000000000000000e+00 1.952747186023352e+05 0.000000000000000e+00 0.000000000000000e+00 0.000000000000000e+00 1.943858207767327e+05 1.943858207767327e+05 0.000000000000000e+00
1.697797236501000e-04 1.952749115493949e+05 1.952749115493949e+05 0.000000000000000e+00 0.000000000000000e+00 0.000000000000000e+00 1.952745816840505e+05 0.000000000000000e+00 0.000000000000000e+00 0.000000000000000e+00 1.943856868157704e+05 1.943856868157704e+05 0.000000000000000e+00
1.707598726911000e-04 1.952747764259648e+05 1.952747764259648e+05 0.000000000000000e+00 0.000000000000000e+00 0.000000000000000e+00 1.952744427296332e+05 0.000000000000000e+00 0.000000000000000e+00 0.000000000000000e+00 1.943855522799933e+05 1.943855522799933e+05 0.000000000000000e+00
1.717456801943000e-04 1.952746401172440e+05 1.952746401172440e+05 0.000000000000000e+00 0.000000000000000e+00 0.000000000000000e+00 1.952743025486561e+05 0.000000000000000e+00 0.000000000000000e+00 0.000000000000000e+00 1.943854154069711e+05 1.943854154069711e+05 0.000000000000000e+00
1.727371788264000e-04 1.952745024833459e+05 1.952745024833459e+05 0.000000000000000e+00 0.000000000000000e+00 0.000000000000000e+00 1.952741610042792e+05 0.000000000000000e+00 0.000000000000000e+00 0.000000000000000e+00 1.943852769889989e+05 1.943852769889989e+05 0.000000000000000e+00
1.737344014425000e-04 1.952743629336575e+05 1.952743629336575e+05 0.000000000000000e+00 0.000000000000000e+00 0.000000000000000e+00 1.952740174933852e+05 0.000000000000000e+00 0.000000000000000e+00 0.000000000000000e+00 1.943851373945882e+05 1.943851373945882e+05 0.000000000000000e+00
1.747373810876000e-04 1.952742218968581e+05 1.952742218968581e+05 0.000000000000000e+00 0.000000000000000e+00 0.000000000000000e+00 1.952738724488132e+05 0.000000000000000e+00 0.000000000000000e+00 0.000000000000000e+00 1.943849951376349e+05 1.943849951376349e+05 0.000000000000000e+00
1.757461509973000e-04 1.952740790890775e+05 1.952740790890775e+05 0.000000000000000e+00 0.000000000000000e+00 0.000000000000000e+00 1.952737255891614e+05 0.000000000000000e+00 0.000000000000000e+00 0.000000000000000e+00 1.943848517233968e+05 1.943848517233968e+05 0.000000000000000e+00
1.767607445994000e-04 1.952739344755457e+05 1.952739344755457e+05 0.000000000000000e+00 0.000000000000000e+00 0.000000000000000e+00 1.952735768741531e+05 0.000000000000000e+00 0.000000000000000e+00 0.000000000000000e+00 1.943847079492470e+05 1.943847079492470e+05 0.000000000000000e+00
1.777811955142000e-04 1.952737884727306e+05 1.952737884727306e+05 0.000000000000000e+00 0.000000000000000e+00 0.000000000000000e+00 1.952734267219612e+05 0.000000000000000e+00 0.000000000000000e+00 0.000000000000000e+00 1.943845610367771e+05 1.943845610367771e+05 0.000000000000000e+00
1.788075375564000e-04 1.952736404392134e+05 1.952736404392134e+05 0.000000000000000e+00 0.000000000000000e+00 0.000000000000000e+00 1.952732744903165e+05 0.000000000000000e+00 0.000000000000000e+00 0.000000000000000e+00 1.943844139917228e+05 1.943844139917228e+05 0.000000000000000e+00
1.798398047359000e-04 1.952734909498799e+05 1.952734909498799e+05 0.000000000000000e+00 0.000000000000000e+00 0.000000000000000e+00 1.952731207574749e+05 0.000000000000000e+00 0.000000000000000e+00 0.000000000000000e+00 1.943842630913400e+05 1.943842630913400e+05 0.000000000000000e+00
1.808780312589000e-04 1.952733397815745e+05 1.952733397815745e+05 0.000000000000000e+00 0.000000000000000e+00 0.000000000000000e+00 1.952729652941420e+05 0.000000000000000e+00 0.000000000000000e+00 0.000000000000000e+00 1.943841119901580e+05 1.943841119901580e+05 0.000000000000000e+00
1.819222515289000e-04 1.952731867539208e+05 1.952731867539208e+05 0.000000000000000e+00 0.000000000000000e+00 0.000000000000000e+00 1.952728079220223e+05 0.000000000000000e+00 0.000000000000000e+00 0.000000000000000e+00 1.943839593152312e+05 1.943839593152312e+05 0.000000000000000e+00
1.829725001484000e-04 1.952730319960798e+05 1.952730319960798e+05 0.000000000000000e+00 0.000000000000000e+00 0.000000000000000e+00 1.952726487707929e+05 0.000000000000000e+00 0.000000000000000e+00 0.000000000000000e+00 1.943838043168705e+05 1.943838043168705e+05 0.000000000000000e+00
1.840288119194000e-04 1.952728756816155e+05 1.952728756816155e+05 0.000000000000000e+00 0.000000000000000e+00 0.000000000000000e+00 1.952724880124946e+05 0.000000000000000e+00 0.000000000000000e+00 0.000000000000000e+00 1.943836456689435e+05 1.943836456689435e+05 0.000000000000000e+00
1.850912218447000e-04 1.952727171275467e+05 1.952727171275467e+05 0.000000000000000e+00 0.000000000000000e+00 0.000000000000000e+00 1.952723249605283e+05 0.000000000000000e+00 0.000000000000000e+00 0.000000000000000e+00 1.943834873766519e+05 1.943834873766519e+05 0.000000000000000e+00
1.861597651295000e-04 1.952725569406917e+05 1.952725569406917e+05 0.000000000000000e+00 0.000000000000000e+00 0.000000000000000e+00 1.952721602277002e+05 0.000000000000000e+00 0.000000000000000e+00 0.000000000000000e+00 1.943833264371027e+05 1.943833264371027e+05 0.000000000000000e+00
1.872344771820000e-04 1.952723950374102e+05 1.952723950374102e+05 0.000000000000000e+00 0.000000000000000e+00 0.000000000000000e+00 1.952719937229958e+05 0.000000000000000e+00 0.000000000000000e+00 0.000000000000000e+00 1.943831638574571e+05 1.943831638574571e+05 0.000000000000000e+00
1.883153936149000e-04 1.952722314029922e+05 1.952722314029922e+05 0.000000000000000e+00 0.000000000000000e+00 0.000000000000000e+00 1.952718254365902e+05 0.000000000000000e+00 0.000000000000000e+00 0.000000000000000e+00 1.943829979258590e+05 1.943829979258590e+05 0.000000000000000e+00
1.894025502464000e-04 1.952720654100745e+05 1.952720654100745e+05 0.000000000000000e+00 0.000000000000000e+00 0.000000000000000e+00 1.952716547351490e+05 0.000000000000000e+00 0.000000000000000e+00 0.000000000000000e+00 1.943828328590225e+05 1.943828328590225e+05 0.000000000000000e+00
1.904959831017000e-04 1.952718978052154e+05 1.952718978052154e+05 0.000000000000000e+00 0.000000000000000e+00 0.000000000000000e+00 1.952714823677028e+05 0.000000000000000e+00 0.000000000000000e+00 0.000000000000000e+00 1.943826628134940e+05 1.943826628134940e+05 0.000000000000000e+00
1.915957284137000e-04 1.952717279293658e+05 1.952717279293658e+05 0.000000000000000e+00 0.000000000000000e+00 0.000000000000000e+00 1.952713076740546e+05 0.000000000000000e+00 0.000000000000000e+00 0.000000000000000e+00 1.943824935308821e+05 1.943824935308821e+05 0.000000000000000e+00
1.927018226247000e-04 1.952715561378131e+05 1.952715561378131e+05 0.000000000000000e+00 0.000000000000000e+00 0.000000000000000e+00 1.952711310028015e+05 0.000000000000000e+00 0.000000000000000e+00 0.000000000000000e+00 1.943823221300425e+05 1.943823221300425e+05 0.000000000000000e+00
1.938143023872000e-04 1.952713824895369e+05 1.952713824895369e+05 0.000000000000000e+00 0.000000000000000e+00 0.000000000000000e+00 1.952709524290300e+05 0.000000000000000e+00 0.000000000000000e+00 0.000000000000000e+00 1.943821482916617e+05 1.943821482916617e+05 0.000000000000000e+00
1.949332045656000e-04 1.952712068220241e+05 1.952712068220241e+05 0.000000000000000e+00 0.000000000000000e+00 0.000000000000000e+00 1.952707717747458e+05 0.000000000000000e+00 0.000000000000000e+00 0.000000000000000e+00 1.943819724857385e+05 1.943819724857385e+05 0.000000000000000e+00
1.960585662366000e-04 1.952710292350017e+05 1.952710292350017e+05 0.000000000000000e+00 0.000000000000000e+00 0.000000000000000e+00 1.952705891440929e+05 0.000000000000000e+00 0.000000000000000e+00 0.000000000000000e+00 1.943817932808595e+05 1.943817932808595e+05 0.000000000000000e+00
1.971904246916000e-04 1.952708495103917e+05 1.952708495103917e+05 0.000000000000000e+00 0.000000000000000e+00 0.000000000000000e+00 1.952704043127169e+05 0.000000000000000e+00 0.000000000000000e+00 0.000000000000000e+00 1.943816128728400e+05 1.943816128728400e+05 0.000000000000000e+00
1.983288174366000e-04 1.952706676904235e+05 1.952706676904235e+05 0.000000000000000e+00 0.000000000000000e+00 0.000000000000000e+00 1.952702173330584e+05 0.000000000000000e+00 0.000000000000000e+00 0.000000000000000e+00 1.943814308342907e+05 1.943814308342907e+05 0.000000000000000e+00
1.994737821948000e-04 1.952704837476086e+05 1.952704837476086e+05 0.000000000000000e+00 0.000000000000000e+00 0.000000000000000e+00 1.952700281671814e+05 0.000000000000000e+00 0.000000000000000e+00 0.000000000000000e+00 1.943812466767870e+05 1.943812466767870e+05 0.000000000000000e+00
2.006253569066000e-04 1.952702976012517e+05 1.952702976012517e+05 0.000000000000000e+00 0.000000000000000e+00 0.000000000000000e+00 1.952698367354244e+05 0.000000000000000e+00 0.000000000000000e+00 0.000000000000000e+00 1.943810592651385e+05 1.943810592651385e+05 0.000000000000000e+00
2.017835797317000e-04 1.952701095240886e+05 1.952701095240886e+05 0.000000000000000e+00 0.000000000000000e+00 0.000000000000000e+00 1.952696433147457e+05 0.000000000000000e+00 0.000000000000000e+00 0.000000000000000e+00 1.943808709775425e+05 1.943808709775425e+05 0.000000000000000e+00
2.029484890502000e-04 1.952699191980689e+05 1.952699191980689e+05 0.000000000000000e+00 0.000000000000000e+00 0.000000000000000e+00 1.952694475824308e+05 0.000000000000000e+00 0.000000000000000e+00 0.000000000000000e+00 1.943806795489287e+05 1.943806795489287e+05 0.000000000000000e+00
2.041201234636000e-04 1.952697266127073e+05 1.952697266127073e+05 0.000000000000000e+00 0.000000000000000e+00 0.000000000000000e+00 1.952692495275459e+05 0.000000000000000e+00 0.000000000000000e+00 0.000000000000000e+00 1.943804865768756e+05 1.943804865768756e+05 0.000000000000000e+00
2.052985217963000e-04 1.952695318150218e+05 1.952695318150218e+05 0.000000000000000e+00 0.000000000000000e+00 0.000000000000000e+00 1.952690492000167e+05 0.000000000000000e+00 0.000000000000000e+00 0.000000000000000e+00 1.943802907966752e+05 1.943802907966752e+05 0.000000000000000e+00
2.064837230968000e-04 1.952693346019827e+05 1.952693346019827e+05 0.000000000000000e+00 0.000000000000000e+00 0.000000000000000e+00 1.952688463870186e+05 0.000000000000000e+00 0.000000000000000e+00 0.000000000000000e+00 1.943800947289622e+05 1.943800947289622e+05 0.000000000000000e+00
2.076757666391000e-04 1.952691352423379e+05 1.952691352423379e+05 0.000000000000000e+00 0.000000000000000e+00 0.000000000000000e+00 1.952686413676172e+05 0.000000000000000e+00 0.000000000000000e+00 0.000000000000000e+00 1.943798939146537e+05 1.943798939146537e+05 0.000000000000000e+00
2.088746919238000e-04 1.952689335807178e+05 1.952689335807178e+05 0.000000000000000e+00 0.000000000000000e+00 0.000000000000000e+00 1.952684339799151e+05 0.000000000000000e+00 0.000000000000000e+00 0.000000000000000e+00 1.943796922319257e+05 1.943796922319257e+05 0.000000000000000e+00
2.100805386798000e-04 1.952687297857450e+05 1.952687297857450e+05 0.000000000000000e+00 0.000000000000000e+00 0.000000000000000e+00 1.952682243976679e+05 0.000000000000000e+00 0.000000000000000e+00 0.000000000000000e+00 1.943794860012628e+05 1.943794860012628e+05 0.000000000000000e+00
2.112933468650000e-04 1.952685233823128e+05 1.952685233823128e+05 0.000000000000000e+00 0.000000000000000e+00 0.000000000000000e+00 1.952680121357142e+05 0.000000000000000e+00 0.000000000000000e+00 0.000000000000000e+00 1.943792788520120e+05 1.943792788520120e+05 0.000000000000000e+00
2.125131566683000e-04 1.952683147049403e+05 1.952683147049403e+05 0.000000000000000e+00 0.000000000000000e+00 0.000000000000000e+00 1.952677975310065e+05 0.000000000000000e+00 0.000000000000000e+00 0.000000000000000e+00 1.943790686456457e+05 1.943790686456457e+05 0.000000000000000e+00
2.137400085105000e-04 1.952681034383000e+05 1.952681034383000e+05 0.000000000000000e+00 0.000000000000000e+00 0.000000000000000e+00 1.952675802659818e+05 0.000000000000000e+00 0.000000000000000e+00 0.000000000000000e+00 1.943788584138328e+05 1.943788584138328e+05 0.000000000000000e+00
2.149739430456000e-04 1.952678899793689e+05 1.952678899793689e+05 0.000000000000000e+00 0.000000000000000e+00 0.000000000000000e+00 1.952673607444809e+05 0.000000000000000e+00 0.000000000000000e+00 0.000000000000000e+00 1.943786432075185e+05 1.943786432075185e+05 0.000000000000000e+00
2.162150011625000e-04 1.952676739283442e+05 1.952676739283442e+05 0.000000000000000e+00 0.000000000000000e+00 0.000000000000000e+00 1.952671385601374e+05 0.000000000000000e+00 0.000000000000000e+00 0.000000000000000e+00 1.943784264203123e+05 1.943784264203123e+05 0.000000000000000e+00
2.174632239861000e-04 1.952674554056906e+05 1.952674554056906e+05 0.000000000000000e+00 0.000000000000000e+00 0.000000000000000e+00 1.952669138335404e+05 0.000000000000000e+00 0.000000000000000e+00 0.000000000000000e+00 1.943782066822398e+05 1.943782066822398e+05 0.000000000000000e+00
2.187186528788000e-04 1.952672342972536e+05 1.952672342972536e+05 0.000000000000000e+00 0.000000000000000e+00 0.000000000000000e+00 1.952666864463602e+05 0.000000000000000e+00 0.000000000000000e+00 0.000000000000000e+00 1.943779849943304e+05 1.943779849943304e+05 0.000000000000000e+00
2.199813294415000e-04 1.952670105478796e+05 1.952670105478796e+05 0.000000000000000e+00 0.000000000000000e+00 0.000000000000000e+00 1.952664563424234e+05 0.000000000000000e+00 0.000000000000000e+00 0.000000000000000e+00 1.943777618220598e+05 1.943777618220598e+05 0.000000000000000e+00
2.212512955156000e-04 1.952667842959151e+05 1.952667842959151e+05 0.000000000000000e+00 0.000000000000000e+00 0.000000000000000e+00 1.952662236641704e+05 0.000000000000000e+00 0.000000000000000e+00 0.000000000000000e+00 1.943775336989223e+05 1.943775336989223e+05 0.000000000000000e+00
2.225285931838000e-04 1.952665553302162e+05 1.952665553302162e+05 0.000000000000000e+00 0.000000000000000e+00 0.000000000000000e+00 1.952659881931010e+05 0.000000000000000e+00 0.000000000000000e+00 0.000000000000000e+00 1.943773056282535e+05 1.943773056282535e+05 0.000000000000000e+00
2.238132647719000e-04 1.952663238867060e+05 1.952663238867060e+05 0.000000000000000e+00 0.000000000000000e+00 0.000000000000000e+00 1.952657501844488e+05 0.000000000000000e+00 0.000000000000000e+00 0.000000000000000e+00 1.943770727697718e+05 1.943770727697718e+05 0.000000000000000e+00
2.251053528501000e-04 1.952660896946158e+05 1.952660896946158e+05 0.000000000000000e+00 0.000000000000000e+00 0.000000000000000e+00 1.952655093394975e+05 0.000000000000000e+00 0.000000000000000e+00 0.000000000000000e+00 1.943768371391612e+05 1.943768371391612e+05 0.000000000000000e+00
2.264049002341000e-04 1.952658528592237e+05 1.952658528592237e+05 0.000000000000000e+00 0.000000000000000e+00 0.000000000000000e+00 1.952652657771196e+05 0.000000000000000e+00 0.000000000000000e+00 0.000000000000000e+00 1.943765990059105e+05 1.943765990059105e+05 0.000000000000000e+00
2.277119499871000e-04 1.952656131061716e+05 1.952656131061716e+05 0.000000000000000e+00 0.000000000000000e+00 0.000000000000000e+00 1.952650192198713e+05 0.000000000000000e+00 0.000000000000000e+00 0.000000000000000e+00 1.943763593330302e+05 1.943763593330302e+05 0.000000000000000e+00
2.290265454206000e-04 1.952653707860967e+05 1.952653707860967e+05 0.000000000000000e+00 0.000000000000000e+00 0.000000000000000e+00 1.952647700169739e+05 0.000000000000000e+00 0.000000000000000e+00 0.000000000000000e+00 1.943761156825592e+05 1.943761156825592e+05 0.000000000000000e+00
2.303487300964000e-04 1.952651255667271e+05 1.952651255667271e+05 0.000000000000000e+00 0.000000000000000e+00 0.000000000000000e+00 1.952645178351111e+05 0.000000000000000e+00 0.000000000000000e+00 0.000000000000000e+00 1.943758694761537e+05 1.943758694761537e+05 0.000000000000000e+00
2.316785478276000e-04 1.952648774169834e+05 1.952648774169834e+05 0.000000000000000e+00 0.000000000000000e+00 0.000000000000000e+00 1.952642626423390e+05 0.000000000000000e+00 0.000000000000000e+00 0.000000000000000e+00 1.943756221170605e+05 1.943756221170605e+05 0.000000000000000e+00
2.330160426804000e-04 1.952646263949518e+05 1.952646263949518e+05 0.000000000000000e+00 0.000000000000000e+00 0.000000000000000e+00 1.952640044935255e+05 0.000000000000000e+00 0.000000000000000e+00 0.000000000000000e+00 1.943753709838378e+05 1.943753709838378e+05 0.000000000000000e+00
2.343612589752000e-04 1.952643726156824e+05 1.952643726156824e+05 0.000000000000000e+00 0.000000000000000e+00 0.000000000000000e+00 1.952637435077351e+05 0.000000000000000e+00 0.000000000000000e+00 0.000000000000000e+00 1.943751151406873e+05 1.943751151406873e+05 0.000000000000000e+00
2.357142412884000e-04 1.952641158641142e+05 1.952641158641142e+05 0.000000000000000e+00 0.000000000000000e+00 0.000000000000000e+00 1.952634794651822e+05 0.000000000000000e+00 0.000000000000000e+00 0.000000000000000e+00 1.943748575664832e+05 1.943748575664832e+05 0.000000000000000e+00
2.370750344538000e-04 1.952638561253992e+05 1.952638561253992e+05 0.000000000000000e+00 0.000000000000000e+00 0.000000000000000e+00 1.952632123450735e+05 0.000000000000000e+00 0.000000000000000e+00 0.000000000000000e+00 1.943745959448480e+05 1.943745959448480e+05 0.000000000000000e+00
2.384436835638000e-04 1.952635934241755e+05 1.952635934241755e+05 0.000000000000000e+00 0.000000000000000e+00 0.000000000000000e+00 1.952629421832941e+05 0.000000000000000e+00 0.000000000000000e+00 0.000000000000000e+00 1.943743322932350e+05 1.943743322932350e+05 0.000000000000000e+00
2.398202339714000e-04 1.952633275829919e+05 1.952633275829919e+05 0.000000000000000e+00 0.000000000000000e+00 0.000000000000000e+00 1.952626687973895e+05 0.000000000000000e+00 0.000000000000000e+00 0.000000000000000e+00 1.943740670178853e+05 1.943740670178853e+05 0.000000000000000e+00
2.412047312912000e-04 1.952630586754532e+05 1.952630586754532e+05 0.000000000000000e+00 0.000000000000000e+00 0.000000000000000e+00 1.952623922527177e+05 0.000000000000000e+00 0.000000000000000e+00 0.000000000000000e+00 1.943737976063059e+05 1.943737976063059e+05 0.000000000000000e+00
2.425972214013000e-04 1.952627867622437e+05 1.952627867622437e+05 0.000000000000000e+00 0.000000000000000e+00 0.000000000000000e+00 1.952621126229831e+05 0.000000000000000e+00 0.000000000000000e+00 0.000000000000000e+00 1.943735247693910e+05 1.943735247693910e+05 0.000000000000000e+00
2.439977504445000e-04 1.952625115871566e+05 1.952625115871566e+05 0.000000000000000e+00 0.000000000000000e+00 0.000000000000000e+00 1.952618296211443e+05 0.000000000000000e+00 0.000000000000000e+00 0.000000000000000e+00 1.943732479845721e+05 1.943732479845721e+05 0.000000000000000e+00
2.454063648301000e-04 1.952622333614363e+05 1.952622333614363e+05 0.000000000000000e+00 0.000000000000000e+00 0.000000000000000e+00 1.952615434999799e+05 0.000000000000000e+00 0.000000000000000e+00 0.000000000000000e+00 1.943729679482796e+05 1.943729679482796e+05 0.000000000000000e+00
2.468231112352000e-04 1.952619517777693e+05 1.952619517777693e+05 0.000000000000000e+00 0.000000000000000e+00 0.000000000000000e+00 1.952612539183779e+05 0.000000000000000e+00 0.000000000000000e+00 0.000000000000000e+00 1.943726856507740e+05 1.943726856507740e+05 0.000000000000000e+00
2.482480366067000e-04 1.952616670197604e+05 1.952616670197604e+05 0.000000000000000e+00 0.000000000000000e+00 0.000000000000000e+00 1.952609610738686e+05 0.000000000000000e+00 0.000000000000000e+00 0.000000000000000e+00 1.943723999766179e+05 1.943723999766179e+05 0.000000000000000e+00
2.496811881621000e-04 1.952613788957176e+05 1.952613788957176e+05 0.000000000000000e+00 0.000000000000000e+00 0.000000000000000e+00 1.952606647670478e+05 0.000000000000000e+00 0.000000000000000e+00 0.000000000000000e+00 1.943721107233348e+05 1.943721107233348e+05 0.000000000000000e+00
2.511226133917000e-04 1.952610875163811e+05 1.952610875163811e+05 0.000000000000000e+00 0.000000000000000e+00 0.000000000000000e+00 1.952603651151326e+05 0.000000000000000e+00 0.000000000000000e+00 0.000000000000000e+00 1.943718184841938e+05 1.943718184841938e+05 0.000000000000000e+00
2.525723600600000e-04 1.952607927401569e+05 1.952607927401569e+05 0.000000000000000e+00 0.000000000000000e+00 0.000000000000000e+00 1.952600619611005e+05 0.000000000000000e+00 0.000000000000000e+00 0.000000000000000e+00 1.943715230622718e+05 1.943715230622718e+05 0.000000000000000e+00
2.540304762071000e-04 1.952604945228174e+05 1.952604945228174e+05 0.000000000000000e+00 0.000000000000000e+00 0.000000000000000e+00 1.952597552753232e+05 0.000000000000000e+00 0.000000000000000e+00 0.000000000000000e+00 1.943712247975098e+05 1.943712247975098e+05 0.000000000000000e+00
2.554970101506000e-04 1.952601928584767e+05 1.952601928584767e+05 0.000000000000000e+00 0.000000000000000e+00 0.000000000000000e+00 1.952594450468683e+05 0.000000000000000e+00 0.000000000000000e+00 0.000000000000000e+00 1.943709209217372e+05 1.943709209217372e+05 0.000000000000000e+00
2.569720104869000e-04 1.952598877052358e+05 1.952598877052358e+05 0.000000000000000e+00 0.000000000000000e+00 0.000000000000000e+00 1.952591312284524e+05 0.000000000000000e+00 0.000000000000000e+00 0.000000000000000e+00 1.943706145660355e+05 1.943706145660355e+05 0.000000000000000e+00
2.584555260932000e-04 1.952595790199129e+05 1.952595790199129e+05 0.000000000000000e+00 0.000000000000000e+00 0.000000000000000e+00 1.952588137788906e+05 0.000000000000000e+00 0.000000000000000e+00 0.000000000000000e+00 1.943703055302451e+05 1.943703055302451e+05 0.000000000000000e+00
2.599476061285000e-04 1.952592667732099e+05 1.952592667732099e+05 0.000000000000000e+00 0.000000000000000e+00 0.000000000000000e+00 1.952584926596802e+05 0.000000000000000e+00 0.000000000000000e+00 0.000000000000000e+00 1.943699931618186e+05 1.943699931618186e+05 0.000000000000000e+00
2.614483000358000e-04 1.952589508954448e+05 1.952589508954448e+05 0.000000000000000e+00 0.000000000000000e+00 0.000000000000000e+00 1.952581678116723e+05 0.000000000000000e+00 0.000000000000000e+00 0.000000000000000e+00 1.943696755399602e+05 1.943696755399602e+05 0.000000000000000e+00
2.629576575436000e-04 1.952586314061862e+05 1.952586314061862e+05 0.000000000000000e+00 0.000000000000000e+00 0.000000000000000e+00 1.952578392524516e+05 0.000000000000000e+00 0.000000000000000e+00 0.000000000000000e+00 1.943693548850924e+05 1.943693548850924e+05 0.000000000000000e+00
2.644757286674000e-04 1.952583081940701e+05 1.952583081940701e+05 0.000000000000000e+00 0.000000000000000e+00 0.000000000000000e+00 1.952575068615199e+05 0.000000000000000e+00 0.000000000000000e+00 0.000000000000000e+00 1.943690295070391e+05 1.943690295070391e+05 0.000000000000000e+00
2.660025637114000e-04 1.952579811921159e+05 1.952579811921159e+05 0.000000000000000e+00 0.000000000000000e+00 0.000000000000000e+00 1.952571705739358e+05 0.000000000000000e+00 0.000000000000000e+00 0.000000000000000e+00 1.943687020440824e+05 1.943687020440824e+05 0.000000000000000e+00
2.675382132703000e-04 1.952576504628778e+05 1.952576504628778e+05 0.000000000000000e+00 0.000000000000000e+00 0.000000000000000e+00 1.952568304448809e+05 0.000000000000000e+00 0.000000000000000e+00 0.000000000000000e+00 1.943683703564186e+05 1.943683703564186e+05 0.000000000000000e+00
2.690827282309000e-04 1.952573159290505e+05 1.952573159290505e+05 0.000000000000000e+00 0.000000000000000e+00 0.000000000000000e+00 1.952564864175699e+05 0.000000000000000e+00 0.000000000000000e+00 0.000000000000000e+00 1.943680355168622e+05 1.943680355168622e+05 0.000000000000000e+00
2.706361597737000e-04 1.952569774872455e+05 1.952569774872455e+05 0.000000000000000e+00 0.000000000000000e+00 0.000000000000000e+00 1.952561383646626e+05 0.000000000000000e+00 0.000000000000000e+00 0.000000000000000e+00 1.943676942406221e+05 1.943676942406221e+05 0.000000000000000e+00
2.721985593746000e-04 1.952566351233202e+05 1.952566351233202e+05 0.000000000000000e+00 0.000000000000000e+00 0.000000000000000e+00 1.952557862701085e+05 0.000000000000000e+00 0.000000000000000e+00 0.000000000000000e+00 1.943673529250007e+05 1.943673529250007e+05 0.000000000000000e+00
2.737699788068000e-04 1.952562888293377e+05 1.952562888293377e+05 0.000000000000000e+00 0.000000000000000e+00 0.000000000000000e+00 1.952554301477074e+05 0.000000000000000e+00 0.000000000000000e+00 0.000000000000000e+00 1.943670038906338e+05 1.943670038906338e+05 0.000000000000000e+00
2.753504701425000e-04 1.952559385082565e+05 1.952559385082565e+05 0.000000000000000e+00 0.000000000000000e+00 0.000000000000000e+00 1.952550698758317e+05 0.000000000000000e+00 0.000000000000000e+00 0.000000000000000e+00 1.943666526099839e+05 1.943666526099839e+05 0.000000000000000e+00
2.769400857542000e-04 1.952555841672031e+05 1.952555841672031e+05 0.000000000000000e+00 0.000000000000000e+00 0.000000000000000e+00 1.952547054724468e+05 0.000000000000000e+00 0.000000000000000e+00 0.000000000000000e+00 1.943662968782575e+05 1.943662968782575e+05 0.000000000000000e+00
2.785388783169000e-04 1.952552256410447e+05 1.952552256410447e+05 0.000000000000000e+00 0.000000000000000e+00 0.000000000000000e+00 1.952543367652580e+05 0.000000000000000e+00 0.000000000000000e+00 0.000000000000000e+00 1.943659382558973e+05 1.943659382558973e+05 0.000000000000000e+00
2.801469008099000e-04 1.952548630158731e+05 1.952548630158731e+05 0.000000000000000e+00 0.000000000000000e+00 0.000000000000000e+00 1.952539638445665e+05 0.000000000000000e+00 0.000000000000000e+00 0.000000000000000e+00 1.943655733409036e+05 1.943655733409036e+05 0.000000000000000e+00
2.817642065180000e-04 1.952544962067154e+05 1.952544962067154e+05 0.000000000000000e+00 0.000000000000000e+00 0.000000000000000e+00 1.952535866159350e+05 0.000000000000000e+00 0.000000000000000e+00 0.000000000000000e+00 1.943652052130009e+05 1.943652052130009e+05 0.000000000000000e+00
2.833908490339000e-04 1.952541251127596e+05 1.952541251127596e+05 0.000000000000000e+00 0.000000000000000e+00 0.000000000000000e+00 1.952532049758984e+05 0.000000000000000e+00 0.000000000000000e+00 0.000000000000000e+00 1.943648333579049e+05 1.943648333579049e+05 0.000000000000000e+00
2.850268822595000e-04 1.952537497118488e+05 1.952537497118488e+05 0.000000000000000e+00 0.000000000000000e+00 0.000000000000000e+00 1.952528189189834e+05 0.000000000000000e+00 0.000000000000000e+00 0.000000000000000e+00 1.943644570301799e+05 1.943644570301799e+05 0.000000000000000e+00
2.866723604079000e-04 1.952533700595480e+05 1.952533700595480e+05 0.000000000000000e+00 0.000000000000000e+00 0.000000000000000e+00 1.952524284776720e+05 0.000000000000000e+00 0.000000000000000e+00 0.000000000000000e+00 1.943640759452597e+05 1.943640759452597e+05 0.000000000000000e+00
2.883273380054000e-04 1.952529859602446e+05 1.952529859602446e+05 0.000000000000000e+00 0.000000000000000e+00 0.000000000000000e+00 1.952520334683885e+05 0.000000000000000e+00 0.000000000000000e+00 0.000000000000000e+00 1.943636905969719e+05 1.943636905969719e+05 0.000000000000000e+00
2.899918698929000e-04 1.952525974024270e+05 1.952525974024270e+05 0.000000000000000e+00 0.000000000000000e+00 0.000000000000000e+00 1.952516338736630e+05 0.000000000000000e+00 0.000000000000000e+00 0.000000000000000e+00 1.943633007132798e+05 1.943633007132798e+05 0.000000000000000e+00
2.916660112277000e-04 1.952522043075667e+05 1.952522043075667e+05 0.000000000000000e+00 0.000000000000000e+00 0.000000000000000e+00 1.952512296192032e+05 0.000000000000000e+00 0.000000000000000e+00 0.000000000000000e+00 1.943629066478368e+05 1.943629066478368e+05 0.000000000000000e+00
2.933498174860000e-04 1.952518067285618e+05 1.952518067285618e+05 0.000000000000000e+00 0.000000000000000e+00 0.000000000000000e+00 1.952508207469128e+05 0.000000000000000e+00 0.000000000000000e+00 0.000000000000000e+00 1.943625076778718e+05 1.943625076778718e+05 0.000000000000000e+00
2.950433444639000e-04 1.952514045738791e+05 1.952514045738791e+05 0.000000000000000e+00 0.000000000000000e+00 0.000000000000000e+00 1.952504071711045e+05 0.000000000000000e+00 0.000000000000000e+00 0.000000000000000e+00 1.943621039582910e+05 1.943621039582910e+05 0.000000000000000e+00
2.967466482798000e-04 1.952509977254815e+05 1.952509977254815e+05 0.000000000000000e+00 0.000000000000000e+00 0.000000000000000e+00 1.952499887609620e+05 0.000000000000000e+00 0.000000000000000e+00 0.000000000000000e+00 1.943616956325264e+05 1.943616956325264e+05 0.000000000000000e+00
2.984597853758000e-04 1.952505861451521e+05 1.952505861451521e+05 0.000000000000000e+00 0.000000000000000e+00 0.000000000000000e+00 1.952495654903806e+05 0.000000000000000e+00 0.000000000000000e+00 0.000000000000000e+00 1.943612829668543e+05 1.943612829668543e+05 0.000000000000000e+00
3.001828125203000e-04 1.952501698528813e+05 1.952501698528813e+05 0.000000000000000e+00 0.000000000000000e+00 0.000000000000000e+00 1.952491373775860e+05 0.000000000000000e+00 0.000000000000000e+00 0.000000000000000e+00 1.943608651699375e+05 1.943608651699375e+05 0.000000000000000e+00
3.019157868090000e-04 1.952497487244438e+05 1.952497487244438e+05 0.000000000000000e+00 0.000000000000000e+00 0.000000000000000e+00 1.952487042870433e+05 0.000000000000000e+00 0.000000000000000e+00 0.000000000000000e+00 1.943604426871249e+05 1.943604426871249e+05 0.000000000000000e+00
3.036587656675000e-04 1.952493227302782e+05 1.952493227302782e+05 0.000000000000000e+00 0.000000000000000e+00 0.000000000000000e+00 1.952482661895750e+05 0.000000000000000e+00 0.000000000000000e+00 0.000000000000000e+00 1.943600151412291e+05 1.943600151412291e+05 0.000000000000000e+00
3.054118068527000e-04 1.952488917930517e+05 1.952488917930517e+05 0.000000000000000e+00 0.000000000000000e+00 0.000000000000000e+00 1.952478230106916e+05 0.000000000000000e+00 0.000000000000000e+00 0.000000000000000e+00 1.943595829109820e+05 1.943595829109820e+05 0.000000000000000e+00
3.071749684551000e-04 1.952484558749130e+05 1.952484558749130e+05 0.000000000000000e+00 0.000000000000000e+00 0.000000000000000e+00 1.952473747123414e+05 0.000000000000000e+00 0.000000000000000e+00 0.000000000000000e+00 1.943591453893903e+05 1.943591453893903e+05 0.000000000000000e+00
3.089483089006000e-04 1.952480148894122e+05 1.952480148894122e+05 0.000000000000000e+00 0.000000000000000e+00 0.000000000000000e+00 1.952469211681423e+05 0.000000000000000e+00 0.000000000000000e+00 0.000000000000000e+00 1.943587029589876e+05 1.943587029589876e+05 0.000000000000000e+00
3.107318869522000e-04 1.952475688709593e+05 1.952475688709593e+05 0.000000000000000e+00 0.000000000000000e+00 0.000000000000000e+00 1.952464624824518e+05 0.000000000000000e+00 0.000000000000000e+00 0.000000000000000e+00 1.943582551309752e+05 1.943582551309752e+05 0.000000000000000e+00
3.125257617122000e-04 1.952471177215402e+05 1.952471177215402e+05 0.000000000000000e+00 0.000000000000000e+00 0.000000000000000e+00 1.952459985253107e+05 0.000000000000000e+00 0.000000000000000e+00 0.000000000000000e+00 1.943578022835735e+05 1.943578022835735e+05 0.000000000000000e+00
3.143299926242000e-04 1.952466612906441e+05 1.952466612906441e+05 0.000000000000000e+00 0.000000000000000e+00 0.000000000000000e+00 1.952455291419508e+05 0.000000000000000e+00 0.000000000000000e+00 0.000000000000000e+00 1.943573436019423e+05 1.943573436019423e+05 0.000000000000000e+00
3.161446394750000e-04 1.952461995935478e+05 1.952461995935478e+05 0.000000000000000e+00 0.000000000000000e+00 0.000000000000000e+00 1.952450543190317e+05 0.000000000000000e+00 0.000000000000000e+00 0.000000000000000e+00 1.943568808935656e+05 1.943568808935656e+05 0.000000000000000e+00
3.179697623963000e-04 1.952457325163819e+05 1.952457325163819e+05 0.000000000000000e+00 0.000000000000000e+00 0.000000000000000e+00 1.952445739742986e+05 0.000000000000000e+00 0.000000000000000e+00 0.000000000000000e+00 1.943564125105500e+05 1.943564125105500e+05 0.000000000000000e+00
3.198054218673000e-04 1.952452600338193e+05 1.952452600338193e+05 0.000000000000000e+00 0.000000000000000e+00 0.000000000000000e+00 1.952440880693643e+05 0.000000000000000e+00 0.000000000000000e+00 0.000000000000000e+00 1.943559385405629e+05 1.943559385405629e+05 0.000000000000000e+00
3.216516787160000e-04 1.952447820601682e+05 1.952447820601682e+05 0.000000000000000e+00 0.000000000000000e+00 0.000000000000000e+00 1.952435965170671e+05 0.000000000000000e+00 0.000000000000000e+00 0.000000000000000e+00 1.943554588723507e+05 1.943554588723507e+05 0.000000000000000e+00
3.235085941219000e-04 1.952442985897376e+05 1.952442985897376e+05 0.000000000000000e+00 0.000000000000000e+00 0.000000000000000e+00 1.952430993138544e+05 0.000000000000000e+00 0.000000000000000e+00 0.000000000000000e+00 1.943549739435928e+05 1.943549739435928e+05 0.000000000000000e+00
3.253762296173000e-04 1.952438095404761e+05 1.952438095404761e+05 0.000000000000000e+00 0.000000000000000e+00 0.000000000000000e+00 1.952425963734073e+05 0.000000000000000e+00 0.000000000000000e+00 0.000000000000000e+00 1.943544826967545e+05 1.943544826967545e+05 0.000000000000000e+00
3.272546470902000e-04 1.952433148210154e+05 1.952433148210154e+05 0.000000000000000e+00 0.000000000000000e+00 0.000000000000000e+00 1.952420875999159e+05 0.000000000000000e+00 0.000000000000000e+00 0.000000000000000e+00 1.943539861877023e+05 1.943539861877023e+05 0.000000000000000e+00
3.291439087854000e-04 1.952428143210782e+05 1.952428143210782e+05 0.000000000000000e+00 0.000000000000000e+00 0.000000000000000e+00 1.952415728839014e+05 0.000000000000000e+00 0.000000000000000e+00 0.000000000000000e+00 1.943534844404384e+05 1.943534844404384e+05 0.000000000000000e+00
3.310440773075000e-04 1.952423080982727e+05 1.952423080982727e+05 0.000000000000000e+00 0.000000000000000e+00 0.000000000000000e+00 1.952410522785829e+05 0.000000000000000e+00 0.000000000000000e+00 0.000000000000000e+00 1.943529763159266e+05 1.943529763159266e+05 0.000000000000000e+00
3.329552156221000e-04 1.952417960366802e+05 1.952417960366802e+05 0.000000000000000e+00 0.000000000000000e+00 0.000000000000000e+00 1.952405256728636e+05 0.000000000000000e+00 0.000000000000000e+00 0.000000000000000e+00 1.943524623665743e+05 1.943524623665743e+05 0.000000000000000e+00
3.348773870587000e-04 1.952412779888788e+05 1.952412779888788e+05 0.000000000000000e+00 0.000000000000000e+00 0.000000000000000e+00 1.952399929082970e+05 0.000000000000000e+00 0.000000000000000e+00 0.000000000000000e+00 1.943519426330023e+05 1.943519426330023e+05 0.000000000000000e+00
3.368106553120000e-04 1.952407540433404e+05 1.952407540433404e+05 0.000000000000000e+00 0.000000000000000e+00 0.000000000000000e+00 1.952394540795852e+05 0.000000000000000e+00 0.000000000000000e+00 0.000000000000000e+00 1.943514166584658e+05 1.943514166584658e+05 0.000000000000000e+00
3.387550844448000e-04 1.952402237924588e+05 1.952402237924588e+05 0.000000000000000e+00 0.000000000000000e+00 0.000000000000000e+00 1.952389087681488e+05 0.000000000000000e+00 0.000000000000000e+00 0.000000000000000e+00 1.943508851847101e+05 1.943508851847101e+05 0.000000000000000e+00
3.407107388895000e-04 1.952396876363113e+05 1.952396876363113e+05 0.000000000000000e+00 0.000000000000000e+00 0.000000000000000e+00 1.952383573808105e+05 0.000000000000000e+00 0.000000000000000e+00 0.000000000000000e+00 1.943503474063334e+05 1.943503474063334e+05 0.000000000000000e+00
3.426776834504000e-04 1.952391452530423e+05 1.952391452530423e+05 0.000000000000000e+00 0.000000000000000e+00 0.000000000000000e+00 1.952377995878487e+05 0.000000000000000e+00 0.000000000000000e+00 0.000000000000000e+00 1.943498026072588e+05 1.943498026072588e+05 0.000000000000000e+00
3.446559833063000e-04 1.952385965601206e+05 1.952385965601206e+05 0.000000000000000e+00 0.000000000000000e+00 0.000000000000000e+00 1.952372353090971e+05 0.000000000000000e+00 0.000000000000000e+00 0.000000000000000e+00 1.943492521294519e+05 1.943492521294519e+05 0.000000000000000e+00
3.466457040118000e-04 1.952380415492865e+05 1.952380415492865e+05 0.000000000000000e+00 0.000000000000000e+00 0.000000000000000e+00 1.952366645356649e+05 0.000000000000000e+00 0.000000000000000e+00 0.000000000000000e+00 1.943486946085814e+05 1.943486946085814e+05 0.000000000000000e+00
3.486469115004000e-04 1.952374801093235e+05 1.952374801093235e+05 0.000000000000000e+00 0.000000000000000e+00 0.000000000000000e+00 1.952360871459258e+05 0.000000000000000e+00 0.000000000000000e+00 0.000000000000000e+00 1.943481314280726e+05 1.943481314280726e+05 0.000000000000000e+00
3.506596720858000e-04 1.952369121543910e+05 1.952369121543910e+05 0.000000000000000e+00 0.000000000000000e+00 0.000000000000000e+00 1.952355030548428e+05 0.000000000000000e+00 0.000000000000000e+00 0.000000000000000e+00 1.943475614295274e+05 1.943475614295274e+05 0.000000000000000e+00
3.526840524650000e-04 1.952363376758825e+05 1.952363376758825e+05 0.000000000000000e+00 0.000000000000000e+00 0.000000000000000e+00 1.952349122546747e+05 0.000000000000000e+00 0.000000000000000e+00 0.000000000000000e+00 1.943469848635072e+05 1.943469848635072e+05 0.000000000000000e+00
3.547201197195000e-04 1.952357564469644e+05 1.952357564469644e+05 0.000000000000000e+00 0.000000000000000e+00 0.000000000000000e+00 1.952343145116387e+05 0.000000000000000e+00 0.000000000000000e+00 0.000000000000000e+00 1.943464019680689e+05 1.943464019680689e+05 0.000000000000000e+00
3.567679413187000e-04 1.952351685407034e+05 1.952351685407034e+05 0.000000000000000e+00 0.000000000000000e+00 0.000000000000000e+00 1.952337098999500e+05 0.000000000000000e+00 0.000000000000000e+00 0.000000000000000e+00 1.943458118713837e+05 1.943458118713837e+05 0.000000000000000e+00
3.588275851209000e-04 1.952345739258204e+05 1.952345739258204e+05 0.000000000000000e+00 0.000000000000000e+00 0.000000000000000e+00 1.952330983880845e+05 0.000000000000000e+00 0.000000000000000e+00 0.000000000000000e+00 1.943452148219523e+05 1.943452148219523e+05 0.000000000000000e+00
3.608991193766000e-04 1.952339723657939e+05 1.952339723657939e+05 0.000000000000000e+00 0.000000000000000e+00 0.000000000000000e+00 1.952324797267930e+05 0.000000000000000e+00 0.000000000000000e+00 0.000000000000000e+00 1.943446114153233e+05 1.943446114153233e+05 0.000000000000000e+00
3.629826127300000e-04 1.952333638657169e+05 1.952333638657169e+05 0.000000000000000e+00 0.000000000000000e+00 0.000000000000000e+00 1.952318539366716e+05 0.000000000000000e+00 0.000000000000000e+00 0.000000000000000e+00 1.943440007100303e+05 1.943440007100303e+05 0.000000000000000e+00
3.650781342218000e-04 1.952327482839031e+05 1.952327482839031e+05 0.000000000000000e+00 0.000000000000000e+00 0.000000000000000e+00 1.952312208656673e+05 0.000000000000000e+00 0.000000000000000e+00 0.000000000000000e+00 1.943433831103216e+05 1.943433831103216e+05 0.000000000000000e+00
3.671857532912000e-04 1.952321256447442e+05 1.952321256447442e+05 0.000000000000000e+00 0.000000000000000e+00 0.000000000000000e+00 1.952305805360845e+05 0.000000000000000e+00 0.000000000000000e+00 0.000000000000000e+00 1.943427582621674e+05 1.943427582621674e+05 0.000000000000000e+00
3.693055397783000e-04 1.952314957072592e+05 1.952314957072592e+05 0.000000000000000e+00 0.000000000000000e+00 0.000000000000000e+00 1.952299327063542e+05 0.000000000000000e+00 0.000000000000000e+00 0.000000000000000e+00 1.943421268382519e+05 1.943421268382519e+05 0.000000000000000e+00
3.714375639264000e-04 1.952308585919185e+05 1.952308585919185e+05 0.000000000000000e+00 0.000000000000000e+00 0.000000000000000e+00 1.952292774928580e+05 0.000000000000000e+00 0.000000000000000e+00 0.000000000000000e+00 1.943414872512018e+05 1.943414872512018e+05 0.000000000000000e+00
3.735818963841000e-04 1.952302140398092e+05 1.952302140398092e+05 0.000000000000000e+00 0.000000000000000e+00 0.000000000000000e+00 1.952286146232421e+05 0.000000000000000e+00 0.000000000000000e+00 0.000000000000000e+00 1.943408405852996e+05 1.943408405852996e+05 0.000000000000000e+00
3.757386082083000e-04 1.952295620614062e+05 1.952295620614062e+05 0.000000000000000e+00 0.000000000000000e+00 0.000000000000000e+00 1.952279441230098e+05 0.000000000000000e+00 0.000000000000000e+00 0.000000000000000e+00 1.943401862857405e+05 1.943401862857405e+05 0.000000000000000e+00
3.779077708656000e-04 1.952289025354453e+05 1.952289025354453e+05 0.000000000000000e+00 0.000000000000000e+00 0.000000000000000e+00 1.952272658567498e+05 0.000000000000000e+00 0.000000000000000e+00 0.000000000000000e+00 1.943395245040883e+05 1.943395245040883e+05 0.000000000000000e+00
3.800894562357000e-04 1.952282353722380e+05 1.952282353722380e+05 0.000000000000000e+00 0.000000000000000e+00 0.000000000000000e+00 1.952265797344740e+05 0.000000000000000e+00 0.000000000000000e+00 0.000000000000000e+00 1.943388550865781e+05 1.943388550865781e+05 0.000000000000000e+00
3.822837366128000e-04 1.952275605151774e+05 1.952275605151774e+05 0.000000000000000e+00 0.000000000000000e+00 0.000000000000000e+00 1.952258857022785e+05 0.000000000000000e+00 0.000000000000000e+00 0.000000000000000e+00 1.943381779059052e+05 1.943381779059052e+05 0.000000000000000e+00
3.844906847088000e-04 1.952268778179111e+05 1.952268778179111e+05 0.000000000000000e+00 0.000000000000000e+00 0.000000000000000e+00 1.952251836069535e+05 0.000000000000000e+00 0.000000000000000e+00 0.000000000000000e+00 1.943374930105409e+05 1.943374930105409e+05 0.000000000000000e+00
3.867103736552000e-04 1.952261872863871e+05 1.952261872863871e+05 0.000000000000000e+00 0.000000000000000e+00 0.000000000000000e+00 1.952244734556751e+05 0.000000000000000e+00 0.000000000000000e+00 0.000000000000000e+00 1.943367996040573e+05 1.943367996040573e+05 0.000000000000000e+00
3.889428770058000e-04 1.952254886778204e+05 1.952254886778204e+05 0.000000000000000e+00 0.000000000000000e+00 0.000000000000000e+00 1.952237549961559e+05 0.000000000000000e+00 0.000000000000000e+00 0.000000000000000e+00 1.943360986345953e+05 1.943360986345953e+05 0.000000000000000e+00
3.911882687388000e-04 1.952247820757634e+05 1.952247820757634e+05 0.000000000000000e+00 0.000000000000000e+00 0.000000000000000e+00 1.952230283161276e+05 0.000000000000000e+00 0.000000000000000e+00 0.000000000000000e+00 1.943353894710553e+05 1.943353894710553e+05 0.000000000000000e+00
3.934466232598000e-04 1.952240672432994e+05 1.952240672432994e+05 0.000000000000000e+00 0.000000000000000e+00 0.000000000000000e+00 1.952222931723373e+05 0.000000000000000e+00 0.000000000000000e+00 0.000000000000000e+00 1.943346720573548e+05 1.943346720573548e+05 0.000000000000000e+00
3.957180154037000e-04 1.952233442068438e+05 1.952233442068438e+05 0.000000000000000e+00 0.000000000000000e+00 0.000000000000000e+00 1.952215495878262e+05 0.000000000000000e+00 0.000000000000000e+00 0.000000000000000e+00 1.943339463829503e+05 1.943339463829503e+05 0.000000000000000e+00
3.980025204375000e-04 1.952226127677844e+05 1.952226127677844e+05 0.000000000000000e+00 0.000000000000000e+00 0.000000000000000e+00 1.952207973646172e+05 0.000000000000000e+00 0.000000000000000e+00 0.000000000000000e+00 1.943332123554249e+05 1.943332123554249e+05 0.000000000000000e+00
4.003002140629000e-04 1.952218728064616e+05 1.952218728064616e+05 0.000000000000000e+00 0.000000000000000e+00 0.000000000000000e+00 1.952200363769253e+05 0.000000000000000e+00 0.000000000000000e+00 0.000000000000000e+00 1.943324700485301e+05 1.943324700485301e+05 0.000000000000000e+00
4.026111724183000e-04 1.952211243756096e+05 1.952211243756096e+05 0.000000000000000e+00 0.000000000000000e+00 0.000000000000000e+00 1.952192666750135e+05 0.000000000000000e+00 0.000000000000000e+00 0.000000000000000e+00 1.943317186377779e+05 1.943317186377779e+05 0.000000000000000e+00
4.049354720818000e-04 1.952203672719584e+05 1.952203672719584e+05 0.000000000000000e+00 0.000000000000000e+00 0.000000000000000e+00 1.952184880557343e+05 0.000000000000000e+00 0.000000000000000e+00 0.000000000000000e+00 1.943309588056510e+05 1.943309588056510e+05 0.000000000000000e+00
4.072731900738000e-04 1.952196013926611e+05 1.952196013926611e+05 0.000000000000000e+00 0.000000000000000e+00 0.000000000000000e+00 1.952177004125713e+05 0.000000000000000e+00 0.000000000000000e+00 0.000000000000000e+00 1.943301902877414e+05 1.943301902877414e+05 0.000000000000000e+00
4.096244038590000e-04 1.952188267120968e+05 1.952188267120968e+05 0.000000000000000e+00 0.000000000000000e+00 0.000000000000000e+00 1.952169037165682e+05 0.000000000000000e+00 0.000000000000000e+00 0.000000000000000e+00 1.943294127652158e+05 1.943294127652158e+05 0.000000000000000e+00
4.119891913495000e-04 1.952180430691509e+05 1.952180430691509e+05 0.000000000000000e+00 0.000000000000000e+00 0.000000000000000e+00 1.952160978066003e+05 0.000000000000000e+00 0.000000000000000e+00 0.000000000000000e+00 1.943286262084149e+05 1.943286262084149e+05 0.000000000000000e+00
4.143676309072000e-04 1.952172502917437e+05 1.952172502917437e+05 0.000000000000000e+00 0.000000000000000e+00 0.000000000000000e+00 1.952152825012335e+05 0.000000000000000e+00 0.000000000000000e+00 0.000000000000000e+00 1.943278307383253e+05 1.943278307383253e+05 0.000000000000000e+00
4.167598013464000e-04 1.952164483516303e+05 1.952164483516303e+05 0.000000000000000e+00 0.000000000000000e+00 0.000000000000000e+00 1.952144577730345e+05 0.000000000000000e+00 0.000000000000000e+00 0.000000000000000e+00 1.943270259495618e+05 1.943270259495618e+05 0.000000000000000e+00
4.191657819361000e-04 1.952156372214203e+05 1.952156372214203e+05 0.000000000000000e+00 0.000000000000000e+00 0.000000000000000e+00 1.952136235827250e+05 0.000000000000000e+00 0.000000000000000e+00 0.000000000000000e+00 1.943262117786885e+05 1.943262117786885e+05 0.000000000000000e+00
4.215856524034000e-04 1.952148166421107e+05 1.952148166421107e+05 0.000000000000000e+00 0.000000000000000e+00 0.000000000000000e+00 1.952127796840346e+05 0.000000000000000e+00 0.000000000000000e+00 0.000000000000000e+00 1.943253883472491e+05 1.943253883472491e+05 0.000000000000000e+00
4.240194929354000e-04 1.952139865936505e+05 1.952139865936505e+05 0.000000000000000e+00 0.000000000000000e+00 0.000000000000000e+00 1.952119260506584e+05 0.000000000000000e+00 0.000000000000000e+00 0.000000000000000e+00 1.943245553947988e+05 1.943245553947988e+05 0.000000000000000e+00
4.264673841820000e-04 1.952131469845483e+05 1.952131469845483e+05 0.000000000000000e+00 0.000000000000000e+00 0.000000000000000e+00 1.952110625788662e+05 0.000000000000000e+00 0.000000000000000e+00 0.000000000000000e+00 1.943237127623195e+05 1.943237127623195e+05 0.000000000000000e+00
4.289294072591000e-04 1.952122976161582e+05 1.952122976161582e+05 0.000000000000000e+00 0.000000000000000e+00 0.000000000000000e+00 1.952101890701846e+05 0.000000000000000e+00 0.000000000000000e+00 0.000000000000000e+00 1.943228604713447e+05 1.943228604713447e+05 0.000000000000000e+00
4.314056437505000e-04 1.952114384530935e+05 1.952114384530935e+05 0.000000000000000e+00 0.000000000000000e+00 0.000000000000000e+00 1.952093054871242e+05 0.000000000000000e+00 0.000000000000000e+00 0.000000000000000e+00 1.943219979184538e+05 1.943219979184538e+05 0.000000000000000e+00
4.338961757112000e-04 1.952105693592687e+05 1.952105693592687e+05 0.000000000000000e+00 0.000000000000000e+00 0.000000000000000e+00 1.952084116872978e+05 0.000000000000000e+00 0.000000000000000e+00 0.000000000000000e+00 1.943211256583567e+05 1.943211256583567e+05 0.000000000000000e+00
4.364010856698000e-04 1.952096901844341e+05 1.952096901844341e+05 0.000000000000000e+00 0.000000000000000e+00 0.000000000000000e+00 1.952075075259031e+05 0.000000000000000e+00 0.000000000000000e+00 0.000000000000000e+00 1.943202434155286e+05 1.943202434155286e+05 0.000000000000000e+00
4.389204566314000e-04 1.952088008927849e+05 1.952088008927849e+05 0.000000000000000e+00 0.000000000000000e+00 0.000000000000000e+00 1.952065929627962e+05 0.000000000000000e+00 0.000000000000000e+00 0.000000000000000e+00 1.943193508018114e+05 1.943193508018114e+05 0.000000000000000e+00
4.414543720803000e-04 1.952079012390548e+05 1.952079012390548e+05 0.000000000000000e+00 0.000000000000000e+00 0.000000000000000e+00 1.952056677398028e+05 0.000000000000000e+00 0.000000000000000e+00 0.000000000000000e+00 1.943184481982290e+05 1.943184481982290e+05 0.000000000000000e+00
4.440029159827000e-04 1.952069912926324e+05 1.952069912926324e+05 0.000000000000000e+00 0.000000000000000e+00 0.000000000000000e+00 1.952047319283064e+05 0.000000000000000e+00 0.000000000000000e+00 0.000000000000000e+00 1.943175347614919e+05 1.943175347614919e+05 0.000000000000000e+00
4.465661727896000e-04 1.952060707801481e+05 1.952060707801481e+05 0.000000000000000e+00 0.000000000000000e+00 0.000000000000000e+00 1.952037852505060e+05 0.000000000000000e+00 0.000000000000000e+00 0.000000000000000e+00 1.943166109482320e+05 1.943166109482320e+05 0.000000000000000e+00
4.491442274396000e-04 1.952051396482603e+05 1.952051396482603e+05 0.000000000000000e+00 0.000000000000000e+00 0.000000000000000e+00 1.952028276517458e+05 0.000000000000000e+00 0.000000000000000e+00 0.000000000000000e+00 1.943156765673525e+05 1.943156765673525e+05 0.000000000000000e+00
4.517371653614000e-04 1.952041978092487e+05 1.952041978092487e+05 0.000000000000000e+00 0.000000000000000e+00 0.000000000000000e+00 1.952018590348226e+05 0.000000000000000e+00 0.000000000000000e+00 0.000000000000000e+00 1.943147306110038e+05 1.943147306110038e+05 0.000000000000000e+00
4.543450724773000e-04 1.952032448910791e+05 1.952032448910791e+05 0.000000000000000e+00 0.000000000000000e+00 0.000000000000000e+00 1.952008790420118e+05 0.000000000000000e+00 0.000000000000000e+00 0.000000000000000e+00 1.943137747360537e+05 1.943137747360537e+05 0.000000000000000e+00
4.569680352052000e-04 1.952022811189544e+05 1.952022811189544e+05 0.000000000000000e+00 0.000000000000000e+00 0.000000000000000e+00 1.951998878694110e+05 0.000000000000000e+00 0.000000000000000e+00 0.000000000000000e+00 1.943128068256144e+05 1.943128068256144e+05 0.000000000000000e+00
4.596061404623000e-04 1.952013061455706e+05 1.952013061455706e+05 0.000000000000000e+00 0.000000000000000e+00 0.000000000000000e+00 1.951988851851667e+05 0.000000000000000e+00 0.000000000000000e+00 0.000000000000000e+00 1.943118283357362e+05 1.943118283357362e+05 0.000000000000000e+00
4.622594756671000e-04 1.952003198451001e+05 1.952003198451001e+05 0.000000000000000e+00 0.000000000000000e+00 0.000000000000000e+00 1.951978708557605e+05 0.000000000000000e+00 0.000000000000000e+00 0.000000000000000e+00 1.943108386644178e+05 1.943108386644178e+05 0.000000000000000e+00
4.649281287433000e-04 1.951993222569289e+05 1.951993222569289e+05 0.000000000000000e+00 0.000000000000000e+00 0.000000000000000e+00 1.951968449130477e+05 0.000000000000000e+00 0.000000000000000e+00 0.000000000000000e+00 1.943098374077765e+05 1.943098374077765e+05 0.000000000000000e+00
4.676121881218000e-04 1.951983131218168e+05 1.951983131218168e+05 0.000000000000000e+00 0.000000000000000e+00 0.000000000000000e+00 1.951958071003757e+05 0.000000000000000e+00 0.000000000000000e+00 0.000000000000000e+00 1.943088244904338e+05 1.943088244904338e+05 0.000000000000000e+00
4.703117427442000e-04 1.951972921423028e+05 1.951972921423028e+05 0.000000000000000e+00 0.000000000000000e+00 0.000000000000000e+00 1.951947570994897e+05 0.000000000000000e+00 0.000000000000000e+00 0.000000000000000e+00 1.943078003292506e+05 1.943078003292506e+05 0.000000000000000e+00
4.730268820656000e-04 1.951962595259127e+05 1.951962595259127e+05 0.000000000000000e+00 0.000000000000000e+00 0.000000000000000e+00 1.951936951313488e+05 0.000000000000000e+00 0.000000000000000e+00 0.000000000000000e+00 1.943067640184963e+05 1.943067640184963e+05 0.000000000000000e+00
4.757576960572000e-04 1.951952150531795e+05 1.951952150531795e+05 0.000000000000000e+00 0.000000000000000e+00 0.000000000000000e+00 1.951926209760293e+05 0.000000000000000e+00 0.000000000000000e+00 0.000000000000000e+00 1.943057156754108e+05 1.943057156754108e+05 0.000000000000000e+00
4.785042752101000e-04 1.951941584299248e+05 1.951941584299248e+05 0.000000000000000e+00 0.000000000000000e+00 0.000000000000000e+00 1.951915343131417e+05 0.000000000000000e+00 0.000000000000000e+00 0.000000000000000e+00 1.943046548470029e+05 1.943046548470029e+05 0.000000000000000e+00
4.812667105375000e-04 1.951930895490782e+05 1.951930895490782e+05 0.000000000000000e+00 0.000000000000000e+00 0.000000000000000e+00 1.951904350496151e+05 0.000000000000000e+00 0.000000000000000e+00 0.000000000000000e+00 1.943035821410064e+05 1.943035821410064e+05 0.000000000000000e+00
4.840450935781000e-04 1.951920083523235e+05 1.951920083523235e+05 0.000000000000000e+00 0.000000000000000e+00 0.000000000000000e+00 1.951893231216985e+05 0.000000000000000e+00 0.000000000000000e+00 0.000000000000000e+00 1.943024970381340e+05 1.943024970381340e+05 0.000000000000000e+00
4.868395163990000e-04 1.951909146475471e+05 1.951909146475471e+05 0.000000000000000e+00 0.000000000000000e+00 0.000000000000000e+00 1.951881983226033e+05 0.000000000000000e+00 0.000000000000000e+00 0.000000000000000e+00 1.943013993770810e+05 1.943013993770810e+05 0.000000000000000e+00
4.896500715989000e-04 1.951898083440748e+05 1.951898083440748e+05 0.000000000000000e+00 0.000000000000000e+00 0.000000000000000e+00 1.951870605281549e+05 0.000000000000000e+00 0.000000000000000e+00 0.000000000000000e+00 1.943002887430355e+05 1.943002887430355e+05 0.000000000000000e+00
4.924768523111000e-04 1.951886892128560e+05 1.951886892128560e+05 0.000000000000000e+00 0.000000000000000e+00 0.000000000000000e+00 1.951859096000979e+05 0.000000000000000e+00 0.000000000000000e+00 0.000000000000000e+00 1.942991652610297e+05 1.942991652610297e+05 0.000000000000000e+00
4.953199522064000e-04 1.951875571136246e+05 1.951875571136246e+05 0.000000000000000e+00 0.000000000000000e+00 0.000000000000000e+00 1.951847453002938e+05 0.000000000000000e+00 0.000000000000000e+00 0.000000000000000e+00 1.942980294936055e+05 1.942980294936055e+05 0.000000000000000e+00
4.981794654965000e-04 1.951864120241872e+05 1.951864120241872e+05 0.000000000000000e+00 0.000000000000000e+00 0.000000000000000e+00 1.951835676502820e+05 0.000000000000000e+00 0.000000000000000e+00 0.000000000000000e+00 1.942968801965079e+05 1.942968801965079e+05 0.000000000000000e+00
5.010554869369000e-04 1.951852536468844e+05 1.951852536468844e+05 0.000000000000000e+00 0.000000000000000e+00 0.000000000000000e+00 1.951823763193429e+05 0.000000000000000e+00 0.000000000000000e+00 0.000000000000000e+00 1.942957171131508e+05 1.942957171131508e+05 0.000000000000000e+00
5.039481118304000e-04 1.951840818555714e+05 1.951840818555714e+05 0.000000000000000e+00 0.000000000000000e+00 0.000000000000000e+00 1.951811712216142e+05 0.000000000000000e+00 0.000000000000000e+00 0.000000000000000e+00 1.942945415719156e+05 1.942945415719156e+05 0.000000000000000e+00
5.068574360296000e-04 1.951828965403171e+05 1.951828965403171e+05 0.000000000000000e+00 0.000000000000000e+00 0.000000000000000e+00 1.951799522226659e+05 0.000000000000000e+00 0.000000000000000e+00 0.000000000000000e+00 1.942933519434231e+05 1.942933519434231e+05 0.000000000000000e+00
5.097835559407000e-04 1.951816975712422e+05 1.951816975712422e+05 0.000000000000000e+00 0.000000000000000e+00 0.000000000000000e+00 1.951787191573145e+05 0.000000000000000e+00 0.000000000000000e+00 0.000000000000000e+00 1.942921483749998e+05 1.942921483749998e+05 0.000000000000000e+00
5.127265685264000e-04 1.951804847294744e+05 1.951804847294744e+05 0.000000000000000e+00 0.000000000000000e+00 0.000000000000000e+00 1.951774718318733e+05 0.000000000000000e+00 0.000000000000000e+00 0.000000000000000e+00 1.942909310104605e+05 1.942909310104605e+05 0.000000000000000e+00
5.156865713092000e-04 1.951792578294143e+05 1.951792578294143e+05 0.000000000000000e+00 0.000000000000000e+00 0.000000000000000e+00 1.951762100470508e+05 0.000000000000000e+00 0.000000000000000e+00 0.000000000000000e+00 1.942896996993246e+05 1.942896996993246e+05 0.000000000000000e+00
5.186636623745000e-04 1.951780167920862e+05 1.951780167920862e+05 0.000000000000000e+00 0.000000000000000e+00 0.000000000000000e+00 1.951749337210504e+05 0.000000000000000e+00 0.000000000000000e+00 0.000000000000000e+00 1.942884539946138e+05 1.942884539946138e+05 0.000000000000000e+00
5.216579403741000e-04 1.951767614015641e+05 1.951767614015641e+05 0.000000000000000e+00 0.000000000000000e+00 0.000000000000000e+00 1.951736426483424e+05 0.000000000000000e+00 0.000000000000000e+00 0.000000000000000e+00 1.942871936349490e+05 1.942871936349490e+05 0.000000000000000e+00
5.246695045292000e-04 1.951754915666229e+05 1.951754915666229e+05 0.000000000000000e+00 0.000000000000000e+00 0.000000000000000e+00 1.951723366857146e+05 0.000000000000000e+00 0.000000000000000e+00 0.000000000000000e+00 1.942859189160559e+05 1.942859189160559e+05 0.000000000000000e+00
5.276984546340000e-04 1.951742069592514e+05 1.951742069592514e+05 0.000000000000000e+00 0.000000000000000e+00 0.000000000000000e+00 1.951710155547064e+05 0.000000000000000e+00 0.000000000000000e+00 0.000000000000000e+00 1.942846296922623e+05 1.942846296922623e+05 0.000000000000000e+00
5.307448910585000e-04 1.951729076123083e+05 1.951729076123083e+05 0.000000000000000e+00 0.000000000000000e+00 0.000000000000000e+00 1.951696792301094e+05 0.000000000000000e+00 0.000000000000000e+00 0.000000000000000e+00 1.942833251815684e+05 1.942833251815684e+05 0.000000000000000e+00
5.338089147524000e-04 1.951715931905363e+05 1.951715931905363e+05 0.000000000000000e+00 0.000000000000000e+00 0.000000000000000e+00 1.951683274278455e+05 0.000000000000000e+00 0.000000000000000e+00 0.000000000000000e+00 1.942820058409089e+05 1.942820058409089e+05 0.000000000000000e+00
5.368906272482000e-04 1.951702635889493e+05 1.951702635889493e+05 0.000000000000000e+00 0.000000000000000e+00 0.000000000000000e+00 1.951669600109784e+05 0.000000000000000e+00 0.000000000000000e+00 0.000000000000000e+00 1.942806713135433e+05 1.942806713135433e+05 0.000000000000000e+00
5.399901306643000e-04 1.951689186383362e+05 1.951689186383362e+05 0.000000000000000e+00 0.000000000000000e+00 0.000000000000000e+00 1.951655768315523e+05 0.000000000000000e+00 0.000000000000000e+00 0.000000000000000e+00 1.942793212868297e+05 1.942793212868297e+05 0.000000000000000e+00
5.431075277090000e-04 1.951675581991268e+05 1.951675581991268e+05 0.000000000000000e+00 0.000000000000000e+00 0.000000000000000e+00 1.951641777161444e+05 0.000000000000000e+00 0.000000000000000e+00 0.000000000000000e+00 1.942779555403016e+05 1.942779555403016e+05 0.000000000000000e+00
5.462429216831000e-04 1.951661819991896e+05 1.951661819991896e+05 0.000000000000000e+00 0.000000000000000e+00 0.000000000000000e+00 1.951627623748842e+05 0.000000000000000e+00 0.000000000000000e+00 0.000000000000000e+00 1.942765741247105e+05 1.942765741247105e+05 0.000000000000000e+00
5.493964164843000e-04 1.951647899140953e+05 1.951647899140953e+05 0.000000000000000e+00 0.000000000000000e+00 0.000000000000000e+00 1.951613306881044e+05 0.000000000000000e+00 0.000000000000000e+00 0.000000000000000e+00 1.942751766824802e+05 1.942751766824802e+05 0.000000000000000e+00
5.525681166096000e-04 1.951633816740158e+05 1.951633816740158e+05 0.000000000000000e+00 0.000000000000000e+00 0.000000000000000e+00 1.951598823928327e+05 0.000000000000000e+00 0.000000000000000e+00 0.000000000000000e+00 1.942737630627438e+05 1.942737630627438e+05 0.000000000000000e+00
5.557581271595000e-04 1.951619572891856e+05 1.951619572891856e+05 0.000000000000000e+00 0.000000000000000e+00 0.000000000000000e+00 1.951584174988951e+05 0.000000000000000e+00 0.000000000000000e+00 0.000000000000000e+00 1.942723331080907e+05 1.942723331080907e+05 0.000000000000000e+00
5.589665538413000e-04 1.951605164387712e+05 1.951605164387712e+05 0.000000000000000e+00 0.000000000000000e+00 0.000000000000000e+00 1.951569356456594e+05 0.000000000000000e+00 0.000000000000000e+00 0.000000000000000e+00 1.942708866901881e+05 1.942708866901881e+05 0.000000000000000e+00
5.621935029725000e-04 1.951590588665656e+05 1.951590588665656e+05 0.000000000000000e+00 0.000000000000000e+00 0.000000000000000e+00 1.951554366183997e+05 0.000000000000000e+00 0.000000000000000e+00 0.000000000000000e+00 1.942694236831593e+05 1.942694236831593e+05 0.000000000000000e+00
5.654390814843000e-04 1.951575845654948e+05 1.951575845654948e+05 0.000000000000000e+00 0.000000000000000e+00 0.000000000000000e+00 1.951539203776607e+05 0.000000000000000e+00 0.000000000000000e+00 0.000000000000000e+00 1.942679435184339e+05 1.942679435184339e+05 0.000000000000000e+00
5.687033969254000e-04 1.951560931044613e+05 1.951560931044613e+05 0.000000000000000e+00 0.000000000000000e+00 0.000000000000000e+00 1.951523865115223e+05 0.000000000000000e+00 0.000000000000000e+00 0.000000000000000e+00 1.942664465452581e+05 1.942664465452581e+05 0.000000000000000e+00
5.719865574651000e-04 1.951545845012789e+05 1.951545845012789e+05 0.000000000000000e+00 0.000000000000000e+00 0.000000000000000e+00 1.951508349912306e+05 0.000000000000000e+00 0.000000000000000e+00 0.000000000000000e+00 1.942649317316197e+05 1.942649317316197e+05 0.000000000000000e+00
5.752886718975000e-04 1.951530584480586e+05 1.951530584480586e+05 0.000000000000000e+00 0.000000000000000e+00 0.000000000000000e+00 1.951492655299697e+05 0.000000000000000e+00 0.000000000000000e+00 0.000000000000000e+00 1.942634001809735e+05 1.942634001809735e+05 0.000000000000000e+00
5.786098496446000e-04 1.951515148013065e+05 1.951515148013065e+05 0.000000000000000e+00 0.000000000000000e+00 0.000000000000000e+00 1.951476779739670e+05 0.000000000000000e+00 0.000000000000000e+00 0.000000000000000e+00 1.942618506052241e+05 1.942618506052241e+05 0.000000000000000e+00
5.819502007600000e-04 1.951499533543341e+05 1.951499533543341e+05 0.000000000000000e+00 0.000000000000000e+00 0.000000000000000e+00 1.951460721092230e+05 0.000000000000000e+00 0.000000000000000e+00 0.000000000000000e+00 1.942602828506238e+05 1.942602828506238e+05 0.000000000000000e+00
5.853098359329001e-04 1.951483735995617e+05 1.951483735995617e+05 0.000000000000000e+00 0.000000000000000e+00 0.000000000000000e+00 1.951444474256627e+05 0.000000000000000e+00 0.000000000000000e+00 0.000000000000000e+00 1.942586976320807e+05 1.942586976320807e+05 0.000000000000000e+00
5.886888664912001e-04 1.951467760386525e+05 1.951467760386525e+05 0.000000000000000e+00 0.000000000000000e+00 0.000000000000000e+00 1.951428044067018e+05 0.000000000000000e+00 0.000000000000000e+00 0.000000000000000e+00 1.942570932762026e+05 1.942570932762026e+05 0.000000000000000e+00
5.920874044059000e-04 1.951451598824736e+05 1.951451598824736e+05 0.000000000000000e+00 0.000000000000000e+00 0.000000000000000e+00 1.951411422689923e+05 0.000000000000000e+00 0.000000000000000e+00 0.000000000000000e+00 1.942554707041542e+05 1.942554707041542e+05 0.000000000000000e+00
5.955055622941000e-04 1.951435249607763e+05 1.951435249607763e+05 0.000000000000000e+00 0.000000000000000e+00 0.000000000000000e+00 1.951394608389838e+05 0.000000000000000e+00 0.000000000000000e+00 0.000000000000000e+00 1.942538297065779e+05 1.942538297065779e+05 0.000000000000000e+00
5.989434534231000e-04 1.951418712313710e+05 1.951418712313710e+05 0.000000000000000e+00 0.000000000000000e+00 0.000000000000000e+00 1.951377600453272e+05 0.000000000000000e+00 0.000000000000000e+00 0.000000000000000e+00 1.942521691960086e+05 1.942521691960086e+05 0.000000000000000e+00
6.024011917142000e-04 1.951401983676297e+05 1.951401983676297e+05 0.000000000000000e+00 0.000000000000000e+00 0.000000000000000e+00 1.951360395937005e+05 0.000000000000000e+00 0.000000000000000e+00 0.000000000000000e+00 1.942504898143957e+05 1.942504898143957e+05 0.000000000000000e+00
6.058788917463000e-04 1.951385061030340e+05 1.951385061030340e+05 0.000000000000000e+00 0.000000000000000e+00 0.000000000000000e+00 1.951342991919108e+05 0.000000000000000e+00 0.000000000000000e+00 0.000000000000000e+00 1.942487913000390e+05 1.942487913000390e+05 0.000000000000000e+00
6.093766687598000e-04 1.951367944498734e+05 1.951367944498734e+05 0.000000000000000e+00 0.000000000000000e+00 0.000000000000000e+00 1.951325388497839e+05 0.000000000000000e+00 0.000000000000000e+00 0.000000000000000e+00 1.942470729399042e+05 1.942470729399042e+05 0.000000000000000e+00
6.128946386603000e-04 1.951350631811378e+05 1.951350631811378e+05 0.000000000000000e+00 0.000000000000000e+00 0.000000000000000e+00 1.951307583091785e+05 0.000000000000000e+00 0.000000000000000e+00 0.000000000000000e+00 1.942453341379689e+05 1.942453341379689e+05 0.000000000000000e+00
6.164329180227001e-04 1.951333116028961e+05 1.951333116028961e+05 0.000000000000000e+00 0.000000000000000e+00 0.000000000000000e+00 1.951289568651396e+05 0.000000000000000e+00 0.000000000000000e+00 0.000000000000000e+00 1.942435757696270e+05 1.942435757696270e+05 0.000000000000000e+00
6.199916240948000e-04 1.951315401212856e+05 1.951315401212856e+05 0.000000000000000e+00 0.000000000000000e+00 0.000000000000000e+00 1.951271349557659e+05 0.000000000000000e+00 0.000000000000000e+00 0.000000000000000e+00 1.942417969761246e+05 1.942417969761246e+05 0.000000000000000e+00
6.235708748013000e-04 1.951297480080926e+05 1.951297480080926e+05 0.000000000000000e+00 0.000000000000000e+00 0.000000000000000e+00 1.951252918518080e+05 0.000000000000000e+00 0.000000000000000e+00 0.000000000000000e+00 1.942399978560918e+05 1.942399978560918e+05 0.000000000000000e+00
6.271707887475000e-04 1.951279351642733e+05 1.951279351642733e+05 0.000000000000000e+00 0.000000000000000e+00 0.000000000000000e+00 1.951234274239879e+05 0.000000000000000e+00 0.000000000000000e+00 0.000000000000000e+00 1.942381779250117e+05 1.942381779250117e+05 0.000000000000000e+00
6.307914852238000e-04 1.951261015214060e+05 1.951261015214060e+05 0.000000000000000e+00 0.000000000000000e+00 0.000000000000000e+00 1.951215415763156e+05 0.000000000000000e+00 0.000000000000000e+00 0.000000000000000e+00 1.942363368955661e+05 1.942363368955661e+05 0.000000000000000e+00
6.344330842090000e-04 1.951242467308746e+05 1.951242467308746e+05 0.000000000000000e+00 0.000000000000000e+00 0.000000000000000e+00 1.951196339939433e+05 0.000000000000000e+00 0.000000000000000e+00 0.000000000000000e+00 1.942344745306611e+05 1.942344745306611e+05 0.000000000000000e+00
6.380957063745000e-04 1.951223703698563e+05 1.951223703698563e+05 0.000000000000000e+00 0.000000000000000e+00 0.000000000000000e+00 1.951177042869998e+05 0.000000000000000e+00 0.000000000000000e+00 0.000000000000000e+00 1.942325907700373e+05 1.942325907700373e+05 0.000000000000000e+00
6.417794730885000e-04 1.951204724092310e+05 1.951204724092310e+05 0.000000000000000e+00 0.000000000000000e+00 0.000000000000000e+00 1.951157523184854e+05 0.000000000000000e+00 0.000000000000000e+00 0.000000000000000e+00 1.942306851626645e+05 1.942306851626645e+05 0.000000000000000e+00
6.454845064199000e-04 1.951185526946230e+05 1.951185526946230e+05 0.000000000000000e+00 0.000000000000000e+00 0.000000000000000e+00 1.951137779548859e+05 0.000000000000000e+00 0.000000000000000e+00 0.000000000000000e+00 1.942287574235176e+05 1.942287574235176e+05 0.000000000000000e+00
6.492109291421000e-04 1.951166106984081e+05 1.951166106984081e+05 0.000000000000000e+00 0.000000000000000e+00 0.000000000000000e+00 1.951117806929459e+05 0.000000000000000e+00 0.000000000000000e+00 0.000000000000000e+00 1.942268075446697e+05 1.942268075446697e+05 0.000000000000000e+00
6.529588647375000e-04 1.951146462823204e+05 1.951146462823204e+05 0.000000000000000e+00 0.000000000000000e+00 0.000000000000000e+00 1.951097603535383e+05 0.000000000000000e+00 0.000000000000000e+00 0.000000000000000e+00 1.942248353938098e+05 1.942248353938098e+05 0.000000000000000e+00
6.567284374011000e-04 1.951126592026132e+05 1.951126592026132e+05 0.000000000000000e+00 0.000000000000000e+00 0.000000000000000e+00 1.951077166893206e+05 0.000000000000000e+00 0.000000000000000e+00 0.000000000000000e+00 1.942228402449684e+05 1.942228402449684e+05 0.000000000000000e+00
6.605197720453000e-04 1.951106492391829e+05 1.951106492391829e+05 0.000000000000000e+00 0.000000000000000e+00 0.000000000000000e+00 1.951056495271438e+05 0.000000000000000e+00 0.000000000000000e+00 0.000000000000000e+00 1.942208219153152e+05 1.942208219153152e+05 0.000000000000000e+00
6.643329943032000e-04 1.951086160360731e+05 1.951086160360731e+05 0.000000000000000e+00 0.000000000000000e+00 0.000000000000000e+00 1.951035584522889e+05 0.000000000000000e+00 0.000000000000000e+00 0.000000000000000e+00 1.942187805269950e+05 1.942187805269950e+05 0.000000000000000e+00
6.681682305334000e-04 1.951065594316703e+05 1.951065594316703e+05 0.000000000000000e+00 0.000000000000000e+00 0.000000000000000e+00 1.951014433047491e+05 0.000000000000000e+00 0.000000000000000e+00 0.000000000000000e+00 1.942167154638085e+05 1.942167154638085e+05 0.000000000000000e+00
6.720256078241000e-04 1.951044790158849e+05 1.951044790158849e+05 0.000000000000000e+00 0.000000000000000e+00 0.000000000000000e+00 1.950993036763266e+05 0.000000000000000e+00 0.000000000000000e+00 0.000000000000000e+00 1.942146265250994e+05 1.942146265250994e+05 0.000000000000000e+00
6.759052539968000e-04 1.951023746953869e+05 1.951023746953869e+05 0.000000000000000e+00 0.000000000000000e+00 0.000000000000000e+00 1.950971394379492e+05 0.000000000000000e+00 0.000000000000000e+00 0.000000000000000e+00 1.942125135810718e+05 1.942125135810718e+05 0.000000000000000e+00
6.798072976114000e-04 1.951002460481007e+05 1.951002460481007e+05 0.000000000000000e+00 0.000000000000000e+00 0.000000000000000e+00 1.950949501992975e+05 0.000000000000000e+00 0.000000000000000e+00 0.000000000000000e+00 1.942103762988130e+05 1.942103762988130e+05 0.000000000000000e+00
6.837318679695000e-04 1.950980929649483e+05 1.950980929649483e+05 0.000000000000000e+00 0.000000000000000e+00 0.000000000000000e+00 1.950927358209956e+05 0.000000000000000e+00 0.000000000000000e+00 0.000000000000000e+00 1.942082138304809e+05 1.942082138304809e+05 0.000000000000000e+00
6.876790951196000e-04 1.950959149300101e+05 1.950959149300101e+05 0.000000000000000e+00 0.000000000000000e+00 0.000000000000000e+00 1.950904957753149e+05 0.000000000000000e+00 0.000000000000000e+00 0.000000000000000e+00 1.942060267767485e+05 1.942060267767485e+05 0.000000000000000e+00
6.916491098607000e-04 1.950937116957279e+05 1.950937116957279e+05 0.000000000000000e+00 0.000000000000000e+00 0.000000000000000e+00 1.950882298105917e+05 0.000000000000000e+00 0.000000000000000e+00 0.000000000000000e+00 1.942038145482346e+05 1.942038145482346e+05 0.000000000000000e+00
6.956420437470000e-04 1.950914831410214e+05 1.950914831410214e+05 0.000000000000000e+00 0.000000000000000e+00 0.000000000000000e+00 1.950859378053838e+05 0.000000000000000e+00 0.000000000000000e+00 0.000000000000000e+00 1.942015767042621e+05 1.942015767042621e+05 0.000000000000000e+00
6.996580290922000e-04 1.950892289388666e+05 1.950892289388666e+05 0.000000000000000e+00 0.000000000000000e+00 0.000000000000000e+00 1.950836194156656e+05 0.000000000000000e+00 0.000000000000000e+00 0.000000000000000e+00 1.941993129891211e+05 1.941993129891211e+05 0.000000000000000e+00
7.036971989738000e-04 1.950869486675161e+05 1.950869486675161e+05 0.000000000000000e+00 0.000000000000000e+00 0.000000000000000e+00 1.950812742241964e+05 0.000000000000000e+00 0.000000000000000e+00 0.000000000000000e+00 1.941970233041098e+05 1.941970233041098e+05 0.000000000000000e+00
7.077596872377000e-04 1.950846421803462e+05 1.950846421803462e+05 0.000000000000000e+00 0.000000000000000e+00 0.000000000000000e+00 1.950789020653694e+05 0.000000000000000e+00 0.000000000000000e+00 0.000000000000000e+00 1.941947069517171e+05 1.941947069517171e+05 0.000000000000000e+00
7.118456285021999e-04 1.950823089239649e+05 1.950823089239649e+05 0.000000000000000e+00 0.000000000000000e+00 0.000000000000000e+00 1.950765023600381e+05 0.000000000000000e+00 0.000000000000000e+00 0.000000000000000e+00 1.941923640726471e+05 1.941923640726471e+05 0.000000000000000e+00
7.159551581629999e-04 1.950799489728596e+05 1.950799489728596e+05 0.000000000000000e+00 0.000000000000000e+00 0.000000000000000e+00 1.950740752151874e+05 0.000000000000000e+00 0.000000000000000e+00 0.000000000000000e+00 1.941899939015131e+05 1.941899939015131e+05 0.000000000000000e+00
7.200884123975000e-04 1.950775616670635e+05 1.950775616670635e+05 0.000000000000000e+00 0.000000000000000e+00 0.000000000000000e+00 1.950716199438993e+05 0.000000000000000e+00 0.000000000000000e+00 0.000000000000000e+00 1.941875965686720e+05 1.941875965686720e+05 0.000000000000000e+00
7.242455281691000e-04 1.950751469129114e+05 1.950751469129114e+05 0.000000000000000e+00 0.000000000000000e+00 0.000000000000000e+00 1.950691363766668e+05 0.000000000000000e+00 0.000000000000000e+00 0.000000000000000e+00 1.941851713330782e+05 1.941851713330782e+05 0.000000000000000e+00
7.284266432320000e-04 1.950727041711625e+05 1.950727041711625e+05 0.000000000000000e+00 0.000000000000000e+00 0.000000000000000e+00 1.950666240840262e+05 0.000000000000000e+00 0.000000000000000e+00 0.000000000000000e+00 1.941827184114333e+05 1.941827184114333e+05 0.000000000000000e+00
7.326318961355000e-04 1.950702335133526e+05 1.950702335133526e+05 0.000000000000000e+00 0.000000000000000e+00 0.000000000000000e+00 1.950640830165368e+05 0.000000000000000e+00 0.000000000000000e+00 0.000000000000000e+00 1.941802369083410e+05 1.941802369083410e+05 0.000000000000000e+00
7.368614262290000e-04 1.950677340786495e+05 1.950677340786495e+05 0.000000000000000e+00 0.000000000000000e+00 0.000000000000000e+00 1.950615123999821e+05 0.000000000000000e+00 0.000000000000000e+00 0.000000000000000e+00 1.941777270827336e+05 1.941777270827336e+05 0.000000000000000e+00
7.411153736661000e-04 1.950652059686670e+05 1.950652059686670e+05 0.000000000000000e+00 0.000000000000000e+00 0.000000000000000e+00 1.950589122820258e+05 0.000000000000000e+00 0.000000000000000e+00 0.000000000000000e+00 1.941751882052699e+05 1.941751882052699e+05 0.000000000000000e+00
7.453938794098999e-04 1.950626489107730e+05 1.950626489107730e+05 0.000000000000000e+00 0.000000000000000e+00 0.000000000000000e+00 1.950562823700994e+05 0.000000000000000e+00 0.000000000000000e+00 0.000000000000000e+00 1.941726197674922e+05 1.941726197674922e+05 0.000000000000000e+00
7.496970852367999e-04 1.950600622183935e+05 1.950600622183935e+05 0.000000000000000e+00 0.000000000000000e+00 0.000000000000000e+00 1.950536220058333e+05 0.000000000000000e+00 0.000000000000000e+00 0.000000000000000e+00 1.941700218085974e+05 1.941700218085974e+05 0.000000000000000e+00
7.540251337421000e-04 1.950574455713950e+05 1.950574455713950e+05 0.000000000000000e+00 0.000000000000000e+00 0.000000000000000e+00 1.950509308120726e+05 0.000000000000000e+00 0.000000000000000e+00 0.000000000000000e+00 1.941673939596709e+05 1.941673939596709e+05 0.000000000000000e+00
7.583781683441000e-04 1.950547989575299e+05 1.950547989575299e+05 0.000000000000000e+00 0.000000000000000e+00 0.000000000000000e+00 1.950482087997284e+05 0.000000000000000e+00 0.000000000000000e+00 0.000000000000000e+00 1.941647357363330e+05 1.941647357363330e+05 0.000000000000000e+00
7.627563332891001e-04 1.950521218292690e+05 1.950521218292690e+05 0.000000000000000e+00 0.000000000000000e+00 0.000000000000000e+00 1.950454554030030e+05 0.000000000000000e+00 0.000000000000000e+00 0.000000000000000e+00 1.941620469960447e+05 1.941620469960447e+05 0.000000000000000e+00
7.671597736561000e-04 1.950494137940630e+05 1.950494137940630e+05 0.000000000000000e+00 0.000000000000000e+00 0.000000000000000e+00 1.950426702173450e+05 0.000000000000000e+00 0.000000000000000e+00 0.000000000000000e+00 1.941593270519315e+05 1.941593270519315e+05 0.000000000000000e+00
7.715886353618999e-04 1.950466745172795e+05 1.950466745172795e+05 0.000000000000000e+00 0.000000000000000e+00 0.000000000000000e+00 1.950398528816944e+05 0.000000000000000e+00 0.000000000000000e+00 0.000000000000000e+00 1.941565758263554e+05 1.941565758263554e+05 0.000000000000000e+00
7.760430651652000e-04 1.950439037095689e+05 1.950439037095689e+05 0.000000000000000e+00 0.000000000000000e+00 0.000000000000000e+00 1.950370031291197e+05 0.000000000000000e+00 0.000000000000000e+00 0.000000000000000e+00 1.941537927748379e+05 1.941537927748379e+05 0.000000000000000e+00
7.805232106725000e-04 1.950411010067035e+05 1.950411010067035e+05 0.000000000000000e+00 0.000000000000000e+00 0.000000000000000e+00 1.950341206086131e+05 0.000000000000000e+00 0.000000000000000e+00 0.000000000000000e+00 1.941509777676350e+05 1.941509777676350e+05 0.000000000000000e+00
7.850292203420000e-04 1.950382660390014e+05 1.950382660390014e+05 0.000000000000000e+00 0.000000000000000e+00 0.000000000000000e+00 1.950312048647450e+05 0.000000000000000e+00 0.000000000000000e+00 0.000000000000000e+00 1.941481301566348e+05 1.941481301566348e+05 0.000000000000000e+00
7.895612434893001e-04 1.950353984375078e+05 1.950353984375078e+05 0.000000000000000e+00 0.000000000000000e+00 0.000000000000000e+00 1.950282555360931e+05 0.000000000000000e+00 0.000000000000000e+00 0.000000000000000e+00 1.941452496924279e+05 1.941452496924279e+05 0.000000000000000e+00
7.941194302917000e-04 1.950324976179580e+05 1.950324976179580e+05 0.000000000000000e+00 0.000000000000000e+00 0.000000000000000e+00 1.950252720528370e+05 0.000000000000000e+00 0.000000000000000e+00 0.000000000000000e+00 1.941423361160771e+05 1.941423361160771e+05 0.000000000000000e+00
7.987039317936000e-04 1.950295635583739e+05 1.950295635583739e+05 0.000000000000000e+00 0.000000000000000e+00 0.000000000000000e+00 1.950222543904185e+05 0.000000000000000e+00 0.000000000000000e+00 0.000000000000000e+00 1.941393888871970e+05 1.941393888871970e+05 0.000000000000000e+00
8.033148999116000e-04 1.950265956056304e+05 1.950265956056304e+05 0.000000000000000e+00 0.000000000000000e+00 0.000000000000000e+00 1.950192018450032e+05 0.000000000000000e+00 0.000000000000000e+00 0.000000000000000e+00 1.941364076657678e+05 1.941364076657678e+05 0.000000000000000e+00
8.079524874390000e-04 1.950235936147750e+05 1.950235936147750e+05 0.000000000000000e+00 0.000000000000000e+00 0.000000000000000e+00 1.950161142899710e+05 0.000000000000000e+00 0.000000000000000e+00 0.000000000000000e+00 1.941333919777478e+05 1.941333919777478e+05 0.000000000000000e+00
8.126168480514000e-04 1.950205568225216e+05 1.950205568225216e+05 0.000000000000000e+00 0.000000000000000e+00 0.000000000000000e+00 1.950129909466997e+05 0.000000000000000e+00 0.000000000000000e+00 0.000000000000000e+00 1.941303416205716e+05 1.941303416205716e+05 0.000000000000000e+00
8.173081363115001e-04 1.950174850972876e+05 1.950174850972876e+05 0.000000000000000e+00 0.000000000000000e+00 0.000000000000000e+00 1.950098316977226e+05 0.000000000000000e+00 0.000000000000000e+00 0.000000000000000e+00 1.941272561429447e+05 1.941272561429447e+05 0.000000000000000e+00
8.220265076743000e-04 1.950143781323191e+05 1.950143781323191e+05 0.000000000000000e+00 0.000000000000000e+00 0.000000000000000e+00 1.950066361693908e+05 0.000000000000000e+00 0.000000000000000e+00 0.000000000000000e+00 1.941241349185221e+05 1.941241349185221e+05 0.000000000000000e+00
8.267721184922000e-04 1.950112353950800e+05 1.950112353950800e+05 0.000000000000000e+00 0.000000000000000e+00 0.000000000000000e+00 1.950034038461841e+05 0.000000000000000e+00 0.000000000000000e+00 0.000000000000000e+00 1.941209777448908e+05 1.941209777448908e+05 0.000000000000000e+00
8.315451260203000e-04 1.950080564125438e+05 1.950080564125438e+05 0.000000000000000e+00 0.000000000000000e+00 0.000000000000000e+00 1.950001342587965e+05 0.000000000000000e+00 0.000000000000000e+00 0.000000000000000e+00 1.941177842536987e+05 1.941177842536987e+05 0.000000000000000e+00
8.363456884215999e-04 1.950048407844535e+05 1.950048407844535e+05 0.000000000000000e+00 0.000000000000000e+00 0.000000000000000e+00 1.949968269556778e+05 0.000000000000000e+00 0.000000000000000e+00 0.000000000000000e+00 1.941145539765935e+05 1.941145539765935e+05 0.000000000000000e+00
8.411739647721000e-04 1.950015882273727e+05 1.950015882273727e+05 0.000000000000000e+00 0.000000000000000e+00 0.000000000000000e+00 1.949934816624701e+05 0.000000000000000e+00 0.000000000000000e+00 0.000000000000000e+00 1.941112863044619e+05 1.941112863044619e+05 0.000000000000000e+00
8.460301150661000e-04 1.949982981255930e+05 1.949982981255930e+05 0.000000000000000e+00 0.000000000000000e+00 0.000000000000000e+00 1.949900977509418e+05 0.000000000000000e+00 0.000000000000000e+00 0.000000000000000e+00 1.941079810936168e+05 1.941079810936168e+05 0.000000000000000e+00
8.509143002218000e-04 1.949949701938056e+05 1.949949701938056e+05 0.000000000000000e+00 0.000000000000000e+00 0.000000000000000e+00 1.949866749007993e+05 0.000000000000000e+00 0.000000000000000e+00 0.000000000000000e+00 1.941046376196220e+05 1.941046376196220e+05 0.000000000000000e+00
8.558266820861000e-04 1.949916039622702e+05 1.949916039622702e+05 0.000000000000000e+00 0.000000000000000e+00 0.000000000000000e+00 1.949832125803832e+05 0.000000000000000e+00 0.000000000000000e+00 0.000000000000000e+00 1.941012555520447e+05 1.941012555520447e+05 0.000000000000000e+00
8.607674234403000e-04 1.949881990070471e+05 1.949881990070471e+05 0.000000000000000e+00 0.000000000000000e+00 0.000000000000000e+00 1.949797106503131e+05 0.000000000000000e+00 0.000000000000000e+00 0.000000000000000e+00 1.940978348753131e+05 1.940978348753131e+05 0.000000000000000e+00
8.657366880057000e-04 1.949847548566177e+05 1.949847548566177e+05 0.000000000000000e+00 0.000000000000000e+00 0.000000000000000e+00 1.949761681598260e+05 0.000000000000000e+00 0.000000000000000e+00 0.000000000000000e+00 1.940943742682235e+05 1.940943742682235e+05 0.000000000000000e+00
8.707346404484000e-04 1.949812710284994e+05 1.949812710284994e+05 0.000000000000000e+00 0.000000000000000e+00 0.000000000000000e+00 1.949725850006352e+05 0.000000000000000e+00 0.000000000000000e+00 0.000000000000000e+00 1.940908742475543e+05 1.940908742475543e+05 0.000000000000000e+00
8.757614463855000e-04 1.949777472052767e+05 1.949777472052767e+05 0.000000000000000e+00 0.000000000000000e+00 0.000000000000000e+00 1.949689606769314e+05 0.000000000000000e+00 0.000000000000000e+00 0.000000000000000e+00 1.940873337634113e+05 1.940873337634113e+05 0.000000000000000e+00
8.808172723900000e-04 1.949741826870450e+05 1.949741826870450e+05 0.000000000000000e+00 0.000000000000000e+00 0.000000000000000e+00 1.949652944955822e+05 0.000000000000000e+00 0.000000000000000e+00 0.000000000000000e+00 1.940837525193934e+05 1.940837525193934e+05 0.000000000000000e+00
8.859022859966000e-04 1.949705772605621e+05 1.949705772605621e+05 0.000000000000000e+00 0.000000000000000e+00 0.000000000000000e+00 1.949615862398603e+05 0.000000000000000e+00 0.000000000000000e+00 0.000000000000000e+00 1.940801297790997e+05 1.940801297790997e+05 0.000000000000000e+00
8.910166557070000e-04 1.949669303905735e+05 1.949669303905735e+05 0.000000000000000e+00 0.000000000000000e+00 0.000000000000000e+00 1.949578353104672e+05 0.000000000000000e+00 0.000000000000000e+00 0.000000000000000e+00 1.940764654191170e+05 1.940764654191170e+05 0.000000000000000e+00
8.961605509960000e-04 1.949632415126529e+05 1.949632415126529e+05 0.000000000000000e+00 0.000000000000000e+00 0.000000000000000e+00 1.949540412007326e+05 0.000000000000000e+00 0.000000000000000e+00 0.000000000000000e+00 1.940727588410839e+05 1.940727588410839e+05 0.000000000000000e+00
9.013341423166000e-04 1.949595102373267e+05 1.949595102373267e+05 0.000000000000000e+00 0.000000000000000e+00 0.000000000000000e+00 1.949502035129633e+05 0.000000000000000e+00 0.000000000000000e+00 0.000000000000000e+00 1.940690096625618e+05 1.940690096625618e+05 0.000000000000000e+00
9.065376011058000e-04 1.949557359432905e+05 1.949557359432905e+05 0.000000000000000e+00 0.000000000000000e+00 0.000000000000000e+00 1.949463215271879e+05 0.000000000000000e+00 0.000000000000000e+00 0.000000000000000e+00 1.940652172648151e+05 1.940652172648151e+05 0.000000000000000e+00
9.117710997904000e-04 1.949519183904342e+05 1.949519183904342e+05 0.000000000000000e+00 0.000000000000000e+00 0.000000000000000e+00 1.949423950670436e+05 0.000000000000000e+00 0.000000000000000e+00 0.000000000000000e+00 1.940613810730116e+05 1.940613810730116e+05 0.000000000000000e+00
9.170348117927000e-04 1.949480568337826e+05 1.949480568337826e+05 0.000000000000000e+00 0.000000000000000e+00 0.000000000000000e+00 1.949384233404537e+05 0.000000000000000e+00 0.000000000000000e+00 0.000000000000000e+00 1.940575008478955e+05 1.940575008478955e+05 0.000000000000000e+00
9.223289115359000e-04 1.949441509463617e+05 1.949441509463617e+05 0.000000000000000e+00 0.000000000000000e+00 0.000000000000000e+00 1.949344060050279e+05 0.000000000000000e+00 0.000000000000000e+00 0.000000000000000e+00 1.940535757796954e+05 1.940535757796954e+05 0.000000000000000e+00
9.276535744505000e-04 1.949402000703817e+05 1.949402000703817e+05 0.000000000000000e+00 0.000000000000000e+00 0.000000000000000e+00 1.949303423459333e+05 0.000000000000000e+00 0.000000000000000e+00 0.000000000000000e+00 1.940496055456466e+05 1.940496055456466e+05 0.000000000000000e+00
9.330089769796000e-04 1.949362038138965e+05 1.949362038138965e+05 0.000000000000000e+00 0.000000000000000e+00 0.000000000000000e+00 1.949262320654254e+05 0.000000000000000e+00 0.000000000000000e+00 0.000000000000000e+00 1.940455896483300e+05 1.940455896483300e+05 0.000000000000000e+00
9.383952965849000e-04 1.949321615162292e+05 1.949321615162292e+05 0.000000000000000e+00 0.000000000000000e+00 0.000000000000000e+00 1.949220743614003e+05 0.000000000000000e+00 0.000000000000000e+00 0.000000000000000e+00 1.940415273541878e+05 1.940415273541878e+05 0.000000000000000e+00
9.438127117526000e-04 1.949280728890109e+05 1.949280728890109e+05 0.000000000000000e+00 0.000000000000000e+00 0.000000000000000e+00 1.949178690432176e+05 0.000000000000000e+00 0.000000000000000e+00 0.000000000000000e+00 1.940374184076584e+05 1.940374184076584e+05 0.000000000000000e+00
9.492614019994000e-04 1.949239371478732e+05 1.949239371478732e+05 0.000000000000000e+00 0.000000000000000e+00 0.000000000000000e+00 1.949136152387984e+05 0.000000000000000e+00 0.000000000000000e+00 0.000000000000000e+00 1.940332621199920e+05 1.940332621199920e+05 0.000000000000000e+00
9.547415478783000e-04 1.949197539279556e+05 1.949197539279556e+05 0.000000000000000e+00 0.000000000000000e+00 0.000000000000000e+00 1.949093125934421e+05 0.000000000000000e+00 0.000000000000000e+00 0.000000000000000e+00 1.940290579091160e+05 1.940290579091160e+05 0.000000000000000e+00
9.602533309846000e-04 1.949155225516440e+05 1.949155225516440e+05 0.000000000000000e+00 0.000000000000000e+00 0.000000000000000e+00 1.949049604088172e+05 0.000000000000000e+00 0.000000000000000e+00 0.000000000000000e+00 1.940248053729197e+05 1.940248053729197e+05 0.000000000000000e+00
9.657969339620000e-04 1.949112426946704e+05 1.949112426946704e+05 0.000000000000000e+00 0.000000000000000e+00 0.000000000000000e+00 1.949005583752547e+05 0.000000000000000e+00 0.000000000000000e+00 0.000000000000000e+00 1.940205039300788e+05 1.940205039300788e+05 0.000000000000000e+00
9.713725405086000e-04 1.949069136134511e+05 1.949069136134511e+05 0.000000000000000e+00 0.000000000000000e+00 0.000000000000000e+00 1.948961056959929e+05 0.000000000000000e+00 0.000000000000000e+00 0.000000000000000e+00 1.940161528818945e+05 1.940161528818945e+05 0.000000000000000e+00
9.769803353831001e-04 1.949025348435343e+05 1.949025348435343e+05 0.000000000000000e+00 0.000000000000000e+00 0.000000000000000e+00 1.948916019111215e+05 0.000000000000000e+00 0.000000000000000e+00 0.000000000000000e+00 1.940117517979735e+05 1.940117517979735e+05 0.000000000000000e+00
9.826205044108000e-04 1.948981056865778e+05 1.948981056865778e+05 0.000000000000000e+00 0.000000000000000e+00 0.000000000000000e+00 1.948870462879567e+05 0.000000000000000e+00 0.000000000000000e+00 0.000000000000000e+00 1.940073000455487e+05 1.940073000455487e+05 0.000000000000000e+00
9.882932344895000e-04 1.948936256489039e+05 1.948936256489039e+05 0.000000000000000e+00 0.000000000000000e+00 0.000000000000000e+00 1.948824383018814e+05 0.000000000000000e+00 0.000000000000000e+00 0.000000000000000e+00 1.940027971136670e+05 1.940027971136670e+05 0.000000000000000e+00
9.939987135963999e-04 1.948890941988472e+05 1.948890941988472e+05 0.000000000000000e+00 0.000000000000000e+00 0.000000000000000e+00 1.948777774395953e+05 0.000000000000000e+00 0.000000000000000e+00 0.000000000000000e+00 1.939982422790058e+05 1.939982422790058e+05 0.000000000000000e+00
9.997371307937000e-04 1.948845106531104e+05 1.948845106531104e+05 0.000000000000000e+00 0.000000000000000e+00 0.000000000000000e+00 1.948730629910133e+05 0.000000000000000e+00 0.000000000000000e+00 0.000000000000000e+00 1.939936349749957e+05 1.939936349749957e+05 0.000000000000000e+00
1.005508676235000e-03 1.948798744669372e+05 1.948798744669372e+05 0.000000000000000e+00 0.000000000000000e+00 0.000000000000000e+00 1.948682943223410e+05 0.000000000000000e+00 0.000000000000000e+00 0.000000000000000e+00 1.939889746604995e+05 1.939889746604995e+05 0.000000000000000e+00
1.011313541172000e-03 1.948751851232271e+05 1.948751851232271e+05 0.000000000000000e+00 0.000000000000000e+00 0.000000000000000e+00 1.948634710613937e+05 0.000000000000000e+00 0.000000000000000e+00 0.000000000000000e+00 1.939842608910096e+05 1.939842608910096e+05 0.000000000000000e+00
1.017151917959000e-03 1.948704418488887e+05 1.948704418488887e+05 0.000000000000000e+00 0.000000000000000e+00 0.000000000000000e+00 1.948585922629097e+05 0.000000000000000e+00 0.000000000000000e+00 0.000000000000000e+00 1.939794927258828e+05 1.939794927258828e+05 0.000000000000000e+00
1.023024000064000e-03 1.948656441908638e+05 1.948656441908638e+05 0.000000000000000e+00 0.000000000000000e+00 0.000000000000000e+00 1.948536575613173e+05 0.000000000000000e+00 0.000000000000000e+00 0.000000000000000e+00 1.939746697835808e+05 1.939746697835808e+05 0.000000000000000e+00
1.028929982069000e-03 1.948607913841539e+05 1.948607913841539e+05 0.000000000000000e+00 0.000000000000000e+00 0.000000000000000e+00 1.948486661132347e+05 0.000000000000000e+00 0.000000000000000e+00 0.000000000000000e+00 1.939697913708948e+05 1.939697913708948e+05 0.000000000000000e+00
1.034870059680000e-03 1.948558829519206e+05 1.948558829519206e+05 0.000000000000000e+00 0.000000000000000e+00 0.000000000000000e+00 1.948436174290681e+05 0.000000000000000e+00 0.000000000000000e+00 0.000000000000000e+00 1.939648568571404e+05 1.939648568571404e+05 0.000000000000000e+00
1.040844429733000e-03 1.948509180771637e+05 1.948509180771637e+05 0.000000000000000e+00 0.000000000000000e+00 0.000000000000000e+00 1.948385107103502e+05 0.000000000000000e+00 0.000000000000000e+00 0.000000000000000e+00 1.939598655713243e+05 1.939598655713243e+05 0.000000000000000e+00
1.046853290201000e-03 1.948458963574868e+05 1.948458963574868e+05 0.000000000000000e+00 0.000000000000000e+00 0.000000000000000e+00 1.948333454814151e+05 0.000000000000000e+00 0.000000000000000e+00 0.000000000000000e+00 1.939548169159341e+05 1.939548169159341e+05 0.000000000000000e+00
1.052896840198000e-03 1.948408169880415e+05 1.948408169880415e+05 0.000000000000000e+00 0.000000000000000e+00 0.000000000000000e+00 1.948281209458002e+05 0.000000000000000e+00 0.000000000000000e+00 0.000000000000000e+00 1.939497102070479e+05 1.939497102070479e+05 0.000000000000000e+00
1.058975279991000e-03 1.948356792080129e+05 1.948356792080129e+05 0.000000000000000e+00 0.000000000000000e+00 0.000000000000000e+00 1.948228363266959e+05 0.000000000000000e+00 0.000000000000000e+00 0.000000000000000e+00 1.939445447198113e+05 1.939445447198113e+05 0.000000000000000e+00
1.065088811000000e-03 1.948304825283941e+05 1.948304825283941e+05 0.000000000000000e+00 0.000000000000000e+00 0.000000000000000e+00 1.948174910768033e+05 0.000000000000000e+00 0.000000000000000e+00 0.000000000000000e+00 1.939393197478203e+05 1.939393197478203e+05 0.000000000000000e+00
1.071237635808000e-03 1.948252262800016e+05 1.948252262800016e+05 0.000000000000000e+00 0.000000000000000e+00 0.000000000000000e+00 1.948120845572536e+05 0.000000000000000e+00 0.000000000000000e+00 0.000000000000000e+00 1.939340347756645e+05 1.939340347756645e+05 0.000000000000000e+00
1.077421958170000e-03 1.948199097994778e+05 1.948199097994778e+05 0.000000000000000e+00 0.000000000000000e+00 0.000000000000000e+00 1.948066161584710e+05 0.000000000000000e+00 0.000000000000000e+00 0.000000000000000e+00 1.939286892079627e+05 1.939286892079627e+05 0.000000000000000e+00
1.083641983014000e-03 1.948145322069427e+05 1.948145322069427e+05 0.000000000000000e+00 0.000000000000000e+00 0.000000000000000e+00 1.948010847771174e+05 0.000000000000000e+00 0.000000000000000e+00 0.000000000000000e+00 1.939232819920559e+05 1.939232819920559e+05 0.000000000000000e+00
1.089897916453000e-03 1.948090930534607e+05 1.948090930534607e+05 0.000000000000000e+00 0.000000000000000e+00 0.000000000000000e+00 1.947954900990280e+05 0.000000000000000e+00 0.000000000000000e+00 0.000000000000000e+00 1.939178126809825e+05 1.939178126809825e+05 0.000000000000000e+00
1.096189965790000e-03 1.948035915456722e+05 1.948035915456722e+05 0.000000000000000e+00 0.000000000000000e+00 0.000000000000000e+00 1.947898312572622e+05 0.000000000000000e+00 0.000000000000000e+00 0.000000000000000e+00 1.939122805136901e+05 1.939122805136901e+05 0.000000000000000e+00
1.102518339524000e-03 1.947980270823697e+05 1.947980270823697e+05 0.000000000000000e+00 0.000000000000000e+00 0.000000000000000e+00 1.947841076373824e+05 0.000000000000000e+00 0.000000000000000e+00 0.000000000000000e+00 1.939066847859069e+05 1.939066847859069e+05 0.000000000000000e+00
1.108883247359000e-03 1.947923984956509e+05 1.947923984956509e+05 0.000000000000000e+00 0.000000000000000e+00 0.000000000000000e+00 1.947783180747182e+05 0.000000000000000e+00 0.000000000000000e+00 0.000000000000000e+00 1.939010247177361e+05 1.939010247177361e+05 0.000000000000000e+00
1.115284900208000e-03 1.947867054821117e+05 1.947867054821117e+05 0.000000000000000e+00 0.000000000000000e+00 0.000000000000000e+00 1.947724622061909e+05 0.000000000000000e+00 0.000000000000000e+00 0.000000000000000e+00 1.938952996087034e+05 1.938952996087034e+05 0.000000000000000e+00
1.121723510201000e-03 1.947809475267890e+05 1.947809475267890e+05 0.000000000000000e+00 0.000000000000000e+00 0.000000000000000e+00 1.947665395541754e+05 0.000000000000000e+00 0.000000000000000e+00 0.000000000000000e+00 1.938895089130306e+05 1.938895089130306e+05 0.000000000000000e+00
1.128199290696000e-03 1.947751232311578e+05 1.947751232311578e+05 0.000000000000000e+00 0.000000000000000e+00 0.000000000000000e+00 1.947605486376077e+05 0.000000000000000e+00 0.000000000000000e+00 0.000000000000000e+00 1.938836514868953e+05 1.938836514868953e+05 0.000000000000000e+00
1.134712456280000e-03 1.947692323669893e+05 1.947692323669893e+05 0.000000000000000e+00 0.000000000000000e+00 0.000000000000000e+00 1.947544892145091e+05 0.000000000000000e+00 0.000000000000000e+00 0.000000000000000e+00 1.938777268147597e+05 1.938777268147597e+05 0.000000000000000e+00
1.141263222779000e-03 1.947632738992860e+05 1.947632738992860e+05 0.000000000000000e+00 0.000000000000000e+00 0.000000000000000e+00 1.947483602395070e+05 0.000000000000000e+00 0.000000000000000e+00 0.000000000000000e+00 1.938717341032454e+05 1.938717341032454e+05 0.000000000000000e+00
1.147851807266000e-03 1.947572473070356e+05 1.947572473070356e+05 0.000000000000000e+00 0.000000000000000e+00 0.000000000000000e+00 1.947421611871688e+05 0.000000000000000e+00 0.000000000000000e+00 0.000000000000000e+00 1.938656726560991e+05 1.938656726560991e+05 0.000000000000000e+00
1.154478428066000e-03 1.947511516633964e+05 1.947511516633964e+05 0.000000000000000e+00 0.000000000000000e+00 0.000000000000000e+00 1.947358910977751e+05 0.000000000000000e+00 0.000000000000000e+00 0.000000000000000e+00 1.938595415081812e+05 1.938595415081812e+05 0.000000000000000e+00
1.161143304765000e-03 1.947449861194246e+05 1.947449861194246e+05 0.000000000000000e+00 0.000000000000000e+00 0.000000000000000e+00 1.947295490963918e+05 0.000000000000000e+00 0.000000000000000e+00 0.000000000000000e+00 1.938533399913610e+05 1.938533399913610e+05 0.000000000000000e+00
1.167846658217000e-03 1.947387499308313e+05 1.947387499308313e+05 0.000000000000000e+00 0.000000000000000e+00 0.000000000000000e+00 1.947231343250804e+05 0.000000000000000e+00 0.000000000000000e+00 0.000000000000000e+00 1.938470671622517e+05 1.938470671622517e+05 0.000000000000000e+00
1.174588710552000e-03 1.947324408279464e+05 1.947324408279464e+05 0.000000000000000e+00 0.000000000000000e+00 0.000000000000000e+00 1.947166446734584e+05 0.000000000000000e+00 0.000000000000000e+00 0.000000000000000e+00 1.938407219101108e+05 1.938407219101108e+05 0.000000000000000e+00
1.181369685179000e-03 1.947260627361918e+05 1.947260627361918e+05 0.000000000000000e+00 0.000000000000000e+00 0.000000000000000e+00 1.947100839324160e+05 0.000000000000000e+00 0.000000000000000e+00 0.000000000000000e+00 1.938343048523263e+05 1.938343048523263e+05 0.000000000000000e+00
1.188189806800000e-03 1.947196100332315e+05 1.947196100332315e+05 0.000000000000000e+00 0.000000000000000e+00 0.000000000000000e+00 1.947034464656345e+05 0.000000000000000e+00 0.000000000000000e+00 0.000000000000000e+00 1.938278136500703e+05 1.938278136500703e+05 0.000000000000000e+00
1.195049301412000e-03 1.947130837481364e+05 1.947130837481364e+05 0.000000000000000e+00 0.000000000000000e+00 0.000000000000000e+00 1.946967333590414e+05 0.000000000000000e+00 0.000000000000000e+00 0.000000000000000e+00 1.938212481620030e+05 1.938212481620030e+05 0.000000000000000e+00
1.201948396320000e-03 1.947064825382292e+05 1.947064825382292e+05 0.000000000000000e+00 0.000000000000000e+00 0.000000000000000e+00 1.946899430773144e+05 0.000000000000000e+00 0.000000000000000e+00 0.000000000000000e+00 1.938146070723492e+05 1.938146070723492e+05 0.000000000000000e+00
1.208887320136000e-03 1.946998054769662e+05 1.946998054769662e+05 0.000000000000000e+00 0.000000000000000e+00 0.000000000000000e+00 1.946830747891928e+05 0.000000000000000e+00 0.000000000000000e+00 0.000000000000000e+00 1.938078896637839e+05 1.938078896637839e+05 0.000000000000000e+00
1.215866302798000e-03 1.946930523534942e+05 1.946930523534942e+05 0.000000000000000e+00 0.000000000000000e+00 0.000000000000000e+00 1.946761283268701e+05 0.000000000000000e+00 0.000000000000000e+00 0.000000000000000e+00 1.938010956161539e+05 1.938010956161539e+05 0.000000000000000e+00
1.222885575565000e-03 1.946862217848580e+05 1.946862217848580e+05 0.000000000000000e+00 0.000000000000000e+00 0.000000000000000e+00 1.946691018309055e+05 0.000000000000000e+00 0.000000000000000e+00 0.000000000000000e+00 1.937942228233368e+05 1.937942228233368e+05 0.000000000000000e+00
1.229945371037000e-03 1.946793132325812e+05 1.946793132325812e+05 0.000000000000000e+00 0.000000000000000e+00 0.000000000000000e+00 1.946619953610494e+05 0.000000000000000e+00 0.000000000000000e+00 0.000000000000000e+00 1.937872717363040e+05 1.937872717363040e+05 0.000000000000000e+00
1.237045923153000e-03 1.946723258145212e+05 1.946723258145212e+05 0.000000000000000e+00 0.000000000000000e+00 0.000000000000000e+00 1.946548077662752e+05 0.000000000000000e+00 0.000000000000000e+00 0.000000000000000e+00 1.937802410164180e+05 1.937802410164180e+05 0.000000000000000e+00
1.244187467203000e-03 1.946652583135900e+05 1.946652583135900e+05 0.000000000000000e+00 0.000000000000000e+00 0.000000000000000e+00 1.946475377726528e+05 0.000000000000000e+00 0.000000000000000e+00 0.000000000000000e+00 1.937731295623994e+05 1.937731295623994e+05 0.000000000000000e+00
1.251370239837000e-03 1.946581099867924e+05 1.946581099867924e+05 0.000000000000000e+00 0.000000000000000e+00 0.000000000000000e+00 1.946401845776869e+05 0.000000000000000e+00 0.000000000000000e+00 0.000000000000000e+00 1.937659366152251e+05 1.937659366152251e+05 0.000000000000000e+00
1.258594479070000e-03 1.946508800634029e+05 1.946508800634029e+05 0.000000000000000e+00 0.000000000000000e+00 0.000000000000000e+00 1.946327474406327e+05 0.000000000000000e+00 0.000000000000000e+00 0.000000000000000e+00 1.937586611176628e+05 1.937586611176628e+05 0.000000000000000e+00
1.265860424292000e-03 1.946435673983101e+05 1.946435673983101e+05 0.000000000000000e+00 0.000000000000000e+00 0.000000000000000e+00 1.946252251454349e+05 0.000000000000000e+00 0.000000000000000e+00 0.000000000000000e+00 1.937513022195935e+05 1.937513022195935e+05 0.000000000000000e+00
1.273168316272000e-03 1.946361712641101e+05 1.946361712641101e+05 0.000000000000000e+00 0.000000000000000e+00 0.000000000000000e+00 1.946176169863336e+05 0.000000000000000e+00 0.000000000000000e+00 0.000000000000000e+00 1.937438589521362e+05 1.937438589521362e+05 0.000000000000000e+00
1.280518397174000e-03 1.946286907131368e+05 1.946286907131368e+05 0.000000000000000e+00 0.000000000000000e+00 0.000000000000000e+00 1.946099222806283e+05 0.000000000000000e+00 0.000000000000000e+00 0.000000000000000e+00 1.937363311364741e+05 1.937363311364741e+05 0.000000000000000e+00
1.287910910556000e-03 1.946211245253264e+05 1.946211245253264e+05 0.000000000000000e+00 0.000000000000000e+00 0.000000000000000e+00 1.946021391276602e+05 0.000000000000000e+00 0.000000000000000e+00 0.000000000000000e+00 1.937287162237944e+05 1.937287162237944e+05 0.000000000000000e+00
1.295346101383000e-03 1.946134720036369e+05 1.946134720036369e+05 0.000000000000000e+00 0.000000000000000e+00 0.000000000000000e+00 1.945942667438415e+05 0.000000000000000e+00 0.000000000000000e+00 0.000000000000000e+00 1.937210134533609e+05 1.937210134533609e+05 0.000000000000000e+00
1.302824216036000e-03 1.946057321175860e+05 1.946057321175860e+05 0.000000000000000e+00 0.000000000000000e+00 0.000000000000000e+00 1.945863049163894e+05 0.000000000000000e+00 0.000000000000000e+00 0.000000000000000e+00 1.937132233440558e+05 1.937132233440558e+05 0.000000000000000e+00
1.310345502315000e-03 1.945979038106219e+05 1.945979038106219e+05 0.000000000000000e+00 0.000000000000000e+00 0.000000000000000e+00 1.945782520474849e+05 0.000000000000000e+00 0.000000000000000e+00 0.000000000000000e+00 1.937053436552914e+05 1.937053436552914e+05 0.000000000000000e+00
1.317910209454000e-03 1.945899862075144e+05 1.945899862075144e+05 0.000000000000000e+00 0.000000000000000e+00 0.000000000000000e+00 1.945701076674226e+05 0.000000000000000e+00 0.000000000000000e+00 0.000000000000000e+00 1.936973744891278e+05 1.936973744891278e+05 0.000000000000000e+00
1.325518588124000e-03 1.945819781647866e+05 1.945819781647866e+05 0.000000000000000e+00 0.000000000000000e+00 0.000000000000000e+00 1.945618696257898e+05 0.000000000000000e+00 0.000000000000000e+00 0.000000000000000e+00 1.936893130122605e+05 1.936893130122605e+05 0.000000000000000e+00
1.333170890443000e-03 1.945738787653373e+05 1.945738787653373e+05 0.000000000000000e+00 0.000000000000000e+00 0.000000000000000e+00 1.945535379753023e+05 0.000000000000000e+00 0.000000000000000e+00 0.000000000000000e+00 1.936811599651393e+05 1.936811599651393e+05 0.000000000000000e+00
1.340867369985000e-03 1.945656870081813e+05 1.945656870081813e+05 0.000000000000000e+00 0.000000000000000e+00 0.000000000000000e+00 1.945451111561299e+05 0.000000000000000e+00 0.000000000000000e+00 0.000000000000000e+00 1.936729132901097e+05 1.936729132901097e+05 0.000000000000000e+00
1.348608281789000e-03 1.945574015927629e+05 1.945574015927629e+05 0.000000000000000e+00 0.000000000000000e+00 0.000000000000000e+00 1.945365877311345e+05 0.000000000000000e+00 0.000000000000000e+00 0.000000000000000e+00 1.936645718281815e+05 1.936645718281815e+05 0.000000000000000e+00
1.356393882365000e-03 1.945490217154138e+05 1.945490217154138e+05 0.000000000000000e+00 0.000000000000000e+00 0.000000000000000e+00 1.945279672365881e+05 0.000000000000000e+00 0.000000000000000e+00 0.000000000000000e+00 1.936561349464128e+05 1.936561349464128e+05 0.000000000000000e+00
1.364224429703000e-03 1.945405463833485e+05 1.945405463833485e+05 0.000000000000000e+00 0.000000000000000e+00 0.000000000000000e+00 1.945192485906596e+05 0.000000000000000e+00 0.000000000000000e+00 0.000000000000000e+00 1.936476018367347e+05 1.936476018367347e+05 0.000000000000000e+00
1.372100183284000e-03 1.945319752118217e+05 1.945319752118217e+05 0.000000000000000e+00 0.000000000000000e+00 0.000000000000000e+00 1.945104313217805e+05 0.000000000000000e+00 0.000000000000000e+00 0.000000000000000e+00 1.936389715532501e+05 1.936389715532501e+05 0.000000000000000e+00
1.380021404087000e-03 1.945233046789464e+05 1.945233046789464e+05 0.000000000000000e+00 0.000000000000000e+00 0.000000000000000e+00 1.945015116131152e+05 0.000000000000000e+00 0.000000000000000e+00 0.000000000000000e+00 1.936302411133909e+05 1.936302411133909e+05 0.000000000000000e+00
1.387988354596000e-03 1.945145359961851e+05 1.945145359961851e+05 0.000000000000000e+00 0.000000000000000e+00 0.000000000000000e+00 1.944924910636343e+05 0.000000000000000e+00 0.000000000000000e+00 0.000000000000000e+00 1.936214115478378e+05 1.936214115478378e+05 0.000000000000000e+00
1.396001298813000e-03 1.945056677957767e+05 1.945056677957767e+05 0.000000000000000e+00 0.000000000000000e+00 0.000000000000000e+00 1.944833683690182e+05 0.000000000000000e+00 0.000000000000000e+00 0.000000000000000e+00 1.936124816050115e+05 1.936124816050115e+05 0.000000000000000e+00
1.404060502262000e-03 1.944966978293433e+05 1.944966978293433e+05 0.000000000000000e+00 0.000000000000000e+00 0.000000000000000e+00 1.944741405355916e+05 0.000000000000000e+00 0.000000000000000e+00 0.000000000000000e+00 1.936034484525305e+05 1.936034484525305e+05 0.000000000000000e+00
1.412166231999000e-03 1.944876261387664e+05 1.944876261387664e+05 0.000000000000000e+00 0.000000000000000e+00 0.000000000000000e+00 1.944648082490090e+05 0.000000000000000e+00 0.000000000000000e+00 0.000000000000000e+00 1.935943126598581e+05 1.935943126598581e+05 0.000000000000000e+00
1.420318756626000e-03 1.944784511571948e+05 1.944784511571948e+05 0.000000000000000e+00 0.000000000000000e+00 0.000000000000000e+00 1.944553697084441e+05 0.000000000000000e+00 0.000000000000000e+00 0.000000000000000e+00 1.935850725532496e+05 1.935850725532496e+05 0.000000000000000e+00
1.428518346290000e-03 1.944691719539193e+05 1.944691719539193e+05 0.000000000000000e+00 0.000000000000000e+00 0.000000000000000e+00 1.944458239033833e+05 0.000000000000000e+00 0.000000000000000e+00 0.000000000000000e+00 1.935757268399707e+05 1.935757268399707e+05 0.000000000000000e+00
1.436765272703000e-03 1.944597867030875e+05 1.944597867030875e+05 0.000000000000000e+00 0.000000000000000e+00 0.000000000000000e+00 1.944361688687717e+05 0.000000000000000e+00 0.000000000000000e+00 0.000000000000000e+00 1.935662739748199e+05 1.935662739748199e+05 0.000000000000000e+00
1.445059809141000e-03 1.944502946660820e+05 1.944502946660820e+05 0.000000000000000e+00 0.000000000000000e+00 0.000000000000000e+00 1.944264039021570e+05 0.000000000000000e+00 0.000000000000000e+00 0.000000000000000e+00 1.935567129245115e+05 1.935567129245115e+05 0.000000000000000e+00
1.453402230460000e-03 1.944406945214625e+05 1.944406945214625e+05 0.000000000000000e+00 0.000000000000000e+00 0.000000000000000e+00 1.944165275375328e+05 0.000000000000000e+00 0.000000000000000e+00 0.000000000000000e+00 1.935470424443506e+05 1.935470424443506e+05 0.000000000000000e+00
1.461792813103000e-03 1.944309848621908e+05 1.944309848621908e+05 0.000000000000000e+00 0.000000000000000e+00 0.000000000000000e+00 1.944065385325958e+05 0.000000000000000e+00 0.000000000000000e+00 0.000000000000000e+00 1.935372614710937e+05 1.935372614710937e+05 0.000000000000000e+00
1.470231835109000e-03 1.944211673478978e+05 1.944211673478978e+05 0.000000000000000e+00 0.000000000000000e+00 0.000000000000000e+00 1.943964387505346e+05 0.000000000000000e+00 0.000000000000000e+00 0.000000000000000e+00 1.935273705830903e+05 1.935273705830903e+05 0.000000000000000e+00
1.478719576120000e-03 1.944112334995587e+05 1.944112334995587e+05 0.000000000000000e+00 0.000000000000000e+00 0.000000000000000e+00 1.943862192609771e+05 0.000000000000000e+00 0.000000000000000e+00 0.000000000000000e+00 1.935173640430798e+05 1.935173640430798e+05 0.000000000000000e+00
1.487256317395000e-03 1.944011893630814e+05 1.944011893630814e+05 0.000000000000000e+00 0.000000000000000e+00 0.000000000000000e+00 1.943758862558337e+05 0.000000000000000e+00 0.000000000000000e+00 0.000000000000000e+00 1.935072447633602e+05 1.935072447633602e+05 0.000000000000000e+00
1.495842341815000e-03 1.943910307200534e+05 1.943910307200534e+05 0.000000000000000e+00 0.000000000000000e+00 0.000000000000000e+00 1.943654352037696e+05 0.000000000000000e+00 0.000000000000000e+00 0.000000000000000e+00 1.934970093585094e+05 1.934970093585094e+05 0.000000000000000e+00
1.504477933895000e-03 1.943807566730880e+05 1.943807566730880e+05 0.000000000000000e+00 0.000000000000000e+00 0.000000000000000e+00 1.943548655315383e+05 0.000000000000000e+00 0.000000000000000e+00 0.000000000000000e+00 1.934866574698583e+05 1.934866574698583e+05 0.000000000000000e+00
1.513163379792000e-03 1.943703684353911e+05 1.943703684353911e+05 0.000000000000000e+00 0.000000000000000e+00 0.000000000000000e+00 1.943441781097447e+05 0.000000000000000e+00 0.000000000000000e+00 0.000000000000000e+00 1.934761886981218e+05 1.934761886981218e+05 0.000000000000000e+00
1.521898967316000e-03 1.943598592798918e+05 1.943598592798918e+05 0.000000000000000e+00 0.000000000000000e+00 0.000000000000000e+00 1.943333665146203e+05 0.000000000000000e+00 0.000000000000000e+00 0.000000000000000e+00 1.934655989773891e+05 1.934655989773891e+05 0.000000000000000e+00
1.530684985936000e-03 1.943492286796376e+05 1.943492286796376e+05 0.000000000000000e+00 0.000000000000000e+00 0.000000000000000e+00 1.943224300868576e+05 0.000000000000000e+00 0.000000000000000e+00 0.000000000000000e+00 1.934548874023714e+05 1.934548874023714e+05 0.000000000000000e+00
1.539521726796000e-03 1.943384796418985e+05 1.943384796418985e+05 0.000000000000000e+00 0.000000000000000e+00 0.000000000000000e+00 1.943113712025007e+05 0.000000000000000e+00 0.000000000000000e+00 0.000000000000000e+00 1.934440542570734e+05 1.934440542570734e+05 0.000000000000000e+00
1.548409482717000e-03 1.943276091088704e+05 1.943276091088704e+05 0.000000000000000e+00 0.000000000000000e+00 0.000000000000000e+00 1.943001875664568e+05 0.000000000000000e+00 0.000000000000000e+00 0.000000000000000e+00 1.934330983015602e+05 1.934330983015602e+05 0.000000000000000e+00
1.557348548213000e-03 1.943166156854401e+05 1.943166156854401e+05 0.000000000000000e+00 0.000000000000000e+00 0.000000000000000e+00 1.942888773789083e+05 0.000000000000000e+00 0.000000000000000e+00 0.000000000000000e+00 1.934220176838699e+05 1.934220176838699e+05 0.000000000000000e+00
1.566339219498000e-03 1.943054948158654e+05 1.943054948158654e+05 0.000000000000000e+00 0.000000000000000e+00 0.000000000000000e+00 1.942774361099253e+05 0.000000000000000e+00 0.000000000000000e+00 0.000000000000000e+00 1.934108091013817e+05 1.934108091013817e+05 0.000000000000000e+00
1.575381794494000e-03 1.942942494337470e+05 1.942942494337470e+05 0.000000000000000e+00 0.000000000000000e+00 0.000000000000000e+00 1.942658666780681e+05 0.000000000000000e+00 0.000000000000000e+00 0.000000000000000e+00 1.933994737416831e+05 1.933994737416831e+05 0.000000000000000e+00
1.584476572845000e-03 1.942828763857629e+05 1.942828763857629e+05 0.000000000000000e+00 0.000000000000000e+00 0.000000000000000e+00 1.942541659015586e+05 0.000000000000000e+00 0.000000000000000e+00 0.000000000000000e+00 1.933880092310074e+05 1.933880092310074e+05 0.000000000000000e+00
1.593623855925000e-03 1.942713743836323e+05 1.942713743836323e+05 0.000000000000000e+00 0.000000000000000e+00 0.000000000000000e+00 1.942423323224531e+05 0.000000000000000e+00 0.000000000000000e+00 0.000000000000000e+00 1.933764139879627e+05 1.933764139879627e+05 0.000000000000000e+00
1.602823946847000e-03 1.942597420489791e+05 1.942597420489791e+05 0.000000000000000e+00 0.000000000000000e+00 0.000000000000000e+00 1.942303645540030e+05 0.000000000000000e+00 0.000000000000000e+00 0.000000000000000e+00 1.933646865801800e+05 1.933646865801800e+05 0.000000000000000e+00
1.612077150472000e-03 1.942479777288449e+05 1.942479777288449e+05 0.000000000000000e+00 0.000000000000000e+00 0.000000000000000e+00 1.942182609706019e+05 0.000000000000000e+00 0.000000000000000e+00 0.000000000000000e+00 1.933528256434287e+05 1.933528256434287e+05 0.000000000000000e+00
1.621383773426000e-03 1.942360800972776e+05 1.942360800972776e+05 0.000000000000000e+00 0.000000000000000e+00 0.000000000000000e+00 1.942060201582383e+05 0.000000000000000e+00 0.000000000000000e+00 0.000000000000000e+00 1.933408294750221e+05 1.933408294750221e+05 0.000000000000000e+00
1.630744124100000e-03 1.942240477706800e+05 1.942240477706800e+05 0.000000000000000e+00 0.000000000000000e+00 0.000000000000000e+00 1.941936407795484e+05 0.000000000000000e+00 0.000000000000000e+00 0.000000000000000e+00 1.933286969458065e+05 1.933286969458065e+05 0.000000000000000e+00
1.640158512668000e-03 1.942118793066854e+05 1.942118793066854e+05 0.000000000000000e+00 0.000000000000000e+00 0.000000000000000e+00 1.941811212685837e+05 0.000000000000000e+00 0.000000000000000e+00 0.000000000000000e+00 1.933164264068333e+05 1.933164264068333e+05 0.000000000000000e+00
1.649627251094000e-03 1.941995727898704e+05 1.941995727898704e+05 0.000000000000000e+00 0.000000000000000e+00 0.000000000000000e+00 1.941684596550144e+05 0.000000000000000e+00 0.000000000000000e+00 0.000000000000000e+00 1.933040160001297e+05 1.933040160001297e+05 0.000000000000000e+00
1.659150653144000e-03 1.941871266080733e+05 1.941871266080733e+05 0.000000000000000e+00 0.000000000000000e+00 0.000000000000000e+00 1.941556541121250e+05 0.000000000000000e+00 0.000000000000000e+00 0.000000000000000e+00 1.932914638733753e+05 1.932914638733753e+05 0.000000000000000e+00
1.668729034394000e-03 1.941745400180171e+05 1.941745400180171e+05 0.000000000000000e+00 0.000000000000000e+00 0.000000000000000e+00 1.941427041581089e+05 0.000000000000000e+00 0.000000000000000e+00 0.000000000000000e+00 1.932787694352275e+05 1.932787694352275e+05 0.000000000000000e+00
1.678362712243000e-03 1.941618109249886e+05 1.941618109249886e+05 0.000000000000000e+00 0.000000000000000e+00 0.000000000000000e+00 1.941296075119758e+05 0.000000000000000e+00 0.000000000000000e+00 0.000000000000000e+00 1.932659305646141e+05 1.932659305646141e+05 0.000000000000000e+00
1.688052005920000e-03 1.941489378088748e+05 1.941489378088748e+05 0.000000000000000e+00 0.000000000000000e+00 0.000000000000000e+00 1.941163626032951e+05 0.000000000000000e+00 0.000000000000000e+00 0.000000000000000e+00 1.932529454798526e+05 1.932529454798526e+05 0.000000000000000e+00
1.697797236501000e-03 1.941359190886379e+05 1.941359190886379e+05 0.000000000000000e+00 0.000000000000000e+00 0.000000000000000e+00 1.941029677991733e+05 0.000000000000000e+00 0.000000000000000e+00 0.000000000000000e+00 1.932398128410683e+05 1.932398128410683e+05 0.000000000000000e+00
1.707598726911000e-03 1.941227531634081e+05 1.941227531634081e+05 0.000000000000000e+00 0.000000000000000e+00 0.000000000000000e+00 1.940894214814474e+05 0.000000000000000e+00 0.000000000000000e+00 0.000000000000000e+00 1.932265309166676e+05 1.932265309166676e+05 0.000000000000000e+00
1.717456801943000e-03 1.941094385882698e+05 1.941094385882698e+05 0.000000000000000e+00 0.000000000000000e+00 0.000000000000000e+00 1.940757221527159e+05 0.000000000000000e+00 0.000000000000000e+00 0.000000000000000e+00 1.932130980614825e+05 1.932130980614825e+05 0.000000000000000e+00
1.727371788264000e-03 1.940959733115745e+05 1.940959733115745e+05 0.000000000000000e+00 0.000000000000000e+00 0.000000000000000e+00 1.940618676516285e+05 0.000000000000000e+00 0.000000000000000e+00 0.000000000000000e+00 1.931995123644887e+05 1.931995123644887e+05 0.000000000000000e+00
1.737344014425000e-03 1.940823558735611e+05 1.940823558735611e+05 0.000000000000000e+00 0.000000000000000e+00 0.000000000000000e+00 1.940478564417496e+05 0.000000000000000e+00 0.000000000000000e+00 0.000000000000000e+00 1.931857722576127e+05 1.931857722576127e+05 0.000000000000000e+00
1.747373810876000e-03 1.940685848818808e+05 1.940685848818808e+05 0.000000000000000e+00 0.000000000000000e+00 0.000000000000000e+00 1.940336873123836e+05 0.000000000000000e+00 0.000000000000000e+00 0.000000000000000e+00 1.931718763933293e+05 1.931718763933293e+05 0.000000000000000e+00
1.757461509974000e-03 1.940546582609133e+05 1.940546582609133e+05 0.000000000000000e+00 0.000000000000000e+00 0.000000000000000e+00 1.940193579116209e+05 0.000000000000000e+00 0.000000000000000e+00 0.000000000000000e+00 1.931578225270942e+05 1.931578225270942e+05 0.000000000000000e+00
1.767607445994000e-03 1.940405742695794e+05 1.940405742695794e+05 0.000000000000000e+00 0.000000000000000e+00 0.000000000000000e+00 1.940048661235882e+05 0.000000000000000e+00 0.000000000000000e+00 0.000000000000000e+00 1.931436084981185e+05 1.931436084981185e+05 0.000000000000000e+00
1.777811955142000e-03 1.940263315269934e+05 1.940263315269934e+05 0.000000000000000e+00 0.000000000000000e+00 0.000000000000000e+00 1.939902112842511e+05 0.000000000000000e+00 0.000000000000000e+00 0.000000000000000e+00 1.931292337633809e+05 1.931292337633809e+05 0.000000000000000e+00
1.788075375564000e-03 1.940119279788356e+05 1.940119279788356e+05 0.000000000000000e+00 0.000000000000000e+00 0.000000000000000e+00 1.939753909583834e+05 0.000000000000000e+00 0.000000000000000e+00 0.000000000000000e+00 1.931146958522754e+05 1.931146958522754e+05 0.000000000000000e+00
1.798398047359000e-03 1.939973622053207e+05 1.939973622053207e+05 0.000000000000000e+00 0.000000000000000e+00 0.000000000000000e+00 1.939604035369578e+05 0.000000000000000e+00 0.000000000000000e+00 0.000000000000000e+00 1.930999930268145e+05 1.930999930268145e+05 0.000000000000000e+00
1.808780312589000e-03 1.939826321505317e+05 1.939826321505317e+05 0.000000000000000e+00 0.000000000000000e+00 0.000000000000000e+00 1.939452469728353e+05 0.000000000000000e+00 0.000000000000000e+00 0.000000000000000e+00 1.930851233572423e+05 1.930851233572423e+05 0.000000000000000e+00
1.819222515290000e-03 1.939677360734768e+05 1.939677360734768e+05 0.000000000000000e+00 0.000000000000000e+00 0.000000000000000e+00 1.939299195040261e+05 0.000000000000000e+00 0.000000000000000e+00 0.000000000000000e+00 1.930700850704577e+05 1.930700850704577e+05 0.000000000000000e+00
1.829725001484000e-03 1.939526721417980e+05 1.939526721417980e+05 0.000000000000000e+00 0.000000000000000e+00 0.000000000000000e+00 1.939144192265229e+05 0.000000000000000e+00 0.000000000000000e+00 0.000000000000000e+00 1.930548762878581e+05 1.930548762878581e+05 0.000000000000000e+00
1.840288119194000e-03 1.939374386124442e+05 1.939374386124442e+05 0.000000000000000e+00 0.000000000000000e+00 0.000000000000000e+00 1.938987444100121e+05 0.000000000000000e+00 0.000000000000000e+00 0.000000000000000e+00 1.930394951590578e+05 1.930394951590578e+05 0.000000000000000e+00
1.850912218447000e-03 1.939220334118532e+05 1.939220334118532e+05 0.000000000000000e+00 0.000000000000000e+00 0.000000000000000e+00 1.938828927571025e+05 0.000000000000000e+00 0.000000000000000e+00 0.000000000000000e+00 1.930239395590510e+05 1.930239395590510e+05 0.000000000000000e+00
1.861597651295000e-03 1.939064548887217e+05 1.939064548887217e+05 0.000000000000000e+00 0.000000000000000e+00 0.000000000000000e+00 1.938668626085006e+05 0.000000000000000e+00 0.000000000000000e+00 0.000000000000000e+00 1.930082077503146e+05 1.930082077503146e+05 0.000000000000000e+00
1.872344771820000e-03 1.938907010915756e+05 1.938907010915756e+05 0.000000000000000e+00 0.000000000000000e+00 0.000000000000000e+00 1.938506520545522e+05 0.000000000000000e+00 0.000000000000000e+00 0.000000000000000e+00 1.929922978410382e+05 1.929922978410382e+05 0.000000000000000e+00
1.883153936149000e-03 1.938747704128157e+05 1.938747704128157e+05 0.000000000000000e+00 0.000000000000000e+00 0.000000000000000e+00 1.938342594516803e+05 0.000000000000000e+00 0.000000000000000e+00 0.000000000000000e+00 1.929762080077546e+05 1.929762080077546e+05 0.000000000000000e+00
1.894025502464000e-03 1.938586602480916e+05 1.938586602480916e+05 0.000000000000000e+00 0.000000000000000e+00 0.000000000000000e+00 1.938176819040530e+05 0.000000000000000e+00 0.000000000000000e+00 0.000000000000000e+00 1.929599357168440e+05 1.929599357168440e+05 0.000000000000000e+00
1.904959831017000e-03 1.938423685990743e+05 1.938423685990743e+05 0.000000000000000e+00 0.000000000000000e+00 0.000000000000000e+00 1.938009174890419e+05 0.000000000000000e+00 0.000000000000000e+00 0.000000000000000e+00 1.929434789055318e+05 1.929434789055318e+05 0.000000000000000e+00
1.915957284137000e-03 1.938258944092821e+05 1.938258944092821e+05 0.000000000000000e+00 0.000000000000000e+00 0.000000000000000e+00 1.937839652113316e+05 0.000000000000000e+00 0.000000000000000e+00 0.000000000000000e+00 1.929268363615298e+05 1.929268363615298e+05 0.000000000000000e+00
1.927018226247000e-03 1.938092350716988e+05 1.938092350716988e+05 0.000000000000000e+00 0.000000000000000e+00 0.000000000000000e+00 1.937668222371749e+05 0.000000000000000e+00 0.000000000000000e+00 0.000000000000000e+00 1.929100054728214e+05 1.929100054728214e+05 0.000000000000000e+00
1.938143023872000e-03 1.937923886715417e+05 1.937923886715417e+05 0.000000000000000e+00 0.000000000000000e+00 0.000000000000000e+00 1.937494866557031e+05 0.000000000000000e+00 0.000000000000000e+00 0.000000000000000e+00 1.928929841837608e+05 1.928929841837608e+05 0.000000000000000e+00
1.949332045656000e-03 1.937753531239220e+05 1.937753531239220e+05 0.000000000000000e+00 0.000000000000000e+00 0.000000000000000e+00 1.937319563801569e+05 0.000000000000000e+00 0.000000000000000e+00 0.000000000000000e+00 1.928757706469157e+05 1.928757706469157e+05 0.000000000000000e+00
1.960585662367000e-03 1.937581264363810e+05 1.937581264363810e+05 0.000000000000000e+00 0.000000000000000e+00 0.000000000000000e+00 1.937142292055124e+05 0.000000000000000e+00 0.000000000000000e+00 0.000000000000000e+00 1.928583623665450e+05 1.928583623665450e+05 0.000000000000000e+00
1.971904246916000e-03 1.937407064865099e+05 1.937407064865099e+05 0.000000000000000e+00 0.000000000000000e+00 0.000000000000000e+00 1.936963030098530e+05 0.000000000000000e+00 0.000000000000000e+00 0.000000000000000e+00 1.928407573732441e+05 1.928407573732441e+05 0.000000000000000e+00
1.983288174367000e-03 1.937230911425760e+05 1.937230911425760e+05 0.000000000000000e+00 0.000000000000000e+00 0.000000000000000e+00 1.936781754676944e+05 0.000000000000000e+00 0.000000000000000e+00 0.000000000000000e+00 1.928229533480131e+05 1.928229533480131e+05 0.000000000000000e+00
1.994737821948000e-03 1.937052797681382e+05 1.937052797681382e+05 0.000000000000000e+00 0.000000000000000e+00 0.000000000000000e+00 1.936598460219993e+05 0.000000000000000e+00 0.000000000000000e+00 0.000000000000000e+00 1.928049492978168e+05 1.928049492978168e+05 0.000000000000000e+00
2.006253569066000e-03 1.936872662587522e+05 1.936872662587522e+05 0.000000000000000e+00 0.000000000000000e+00 0.000000000000000e+00 1.936413089314108e+05 0.000000000000000e+00 0.000000000000000e+00 0.000000000000000e+00 1.927867406306516e+05 1.927867406306516e+05 0.000000000000000e+00
2.017835797317000e-03 1.936690521259902e+05 1.936690521259902e+05 0.000000000000000e+00 0.000000000000000e+00 0.000000000000000e+00 1.936225645877805e+05 0.000000000000000e+00 0.000000000000000e+00 0.000000000000000e+00 1.927683265376030e+05 1.927683265376030e+05 0.000000000000000e+00
2.029484890503000e-03 1.936506342253100e+05 1.936506342253100e+05 0.000000000000000e+00 0.000000000000000e+00 0.000000000000000e+00 1.936036112381814e+05 0.000000000000000e+00 0.000000000000000e+00 0.000000000000000e+00 1.927497058249323e+05 1.927497058249323e+05 0.000000000000000e+00
2.041201234636000e-03 1.936320101992264e+05 1.936320101992264e+05 0.000000000000000e+00 0.000000000000000e+00 0.000000000000000e+00 1.935844455514202e+05 0.000000000000000e+00 0.000000000000000e+00 0.000000000000000e+00 1.927308749647893e+05 1.927308749647893e+05 0.000000000000000e+00
2.052985217963000e-03 1.936131779004560e+05 1.936131779004560e+05 0.000000000000000e+00 0.000000000000000e+00 0.000000000000000e+00 1.935650647804997e+05 0.000000000000000e+00 0.000000000000000e+00 0.000000000000000e+00 1.927118311496097e+05 1.927118311496097e+05 0.000000000000000e+00
2.064837230968000e-03 1.935941315504237e+05 1.935941315504237e+05 0.000000000000000e+00 0.000000000000000e+00 0.000000000000000e+00 1.935454635868283e+05 0.000000000000000e+00 0.000000000000000e+00 0.000000000000000e+00 1.926925698095777e+05 1.926925698095777e+05 0.000000000000000e+00
2.076757666391000e-03 1.935748786979488e+05 1.935748786979488e+05 0.000000000000000e+00 0.000000000000000e+00 0.000000000000000e+00 1.935256496952432e+05 0.000000000000000e+00 0.000000000000000e+00 0.000000000000000e+00 1.926730967608335e+05 1.926730967608335e+05 0.000000000000000e+00
2.088746919238000e-03 1.935554075511341e+05 1.935554075511341e+05 0.000000000000000e+00 0.000000000000000e+00 0.000000000000000e+00 1.935056110645890e+05 0.000000000000000e+00 0.000000000000000e+00 0.000000000000000e+00 1.926534018038850e+05 1.926534018038850e+05 0.000000000000000e+00
2.100805386798000e-03 1.935357190840731e+05 1.935357190840731e+05 0.000000000000000e+00 0.000000000000000e+00 0.000000000000000e+00 1.934853488329248e+05 0.000000000000000e+00 0.000000000000000e+00 0.000000000000000e+00 1.926334854372113e+05 1.926334854372113e+05 0.000000000000000e+00
2.112933468650000e-03 1.935158105398512e+05 1.935158105398512e+05 0.000000000000000e+00 0.000000000000000e+00 0.000000000000000e+00 1.934648596582635e+05 0.000000000000000e+00 0.000000000000000e+00 0.000000000000000e+00 1.926133443038533e+05 1.926133443038533e+05 0.000000000000000e+00
2.125131566683000e-03 1.934956798108191e+05 1.934956798108191e+05 0.000000000000000e+00 0.000000000000000e+00 0.000000000000000e+00 1.934441416551080e+05 0.000000000000000e+00 0.000000000000000e+00 0.000000000000000e+00 1.925929765186369e+05 1.925929765186369e+05 0.000000000000000e+00
2.137400085105000e-03 1.934753249495405e+05 1.934753249495405e+05 0.000000000000000e+00 0.000000000000000e+00 0.000000000000000e+00 1.934231928458075e+05 0.000000000000000e+00 0.000000000000000e+00 0.000000000000000e+00 1.925723800184000e+05 1.925723800184000e+05 0.000000000000000e+00
2.149739430456000e-03 1.934547425437535e+05 1.934547425437535e+05 0.000000000000000e+00 0.000000000000000e+00 0.000000000000000e+00 1.934020095207920e+05 0.000000000000000e+00 0.000000000000000e+00 0.000000000000000e+00 1.925515511813142e+05 1.925515511813142e+05 0.000000000000000e+00
2.162150011625000e-03 1.934339311197706e+05 1.934339311197706e+05 0.000000000000000e+00 0.000000000000000e+00 0.000000000000000e+00 1.933805903794090e+05 0.000000000000000e+00 0.000000000000000e+00 0.000000000000000e+00 1.925304885735076e+05 1.925304885735076e+05 0.000000000000000e+00
2.174632239862000e-03 1.934128878338569e+05 1.934128878338569e+05 0.000000000000000e+00 0.000000000000000e+00 0.000000000000000e+00 1.933589325134503e+05 0.000000000000000e+00 0.000000000000000e+00 0.000000000000000e+00 1.925091893938974e+05 1.925091893938974e+05 0.000000000000000e+00
2.187186528788000e-03 1.933916101333904e+05 1.933916101333904e+05 0.000000000000000e+00 0.000000000000000e+00 0.000000000000000e+00 1.933370330964159e+05 0.000000000000000e+00 0.000000000000000e+00 0.000000000000000e+00 1.924876507053155e+05 1.924876507053155e+05 0.000000000000000e+00
2.199813294415000e-03 1.933700946404243e+05 1.933700946404243e+05 0.000000000000000e+00 0.000000000000000e+00 0.000000000000000e+00 1.933148881968863e+05 0.000000000000000e+00 0.000000000000000e+00 0.000000000000000e+00 1.924658687920446e+05 1.924658687920446e+05 0.000000000000000e+00
2.212512955156000e-03 1.933483415201428e+05 1.933483415201428e+05 0.000000000000000e+00 0.000000000000000e+00 0.000000000000000e+00 1.932924993224721e+05 0.000000000000000e+00 0.000000000000000e+00 0.000000000000000e+00 1.924438446367971e+05 1.924438446367971e+05 0.000000000000000e+00
2.225285931838000e-03 1.933263463476344e+05 1.933263463476344e+05 0.000000000000000e+00 0.000000000000000e+00 0.000000000000000e+00 1.932698610297224e+05 0.000000000000000e+00 0.000000000000000e+00 0.000000000000000e+00 1.924215730884520e+05 1.924215730884520e+05 0.000000000000000e+00
2.238132647719000e-03 1.933041056225450e+05 1.933041056225450e+05 0.000000000000000e+00 0.000000000000000e+00 0.000000000000000e+00 1.932469696251790e+05 0.000000000000000e+00 0.000000000000000e+00 0.000000000000000e+00 1.923990506480384e+05 1.923990506480384e+05 0.000000000000000e+00
2.251053528501000e-03 1.932816186081855e+05 1.932816186081855e+05 0.000000000000000e+00 0.000000000000000e+00 0.000000000000000e+00 1.932238244881602e+05 0.000000000000000e+00 0.000000000000000e+00 0.000000000000000e+00 1.923762762208745e+05 1.923762762208745e+05 0.000000000000000e+00
2.264049002341000e-03 1.932588816904956e+05 1.932588816904956e+05 0.000000000000000e+00 0.000000000000000e+00 0.000000000000000e+00 1.932004220660716e+05 0.000000000000000e+00 0.000000000000000e+00 0.000000000000000e+00 1.923532465687962e+05 1.923532465687962e+05 0.000000000000000e+00
2.277119499871000e-03 1.932358923278367e+05 1.932358923278367e+05 0.000000000000000e+00 0.000000000000000e+00 0.000000000000000e+00 1.931767594828646e+05 0.000000000000000e+00 0.000000000000000e+00 0.000000000000000e+00 1.923299585992120e+05 1.923299585992120e+05 0.000000000000000e+00
2.290265454206000e-03 1.932126479459688e+05 1.932126479459688e+05 0.000000000000000e+00 0.000000000000000e+00 0.000000000000000e+00 1.931528343271511e+05 0.000000000000000e+00 0.000000000000000e+00 0.000000000000000e+00 1.923064099517272e+05 1.923064099517272e+05 0.000000000000000e+00
2.303487300964000e-03 1.931891458954811e+05 1.931891458954811e+05 0.000000000000000e+00 0.000000000000000e+00 0.000000000000000e+00 1.931286433610545e+05 0.000000000000000e+00 0.000000000000000e+00 0.000000000000000e+00 1.922825973339482e+05 1.922825973339482e+05 0.000000000000000e+00
2.316785478276000e-03 1.931653829030780e+05 1.931653829030780e+05 0.000000000000000e+00 0.000000000000000e+00 0.000000000000000e+00 1.931041836028273e+05 0.000000000000000e+00 0.000000000000000e+00 0.000000000000000e+00 1.922585177876054e+05 1.922585177876054e+05 0.000000000000000e+00
2.330160426804000e-03 1.931413575125314e+05 1.931413575125314e+05 0.000000000000000e+00 0.000000000000000e+00 0.000000000000000e+00 1.930794534897741e+05 0.000000000000000e+00 0.000000000000000e+00 0.000000000000000e+00 1.922341695271523e+05 1.922341695271523e+05 0.000000000000000e+00
2.343612589752000e-03 1.931170679076465e+05 1.931170679076465e+05 0.000000000000000e+00 0.000000000000000e+00 0.000000000000000e+00 1.930544514765299e+05 0.000000000000000e+00 0.000000000000000e+00 0.000000000000000e+00 1.922095508310161e+05 1.922095508310161e+05 0.000000000000000e+00
2.357142412884000e-03 1.930925048269931e+05 1.930925048269931e+05 0.000000000000000e+00 0.000000000000000e+00 0.000000000000000e+00 1.930291674282787e+05 0.000000000000000e+00 0.000000000000000e+00 0.000000000000000e+00 1.921846526245574e+05 1.921846526245574e+05 0.000000000000000e+00
2.370750344538000e-03 1.930676701482202e+05 1.930676701482202e+05 0.000000000000000e+00 0.000000000000000e+00 0.000000000000000e+00 1.930036035939792e+05 0.000000000000000e+00 0.000000000000000e+00 0.000000000000000e+00 1.921594761196911e+05 1.921594761196911e+05 0.000000000000000e+00
2.384436835638000e-03 1.930425619542084e+05 1.930425619542084e+05 0.000000000000000e+00 0.000000000000000e+00 0.000000000000000e+00 1.929777581705625e+05 0.000000000000000e+00 0.000000000000000e+00 0.000000000000000e+00 1.921340197528214e+05 1.921340197528214e+05 0.000000000000000e+00
2.398202339714000e-03 1.930171819027018e+05 1.930171819027018e+05 0.000000000000000e+00 0.000000000000000e+00 0.000000000000000e+00 1.929516321098182e+05 0.000000000000000e+00 0.000000000000000e+00 0.000000000000000e+00 1.921082833091997e+05 1.921082833091997e+05 0.000000000000000e+00
2.412047312912000e-03 1.929915176527104e+05 1.929915176527104e+05 0.000000000000000e+00 0.000000000000000e+00 0.000000000000000e+00 1.929252134659515e+05 0.000000000000000e+00 0.000000000000000e+00 0.000000000000000e+00 1.920822564457263e+05 1.920822564457263e+05 0.000000000000000e+00
2.425972214013000e-03 1.929655741567122e+05 1.929655741567122e+05 0.000000000000000e+00 0.000000000000000e+00 0.000000000000000e+00 1.928985068410694e+05 0.000000000000000e+00 0.000000000000000e+00 0.000000000000000e+00 1.920559424998335e+05 1.920559424998335e+05 0.000000000000000e+00
2.439977504445000e-03 1.929393363243084e+05 1.929393363243084e+05 0.000000000000000e+00 0.000000000000000e+00 0.000000000000000e+00 1.928714973358029e+05 0.000000000000000e+00 0.000000000000000e+00 0.000000000000000e+00 1.920293283609369e+05 1.920293283609369e+05 0.000000000000000e+00
2.454063648301000e-03 1.929128123740035e+05 1.929128123740035e+05 0.000000000000000e+00 0.000000000000000e+00 0.000000000000000e+00 1.928441926882481e+05 0.000000000000000e+00 0.000000000000000e+00 0.000000000000000e+00 1.920024200646781e+05 1.920024200646781e+05 0.000000000000000e+00
2.468231112353000e-03 1.928859999543428e+05 1.928859999543428e+05 0.000000000000000e+00 0.000000000000000e+00 0.000000000000000e+00 1.928165908528455e+05 0.000000000000000e+00 0.000000000000000e+00 0.000000000000000e+00 1.919752154404373e+05 1.919752154404373e+05 0.000000000000000e+00
2.482480366067000e-03 1.928588880889293e+05 1.928588880889293e+05 0.000000000000000e+00 0.000000000000000e+00 0.000000000000000e+00 1.927886803284217e+05 0.000000000000000e+00 0.000000000000000e+00 0.000000000000000e+00 1.919477039087225e+05 1.919477039087225e+05 0.000000000000000e+00
2.496811881621000e-03 1.928314795122133e+05 1.928314795122133e+05 0.000000000000000e+00 0.000000000000000e+00 0.000000000000000e+00 1.927604640580167e+05 0.000000000000000e+00 0.000000000000000e+00 0.000000000000000e+00 1.919198876199119e+05 1.919198876199119e+05 0.000000000000000e+00
2.511226133917000e-03 1.928037692362602e+05 1.928037692362602e+05 0.000000000000000e+00 0.000000000000000e+00 0.000000000000000e+00 1.927319368113139e+05 0.000000000000000e+00 0.000000000000000e+00 0.000000000000000e+00 1.918917616892568e+05 1.918917616892568e+05 0.000000000000000e+00
2.525723600600000e-03 1.927757546462766e+05 1.927757546462766e+05 0.000000000000000e+00 0.000000000000000e+00 0.000000000000000e+00 1.927030959520421e+05 0.000000000000000e+00 0.000000000000000e+00 0.000000000000000e+00 1.918633232254373e+05 1.918633232254373e+05 0.000000000000000e+00
2.540304762071000e-03 1.927474320526835e+05 1.927474320526835e+05 0.000000000000000e+00 0.000000000000000e+00 0.000000000000000e+00 1.926739375901267e+05 0.000000000000000e+00 0.000000000000000e+00 0.000000000000000e+00 1.918345683610218e+05 1.918345683610218e+05 0.000000000000000e+00
2.554970101506000e-03 1.927187989079131e+05 1.927187989079131e+05 0.000000000000000e+00 0.000000000000000e+00 0.000000000000000e+00 1.926444595692365e+05 0.000000000000000e+00 0.000000000000000e+00 0.000000000000000e+00 1.918054947422166e+05 1.918054947422166e+05 0.000000000000000e+00
2.569720104870000e-03 1.926898512965226e+05 1.926898512965226e+05 0.000000000000000e+00 0.000000000000000e+00 0.000000000000000e+00 1.926146561984641e+05 0.000000000000000e+00 0.000000000000000e+00 0.000000000000000e+00 1.917760967971830e+05 1.917760967971830e+05 0.000000000000000e+00
2.584555260932000e-03 1.926605836927626e+05 1.926605836927626e+05 0.000000000000000e+00 0.000000000000000e+00 0.000000000000000e+00 1.925845242082916e+05 0.000000000000000e+00 0.000000000000000e+00 0.000000000000000e+00 1.917463715037938e+05 1.917463715037938e+05 0.000000000000000e+00
2.599476061285000e-03 1.926310008767232e+05 1.926310008767232e+05 0.000000000000000e+00 0.000000000000000e+00 0.000000000000000e+00 1.925540668495484e+05 0.000000000000000e+00 0.000000000000000e+00 0.000000000000000e+00 1.917163209622656e+05 1.917163209622656e+05 0.000000000000000e+00
2.614483000358000e-03 1.926010913400114e+05 1.926010913400114e+05 0.000000000000000e+00 0.000000000000000e+00 0.000000000000000e+00 1.925232729205859e+05 0.000000000000000e+00 0.000000000000000e+00 0.000000000000000e+00 1.916859348387371e+05 1.916859348387371e+05 0.000000000000000e+00
2.629576575436000e-03 1.925708545928990e+05 1.925708545928990e+05 0.000000000000000e+00 0.000000000000000e+00 0.000000000000000e+00 1.924921415158105e+05 0.000000000000000e+00 0.000000000000000e+00 0.000000000000000e+00 1.916552119239116e+05 1.916552119239116e+05 0.000000000000000e+00
2.644757286674000e-03 1.925402877048988e+05 1.925402877048988e+05 0.000000000000000e+00 0.000000000000000e+00 0.000000000000000e+00 1.924606698273636e+05 0.000000000000000e+00 0.000000000000000e+00 0.000000000000000e+00 1.916241492740640e+05 1.916241492740640e+05 0.000000000000000e+00
2.660025637114000e-03 1.925093849262762e+05 1.925093849262762e+05 0.000000000000000e+00 0.000000000000000e+00 0.000000000000000e+00 1.924288516904725e+05 0.000000000000000e+00 0.000000000000000e+00 0.000000000000000e+00 1.915927407643421e+05 1.915927407643421e+05 0.000000000000000e+00
2.675382132703000e-03 1.924781476385854e+05 1.924781476385854e+05 0.000000000000000e+00 0.000000000000000e+00 0.000000000000000e+00 1.923966892679851e+05 0.000000000000000e+00 0.000000000000000e+00 0.000000000000000e+00 1.915609882340884e+05 1.915609882340884e+05 0.000000000000000e+00
2.690827282309000e-03 1.924465669673082e+05 1.924465669673082e+05 0.000000000000000e+00 0.000000000000000e+00 0.000000000000000e+00 1.923641720740781e+05 0.000000000000000e+00 0.000000000000000e+00 0.000000000000000e+00 1.915288815577920e+05 1.915288815577920e+05 0.000000000000000e+00
2.706361597737000e-03 1.924146424662076e+05 1.924146424662076e+05 0.000000000000000e+00 0.000000000000000e+00 0.000000000000000e+00 1.923313006312964e+05 0.000000000000000e+00 0.000000000000000e+00 0.000000000000000e+00 1.914964207984441e+05 1.914964207984441e+05 0.000000000000000e+00
2.721985593746000e-03 1.923823700123720e+05 1.923823700123720e+05 0.000000000000000e+00 0.000000000000000e+00 0.000000000000000e+00 1.922980705070855e+05 0.000000000000000e+00 0.000000000000000e+00 0.000000000000000e+00 1.914636014994326e+05 1.914636014994326e+05 0.000000000000000e+00
2.737699788069000e-03 1.923497466342300e+05 1.923497466342300e+05 0.000000000000000e+00 0.000000000000000e+00 0.000000000000000e+00 1.922644786160784e+05 0.000000000000000e+00 0.000000000000000e+00 0.000000000000000e+00 1.914304203304173e+05 1.914304203304173e+05 0.000000000000000e+00
2.753504701425000e-03 1.923167675394170e+05 1.923167675394170e+05 0.000000000000000e+00 0.000000000000000e+00 0.000000000000000e+00 1.922305200585308e+05 0.000000000000000e+00 0.000000000000000e+00 0.000000000000000e+00 1.913968727926600e+05 1.913968727926600e+05 0.000000000000000e+00
2.769400857542000e-03 1.922834300782779e+05 1.922834300782779e+05 0.000000000000000e+00 0.000000000000000e+00 0.000000000000000e+00 1.921961919326618e+05 0.000000000000000e+00 0.000000000000000e+00 0.000000000000000e+00 1.913629552957006e+05 1.913629552957006e+05 0.000000000000000e+00
2.785388783169000e-03 1.922497304848639e+05 1.922497304848639e+05 0.000000000000000e+00 0.000000000000000e+00 0.000000000000000e+00 1.921614903517722e+05 0.000000000000000e+00 0.000000000000000e+00 0.000000000000000e+00 1.913286642818931e+05 1.913286642818931e+05 0.000000000000000e+00
2.801469008099000e-03 1.922156648015467e+05 1.922156648015467e+05 0.000000000000000e+00 0.000000000000000e+00 0.000000000000000e+00 1.921264113693759e+05 0.000000000000000e+00 0.000000000000000e+00 0.000000000000000e+00 1.912939953322159e+05 1.912939953322159e+05 0.000000000000000e+00
2.817642065180000e-03 1.921812292248070e+05 1.921812292248070e+05 0.000000000000000e+00 0.000000000000000e+00 0.000000000000000e+00 1.920909505345541e+05 0.000000000000000e+00 0.000000000000000e+00 0.000000000000000e+00 1.912589443304858e+05 1.912589443304858e+05 0.000000000000000e+00
2.833908490339000e-03 1.921464202066822e+05 1.921464202066822e+05 0.000000000000000e+00 0.000000000000000e+00 0.000000000000000e+00 1.920551053282664e+05 0.000000000000000e+00 0.000000000000000e+00 0.000000000000000e+00 1.912235084609904e+05 1.912235084609904e+05 0.000000000000000e+00
2.850268822595000e-03 1.921112342356979e+05 1.921112342356979e+05 0.000000000000000e+00 0.000000000000000e+00 0.000000000000000e+00 1.920188713023447e+05 0.000000000000000e+00 0.000000000000000e+00 0.000000000000000e+00 1.911876829311648e+05 1.911876829311648e+05 0.000000000000000e+00
2.866723604079000e-03 1.920756672779736e+05 1.920756672779736e+05 0.000000000000000e+00 0.000000000000000e+00 0.000000000000000e+00 1.919822436833210e+05 0.000000000000000e+00 0.000000000000000e+00 0.000000000000000e+00 1.911514630660599e+05 1.911514630660599e+05 0.000000000000000e+00
2.883273380054000e-03 1.920397174470953e+05 1.920397174470953e+05 0.000000000000000e+00 0.000000000000000e+00 0.000000000000000e+00 1.919452208970888e+05 0.000000000000000e+00 0.000000000000000e+00 0.000000000000000e+00 1.911148470214631e+05 1.911148470214631e+05 0.000000000000000e+00
2.899918698929000e-03 1.920033753219135e+05 1.920033753219135e+05 0.000000000000000e+00 0.000000000000000e+00 0.000000000000000e+00 1.919077943473666e+05 0.000000000000000e+00 0.000000000000000e+00 0.000000000000000e+00 1.910778265379098e+05 1.910778265379098e+05 0.000000000000000e+00
2.916660112277000e-03 1.919666410720232e+05 1.919666410720232e+05 0.000000000000000e+00 0.000000000000000e+00 0.000000000000000e+00 1.918699631654921e+05 0.000000000000000e+00 0.000000000000000e+00 0.000000000000000e+00 1.910404002459329e+05 1.910404002459329e+05 0.000000000000000e+00
2.933498174860000e-03 1.919295125969363e+05 1.919295125969363e+05 0.000000000000000e+00 0.000000000000000e+00 0.000000000000000e+00 1.918317254994417e+05 0.000000000000000e+00 0.000000000000000e+00 0.000000000000000e+00 1.910025660676160e+05 1.910025660676160e+05 0.000000000000000e+00
2.950433444639000e-03 1.918919837314808e+05 1.918919837314808e+05 0.000000000000000e+00 0.000000000000000e+00 0.000000000000000e+00 1.917930747717721e+05 0.000000000000000e+00 0.000000000000000e+00 0.000000000000000e+00 1.909643173127966e+05 1.909643173127966e+05 0.000000000000000e+00
2.967466482798000e-03 1.918540484854353e+05 1.918540484854353e+05 0.000000000000000e+00 0.000000000000000e+00 0.000000000000000e+00 1.917540036998634e+05 0.000000000000000e+00 0.000000000000000e+00 0.000000000000000e+00 1.909256469386619e+05 1.909256469386619e+05 0.000000000000000e+00
2.984597853758000e-03 1.918157053973759e+05 1.918157053973759e+05 0.000000000000000e+00 0.000000000000000e+00 0.000000000000000e+00 1.917145129426749e+05 0.000000000000000e+00 0.000000000000000e+00 0.000000000000000e+00 1.908865551869454e+05 1.908865551869454e+05 0.000000000000000e+00
3.001828125203000e-03 1.917769455615295e+05 1.917769455615295e+05 0.000000000000000e+00 0.000000000000000e+00 0.000000000000000e+00 1.916745929973201e+05 0.000000000000000e+00 0.000000000000000e+00 0.000000000000000e+00 1.908470327381105e+05 1.908470327381105e+05 0.000000000000000e+00
3.019157868090000e-03 1.917377778907095e+05 1.917377778907095e+05 0.000000000000000e+00 0.000000000000000e+00 0.000000000000000e+00 1.916342511557354e+05 0.000000000000000e+00 0.000000000000000e+00 0.000000000000000e+00 1.908070855174785e+05 1.908070855174785e+05 0.000000000000000e+00
3.036587656675000e-03 1.916981874228962e+05 1.916981874228962e+05 0.000000000000000e+00 0.000000000000000e+00 0.000000000000000e+00 1.915934735436942e+05 0.000000000000000e+00 0.000000000000000e+00 0.000000000000000e+00 1.907667007170024e+05 1.907667007170024e+05 0.000000000000000e+00
3.054118068527000e-03 1.916581705766097e+05 1.916581705766097e+05 0.000000000000000e+00 0.000000000000000e+00 0.000000000000000e+00 1.915522565335316e+05 0.000000000000000e+00 0.000000000000000e+00 0.000000000000000e+00 1.907258743171832e+05 1.907258743171832e+05 0.000000000000000e+00
3.071749684551000e-03 1.916177244513448e+05 1.916177244513448e+05 0.000000000000000e+00 0.000000000000000e+00 0.000000000000000e+00 1.915105958110813e+05 0.000000000000000e+00 0.000000000000000e+00 0.000000000000000e+00 1.906846018665983e+05 1.906846018665983e+05 0.000000000000000e+00
3.089483089006000e-03 1.915768451441255e+05 1.915768451441255e+05 0.000000000000000e+00 0.000000000000000e+00 0.000000000000000e+00 1.914684875888787e+05 0.000000000000000e+00 0.000000000000000e+00 0.000000000000000e+00 1.906428793872727e+05 1.906428793872727e+05 0.000000000000000e+00
3.107318869522000e-03 1.915355284629368e+05 1.915355284629368e+05 0.000000000000000e+00 0.000000000000000e+00 0.000000000000000e+00 1.914259285340246e+05 0.000000000000000e+00 0.000000000000000e+00 0.000000000000000e+00 1.906007031939716e+05 1.906007031939716e+05 0.000000000000000e+00
3.125257617122000e-03 1.914937698694552e+05 1.914937698694552e+05 0.000000000000000e+00 0.000000000000000e+00 0.000000000000000e+00 1.913829138800662e+05 0.000000000000000e+00 0.000000000000000e+00 0.000000000000000e+00 1.905580684533097e+05 1.905580684533097e+05 0.000000000000000e+00
3.143299926242000e-03 1.914515624883746e+05 1.914515624883746e+05 0.000000000000000e+00 0.000000000000000e+00 0.000000000000000e+00 1.913394361489843e+05 0.000000000000000e+00 0.000000000000000e+00 0.000000000000000e+00 1.905149677334973e+05 1.905149677334973e+05 0.000000000000000e+00
3.161446394750000e-03 1.914089116674695e+05 1.914089116674695e+05 0.000000000000000e+00 0.000000000000000e+00 0.000000000000000e+00 1.912955004102737e+05 0.000000000000000e+00 0.000000000000000e+00 0.000000000000000e+00 1.904714050863245e+05 1.904714050863245e+05 0.000000000000000e+00
3.179697623963000e-03 1.913658014816683e+05 1.913658014816683e+05 0.000000000000000e+00 0.000000000000000e+00 0.000000000000000e+00 1.912510905744465e+05 0.000000000000000e+00 0.000000000000000e+00 0.000000000000000e+00 1.904273653341589e+05 1.904273653341589e+05 0.000000000000000e+00
3.198054218673000e-03 1.913222333613882e+05 1.913222333613882e+05 0.000000000000000e+00 0.000000000000000e+00 0.000000000000000e+00 1.912062083405613e+05 0.000000000000000e+00 0.000000000000000e+00 0.000000000000000e+00 1.903828493065289e+05 1.903828493065289e+05 0.000000000000000e+00
3.216516787160000e-03 1.912782041308190e+05 1.912782041308190e+05 0.000000000000000e+00 0.000000000000000e+00 0.000000000000000e+00 1.911608496088599e+05 0.000000000000000e+00 0.000000000000000e+00 0.000000000000000e+00 1.903378527325439e+05 1.903378527325439e+05 0.000000000000000e+00
3.235085941219000e-03 1.912336997378982e+05 1.912336997378982e+05 0.000000000000000e+00 0.000000000000000e+00 0.000000000000000e+00 1.911150026867036e+05 0.000000000000000e+00 0.000000000000000e+00 0.000000000000000e+00 1.902923641081820e+05 1.902923641081820e+05 0.000000000000000e+00
3.253762296173000e-03 1.911887237837015e+05 1.911887237837015e+05 0.000000000000000e+00 0.000000000000000e+00 0.000000000000000e+00 1.910686656669372e+05 0.000000000000000e+00 0.000000000000000e+00 0.000000000000000e+00 1.902463816231918e+05 1.902463816231918e+05 0.000000000000000e+00
3.272546470902000e-03 1.911432779962674e+05 1.911432779962674e+05 0.000000000000000e+00 0.000000000000000e+00 0.000000000000000e+00 1.910218455702770e+05 0.000000000000000e+00 0.000000000000000e+00 0.000000000000000e+00 1.901999106373639e+05 1.901999106373639e+05 0.000000000000000e+00
3.291439087854000e-03 1.910973461043223e+05 1.910973461043223e+05 0.000000000000000e+00 0.000000000000000e+00 0.000000000000000e+00 1.909745232335574e+05 0.000000000000000e+00 0.000000000000000e+00 0.000000000000000e+00 1.901529331516733e+05 1.901529331516733e+05 0.000000000000000e+00
3.310440773075000e-03 1.910509286056845e+05 1.910509286056845e+05 0.000000000000000e+00 0.000000000000000e+00 0.000000000000000e+00 1.909266999384227e+05 0.000000000000000e+00 0.000000000000000e+00 0.000000000000000e+00 1.901054495458349e+05 1.901054495458349e+05 0.000000000000000e+00
3.329552156221000e-03 1.910040189157382e+05 1.910040189157382e+05 0.000000000000000e+00 0.000000000000000e+00 0.000000000000000e+00 1.908783683848364e+05 0.000000000000000e+00 0.000000000000000e+00 0.000000000000000e+00 1.900574527261097e+05 1.900574527261097e+05 0.000000000000000e+00
3.348773870587000e-03 1.909566146371192e+05 1.909566146371192e+05 0.000000000000000e+00 0.000000000000000e+00 0.000000000000000e+00 1.908295257593641e+05 0.000000000000000e+00 0.000000000000000e+00 0.000000000000000e+00 1.900089393623993e+05 1.900089393623993e+05 0.000000000000000e+00
3.368106553120000e-03 1.909087015658725e+05 1.909087015658725e+05 0.000000000000000e+00 0.000000000000000e+00 0.000000000000000e+00 1.907801586253861e+05 0.000000000000000e+00 0.000000000000000e+00 0.000000000000000e+00 1.899598964048741e+05 1.899598964048741e+05 0.000000000000000e+00
3.387550844448000e-03 1.908603002529115e+05 1.908603002529115e+05 0.000000000000000e+00 0.000000000000000e+00 0.000000000000000e+00 1.907302860752066e+05 0.000000000000000e+00 0.000000000000000e+00 0.000000000000000e+00 1.899103409805705e+05 1.899103409805705e+05 0.000000000000000e+00
3.407107388895000e-03 1.908113808479340e+05 1.908113808479340e+05 0.000000000000000e+00 0.000000000000000e+00 0.000000000000000e+00 1.906798794022353e+05 0.000000000000000e+00 0.000000000000000e+00 0.000000000000000e+00 1.898602458279621e+05 1.898602458279621e+05 0.000000000000000e+00
3.426776834504000e-03 1.907619469842904e+05 1.907619469842904e+05 0.000000000000000e+00 0.000000000000000e+00 0.000000000000000e+00 1.906289422846901e+05 0.000000000000000e+00 0.000000000000000e+00 0.000000000000000e+00 1.898096136914646e+05 1.898096136914646e+05 0.000000000000000e+00
3.446559833063000e-03 1.907119930395372e+05 1.907119930395372e+05 0.000000000000000e+00 0.000000000000000e+00 0.000000000000000e+00 1.905774669762726e+05 0.000000000000000e+00 0.000000000000000e+00 0.000000000000000e+00 1.897584369070594e+05 1.897584369070594e+05 0.000000000000000e+00
3.466457040119000e-03 1.906615144073852e+05 1.906615144073852e+05 0.000000000000000e+00 0.000000000000000e+00 0.000000000000000e+00 1.905254494025858e+05 0.000000000000000e+00 0.000000000000000e+00 0.000000000000000e+00 1.897067110969865e+05 1.897067110969865e+05 0.000000000000000e+00
3.486469115004000e-03 1.906105079372870e+05 1.906105079372870e+05 0.000000000000000e+00 0.000000000000000e+00 0.000000000000000e+00 1.904728871814409e+05 0.000000000000000e+00 0.000000000000000e+00 0.000000000000000e+00 1.896544332259166e+05 1.896544332259166e+05 0.000000000000000e+00
3.506596720858000e-03 1.905589665042077e+05 1.905589665042077e+05 0.000000000000000e+00 0.000000000000000e+00 0.000000000000000e+00 1.904197725183038e+05 0.000000000000000e+00 0.000000000000000e+00 0.000000000000000e+00 1.896015954991201e+05 1.896015954991201e+05 0.000000000000000e+00
3.526840524650000e-03 1.905068860929018e+05 1.905068860929018e+05 0.000000000000000e+00 0.000000000000000e+00 0.000000000000000e+00 1.903661004959870e+05 0.000000000000000e+00 0.000000000000000e+00 0.000000000000000e+00 1.895481927615503e+05 1.895481927615503e+05 0.000000000000000e+00
3.547201197196000e-03 1.904542612403952e+05 1.904542612403952e+05 0.000000000000000e+00 0.000000000000000e+00 0.000000000000000e+00 1.903118666354591e+05 0.000000000000000e+00 0.000000000000000e+00 0.000000000000000e+00 1.894942200823354e+05 1.894942200823354e+05 0.000000000000000e+00
3.567679413187000e-03 1.904010875501030e+05 1.904010875501030e+05 0.000000000000000e+00 0.000000000000000e+00 0.000000000000000e+00 1.902570659266893e+05 0.000000000000000e+00 0.000000000000000e+00 0.000000000000000e+00 1.894396721555942e+05 1.894396721555942e+05 0.000000000000000e+00
3.588275851209000e-03 1.903473628901859e+05 1.903473628901859e+05 0.000000000000000e+00 0.000000000000000e+00 0.000000000000000e+00 1.902016948698940e+05 0.000000000000000e+00 0.000000000000000e+00 0.000000000000000e+00 1.893845452192766e+05 1.893845452192766e+05 0.000000000000000e+00
3.608991193766000e-03 1.902930717894994e+05 1.902930717894994e+05 0.000000000000000e+00 0.000000000000000e+00 0.000000000000000e+00 1.901457398548230e+05 0.000000000000000e+00 0.000000000000000e+00 0.000000000000000e+00 1.893288256238739e+05 1.893288256238739e+05 0.000000000000000e+00
3.629826127300000e-03 1.902382188108046e+05 1.902382188108046e+05 0.000000000000000e+00 0.000000000000000e+00 0.000000000000000e+00 1.900892041602177e+05 0.000000000000000e+00 0.000000000000000e+00 0.000000000000000e+00 1.892725158890511e+05 1.892725158890511e+05 0.000000000000000e+00
3.650781342218000e-03 1.901827989450330e+05 1.901827989450330e+05 0.000000000000000e+00 0.000000000000000e+00 0.000000000000000e+00 1.900320835177170e+05 0.000000000000000e+00 0.000000000000000e+00 0.000000000000000e+00 1.892156113929601e+05 1.892156113929601e+05 0.000000000000000e+00
3.671857532913000e-03 1.901268020243381e+05 1.901268020243381e+05 0.000000000000000e+00 0.000000000000000e+00 0.000000000000000e+00 1.899743645993202e+05 0.000000000000000e+00 0.000000000000000e+00 0.000000000000000e+00 1.891580990925298e+05 1.891580990925298e+05 0.000000000000000e+00
3.693055397783000e-03 1.900702260872805e+05 1.900702260872805e+05 0.000000000000000e+00 0.000000000000000e+00 0.000000000000000e+00 1.899160484922635e+05 0.000000000000000e+00 0.000000000000000e+00 0.000000000000000e+00 1.890999790987560e+05 1.890999790987560e+05 0.000000000000000e+00
3.714375639264000e-03 1.900130661712361e+05 1.900130661712361e+05 0.000000000000000e+00 0.000000000000000e+00 0.000000000000000e+00 1.898571286483094e+05 0.000000000000000e+00 0.000000000000000e+00 0.000000000000000e+00 1.890412447597243e+05 1.890412447597243e+05 0.000000000000000e+00
3.735818963841000e-03 1.899553106383035e+05 1.899553106383035e+05 0.000000000000000e+00 0.000000000000000e+00 0.000000000000000e+00 1.897975934832061e+05 0.000000000000000e+00 0.000000000000000e+00 0.000000000000000e+00 1.889818843539544e+05 1.889818843539544e+05 0.000000000000000e+00
3.757386082083000e-03 1.898969645568693e+05 1.898969645568693e+05 0.000000000000000e+00 0.000000000000000e+00 0.000000000000000e+00 1.897374486445505e+05 0.000000000000000e+00 0.000000000000000e+00 0.000000000000000e+00 1.889219025353862e+05 1.889219025353862e+05 0.000000000000000e+00
3.779077708656000e-03 1.898380154929637e+05 1.898380154929637e+05 0.000000000000000e+00 0.000000000000000e+00 0.000000000000000e+00 1.896766792558424e+05 0.000000000000000e+00 0.000000000000000e+00 0.000000000000000e+00 1.888612848628675e+05 1.888612848628675e+05 0.000000000000000e+00
3.800894562357000e-03 1.897784600737326e+05 1.897784600737326e+05 0.000000000000000e+00 0.000000000000000e+00 0.000000000000000e+00 1.896152836849204e+05 0.000000000000000e+00 0.000000000000000e+00 0.000000000000000e+00 1.888000287285634e+05 1.888000287285634e+05 0.000000000000000e+00
3.822837366128000e-03 1.897182917644054e+05 1.897182917644054e+05 0.000000000000000e+00 0.000000000000000e+00 0.000000000000000e+00 1.895532545407211e+05 0.000000000000000e+00 0.000000000000000e+00 0.000000000000000e+00 1.887381267443628e+05 1.887381267443628e+05 0.000000000000000e+00
3.844906847088000e-03 1.896575063493951e+05 1.896575063493951e+05 0.000000000000000e+00 0.000000000000000e+00 0.000000000000000e+00 1.894905866493314e+05 0.000000000000000e+00 0.000000000000000e+00 0.000000000000000e+00 1.886755732633385e+05 1.886755732633385e+05 0.000000000000000e+00
3.867103736553000e-03 1.895960990836366e+05 1.895960990836366e+05 0.000000000000000e+00 0.000000000000000e+00 0.000000000000000e+00 1.894272772892373e+05 0.000000000000000e+00 0.000000000000000e+00 0.000000000000000e+00 1.886123647123661e+05 1.886123647123661e+05 0.000000000000000e+00
3.889428770058000e-03 1.895340634937789e+05 1.895340634937789e+05 0.000000000000000e+00 0.000000000000000e+00 0.000000000000000e+00 1.893633174105097e+05 0.000000000000000e+00 0.000000000000000e+00 0.000000000000000e+00 1.885484922406281e+05 1.885484922406281e+05 0.000000000000000e+00
3.911882687388000e-03 1.894713923085212e+05 1.894713923085212e+05 0.000000000000000e+00 0.000000000000000e+00 0.000000000000000e+00 1.892987000982042e+05 0.000000000000000e+00 0.000000000000000e+00 0.000000000000000e+00 1.884839484351652e+05 1.884839484351652e+05 0.000000000000000e+00
3.934466232598000e-03 1.894080817598084e+05 1.894080817598084e+05 0.000000000000000e+00 0.000000000000000e+00 0.000000000000000e+00 1.892334201787548e+05 0.000000000000000e+00 0.000000000000000e+00 0.000000000000000e+00 1.884187279011287e+05 1.884187279011287e+05 0.000000000000000e+00
3.957180154037000e-03 1.893441276658861e+05 1.893441276658861e+05 0.000000000000000e+00 0.000000000000000e+00 0.000000000000000e+00 1.891674754889545e+05 0.000000000000000e+00 0.000000000000000e+00 0.000000000000000e+00 1.883528274514665e+05 1.883528274514665e+05 0.000000000000000e+00
3.980025204375000e-03 1.892795240796091e+05 1.892795240796091e+05 0.000000000000000e+00 0.000000000000000e+00 0.000000000000000e+00 1.891008598041818e+05 0.000000000000000e+00 0.000000000000000e+00 0.000000000000000e+00 1.882862404984038e+05 1.882862404984038e+05 0.000000000000000e+00
4.003002140629000e-03 1.892142600556535e+05 1.892142600556535e+05 0.000000000000000e+00 0.000000000000000e+00 0.000000000000000e+00 1.890335614200448e+05 0.000000000000000e+00 0.000000000000000e+00 0.000000000000000e+00 1.882189551139245e+05 1.882189551139245e+05 0.000000000000000e+00
4.026111724183000e-03 1.891483391424572e+05 1.891483391424572e+05 0.000000000000000e+00 0.000000000000000e+00 0.000000000000000e+00 1.889655828563622e+05 0.000000000000000e+00 0.000000000000000e+00 0.000000000000000e+00 1.881509733055853e+05 1.881509733055853e+05 0.000000000000000e+00
4.049354720818000e-03 1.890817468151528e+05 1.890817468151528e+05 0.000000000000000e+00 0.000000000000000e+00 0.000000000000000e+00 1.888969100351273e+05 0.000000000000000e+00 0.000000000000000e+00 0.000000000000000e+00 1.880822806911870e+05 1.880822806911870e+05 0.000000000000000e+00
4.072731900738000e-03 1.890144786538032e+05 1.890144786538032e+05 0.000000000000000e+00 0.000000000000000e+00 0.000000000000000e+00 1.888275388989726e+05 0.000000000000000e+00 0.000000000000000e+00 0.000000000000000e+00 1.880128726848610e+05 1.880128726848610e+05 0.000000000000000e+00
4.096244038590000e-03 1.889465343354156e+05 1.889465343354156e+05 0.000000000000000e+00 0.000000000000000e+00 0.000000000000000e+00 1.887574670251777e+05 0.000000000000000e+00 0.000000000000000e+00 0.000000000000000e+00 1.879427463149151e+05 1.879427463149151e+05 0.000000000000000e+00
4.119891913496000e-03 1.888779051871095e+05 1.888779051871095e+05 0.000000000000000e+00 0.000000000000000e+00 0.000000000000000e+00 1.886866868064365e+05 0.000000000000000e+00 0.000000000000000e+00 0.000000000000000e+00 1.878718935506570e+05 1.878718935506570e+05 0.000000000000000e+00
4.143676309073000e-03 1.888085847702574e+05 1.888085847702574e+05 0.000000000000000e+00 0.000000000000000e+00 0.000000000000000e+00 1.886151902786907e+05 0.000000000000000e+00 0.000000000000000e+00 0.000000000000000e+00 1.878003061002060e+05 1.878003061002060e+05 0.000000000000000e+00
4.167598013464000e-03 1.887385675778049e+05 1.887385675778049e+05 0.000000000000000e+00 0.000000000000000e+00 0.000000000000000e+00 1.885429731070883e+05 0.000000000000000e+00 0.000000000000000e+00 0.000000000000000e+00 1.877279787805073e+05 1.877279787805073e+05 0.000000000000000e+00
4.191657819361000e-03 1.886678495943090e+05 1.886678495943090e+05 0.000000000000000e+00 0.000000000000000e+00 0.000000000000000e+00 1.884700311317080e+05 0.000000000000000e+00 0.000000000000000e+00 0.000000000000000e+00 1.876549070346082e+05 1.876549070346082e+05 0.000000000000000e+00
4.215856524034000e-03 1.885964224725240e+05 1.885964224725240e+05 0.000000000000000e+00 0.000000000000000e+00 0.000000000000000e+00 1.883963544833677e+05 0.000000000000000e+00 0.000000000000000e+00 0.000000000000000e+00 1.875810805407596e+05 1.875810805407596e+05 0.000000000000000e+00
4.240194929354000e-03 1.885242812776117e+05 1.885242812776117e+05 0.000000000000000e+00 0.000000000000000e+00 0.000000000000000e+00 1.883219414935810e+05 0.000000000000000e+00 0.000000000000000e+00 0.000000000000000e+00 1.875064965314009e+05 1.875064965314009e+05 0.000000000000000e+00
4.264673841821000e-03 1.884514205220105e+05 1.884514205220105e+05 0.000000000000000e+00 0.000000000000000e+00 0.000000000000000e+00 1.882467815097081e+05 0.000000000000000e+00 0.000000000000000e+00 0.000000000000000e+00 1.874311448429226e+05 1.874311448429226e+05 0.000000000000000e+00
4.289294072591000e-03 1.883778329481111e+05 1.883778329481111e+05 0.000000000000000e+00 0.000000000000000e+00 0.000000000000000e+00 1.881708683337906e+05 0.000000000000000e+00 0.000000000000000e+00 0.000000000000000e+00 1.873550183202673e+05 1.873550183202673e+05 0.000000000000000e+00
4.314056437505000e-03 1.883035136695257e+05 1.883035136695257e+05 0.000000000000000e+00 0.000000000000000e+00 0.000000000000000e+00 1.880941989944877e+05 0.000000000000000e+00 0.000000000000000e+00 0.000000000000000e+00 1.872781131484321e+05 1.872781131484321e+05 0.000000000000000e+00
4.338961757112000e-03 1.882284564106339e+05 1.882284564106339e+05 0.000000000000000e+00 0.000000000000000e+00 0.000000000000000e+00 1.880167645566358e+05 0.000000000000000e+00 0.000000000000000e+00 0.000000000000000e+00 1.872004202650345e+05 1.872004202650345e+05 0.000000000000000e+00
4.364010856698000e-03 1.881526544565754e+05 1.881526544565754e+05 0.000000000000000e+00 0.000000000000000e+00 0.000000000000000e+00 1.879385569548639e+05 0.000000000000000e+00 0.000000000000000e+00 0.000000000000000e+00 1.871219312345607e+05 1.871219312345607e+05 0.000000000000000e+00
4.389204566314000e-03 1.880761032310045e+05 1.880761032310045e+05 0.000000000000000e+00 0.000000000000000e+00 0.000000000000000e+00 1.878595763483550e+05 0.000000000000000e+00 0.000000000000000e+00 0.000000000000000e+00 1.870426445848579e+05 1.870426445848579e+05 0.000000000000000e+00
4.414543720803000e-03 1.879987992545696e+05 1.879987992545696e+05 0.000000000000000e+00 0.000000000000000e+00 0.000000000000000e+00 1.877798150544515e+05 0.000000000000000e+00 0.000000000000000e+00 0.000000000000000e+00 1.869625528142970e+05 1.869625528142970e+05 0.000000000000000e+00
4.440029159827000e-03 1.879207262066281e+05 1.879207262066281e+05 0.000000000000000e+00 0.000000000000000e+00 0.000000000000000e+00 1.876992570954261e+05 0.000000000000000e+00 0.000000000000000e+00 0.000000000000000e+00 1.868816393853363e+05 1.868816393853363e+05 0.000000000000000e+00
4.465661727896000e-03 1.878418882089977e+05 1.878418882089977e+05 0.000000000000000e+00 0.000000000000000e+00 0.000000000000000e+00 1.876179068249326e+05 0.000000000000000e+00 0.000000000000000e+00 0.000000000000000e+00 1.867999078252486e+05 1.867999078252486e+05 0.000000000000000e+00
4.491442274396000e-03 1.877622752170787e+05 1.877622752170787e+05 0.000000000000000e+00 0.000000000000000e+00 0.000000000000000e+00 1.875357535792690e+05 0.000000000000000e+00 0.000000000000000e+00 0.000000000000000e+00 1.867173468925281e+05 1.867173468925281e+05 0.000000000000000e+00
4.517371653615000e-03 1.876818792481936e+05 1.876818792481936e+05 0.000000000000000e+00 0.000000000000000e+00 0.000000000000000e+00 1.874527877656753e+05 0.000000000000000e+00 0.000000000000000e+00 0.000000000000000e+00 1.866339466754210e+05 1.866339466754210e+05 0.000000000000000e+00
4.543450724773000e-03 1.876007086189722e+05 1.876007086189722e+05 0.000000000000000e+00 0.000000000000000e+00 0.000000000000000e+00 1.873690204606318e+05 0.000000000000000e+00 0.000000000000000e+00 0.000000000000000e+00 1.865497167718994e+05 1.865497167718994e+05 0.000000000000000e+00
4.569680352053000e-03 1.875187299331669e+05 1.875187299331669e+05 0.000000000000000e+00 0.000000000000000e+00 0.000000000000000e+00 1.872844161029036e+05 0.000000000000000e+00 0.000000000000000e+00 0.000000000000000e+00 1.864646220081009e+05 1.864646220081009e+05 0.000000000000000e+00
4.596061404623000e-03 1.874359604254264e+05 1.874359604254264e+05 0.000000000000000e+00 0.000000000000000e+00 0.000000000000000e+00 1.871989918483194e+05 0.000000000000000e+00 0.000000000000000e+00 0.000000000000000e+00 1.863786781746409e+05 1.863786781746409e+05 0.000000000000000e+00
4.622594756671000e-03 1.873523837047715e+05 1.873523837047715e+05 0.000000000000000e+00 0.000000000000000e+00 0.000000000000000e+00 1.871127321636445e+05 0.000000000000000e+00 0.000000000000000e+00 0.000000000000000e+00 1.862918690295584e+05 1.862918690295584e+05 0.000000000000000e+00
4.649281287433000e-03 1.872679965624981e+05 1.872679965624981e+05 0.000000000000000e+00 0.000000000000000e+00 0.000000000000000e+00 1.870256308439628e+05 0.000000000000000e+00 0.000000000000000e+00 0.000000000000000e+00 1.862041882937487e+05 1.862041882937487e+05 0.000000000000000e+00
4.676121881218000e-03 1.871827902368853e+05 1.871827902368853e+05 0.000000000000000e+00 0.000000000000000e+00 0.000000000000000e+00 1.869376799861623e+05 0.000000000000000e+00 0.000000000000000e+00 0.000000000000000e+00 1.861156272339138e+05 1.861156272339138e+05 0.000000000000000e+00
4.703117427442000e-03 1.870967618419129e+05 1.870967618419129e+05 0.000000000000000e+00 0.000000000000000e+00 0.000000000000000e+00 1.868488767951804e+05 0.000000000000000e+00 0.000000000000000e+00 0.000000000000000e+00 1.860261821960209e+05 1.860261821960209e+05 0.000000000000000e+00
4.730268820656000e-03 1.870099032523031e+05 1.870099032523031e+05 0.000000000000000e+00 0.000000000000000e+00 0.000000000000000e+00 1.867592144545634e+05 0.000000000000000e+00 0.000000000000000e+00 0.000000000000000e+00 1.859358451575932e+05 1.859358451575932e+05 0.000000000000000e+00
4.757576960572000e-03 1.869222070552236e+05 1.869222070552236e+05 0.000000000000000e+00 0.000000000000000e+00 0.000000000000000e+00 1.866686801621210e+05 0.000000000000000e+00 0.000000000000000e+00 0.000000000000000e+00 1.858446040673334e+05 1.858446040673334e+05 0.000000000000000e+00
4.785042752101000e-03 1.868336686188124e+05 1.868336686188124e+05 0.000000000000000e+00 0.000000000000000e+00 0.000000000000000e+00 1.865772750988966e+05 0.000000000000000e+00 0.000000000000000e+00 0.000000000000000e+00 1.857524577866321e+05 1.857524577866321e+05 0.000000000000000e+00
4.812667105375000e-03 1.867442828791962e+05 1.867442828791962e+05 0.000000000000000e+00 0.000000000000000e+00 0.000000000000000e+00 1.864849910891830e+05 0.000000000000000e+00 0.000000000000000e+00 0.000000000000000e+00 1.856593979567657e+05 1.856593979567657e+05 0.000000000000000e+00
4.840450935781000e-03 1.866540404530518e+05 1.866540404530518e+05 0.000000000000000e+00 0.000000000000000e+00 0.000000000000000e+00 1.863918177850618e+05 0.000000000000000e+00 0.000000000000000e+00 0.000000000000000e+00 1.855654138712959e+05 1.855654138712959e+05 0.000000000000000e+00
4.868395163990000e-03 1.865629274365916e+05 1.865629274365916e+05 0.000000000000000e+00 0.000000000000000e+00 0.000000000000000e+00 1.862977399875374e+05 0.000000000000000e+00 0.000000000000000e+00 0.000000000000000e+00 1.854704898791887e+05 1.854704898791887e+05 0.000000000000000e+00
4.896500715989000e-03 1.864709665634251e+05 1.864709665634251e+05 0.000000000000000e+00 0.000000000000000e+00 0.000000000000000e+00 1.862027851878158e+05 0.000000000000000e+00 0.000000000000000e+00 0.000000000000000e+00 1.853746510451148e+05 1.853746510451148e+05 0.000000000000000e+00
4.924768523111000e-03 1.863781214241987e+05 1.863781214241987e+05 0.000000000000000e+00 0.000000000000000e+00 0.000000000000000e+00 1.861069106709106e+05 0.000000000000000e+00 0.000000000000000e+00 0.000000000000000e+00 1.852778557383145e+05 1.852778557383145e+05 0.000000000000000e+00
4.953199522064000e-03 1.862843978183098e+05 1.862843978183098e+05 0.000000000000000e+00 0.000000000000000e+00 0.000000000000000e+00 1.860101242048698e+05 0.000000000000000e+00 0.000000000000000e+00 0.000000000000000e+00 1.851801103620654e+05 1.851801103620654e+05 0.000000000000000e+00
4.981794654965000e-03 1.861897833496902e+05 1.861897833496902e+05 0.000000000000000e+00 0.000000000000000e+00 0.000000000000000e+00 1.859124135544517e+05 0.000000000000000e+00 0.000000000000000e+00 0.000000000000000e+00 1.850814018035746e+05 1.850814018035746e+05 0.000000000000000e+00
5.010554869370000e-03 1.860942787227111e+05 1.860942787227111e+05 0.000000000000000e+00 0.000000000000000e+00 0.000000000000000e+00 1.858137792653089e+05 0.000000000000000e+00 0.000000000000000e+00 0.000000000000000e+00 1.849817295913962e+05 1.849817295913962e+05 0.000000000000000e+00
5.039481118304000e-03 1.859978525979172e+05 1.859978525979172e+05 0.000000000000000e+00 0.000000000000000e+00 0.000000000000000e+00 1.857141865254565e+05 0.000000000000000e+00 0.000000000000000e+00 0.000000000000000e+00 1.848810597214712e+05 1.848810597214712e+05 0.000000000000000e+00
5.068574360296000e-03 1.859005579274424e+05 1.859005579274424e+05 0.000000000000000e+00 0.000000000000000e+00 0.000000000000000e+00 1.856136926248207e+05 0.000000000000000e+00 0.000000000000000e+00 0.000000000000000e+00 1.847794455719928e+05 1.847794455719928e+05 0.000000000000000e+00
5.097835559407000e-03 1.858023430599378e+05 1.858023430599378e+05 0.000000000000000e+00 0.000000000000000e+00 0.000000000000000e+00 1.855122448435554e+05 0.000000000000000e+00 0.000000000000000e+00 0.000000000000000e+00 1.846768354903040e+05 1.846768354903040e+05 0.000000000000000e+00
5.127265685264000e-03 1.857031989561757e+05 1.857031989561757e+05 0.000000000000000e+00 0.000000000000000e+00 0.000000000000000e+00 1.854098270647996e+05 0.000000000000000e+00 0.000000000000000e+00 0.000000000000000e+00 1.845732140532241e+05 1.845732140532241e+05 0.000000000000000e+00
5.156865713092000e-03 1.856031343965630e+05 1.856031343965630e+05 0.000000000000000e+00 0.000000000000000e+00 0.000000000000000e+00 1.853064570832948e+05 0.000000000000000e+00 0.000000000000000e+00 0.000000000000000e+00 1.844685954500921e+05 1.844685954500921e+05 0.000000000000000e+00
5.186636623745000e-03 1.855021387265082e+05 1.855021387265082e+05 0.000000000000000e+00 0.000000000000000e+00 0.000000000000000e+00 1.852021193134777e+05 0.000000000000000e+00 0.000000000000000e+00 0.000000000000000e+00 1.843629644974318e+05 1.843629644974318e+05 0.000000000000000e+00
5.216579403741000e-03 1.854001867674455e+05 1.854001867674455e+05 0.000000000000000e+00 0.000000000000000e+00 0.000000000000000e+00 1.850967890600372e+05 0.000000000000000e+00 0.000000000000000e+00 0.000000000000000e+00 1.842562960695977e+05 1.842562960695977e+05 0.000000000000000e+00
5.246695045292000e-03 1.852973290730912e+05 1.852973290730912e+05 0.000000000000000e+00 0.000000000000000e+00 0.000000000000000e+00 1.849905160693100e+05 0.000000000000000e+00 0.000000000000000e+00 0.000000000000000e+00 1.841486376097163e+05 1.841486376097163e+05 0.000000000000000e+00
5.276984546340000e-03 1.851935007774894e+05 1.851935007774894e+05 0.000000000000000e+00 0.000000000000000e+00 0.000000000000000e+00 1.848832341415929e+05 0.000000000000000e+00 0.000000000000000e+00 0.000000000000000e+00 1.840399237090128e+05 1.840399237090128e+05 0.000000000000000e+00
5.307448910585000e-03 1.850887153412530e+05 1.850887153412530e+05 0.000000000000000e+00 0.000000000000000e+00 0.000000000000000e+00 1.847749575614647e+05 0.000000000000000e+00 0.000000000000000e+00 0.000000000000000e+00 1.839301669962565e+05 1.839301669962565e+05 0.000000000000000e+00
5.338089147524000e-03 1.849829674688942e+05 1.849829674688942e+05 0.000000000000000e+00 0.000000000000000e+00 0.000000000000000e+00 1.846656802989940e+05 0.000000000000000e+00 0.000000000000000e+00 0.000000000000000e+00 1.838193607617902e+05 1.838193607617902e+05 0.000000000000000e+00
5.368906272482000e-03 1.848762515716062e+05 1.848762515716062e+05 0.000000000000000e+00 0.000000000000000e+00 0.000000000000000e+00 1.845553958459841e+05 0.000000000000000e+00 0.000000000000000e+00 0.000000000000000e+00 1.837074978663558e+05 1.837074978663558e+05 0.000000000000000e+00
5.399901306643000e-03 1.847685592757964e+05 1.847685592757964e+05 0.000000000000000e+00 0.000000000000000e+00 0.000000000000000e+00 1.844440964262314e+05 0.000000000000000e+00 0.000000000000000e+00 0.000000000000000e+00 1.835945693750104e+05 1.835945693750104e+05 0.000000000000000e+00
5.431075277090000e-03 1.846598860837794e+05 1.846598860837794e+05 0.000000000000000e+00 0.000000000000000e+00 0.000000000000000e+00 1.843317772205503e+05 0.000000000000000e+00 0.000000000000000e+00 0.000000000000000e+00 1.834805695264550e+05 1.834805695264550e+05 0.000000000000000e+00
5.462429216831000e-03 1.845502258723726e+05 1.845502258723726e+05 0.000000000000000e+00 0.000000000000000e+00 0.000000000000000e+00 1.842184309658390e+05 0.000000000000000e+00 0.000000000000000e+00 0.000000000000000e+00 1.833654904341305e+05 1.833654904341305e+05 0.000000000000000e+00
5.493964164843000e-03 1.844395713533430e+05 1.844395713533430e+05 0.000000000000000e+00 0.000000000000000e+00 0.000000000000000e+00 1.841040505324736e+05 0.000000000000000e+00 0.000000000000000e+00 0.000000000000000e+00 1.832493239202121e+05 1.832493239202121e+05 0.000000000000000e+00
5.525681166096000e-03 1.843279177174800e+05 1.843279177174800e+05 0.000000000000000e+00 0.000000000000000e+00 0.000000000000000e+00 1.839886314718248e+05 0.000000000000000e+00 0.000000000000000e+00 0.000000000000000e+00 1.831320643563546e+05 1.831320643563546e+05 0.000000000000000e+00
5.557581271595000e-03 1.842152584666760e+05 1.842152584666760e+05 0.000000000000000e+00 0.000000000000000e+00 0.000000000000000e+00 1.838721627528913e+05 0.000000000000000e+00 0.000000000000000e+00 0.000000000000000e+00 1.830137011303305e+05 1.830137011303305e+05 0.000000000000000e+00
5.589665538413000e-03 1.841015847524489e+05 1.841015847524489e+05 0.000000000000000e+00 0.000000000000000e+00 0.000000000000000e+00 1.837546409683933e+05 0.000000000000000e+00 0.000000000000000e+00 0.000000000000000e+00 1.828942281392913e+05 1.828942281392913e+05 0.000000000000000e+00
5.621935029725000e-03 1.839868935580793e+05 1.839868935580793e+05 0.000000000000000e+00 0.000000000000000e+00 0.000000000000000e+00 1.836360588833045e+05 0.000000000000000e+00 0.000000000000000e+00 0.000000000000000e+00 1.827736384744177e+05 1.827736384744177e+05 0.000000000000000e+00
5.654390814843000e-03 1.838711783072048e+05 1.838711783072048e+05 0.000000000000000e+00 0.000000000000000e+00 0.000000000000000e+00 1.835164108383350e+05 0.000000000000000e+00 0.000000000000000e+00 0.000000000000000e+00 1.826519250863734e+05 1.826519250863734e+05 0.000000000000000e+00
5.687033969254000e-03 1.837544319651185e+05 1.837544319651185e+05 0.000000000000000e+00 0.000000000000000e+00 0.000000000000000e+00 1.833956890152516e+05 0.000000000000000e+00 0.000000000000000e+00 0.000000000000000e+00 1.825290793825039e+05 1.825290793825039e+05 0.000000000000000e+00
5.719865574652000e-03 1.836366484707071e+05 1.836366484707071e+05 0.000000000000000e+00 0.000000000000000e+00 0.000000000000000e+00 1.832738866685091e+05 0.000000000000000e+00 0.000000000000000e+00 0.000000000000000e+00 1.824050937618551e+05 1.824050937618551e+05 0.000000000000000e+00
5.752886718975000e-03 1.835178228173121e+05 1.835178228173121e+05 0.000000000000000e+00 0.000000000000000e+00 0.000000000000000e+00 1.831509990610721e+05 0.000000000000000e+00 0.000000000000000e+00 0.000000000000000e+00 1.822799625277136e+05 1.822799625277136e+05 0.000000000000000e+00
5.786098496446000e-03 1.833979481110219e+05 1.833979481110219e+05 0.000000000000000e+00 0.000000000000000e+00 0.000000000000000e+00 1.830270202205208e+05 0.000000000000000e+00 0.000000000000000e+00 0.000000000000000e+00 1.821536781641815e+05 1.821536781641815e+05 0.000000000000000e+00
5.819502007600000e-03 1.832770171602393e+05 1.832770171602393e+05 0.000000000000000e+00 0.000000000000000e+00 0.000000000000000e+00 1.829019387429468e+05 0.000000000000000e+00 0.000000000000000e+00 0.000000000000000e+00 1.820262296341324e+05 1.820262296341324e+05 0.000000000000000e+00
5.853098359329000e-03 1.831550267788645e+05 1.831550267788645e+05 0.000000000000000e+00 0.000000000000000e+00 0.000000000000000e+00 1.827757529042650e+05 0.000000000000000e+00 0.000000000000000e+00 0.000000000000000e+00 1.818976137732873e+05 1.818976137732873e+05 0.000000000000000e+00
5.886888664913000e-03 1.830319681938515e+05 1.830319681938515e+05 0.000000000000000e+00 0.000000000000000e+00 0.000000000000000e+00 1.826484523305685e+05 0.000000000000000e+00 0.000000000000000e+00 0.000000000000000e+00 1.817678196445790e+05 1.817678196445790e+05 0.000000000000000e+00
5.920874044059000e-03 1.829078373435529e+05 1.829078373435529e+05 0.000000000000000e+00 0.000000000000000e+00 0.000000000000000e+00 1.825200352774523e+05 0.000000000000000e+00 0.000000000000000e+00 0.000000000000000e+00 1.816368436737499e+05 1.816368436737499e+05 0.000000000000000e+00
5.955055622941000e-03 1.827826279023467e+05 1.827826279023467e+05 0.000000000000000e+00 0.000000000000000e+00 0.000000000000000e+00 1.823904939748255e+05 0.000000000000000e+00 0.000000000000000e+00 0.000000000000000e+00 1.815046775482568e+05 1.815046775482568e+05 0.000000000000000e+00
5.989434534231000e-03 1.826563328098920e+05 1.826563328098920e+05 0.000000000000000e+00 0.000000000000000e+00 0.000000000000000e+00 1.822598178816320e+05 0.000000000000000e+00 0.000000000000000e+00 0.000000000000000e+00 1.813713107615774e+05 1.813713107615774e+05 0.000000000000000e+00
6.024011917142000e-03 1.825289469566680e+05 1.825289469566680e+05 0.000000000000000e+00 0.000000000000000e+00 0.000000000000000e+00 1.821280057462921e+05 0.000000000000000e+00 0.000000000000000e+00 0.000000000000000e+00 1.812367398965503e+05 1.812367398965503e+05 0.000000000000000e+00
6.058788917463000e-03 1.824004675960425e+05 1.824004675960425e+05 0.000000000000000e+00 0.000000000000000e+00 0.000000000000000e+00 1.819950541923132e+05 0.000000000000000e+00 0.000000000000000e+00 0.000000000000000e+00 1.811009607409121e+05 1.811009607409121e+05 0.000000000000000e+00
6.093766687598000e-03 1.822708840167489e+05 1.822708840167489e+05 0.000000000000000e+00 0.000000000000000e+00 0.000000000000000e+00 1.818609480967535e+05 0.000000000000000e+00 0.000000000000000e+00 0.000000000000000e+00 1.809639583017030e+05 1.809639583017030e+05 0.000000000000000e+00
6.128946386603000e-03 1.821401930458857e+05 1.821401930458857e+05 0.000000000000000e+00 0.000000000000000e+00 0.000000000000000e+00 1.817256850698194e+05 0.000000000000000e+00 0.000000000000000e+00 0.000000000000000e+00 1.808257291904218e+05 1.808257291904218e+05 0.000000000000000e+00
6.164329180227000e-03 1.820083890626596e+05 1.820083890626596e+05 0.000000000000000e+00 0.000000000000000e+00 0.000000000000000e+00 1.815892632992424e+05 0.000000000000000e+00 0.000000000000000e+00 0.000000000000000e+00 1.806862692070451e+05 1.806862692070451e+05 0.000000000000000e+00
6.199916240948000e-03 1.818754655250874e+05 1.818754655250874e+05 0.000000000000000e+00 0.000000000000000e+00 0.000000000000000e+00 1.814516721201382e+05 0.000000000000000e+00 0.000000000000000e+00 0.000000000000000e+00 1.805455681296456e+05 1.805455681296456e+05 0.000000000000000e+00
6.235708748013000e-03 1.817414177506039e+05 1.817414177506039e+05 0.000000000000000e+00 0.000000000000000e+00 0.000000000000000e+00 1.813129047724069e+05 0.000000000000000e+00 0.000000000000000e+00 0.000000000000000e+00 1.804036186629214e+05 1.804036186629214e+05 0.000000000000000e+00
6.271707887475000e-03 1.816062415950527e+05 1.816062415950527e+05 0.000000000000000e+00 0.000000000000000e+00 0.000000000000000e+00 1.811729628893102e+05 0.000000000000000e+00 0.000000000000000e+00 0.000000000000000e+00 1.802604197293912e+05 1.802604197293912e+05 0.000000000000000e+00
6.307914852238000e-03 1.814699265373773e+05 1.814699265373773e+05 0.000000000000000e+00 0.000000000000000e+00 0.000000000000000e+00 1.810318275841290e+05 0.000000000000000e+00 0.000000000000000e+00 0.000000000000000e+00 1.801159541474022e+05 1.801159541474022e+05 0.000000000000000e+00
6.344330842090000e-03 1.813324721906940e+05 1.813324721906940e+05 0.000000000000000e+00 0.000000000000000e+00 0.000000000000000e+00 1.808894969529925e+05 0.000000000000000e+00 0.000000000000000e+00 0.000000000000000e+00 1.799702194549995e+05 1.799702194549995e+05 0.000000000000000e+00
6.380957063745000e-03 1.811938692168702e+05 1.811938692168702e+05 0.000000000000000e+00 0.000000000000000e+00 0.000000000000000e+00 1.807459688779555e+05 0.000000000000000e+00 0.000000000000000e+00 0.000000000000000e+00 1.798232102933970e+05 1.798232102933970e+05 0.000000000000000e+00
6.417794730886000e-03 1.810541154761436e+05 1.810541154761436e+05 0.000000000000000e+00 0.000000000000000e+00 0.000000000000000e+00 1.806012377778532e+05 0.000000000000000e+00 0.000000000000000e+00 0.000000000000000e+00 1.796749210987892e+05 1.796749210987892e+05 0.000000000000000e+00
6.454845064199000e-03 1.809132043936029e+05 1.809132043936029e+05 0.000000000000000e+00 0.000000000000000e+00 0.000000000000000e+00 1.804553016514839e+05 0.000000000000000e+00 0.000000000000000e+00 0.000000000000000e+00 1.795253475786235e+05 1.795253475786235e+05 0.000000000000000e+00
6.492109291421000e-03 1.807711336933750e+05 1.807711336933750e+05 0.000000000000000e+00 0.000000000000000e+00 0.000000000000000e+00 1.803081502713107e+05 0.000000000000000e+00 0.000000000000000e+00 0.000000000000000e+00 1.793744811102817e+05 1.793744811102817e+05 0.000000000000000e+00
6.529588647375000e-03 1.806278940918336e+05 1.806278940918336e+05 0.000000000000000e+00 0.000000000000000e+00 0.000000000000000e+00 1.801597746620144e+05 0.000000000000000e+00 0.000000000000000e+00 0.000000000000000e+00 1.792223115844812e+05 1.792223115844812e+05 0.000000000000000e+00
6.567284374012000e-03 1.804834818961028e+05 1.804834818961028e+05 0.000000000000000e+00 0.000000000000000e+00 0.000000000000000e+00 1.800101725756513e+05 0.000000000000000e+00 0.000000000000000e+00 0.000000000000000e+00 1.790688354912876e+05 1.790688354912876e+05 0.000000000000000e+00
6.605197720453000e-03 1.803378911920569e+05 1.803378911920569e+05 0.000000000000000e+00 0.000000000000000e+00 0.000000000000000e+00 1.798593360851390e+05 0.000000000000000e+00 0.000000000000000e+00 0.000000000000000e+00 1.789140446214736e+05 1.789140446214736e+05 0.000000000000000e+00
6.643329943032000e-03 1.801911179842550e+05 1.801911179842550e+05 0.000000000000000e+00 0.000000000000000e+00 0.000000000000000e+00 1.797072612718702e+05 0.000000000000000e+00 0.000000000000000e+00 0.000000000000000e+00 1.787579341376738e+05 1.787579341376738e+05 0.000000000000000e+00
6.681682305335000e-03 1.800431560532835e+05 1.800431560532835e+05 0.000000000000000e+00 0.000000000000000e+00 0.000000000000000e+00 1.795539414336024e+05 0.000000000000000e+00 0.000000000000000e+00 0.000000000000000e+00 1.786004966633413e+05 1.786004966633413e+05 0.000000000000000e+00
6.720256078241000e-03 1.798940043455959e+05 1.798940043455959e+05 0.000000000000000e+00 0.000000000000000e+00 0.000000000000000e+00 1.793993798501235e+05 0.000000000000000e+00 0.000000000000000e+00 0.000000000000000e+00 1.784417333650837e+05 1.784417333650837e+05 0.000000000000000e+00
6.759052539968000e-03 1.797436521645964e+05 1.797436521645964e+05 0.000000000000000e+00 0.000000000000000e+00 0.000000000000000e+00 1.792435564016967e+05 0.000000000000000e+00 0.000000000000000e+00 0.000000000000000e+00 1.782816260600919e+05 1.782816260600919e+05 0.000000000000000e+00
6.798072976114000e-03 1.795920989636572e+05 1.795920989636572e+05 0.000000000000000e+00 0.000000000000000e+00 0.000000000000000e+00 1.790864743693475e+05 0.000000000000000e+00 0.000000000000000e+00 0.000000000000000e+00 1.781201761378655e+05 1.781201761378655e+05 0.000000000000000e+00
6.837318679695000e-03 1.794393383583103e+05 1.794393383583103e+05 0.000000000000000e+00 0.000000000000000e+00 0.000000000000000e+00 1.789281263526143e+05 0.000000000000000e+00 0.000000000000000e+00 0.000000000000000e+00 1.779573758451765e+05 1.779573758451765e+05 0.000000000000000e+00
6.876790951196000e-03 1.792853637877491e+05 1.792853637877491e+05 0.000000000000000e+00 0.000000000000000e+00 0.000000000000000e+00 1.787685030889130e+05 0.000000000000000e+00 0.000000000000000e+00 0.000000000000000e+00 1.777932158967462e+05 1.777932158967462e+05 0.000000000000000e+00
6.916491098607000e-03 1.791301783472737e+05 1.791301783472737e+05 0.000000000000000e+00 0.000000000000000e+00 0.000000000000000e+00 1.786076131050409e+05 0.000000000000000e+00 0.000000000000000e+00 0.000000000000000e+00 1.776277023845598e+05 1.776277023845598e+05 0.000000000000000e+00
6.956420437470000e-03 1.789737698053408e+05 1.789737698053408e+05 0.000000000000000e+00 0.000000000000000e+00 0.000000000000000e+00 1.784454394716550e+05 0.000000000000000e+00 0.000000000000000e+00 0.000000000000000e+00 1.774608190612555e+05 1.774608190612555e+05 0.000000000000000e+00
6.996580290922000e-03 1.788161363635819e+05 1.788161363635819e+05 0.000000000000000e+00 0.000000000000000e+00 0.000000000000000e+00 1.782819805966613e+05 0.000000000000000e+00 0.000000000000000e+00 0.000000000000000e+00 1.772925638515920e+05 1.772925638515920e+05 0.000000000000000e+00
7.036971989739000e-03 1.786572740294953e+05 1.786572740294953e+05 0.000000000000000e+00 0.000000000000000e+00 0.000000000000000e+00 1.781172319317083e+05 0.000000000000000e+00 0.000000000000000e+00 0.000000000000000e+00 1.771229316537232e+05 1.771229316537232e+05 0.000000000000000e+00
7.077596872377000e-03 1.784971774317834e+05 1.784971774317834e+05 0.000000000000000e+00 0.000000000000000e+00 0.000000000000000e+00 1.779511899240116e+05 0.000000000000000e+00 0.000000000000000e+00 0.000000000000000e+00 1.769519176522887e+05 1.769519176522887e+05 0.000000000000000e+00
7.118456285022000e-03 1.783358461150439e+05 1.783358461150439e+05 0.000000000000000e+00 0.000000000000000e+00 0.000000000000000e+00 1.777838484643041e+05 0.000000000000000e+00 0.000000000000000e+00 0.000000000000000e+00 1.767795169161834e+05 1.767795169161834e+05 0.000000000000000e+00
7.159551581631000e-03 1.781732684410656e+05 1.781732684410656e+05 0.000000000000000e+00 0.000000000000000e+00 0.000000000000000e+00 1.776151984769554e+05 0.000000000000000e+00 0.000000000000000e+00 0.000000000000000e+00 1.766057191497423e+05 1.766057191497423e+05 0.000000000000000e+00
7.200884123975000e-03 1.780094476479432e+05 1.780094476479432e+05 0.000000000000000e+00 0.000000000000000e+00 0.000000000000000e+00 1.774452418782910e+05 0.000000000000000e+00 0.000000000000000e+00 0.000000000000000e+00 1.764305260101518e+05 1.764305260101518e+05 0.000000000000000e+00
7.242455281691000e-03 1.778443765980049e+05 1.778443765980049e+05 0.000000000000000e+00 0.000000000000000e+00 0.000000000000000e+00 1.772739717469968e+05 0.000000000000000e+00 0.000000000000000e+00 0.000000000000000e+00 1.762539300742183e+05 1.762539300742183e+05 0.000000000000000e+00
7.284266432320000e-03 1.776780495089724e+05 1.776780495089724e+05 0.000000000000000e+00 0.000000000000000e+00 0.000000000000000e+00 1.771013755098330e+05 0.000000000000000e+00 0.000000000000000e+00 0.000000000000000e+00 1.760759207313532e+05 1.760759207313532e+05 0.000000000000000e+00
7.326318961355000e-03 1.775104654572760e+05 1.775104654572760e+05 0.000000000000000e+00 0.000000000000000e+00 0.000000000000000e+00 1.769274593373395e+05 0.000000000000000e+00 0.000000000000000e+00 0.000000000000000e+00 1.758965010951399e+05 1.758965010951399e+05 0.000000000000000e+00
7.368614262290000e-03 1.773416213356417e+05 1.773416213356417e+05 0.000000000000000e+00 0.000000000000000e+00 0.000000000000000e+00 1.767522195018630e+05 0.000000000000000e+00 0.000000000000000e+00 0.000000000000000e+00 1.757156674388432e+05 1.757156674388432e+05 0.000000000000000e+00
7.411153736662000e-03 1.771715123288335e+05 1.771715123288335e+05 0.000000000000000e+00 0.000000000000000e+00 0.000000000000000e+00 1.765756483592038e+05 0.000000000000000e+00 0.000000000000000e+00 0.000000000000000e+00 1.755334126002628e+05 1.755334126002628e+05 0.000000000000000e+00
7.453938794099000e-03 1.770001372031008e+05 1.770001372031008e+05 0.000000000000000e+00 0.000000000000000e+00 0.000000000000000e+00 1.763977502082016e+05 0.000000000000000e+00 0.000000000000000e+00 0.000000000000000e+00 1.753497389205060e+05 1.753497389205060e+05 0.000000000000000e+00
7.496970852368000e-03 1.768274887162065e+05 1.768274887162065e+05 0.000000000000000e+00 0.000000000000000e+00 0.000000000000000e+00 1.762185073565176e+05 0.000000000000000e+00 0.000000000000000e+00 0.000000000000000e+00 1.751646318984485e+05 1.751646318984485e+05 0.000000000000000e+00
7.540251337421000e-03 1.766535612955279e+05 1.766535612955279e+05 0.000000000000000e+00 0.000000000000000e+00 0.000000000000000e+00 1.760379088936035e+05 0.000000000000000e+00 0.000000000000000e+00 0.000000000000000e+00 1.749780819283294e+05 1.749780819283294e+05 0.000000000000000e+00
7.583781683441000e-03 1.764783596189064e+05 1.764783596189064e+05 0.000000000000000e+00 0.000000000000000e+00 0.000000000000000e+00 1.758559743160561e+05 0.000000000000000e+00 0.000000000000000e+00 0.000000000000000e+00 1.747901037627201e+05 1.747901037627201e+05 0.000000000000000e+00
7.627563332891000e-03 1.763018737305427e+05 1.763018737305427e+05 0.000000000000000e+00 0.000000000000000e+00 0.000000000000000e+00 1.756726862416814e+05 0.000000000000000e+00 0.000000000000000e+00 0.000000000000000e+00 1.746006821638379e+05 1.746006821638379e+05 0.000000000000000e+00
7.671597736562000e-03 1.761241004533623e+05 1.761241004533623e+05 0.000000000000000e+00 0.000000000000000e+00 0.000000000000000e+00 1.754880326468454e+05 0.000000000000000e+00 0.000000000000000e+00 0.000000000000000e+00 1.744098080785093e+05 1.744098080785093e+05 0.000000000000000e+00
7.715886353619000e-03 1.759450408391879e+05 1.759450408391879e+05 0.000000000000000e+00 0.000000000000000e+00 0.000000000000000e+00 1.753020312315753e+05 0.000000000000000e+00 0.000000000000000e+00 0.000000000000000e+00 1.742174936392146e+05 1.742174936392146e+05 0.000000000000000e+00
7.760430651652000e-03 1.757646949867010e+05 1.757646949867010e+05 0.000000000000000e+00 0.000000000000000e+00 0.000000000000000e+00 1.751146710715562e+05 0.000000000000000e+00 0.000000000000000e+00 0.000000000000000e+00 1.740237316320089e+05 1.740237316320089e+05 0.000000000000000e+00
7.805232106725000e-03 1.755830559362710e+05 1.755830559362710e+05 0.000000000000000e+00 0.000000000000000e+00 0.000000000000000e+00 1.749259541801987e+05 0.000000000000000e+00 0.000000000000000e+00 0.000000000000000e+00 1.738285210917070e+05 1.738285210917070e+05 0.000000000000000e+00
7.850292203420000e-03 1.754001164289031e+05 1.754001164289031e+05 0.000000000000000e+00 0.000000000000000e+00 0.000000000000000e+00 1.747358564834441e+05 0.000000000000000e+00 0.000000000000000e+00 0.000000000000000e+00 1.736318436764389e+05 1.736318436764389e+05 0.000000000000000e+00
7.895612434893000e-03 1.752158802267105e+05 1.752158802267105e+05 0.000000000000000e+00 0.000000000000000e+00 0.000000000000000e+00 1.745443903307891e+05 0.000000000000000e+00 0.000000000000000e+00 0.000000000000000e+00 1.734337093704576e+05 1.734337093704576e+05 0.000000000000000e+00
7.941194302916999e-03 1.750303401624914e+05 1.750303401624914e+05 0.000000000000000e+00 0.000000000000000e+00 0.000000000000000e+00 1.743515458557772e+05 0.000000000000000e+00 0.000000000000000e+00 0.000000000000000e+00 1.732341090384902e+05 1.732341090384902e+05 0.000000000000000e+00
7.987039317936000e-03 1.748434965464294e+05 1.748434965464294e+05 0.000000000000000e+00 0.000000000000000e+00 0.000000000000000e+00 1.741573188224779e+05 0.000000000000000e+00 0.000000000000000e+00 0.000000000000000e+00 1.730330406712667e+05 1.730330406712667e+05 0.000000000000000e+00
8.033148999116000e-03 1.746553466832433e+05 1.746553466832433e+05 0.000000000000000e+00 0.000000000000000e+00 0.000000000000000e+00 1.739617158535458e+05 0.000000000000000e+00 0.000000000000000e+00 0.000000000000000e+00 1.728305078757846e+05 1.728305078757846e+05 0.000000000000000e+00
8.079524874391000e-03 1.744658918563143e+05 1.744658918563143e+05 0.000000000000000e+00 0.000000000000000e+00 0.000000000000000e+00 1.737647393502795e+05 0.000000000000000e+00 0.000000000000000e+00 0.000000000000000e+00 1.726265134802271e+05 1.726265134802271e+05 0.000000000000000e+00
8.126168480514000e-03 1.742751175344884e+05 1.742751175344884e+05 0.000000000000000e+00 0.000000000000000e+00 0.000000000000000e+00 1.735663487630476e+05 0.000000000000000e+00 0.000000000000000e+00 0.000000000000000e+00 1.724210255059466e+05 1.724210255059466e+05 0.000000000000000e+00
8.173081363115000e-03 1.740830349496495e+05 1.740830349496495e+05 0.000000000000000e+00 0.000000000000000e+00 0.000000000000000e+00 1.733665835284238e+05 0.000000000000000e+00 0.000000000000000e+00 0.000000000000000e+00 1.722140751376658e+05 1.722140751376658e+05 0.000000000000000e+00
8.220265076743000e-03 1.738896384011208e+05 1.738896384011208e+05 0.000000000000000e+00 0.000000000000000e+00 0.000000000000000e+00 1.731654289118898e+05 0.000000000000000e+00 0.000000000000000e+00 0.000000000000000e+00 1.720056510369294e+05 1.720056510369294e+05 0.000000000000000e+00
8.267721184922000e-03 1.736949194559587e+05 1.736949194559587e+05 0.000000000000000e+00 0.000000000000000e+00 0.000000000000000e+00 1.729628619708527e+05 0.000000000000000e+00 0.000000000000000e+00 0.000000000000000e+00 1.717957359864925e+05 1.717957359864925e+05 0.000000000000000e+00
8.315451260203000e-03 1.734988846430701e+05 1.734988846430701e+05 0.000000000000000e+00 0.000000000000000e+00 0.000000000000000e+00 1.727589080510565e+05 0.000000000000000e+00 0.000000000000000e+00 0.000000000000000e+00 1.715843496369603e+05 1.715843496369603e+05 0.000000000000000e+00
8.363456884216001e-03 1.733015335982661e+05 1.733015335982661e+05 0.000000000000000e+00 0.000000000000000e+00 0.000000000000000e+00 1.725535674894865e+05 0.000000000000000e+00 0.000000000000000e+00 0.000000000000000e+00 1.713714929172915e+05 1.713714929172915e+05 0.000000000000000e+00
8.411739647721000e-03 1.731028565118436e+05 1.731028565118436e+05 0.000000000000000e+00 0.000000000000000e+00 0.000000000000000e+00 1.723468114408107e+05 0.000000000000000e+00 0.000000000000000e+00 0.000000000000000e+00 1.711571442679167e+05 1.711571442679167e+05 0.000000000000000e+00
8.460301150662000e-03 1.729028551252949e+05 1.729028551252949e+05 0.000000000000000e+00 0.000000000000000e+00 0.000000000000000e+00 1.721386499672459e+05 0.000000000000000e+00 0.000000000000000e+00 0.000000000000000e+00 1.709413122214610e+05 1.709413122214610e+05 0.000000000000000e+00
8.509143002218000e-03 1.727015235963620e+05 1.727015235963620e+05 0.000000000000000e+00 0.000000000000000e+00 0.000000000000000e+00 1.719290701960175e+05 0.000000000000000e+00 0.000000000000000e+00 0.000000000000000e+00 1.707239870491141e+05 1.707239870491141e+05 0.000000000000000e+00
8.558266820861001e-03 1.724988729573346e+05 1.724988729573346e+05 0.000000000000000e+00 0.000000000000000e+00 0.000000000000000e+00 1.717180976335273e+05 0.000000000000000e+00 0.000000000000000e+00 0.000000000000000e+00 1.705051907867451e+05 1.705051907867451e+05 0.000000000000000e+00
8.607674234403000e-03 1.722948888689165e+05 1.722948888689165e+05 0.000000000000000e+00 0.000000000000000e+00 0.000000000000000e+00 1.715057027754694e+05 0.000000000000000e+00 0.000000000000000e+00 0.000000000000000e+00 1.702848998970712e+05 1.702848998970712e+05 0.000000000000000e+00
8.657366880056999e-03 1.720895809266068e+05 1.720895809266068e+05 0.000000000000000e+00 0.000000000000000e+00 0.000000000000000e+00 1.712919088802496e+05 0.000000000000000e+00 0.000000000000000e+00 0.000000000000000e+00 1.700631345384169e+05 1.700631345384169e+05 0.000000000000000e+00
8.707346404485001e-03 1.718829399189303e+05 1.718829399189303e+05 0.000000000000000e+00 0.000000000000000e+00 0.000000000000000e+00 1.710766943670102e+05 0.000000000000000e+00 0.000000000000000e+00 0.000000000000000e+00 1.698398788489210e+05 1.698398788489210e+05 0.000000000000000e+00
8.757614463856001e-03 1.716749699808437e+05 1.716749699808437e+05 0.000000000000000e+00 0.000000000000000e+00 0.000000000000000e+00 1.708600621976377e+05 0.000000000000000e+00 0.000000000000000e+00 0.000000000000000e+00 1.696151372908330e+05 1.696151372908330e+05 0.000000000000000e+00
8.808172723900000e-03 1.714656667324637e+05 1.714656667324637e+05 0.000000000000000e+00 0.000000000000000e+00 0.000000000000000e+00 1.706420124755607e+05 0.000000000000000e+00 0.000000000000000e+00 0.000000000000000e+00 1.693889101806452e+05 1.693889101806452e+05 0.000000000000000e+00
8.859022859966001e-03 1.712550278258100e+05 1.712550278258100e+05 0.000000000000000e+00 0.000000000000000e+00 0.000000000000000e+00 1.704225388777160e+05 0.000000000000000e+00 0.000000000000000e+00 0.000000000000000e+00 1.691611942111058e+05 1.691611942111058e+05 0.000000000000000e+00
8.910166557070000e-03 1.710430545073508e+05 1.710430545073508e+05 0.000000000000000e+00 0.000000000000000e+00 0.000000000000000e+00 1.702016476723574e+05 0.000000000000000e+00 0.000000000000000e+00 0.000000000000000e+00 1.689319958077153e+05 1.689319958077153e+05 0.000000000000000e+00
8.961605509960001e-03 1.708297427012287e+05 1.708297427012287e+05 0.000000000000000e+00 0.000000000000000e+00 0.000000000000000e+00 1.699793229158819e+05 0.000000000000000e+00 0.000000000000000e+00 0.000000000000000e+00 1.687013040633489e+05 1.687013040633489e+05 0.000000000000000e+00
9.013341423166000e-03 1.706151065328803e+05 1.706151065328803e+05 0.000000000000000e+00 0.000000000000000e+00 0.000000000000000e+00 1.697555913489782e+05 0.000000000000000e+00 0.000000000000000e+00 0.000000000000000e+00 1.684691441151343e+05 1.684691441151343e+05 0.000000000000000e+00
9.065376011058000e-03 1.703991290375549e+05 1.703991290375549e+05 0.000000000000000e+00 0.000000000000000e+00 0.000000000000000e+00 1.695304288578377e+05 0.000000000000000e+00 0.000000000000000e+00 0.000000000000000e+00 1.682354962266653e+05 1.682354962266653e+05 0.000000000000000e+00
9.117710997904000e-03 1.701818184922271e+05 1.701818184922271e+05 0.000000000000000e+00 0.000000000000000e+00 0.000000000000000e+00 1.693038446222848e+05 0.000000000000000e+00 0.000000000000000e+00 0.000000000000000e+00 1.680003705820438e+05 1.680003705820438e+05 0.000000000000000e+00
9.170348117927000e-03 1.699631694596735e+05 1.699631694596735e+05 0.000000000000000e+00 0.000000000000000e+00 0.000000000000000e+00 1.690758303570882e+05 0.000000000000000e+00 0.000000000000000e+00 0.000000000000000e+00 1.677637627640844e+05 1.677637627640844e+05 0.000000000000000e+00
9.223289115358999e-03 1.697431853249967e+05 1.697431853249967e+05 0.000000000000000e+00 0.000000000000000e+00 0.000000000000000e+00 1.688463904556853e+05 0.000000000000000e+00 0.000000000000000e+00 0.000000000000000e+00 1.675256784559854e+05 1.675256784559854e+05 0.000000000000000e+00
9.276535744505999e-03 1.695218632290989e+05 1.695218632290989e+05 0.000000000000000e+00 0.000000000000000e+00 0.000000000000000e+00 1.686155179771428e+05 0.000000000000000e+00 0.000000000000000e+00 0.000000000000000e+00 1.672861146195634e+05 1.672861146195634e+05 0.000000000000000e+00
9.330089769797000e-03 1.692992050643268e+05 1.692992050643268e+05 0.000000000000000e+00 0.000000000000000e+00 0.000000000000000e+00 1.683832177131168e+05 0.000000000000000e+00 0.000000000000000e+00 0.000000000000000e+00 1.670450776945821e+05 1.670450776945821e+05 0.000000000000000e+00
9.383952965849001e-03 1.690752098387466e+05 1.690752098387466e+05 0.000000000000000e+00 0.000000000000000e+00 0.000000000000000e+00 1.681494869386454e+05 0.000000000000000e+00 0.000000000000000e+00 0.000000000000000e+00 1.668025674962395e+05 1.668025674962395e+05 0.000000000000000e+00
9.438127117527000e-03 1.688498764059985e+05 1.688498764059985e+05 0.000000000000000e+00 0.000000000000000e+00 0.000000000000000e+00 1.679143219634662e+05 0.000000000000000e+00 0.000000000000000e+00 0.000000000000000e+00 1.665585839657365e+05 1.665585839657365e+05 0.000000000000000e+00
9.492614019995000e-03 1.686232074731509e+05 1.686232074731509e+05 0.000000000000000e+00 0.000000000000000e+00 0.000000000000000e+00 1.676777278444405e+05 0.000000000000000e+00 0.000000000000000e+00 0.000000000000000e+00 1.663131341786080e+05 1.663131341786080e+05 0.000000000000000e+00
9.547415478782999e-03 1.683951985102746e+05 1.683951985102746e+05 0.000000000000000e+00 0.000000000000000e+00 0.000000000000000e+00 1.674396898590025e+05 0.000000000000000e+00 0.000000000000000e+00 0.000000000000000e+00 1.660662095004552e+05 1.660662095004552e+05 0.000000000000000e+00
9.602533309845999e-03 1.681658612837524e+05 1.681658612837524e+05 0.000000000000000e+00 0.000000000000000e+00 0.000000000000000e+00 1.672002436066642e+05 0.000000000000000e+00 0.000000000000000e+00 0.000000000000000e+00 1.658178400836428e+05 1.658178400836428e+05 0.000000000000000e+00
9.657969339619999e-03 1.679351821988582e+05 1.679351821988582e+05 0.000000000000000e+00 0.000000000000000e+00 0.000000000000000e+00 1.669593482917192e+05 0.000000000000000e+00 0.000000000000000e+00 0.000000000000000e+00 1.655679977281317e+05 1.655679977281317e+05 0.000000000000000e+00
9.713725405086001e-03 1.677031693726462e+05 1.677031693726462e+05 0.000000000000000e+00 0.000000000000000e+00 0.000000000000000e+00 1.667170234088778e+05 0.000000000000000e+00 0.000000000000000e+00 0.000000000000000e+00 1.653167001161196e+05 1.653167001161196e+05 0.000000000000000e+00
9.769803353832001e-03 1.674698209046152e+05 1.674698209046152e+05 0.000000000000000e+00 0.000000000000000e+00 0.000000000000000e+00 1.664732641186693e+05 0.000000000000000e+00 0.000000000000000e+00 0.000000000000000e+00 1.650639473396241e+05 1.650639473396241e+05 0.000000000000000e+00
9.826205044108000e-03 1.672351467165981e+05 1.672351467165981e+05 0.000000000000000e+00 0.000000000000000e+00 0.000000000000000e+00 1.662280935418307e+05 0.000000000000000e+00 0.000000000000000e+00 0.000000000000000e+00 1.648097610334520e+05 1.648097610334520e+05 0.000000000000000e+00
9.882932344895000e-03 1.669991242167125e+05 1.669991242167125e+05 0.000000000000000e+00 0.000000000000000e+00 0.000000000000000e+00 1.659814511453087e+05 0.000000000000000e+00 0.000000000000000e+00 0.000000000000000e+00 1.645540961281912e+05 1.645540961281912e+05 0.000000000000000e+00
9.939987135964000e-03 1.667617743385381e+05 1.667617743385381e+05 0.000000000000000e+00 0.000000000000000e+00 0.000000000000000e+00 1.657333912243108e+05 0.000000000000000e+00 0.000000000000000e+00 0.000000000000000e+00 1.642969997749676e+05 1.642969997749676e+05 0.000000000000000e+00
9.997371307937000e-03 1.665230954331617e+05 1.665230954331617e+05 0.000000000000000e+00 0.000000000000000e+00 0.000000000000000e+00 1.654839049425457e+05 0.000000000000000e+00 0.000000000000000e+00 0.000000000000000e+00 1.640384687877743e+05 1.640384687877743e+05 0.000000000000000e+00
1.005508676235000e-02 1.662830748689831e+05 1.662830748689831e+05 0.000000000000000e+00 0.000000000000000e+00 0.000000000000000e+00 1.652329589633070e+05 0.000000000000000e+00 0.000000000000000e+00 0.000000000000000e+00 1.637784794376831e+05 1.637784794376831e+05 0.000000000000000e+00
1.011313541172000e-02 1.660417296036387e+05 1.660417296036387e+05 0.000000000000000e+00 0.000000000000000e+00 0.000000000000000e+00 1.649805976549181e+05 0.000000000000000e+00 0.000000000000000e+00 0.000000000000000e+00 1.635170708108569e+05 1.635170708108569e+05 0.000000000000000e+00
1.017151917959000e-02 1.657990521415515e+05 1.657990521415515e+05 0.000000000000000e+00 0.000000000000000e+00 0.000000000000000e+00 1.647267984782212e+05 0.000000000000000e+00 0.000000000000000e+00 0.000000000000000e+00 1.632542297786529e+05 1.632542297786529e+05 0.000000000000000e+00
1.023024000064000e-02 1.655550450476994e+05 1.655550450476994e+05 0.000000000000000e+00 0.000000000000000e+00 0.000000000000000e+00 1.644715701384475e+05 0.000000000000000e+00 0.000000000000000e+00 0.000000000000000e+00 1.629899661413346e+05 1.629899661413346e+05 0.000000000000000e+00
1.028929982069000e-02 1.653097169575013e+05 1.653097169575013e+05 0.000000000000000e+00 0.000000000000000e+00 0.000000000000000e+00 1.642149155402141e+05 0.000000000000000e+00 0.000000000000000e+00 0.000000000000000e+00 1.627242879662499e+05 1.627242879662499e+05 0.000000000000000e+00
1.034870059680000e-02 1.650630592511582e+05 1.650630592511582e+05 0.000000000000000e+00 0.000000000000000e+00 0.000000000000000e+00 1.639568218655293e+05 0.000000000000000e+00 0.000000000000000e+00 0.000000000000000e+00 1.624571882759046e+05 1.624571882759046e+05 0.000000000000000e+00
1.040844429733000e-02 1.648150659521329e+05 1.648150659521329e+05 0.000000000000000e+00 0.000000000000000e+00 0.000000000000000e+00 1.636972864893794e+05 0.000000000000000e+00 0.000000000000000e+00 0.000000000000000e+00 1.621886673982998e+05 1.621886673982998e+05 0.000000000000000e+00
1.046853290201000e-02 1.645657539774567e+05 1.645657539774567e+05 0.000000000000000e+00 0.000000000000000e+00 0.000000000000000e+00 1.634363277377289e+05 0.000000000000000e+00 0.000000000000000e+00 0.000000000000000e+00 1.619187465130030e+05 1.619187465130030e+05 0.000000000000000e+00
1.052896840198000e-02 1.643151157455035e+05 1.643151157455035e+05 0.000000000000000e+00 0.000000000000000e+00 0.000000000000000e+00 1.631739326249266e+05 0.000000000000000e+00 0.000000000000000e+00 0.000000000000000e+00 1.616474189768761e+05 1.616474189768761e+05 0.000000000000000e+00
1.058975279991000e-02 1.640631589016798e+05 1.640631589016798e+05 0.000000000000000e+00 0.000000000000000e+00 0.000000000000000e+00 1.629101166764471e+05 0.000000000000000e+00 0.000000000000000e+00 0.000000000000000e+00 1.613747016760075e+05 1.613747016760075e+05 0.000000000000000e+00
1.065088811000000e-02 1.638098745545451e+05 1.638098745545451e+05 0.000000000000000e+00 0.000000000000000e+00 0.000000000000000e+00 1.626448598491728e+05 0.000000000000000e+00 0.000000000000000e+00 0.000000000000000e+00 1.611005821478640e+05 1.611005821478640e+05 0.000000000000000e+00
1.071237635808000e-02 1.635552625389446e+05 1.635552625389446e+05 0.000000000000000e+00 0.000000000000000e+00 0.000000000000000e+00 1.623781546631819e+05 0.000000000000000e+00 0.000000000000000e+00 0.000000000000000e+00 1.608250592161391e+05 1.608250592161391e+05 0.000000000000000e+00
1.077421958170000e-02 1.632993351382513e+05 1.632993351382513e+05 0.000000000000000e+00 0.000000000000000e+00 0.000000000000000e+00 1.621100302929969e+05 0.000000000000000e+00 0.000000000000000e+00 0.000000000000000e+00 1.605481611081455e+05 1.605481611081455e+05 0.000000000000000e+00
1.083641983014000e-02 1.630420899183028e+05 1.630420899183028e+05 0.000000000000000e+00 0.000000000000000e+00 0.000000000000000e+00 1.618404786946384e+05 0.000000000000000e+00 0.000000000000000e+00 0.000000000000000e+00 1.602698854588742e+05 1.602698854588742e+05 0.000000000000000e+00
1.089897916453000e-02 1.627835246872722e+05 1.627835246872722e+05 0.000000000000000e+00 0.000000000000000e+00 0.000000000000000e+00 1.615694937283302e+05 0.000000000000000e+00 0.000000000000000e+00 0.000000000000000e+00 1.599902330919476e+05 1.599902330919476e+05 0.000000000000000e+00
1.096189965790000e-02 1.625236459087034e+05 1.625236459087034e+05 0.000000000000000e+00 0.000000000000000e+00 0.000000000000000e+00 1.612970859026541e+05 0.000000000000000e+00 0.000000000000000e+00 0.000000000000000e+00 1.597092156936020e+05 1.597092156936020e+05 0.000000000000000e+00
1.102518339524000e-02 1.622624508650782e+05 1.622624508650782e+05 0.000000000000000e+00 0.000000000000000e+00 0.000000000000000e+00 1.610232468048228e+05 0.000000000000000e+00 0.000000000000000e+00 0.000000000000000e+00 1.594268317994065e+05 1.594268317994065e+05 0.000000000000000e+00
1.108883247359000e-02 1.619999410384370e+05 1.619999410384370e+05 0.000000000000000e+00 0.000000000000000e+00 0.000000000000000e+00 1.607479801785664e+05 0.000000000000000e+00 0.000000000000000e+00 0.000000000000000e+00 1.591430891094242e+05 1.591430891094242e+05 0.000000000000000e+00
1.115284900208000e-02 1.617361181537850e+05 1.617361181537850e+05 0.000000000000000e+00 0.000000000000000e+00 0.000000000000000e+00 1.604712841444199e+05 0.000000000000000e+00 0.000000000000000e+00 0.000000000000000e+00 1.588579915737783e+05 1.588579915737783e+05 0.000000000000000e+00
1.121723510201000e-02 1.614709884594722e+05 1.614709884594722e+05 0.000000000000000e+00 0.000000000000000e+00 0.000000000000000e+00 1.601931749805322e+05 0.000000000000000e+00 0.000000000000000e+00 0.000000000000000e+00 1.585715577161651e+05 1.585715577161651e+05 0.000000000000000e+00
1.128199290696000e-02 1.612045293350886e+05 1.612045293350886e+05 0.000000000000000e+00 0.000000000000000e+00 0.000000000000000e+00 1.599135918631829e+05 0.000000000000000e+00 0.000000000000000e+00 0.000000000000000e+00 1.582837400803357e+05 1.582837400803357e+05 0.000000000000000e+00
1.134712456280000e-02 1.609367794186485e+05 1.609367794186485e+05 0.000000000000000e+00 0.000000000000000e+00 0.000000000000000e+00 1.596326309804182e+05 0.000000000000000e+00 0.000000000000000e+00 0.000000000000000e+00 1.579946236799013e+05 1.579946236799013e+05 0.000000000000000e+00
1.141263222779000e-02 1.606677126160825e+05 1.606677126160825e+05 0.000000000000000e+00 0.000000000000000e+00 0.000000000000000e+00 1.593502231105091e+05 0.000000000000000e+00 0.000000000000000e+00 0.000000000000000e+00 1.577041567419768e+05 1.577041567419768e+05 0.000000000000000e+00
1.147851807266000e-02 1.603973436408486e+05 1.603973436408486e+05 0.000000000000000e+00 0.000000000000000e+00 0.000000000000000e+00 1.590664028284969e+05 0.000000000000000e+00 0.000000000000000e+00 0.000000000000000e+00 1.574123710584472e+05 1.574123710584472e+05 0.000000000000000e+00
1.154478428066000e-02 1.601256625106103e+05 1.601256625106103e+05 0.000000000000000e+00 0.000000000000000e+00 0.000000000000000e+00 1.587811424330506e+05 0.000000000000000e+00 0.000000000000000e+00 0.000000000000000e+00 1.571192502821052e+05 1.571192502821052e+05 0.000000000000000e+00
1.161143304765000e-02 1.598526851228856e+05 1.598526851228856e+05 0.000000000000000e+00 0.000000000000000e+00 0.000000000000000e+00 1.584944801902346e+05 0.000000000000000e+00 0.000000000000000e+00 0.000000000000000e+00 1.568248294443404e+05 1.568248294443404e+05 0.000000000000000e+00
1.167846658218000e-02 1.595783896194418e+05 1.595783896194418e+05 0.000000000000000e+00 0.000000000000000e+00 0.000000000000000e+00 1.582063595056455e+05 0.000000000000000e+00 0.000000000000000e+00 0.000000000000000e+00 1.565290671810909e+05 1.565290671810909e+05 0.000000000000000e+00
1.174588710552000e-02 1.593027989899444e+05 1.593027989899444e+05 0.000000000000000e+00 0.000000000000000e+00 0.000000000000000e+00 1.579168341027665e+05 0.000000000000000e+00 0.000000000000000e+00 0.000000000000000e+00 1.562320131774782e+05 1.562320131774782e+05 0.000000000000000e+00
1.181369685179000e-02 1.590259077320475e+05 1.590259077320475e+05 0.000000000000000e+00 0.000000000000000e+00 0.000000000000000e+00 1.576258921957351e+05 0.000000000000000e+00 0.000000000000000e+00 0.000000000000000e+00 1.559336636630096e+05 1.559336636630096e+05 0.000000000000000e+00
1.188189806800000e-02 1.587477140134610e+05 1.587477140134610e+05 0.000000000000000e+00 0.000000000000000e+00 0.000000000000000e+00 1.573335169291406e+05 0.000000000000000e+00 0.000000000000000e+00 0.000000000000000e+00 1.556340044576623e+05 1.556340044576623e+05 0.000000000000000e+00
1.195049301412000e-02 1.584682223937696e+05 1.584682223937696e+05 0.000000000000000e+00 0.000000000000000e+00 0.000000000000000e+00 1.570397287392691e+05 0.000000000000000e+00 0.000000000000000e+00 0.000000000000000e+00 1.553330604095407e+05 1.553330604095407e+05 0.000000000000000e+00
1.201948396320000e-02 1.581874289622192e+05 1.581874289622192e+05 0.000000000000000e+00 0.000000000000000e+00 0.000000000000000e+00 1.567445107177908e+05 0.000000000000000e+00 0.000000000000000e+00 0.000000000000000e+00 1.550308229283381e+05 1.550308229283381e+05 0.000000000000000e+00
1.208887320137000e-02 1.579053357649019e+05 1.579053357649019e+05 0.000000000000000e+00 0.000000000000000e+00 0.000000000000000e+00 1.564478704057981e+05 0.000000000000000e+00 0.000000000000000e+00 0.000000000000000e+00 1.547273010189708e+05 1.547273010189708e+05 0.000000000000000e+00
1.215866302798000e-02 1.576219431400290e+05 1.576219431400290e+05 0.000000000000000e+00 0.000000000000000e+00 0.000000000000000e+00 1.561498022037393e+05 0.000000000000000e+00 0.000000000000000e+00 0.000000000000000e+00 1.544224946602548e+05 1.544224946602548e+05 0.000000000000000e+00
1.222885575565000e-02 1.573372592385539e+05 1.573372592385539e+05 0.000000000000000e+00 0.000000000000000e+00 0.000000000000000e+00 1.558503241005228e+05 0.000000000000000e+00 0.000000000000000e+00 0.000000000000000e+00 1.541164238887392e+05 1.541164238887392e+05 0.000000000000000e+00
1.229945371037000e-02 1.570512854091343e+05 1.570512854091343e+05 0.000000000000000e+00 0.000000000000000e+00 0.000000000000000e+00 1.555494359773814e+05 0.000000000000000e+00 0.000000000000000e+00 0.000000000000000e+00 1.538090904677779e+05 1.538090904677779e+05 0.000000000000000e+00
1.237045923153000e-02 1.567640031599196e+05 1.567640031599196e+05 0.000000000000000e+00 0.000000000000000e+00 0.000000000000000e+00 1.552471017896828e+05 0.000000000000000e+00 0.000000000000000e+00 0.000000000000000e+00 1.535004722990470e+05 1.535004722990470e+05 0.000000000000000e+00
1.244187467203000e-02 1.564754397787319e+05 1.564754397787319e+05 0.000000000000000e+00 0.000000000000000e+00 0.000000000000000e+00 1.549433703708507e+05 0.000000000000000e+00 0.000000000000000e+00 0.000000000000000e+00 1.531906118518657e+05 1.531906118518657e+05 0.000000000000000e+00
1.251370239837000e-02 1.561855738318898e+05 1.561855738318898e+05 0.000000000000000e+00 0.000000000000000e+00 0.000000000000000e+00 1.546382015770934e+05 0.000000000000000e+00 0.000000000000000e+00 0.000000000000000e+00 1.528794783599589e+05 1.528794783599589e+05 0.000000000000000e+00
1.258594479070000e-02 1.558944278887886e+05 1.558944278887886e+05 0.000000000000000e+00 0.000000000000000e+00 0.000000000000000e+00 1.543316363590378e+05 0.000000000000000e+00 0.000000000000000e+00 0.000000000000000e+00 1.525671134145499e+05 1.525671134145499e+05 0.000000000000000e+00
1.265860424292000e-02 1.556019693845489e+05 1.556019693845489e+05 0.000000000000000e+00 0.000000000000000e+00 0.000000000000000e+00 1.540236142437782e+05 0.000000000000000e+00 0.000000000000000e+00 0.000000000000000e+00 1.522534670892924e+05 1.522534670892924e+05 0.000000000000000e+00
1.273168316273000e-02 1.553082354532181e+05 1.553082354532181e+05 0.000000000000000e+00 0.000000000000000e+00 0.000000000000000e+00 1.537141991649862e+05 0.000000000000000e+00 0.000000000000000e+00 0.000000000000000e+00 1.519385976620965e+05 1.519385976620965e+05 0.000000000000000e+00
1.280518397174000e-02 1.550132133011571e+05 1.550132133011571e+05 0.000000000000000e+00 0.000000000000000e+00 0.000000000000000e+00 1.534033675165870e+05 0.000000000000000e+00 0.000000000000000e+00 0.000000000000000e+00 1.516224908307523e+05 1.516224908307523e+05 0.000000000000000e+00
1.287910910556000e-02 1.547168897683180e+05 1.547168897683180e+05 0.000000000000000e+00 0.000000000000000e+00 0.000000000000000e+00 1.530910999712330e+05 0.000000000000000e+00 0.000000000000000e+00 0.000000000000000e+00 1.513051291325027e+05 1.513051291325027e+05 0.000000000000000e+00
1.295346101383000e-02 1.544192855824954e+05 1.544192855824954e+05 0.000000000000000e+00 0.000000000000000e+00 0.000000000000000e+00 1.527774270578155e+05 0.000000000000000e+00 0.000000000000000e+00 0.000000000000000e+00 1.509865482152253e+05 1.509865482152253e+05 0.000000000000000e+00
1.302824216036000e-02 1.541203825775623e+05 1.541203825775623e+05 0.000000000000000e+00 0.000000000000000e+00 0.000000000000000e+00 1.524623206997369e+05 0.000000000000000e+00 0.000000000000000e+00 0.000000000000000e+00 1.506667200453006e+05 1.506667200453006e+05 0.000000000000000e+00
1.310345502315000e-02 1.538201810727757e+05 1.538201810727757e+05 0.000000000000000e+00 0.000000000000000e+00 0.000000000000000e+00 1.521457810942105e+05 0.000000000000000e+00 0.000000000000000e+00 0.000000000000000e+00 1.503456515270612e+05 1.503456515270612e+05 0.000000000000000e+00
1.317910209454000e-02 1.535187244195436e+05 1.535187244195436e+05 0.000000000000000e+00 0.000000000000000e+00 0.000000000000000e+00 1.518278729585246e+05 0.000000000000000e+00 0.000000000000000e+00 0.000000000000000e+00 1.500234014480551e+05 1.500234014480551e+05 0.000000000000000e+00
1.325518588124000e-02 1.532159534359698e+05 1.532159534359698e+05 0.000000000000000e+00 0.000000000000000e+00 0.000000000000000e+00 1.515085039937865e+05 0.000000000000000e+00 0.000000000000000e+00 0.000000000000000e+00 1.496998916571756e+05 1.496998916571756e+05 0.000000000000000e+00
1.333170890443000e-02 1.529118954393457e+05 1.529118954393457e+05 0.000000000000000e+00 0.000000000000000e+00 0.000000000000000e+00 1.511877175973817e+05 0.000000000000000e+00 0.000000000000000e+00 0.000000000000000e+00 1.493751638825444e+05 1.493751638825444e+05 0.000000000000000e+00
1.340867369986000e-02 1.526065717179319e+05 1.526065717179319e+05 0.000000000000000e+00 0.000000000000000e+00 0.000000000000000e+00 1.508655478828467e+05 0.000000000000000e+00 0.000000000000000e+00 0.000000000000000e+00 1.490492492767610e+05 1.490492492767610e+05 0.000000000000000e+00
1.348608281789000e-02 1.522999412234105e+05 1.522999412234105e+05 0.000000000000000e+00 0.000000000000000e+00 0.000000000000000e+00 1.505419237914279e+05 0.000000000000000e+00 0.000000000000000e+00 0.000000000000000e+00 1.487220857933303e+05 1.487220857933303e+05 0.000000000000000e+00
1.356393882365000e-02 1.519920211995709e+05 1.519920211995709e+05 0.000000000000000e+00 0.000000000000000e+00 0.000000000000000e+00 1.502168767039918e+05 0.000000000000000e+00 0.000000000000000e+00 0.000000000000000e+00 1.483937075992892e+05 1.483937075992892e+05 0.000000000000000e+00
1.364224429703000e-02 1.516828117337376e+05 1.516828117337376e+05 0.000000000000000e+00 0.000000000000000e+00 0.000000000000000e+00 1.498904049385850e+05 0.000000000000000e+00 0.000000000000000e+00 0.000000000000000e+00 1.480641105178714e+05 1.480641105178714e+05 0.000000000000000e+00
1.372100183284000e-02 1.513723302362542e+05 1.513723302362542e+05 0.000000000000000e+00 0.000000000000000e+00 0.000000000000000e+00 1.495625426888814e+05 0.000000000000000e+00 0.000000000000000e+00 0.000000000000000e+00 1.477333288121085e+05 1.477333288121085e+05 0.000000000000000e+00
1.380021404087000e-02 1.510605551944812e+05 1.510605551944812e+05 0.000000000000000e+00 0.000000000000000e+00 0.000000000000000e+00 1.492332457632109e+05 0.000000000000000e+00 0.000000000000000e+00 0.000000000000000e+00 1.474013220939719e+05 1.474013220939719e+05 0.000000000000000e+00
1.387988354597000e-02 1.507474841811638e+05 1.507474841811638e+05 0.000000000000000e+00 0.000000000000000e+00 0.000000000000000e+00 1.489025119507040e+05 0.000000000000000e+00 0.000000000000000e+00 0.000000000000000e+00 1.470680945058608e+05 1.470680945058608e+05 0.000000000000000e+00
1.396001298813000e-02 1.504331314869711e+05 1.504331314869711e+05 0.000000000000000e+00 0.000000000000000e+00 0.000000000000000e+00 1.485703713663411e+05 0.000000000000000e+00 0.000000000000000e+00 0.000000000000000e+00 1.467336695093258e+05 1.467336695093258e+05 0.000000000000000e+00
1.404060502262000e-02 1.501174939173861e+05 1.501174939173861e+05 0.000000000000000e+00 0.000000000000000e+00 0.000000000000000e+00 1.482368078130145e+05 0.000000000000000e+00 0.000000000000000e+00 0.000000000000000e+00 1.463980346757706e+05 1.463980346757706e+05 0.000000000000000e+00
1.412166232000000e-02 1.498005765666698e+05 1.498005765666698e+05 0.000000000000000e+00 0.000000000000000e+00 0.000000000000000e+00 1.479018371575680e+05 0.000000000000000e+00 0.000000000000000e+00 0.000000000000000e+00 1.460612063232813e+05 1.460612063232813e+05 0.000000000000000e+00
1.420318756626000e-02 1.494823583280185e+05 1.494823583280185e+05 0.000000000000000e+00 0.000000000000000e+00 0.000000000000000e+00 1.475654263312909e+05 0.000000000000000e+00 0.000000000000000e+00 0.000000000000000e+00 1.457231535480833e+05 1.457231535480833e+05 0.000000000000000e+00
1.428518346291000e-02 1.491628560195347e+05 1.491628560195347e+05 0.000000000000000e+00 0.000000000000000e+00 0.000000000000000e+00 1.472275919201927e+05 0.000000000000000e+00 0.000000000000000e+00 0.000000000000000e+00 1.453838952578277e+05 1.453838952578277e+05 0.000000000000000e+00
1.436765272704000e-02 1.488420531279729e+05 1.488420531279729e+05 0.000000000000000e+00 0.000000000000000e+00 0.000000000000000e+00 1.468883193320551e+05 0.000000000000000e+00 0.000000000000000e+00 0.000000000000000e+00 1.450434119065249e+05 1.450434119065249e+05 0.000000000000000e+00
1.445059809142000e-02 1.485199967123435e+05 1.485199967123435e+05 0.000000000000000e+00 0.000000000000000e+00 0.000000000000000e+00 1.465476742355961e+05 0.000000000000000e+00 0.000000000000000e+00 0.000000000000000e+00 1.447017712004411e+05 1.447017712004411e+05 0.000000000000000e+00
1.453402230462000e-02 1.481966108752415e+05 1.481966108752415e+05 0.000000000000000e+00 0.000000000000000e+00 0.000000000000000e+00 1.462055471209365e+05 0.000000000000000e+00 0.000000000000000e+00 0.000000000000000e+00 1.443588651037478e+05 1.443588651037478e+05 0.000000000000000e+00
1.461792813105000e-02 1.478719706421263e+05 1.478719706421263e+05 0.000000000000000e+00 0.000000000000000e+00 0.000000000000000e+00 1.458620426062625e+05 0.000000000000000e+00 0.000000000000000e+00 0.000000000000000e+00 1.440147947023821e+05 1.440147947023821e+05 0.000000000000000e+00
1.470231835111000e-02 1.475460335530134e+05 1.475460335530134e+05 0.000000000000000e+00 0.000000000000000e+00 0.000000000000000e+00 1.455171040558342e+05 0.000000000000000e+00 0.000000000000000e+00 0.000000000000000e+00 1.436695010348440e+05 1.436695010348440e+05 0.000000000000000e+00
1.478719576123000e-02 1.472188044784160e+05 1.472188044784160e+05 0.000000000000000e+00 0.000000000000000e+00 0.000000000000000e+00 1.451707364896094e+05 0.000000000000000e+00 0.000000000000000e+00 0.000000000000000e+00 1.433229956514819e+05 1.433229956514819e+05 0.000000000000000e+00
1.487256317399000e-02 1.468902865589009e+05 1.468902865589009e+05 0.000000000000000e+00 0.000000000000000e+00 0.000000000000000e+00 1.448229450412220e+05 0.000000000000000e+00 0.000000000000000e+00 0.000000000000000e+00 1.429752785394755e+05 1.429752785394755e+05 0.000000000000000e+00
1.495842341820000e-02 1.465604907392414e+05 1.465604907392414e+05 0.000000000000000e+00 0.000000000000000e+00 0.000000000000000e+00 1.444737421044373e+05 0.000000000000000e+00 0.000000000000000e+00 0.000000000000000e+00 1.426263595542216e+05 1.426263595542216e+05 0.000000000000000e+00
1.504477933901000e-02 1.462293846675161e+05 1.462293846675161e+05 0.000000000000000e+00 0.000000000000000e+00 0.000000000000000e+00 1.441230895754408e+05 0.000000000000000e+00 0.000000000000000e+00 0.000000000000000e+00 1.422762013609000e+05 1.422762013609000e+05 0.000000000000000e+00
1.513163379799000e-02 1.458970036029294e+05 1.458970036029294e+05 0.000000000000000e+00 0.000000000000000e+00 0.000000000000000e+00 1.437710309871112e+05 0.000000000000000e+00 0.000000000000000e+00 0.000000000000000e+00 1.419248431549810e+05 1.419248431549810e+05 0.000000000000000e+00
1.521898967325000e-02 1.455633364320410e+05 1.455633364320410e+05 0.000000000000000e+00 0.000000000000000e+00 0.000000000000000e+00 1.434175535130327e+05 0.000000000000000e+00 0.000000000000000e+00 0.000000000000000e+00 1.415722726037123e+05 1.415722726037123e+05 0.000000000000000e+00
1.530684985947000e-02 1.452283731080549e+05 1.452283731080549e+05 0.000000000000000e+00 0.000000000000000e+00 0.000000000000000e+00 1.430626410996933e+05 0.000000000000000e+00 0.000000000000000e+00 0.000000000000000e+00 1.412184706248599e+05 1.412184706248599e+05 0.000000000000000e+00
1.539521726810000e-02 1.448921199890382e+05 1.448921199890382e+05 0.000000000000000e+00 0.000000000000000e+00 0.000000000000000e+00 1.427063117827346e+05 0.000000000000000e+00 0.000000000000000e+00 0.000000000000000e+00 1.408634510498653e+05 1.408634510498653e+05 0.000000000000000e+00
1.548409482734000e-02 1.445545814005223e+05 1.445545814005223e+05 0.000000000000000e+00 0.000000000000000e+00 0.000000000000000e+00 1.423485482862752e+05 0.000000000000000e+00 0.000000000000000e+00 0.000000000000000e+00 1.405072072941352e+05 1.405072072941352e+05 0.000000000000000e+00
1.557348548235000e-02 1.442157652344816e+05 1.442157652344816e+05 0.000000000000000e+00 0.000000000000000e+00 0.000000000000000e+00 1.419893907871220e+05 0.000000000000000e+00 0.000000000000000e+00 0.000000000000000e+00 1.401497580476277e+05 1.401497580476277e+05 0.000000000000000e+00
1.566339219524000e-02 1.438756601132239e+05 1.438756601132239e+05 0.000000000000000e+00 0.000000000000000e+00 0.000000000000000e+00 1.416288266527684e+05 0.000000000000000e+00 0.000000000000000e+00 0.000000000000000e+00 1.397910898246852e+05 1.397910898246852e+05 0.000000000000000e+00
1.575381794527000e-02 1.435342545845643e+05 1.435342545845643e+05 0.000000000000000e+00 0.000000000000000e+00 0.000000000000000e+00 1.412667841944224e+05 0.000000000000000e+00 0.000000000000000e+00 0.000000000000000e+00 1.394311581619256e+05 1.394311581619256e+05 0.000000000000000e+00
1.584476572886000e-02 1.431915681878631e+05 1.431915681878631e+05 0.000000000000000e+00 0.000000000000000e+00 0.000000000000000e+00 1.409033549304759e+05 0.000000000000000e+00 0.000000000000000e+00 0.000000000000000e+00 1.390700113396410e+05 1.390700113396410e+05 0.000000000000000e+00
1.593623855975000e-02 1.428475836793723e+05 1.428475836793723e+05 0.000000000000000e+00 0.000000000000000e+00 0.000000000000000e+00 1.405384842705807e+05 0.000000000000000e+00 0.000000000000000e+00 0.000000000000000e+00 1.387076196477895e+05 1.387076196477895e+05 0.000000000000000e+00
1.602823946907000e-02 1.425023271029494e+05 1.425023271029494e+05 0.000000000000000e+00 0.000000000000000e+00 0.000000000000000e+00 1.401722243328874e+05 0.000000000000000e+00 0.000000000000000e+00 0.000000000000000e+00 1.383440115060440e+05 1.383440115060440e+05 0.000000000000000e+00
1.612077150547000e-02 1.421557868654866e+05 1.421557868654866e+05 0.000000000000000e+00 0.000000000000000e+00 0.000000000000000e+00 1.398045436960537e+05 0.000000000000000e+00 0.000000000000000e+00 0.000000000000000e+00 1.379791677314553e+05 1.379791677314553e+05 0.000000000000000e+00
1.621383773517000e-02 1.418079510253714e+05 1.418079510253714e+05 0.000000000000000e+00 0.000000000000000e+00 0.000000000000000e+00 1.394354346777697e+05 0.000000000000000e+00 0.000000000000000e+00 0.000000000000000e+00 1.376130710091602e+05 1.376130710091602e+05 0.000000000000000e+00
1.630744124212000e-02 1.414588543334245e+05 1.414588543334245e+05 0.000000000000000e+00 0.000000000000000e+00 0.000000000000000e+00 1.390649394001672e+05 0.000000000000000e+00 0.000000000000000e+00 0.000000000000000e+00 1.372457623348136e+05 1.372457623348136e+05 0.000000000000000e+00
1.640158512805000e-02 1.411084392500158e+05 1.411084392500158e+05 0.000000000000000e+00 0.000000000000000e+00 0.000000000000000e+00 1.386929878045542e+05 0.000000000000000e+00 0.000000000000000e+00 0.000000000000000e+00 1.368771689262800e+05 1.368771689262800e+05 0.000000000000000e+00
1.649627251262000e-02 1.407567514641494e+05 1.407567514641494e+05 0.000000000000000e+00 0.000000000000000e+00 0.000000000000000e+00 1.383196361076469e+05 0.000000000000000e+00 0.000000000000000e+00 0.000000000000000e+00 1.365073416670876e+05 1.365073416670876e+05 0.000000000000000e+00
1.659150653348000e-02 1.404037940367733e+05 1.404037940367733e+05 0.000000000000000e+00 0.000000000000000e+00 0.000000000000000e+00 1.379448942809855e+05 0.000000000000000e+00 0.000000000000000e+00 0.000000000000000e+00 1.361362855081618e+05 1.361362855081618e+05 0.000000000000000e+00
1.668729034643000e-02 1.400495517919569e+05 1.400495517919569e+05 0.000000000000000e+00 0.000000000000000e+00 0.000000000000000e+00 1.375687410549868e+05 0.000000000000000e+00 0.000000000000000e+00 0.000000000000000e+00 1.357639749460403e+05 1.357639749460403e+05 0.000000000000000e+00
1.678362712545000e-02 1.396940303819748e+05 1.396940303819748e+05 0.000000000000000e+00 0.000000000000000e+00 0.000000000000000e+00 1.371911801777514e+05 0.000000000000000e+00 0.000000000000000e+00 0.000000000000000e+00 1.353904134932503e+05 1.353904134932503e+05 0.000000000000000e+00
1.688052006288000e-02 1.393372258068884e+05 1.393372258068884e+05 0.000000000000000e+00 0.000000000000000e+00 0.000000000000000e+00 1.368122069366781e+05 0.000000000000000e+00 0.000000000000000e+00 0.000000000000000e+00 1.350155949578833e+05 1.350155949578833e+05 0.000000000000000e+00
1.697797236947000e-02 1.389791415857534e+05 1.389791415857534e+05 0.000000000000000e+00 0.000000000000000e+00 0.000000000000000e+00 1.364318451622201e+05 0.000000000000000e+00 0.000000000000000e+00 0.000000000000000e+00 1.346395241027301e+05 1.346395241027301e+05 0.000000000000000e+00
1.707598727452000e-02 1.386197924111968e+05 1.386197924111968e+05 0.000000000000000e+00 0.000000000000000e+00 0.000000000000000e+00 1.360500872810075e+05 0.000000000000000e+00 0.000000000000000e+00 0.000000000000000e+00 1.342622124788279e+05 1.342622124788279e+05 0.000000000000000e+00
1.717456802597000e-02 1.382591677066265e+05 1.382591677066265e+05 0.000000000000000e+00 0.000000000000000e+00 0.000000000000000e+00 1.356669319542632e+05 0.000000000000000e+00 0.000000000000000e+00 0.000000000000000e+00 1.338836384680964e+05 1.338836384680964e+05 0.000000000000000e+00
1.727371789054000e-02 1.378972701848326e+05 1.378972701848326e+05 0.000000000000000e+00 0.000000000000000e+00 0.000000000000000e+00 1.352823803834186e+05 0.000000000000000e+00 0.000000000000000e+00 0.000000000000000e+00 1.335038055795258e+05 1.335038055795258e+05 0.000000000000000e+00
1.737344015379000e-02 1.375341043824747e+05 1.375341043824747e+05 0.000000000000000e+00 0.000000000000000e+00 0.000000000000000e+00 1.348964413905886e+05 0.000000000000000e+00 0.000000000000000e+00 0.000000000000000e+00 1.331227196624101e+05 1.331227196624101e+05 0.000000000000000e+00
1.747373812027000e-02 1.371696757522749e+05 1.371696757522749e+05 0.000000000000000e+00 0.000000000000000e+00 0.000000000000000e+00 1.345091200666683e+05 0.000000000000000e+00 0.000000000000000e+00 0.000000000000000e+00 1.327403809128204e+05 1.327403809128204e+05 0.000000000000000e+00
1.757461511360000e-02 1.368039544697734e+05 1.368039544697734e+05 0.000000000000000e+00 0.000000000000000e+00 0.000000000000000e+00 1.341203707910766e+05 0.000000000000000e+00 0.000000000000000e+00 0.000000000000000e+00 1.323567459605123e+05 1.323567459605123e+05 0.000000000000000e+00
1.767607447662000e-02 1.364370083147594e+05 1.364370083147594e+05 0.000000000000000e+00 0.000000000000000e+00 0.000000000000000e+00 1.337303072357494e+05 0.000000000000000e+00 0.000000000000000e+00 0.000000000000000e+00 1.319719099311168e+05 1.319719099311168e+05 0.000000000000000e+00
1.777811957146000e-02 1.360687834140704e+05 1.360687834140704e+05 0.000000000000000e+00 0.000000000000000e+00 0.000000000000000e+00 1.333388378627179e+05 0.000000000000000e+00 0.000000000000000e+00 0.000000000000000e+00 1.315857917854863e+05 1.315857917854863e+05 0.000000000000000e+00
1.788075377969000e-02 1.356993085098139e+05 1.356993085098139e+05 0.000000000000000e+00 0.000000000000000e+00 0.000000000000000e+00 1.329460173912963e+05 0.000000000000000e+00 0.000000000000000e+00 0.000000000000000e+00 1.311984312230052e+05 1.311984312230052e+05 0.000000000000000e+00
1.798398050241000e-02 1.353285660850747e+05 1.353285660850747e+05 0.000000000000000e+00 0.000000000000000e+00 0.000000000000000e+00 1.325518107633110e+05 0.000000000000000e+00 0.000000000000000e+00 0.000000000000000e+00 1.308098003523361e+05 1.308098003523361e+05 0.000000000000000e+00
1.808780316039000e-02 1.349565656977420e+05 1.349565656977420e+05 0.000000000000000e+00 0.000000000000000e+00 0.000000000000000e+00 1.321562084558769e+05 0.000000000000000e+00 0.000000000000000e+00 0.000000000000000e+00 1.304198926239350e+05 1.304198926239350e+05 0.000000000000000e+00
1.819222519415000e-02 1.345833471613480e+05 1.345833471613480e+05 0.000000000000000e+00 0.000000000000000e+00 0.000000000000000e+00 1.317592995861901e+05 0.000000000000000e+00 0.000000000000000e+00 0.000000000000000e+00 1.300287798715763e+05 1.300287798715763e+05 0.000000000000000e+00
1.829725006411000e-02 1.342088732748523e+05 1.342088732748523e+05 0.000000000000000e+00 0.000000000000000e+00 0.000000000000000e+00 1.313610553963371e+05 0.000000000000000e+00 0.000000000000000e+00 0.000000000000000e+00 1.296364174905400e+05 1.296364174905400e+05 0.000000000000000e+00
1.840288125070000e-02 1.338331271206807e+05 1.338331271206807e+05 0.000000000000000e+00 0.000000000000000e+00 0.000000000000000e+00 1.309613942034267e+05 0.000000000000000e+00 0.000000000000000e+00 0.000000000000000e+00 1.292427564782847e+05 1.292427564782847e+05 0.000000000000000e+00
1.850912225449000e-02 1.334561831354820e+05 1.334561831354820e+05 0.000000000000000e+00 0.000000000000000e+00 0.000000000000000e+00 1.305604610560937e+05 0.000000000000000e+00 0.000000000000000e+00 0.000000000000000e+00 1.288479111871510e+05 1.288479111871510e+05 0.000000000000000e+00
1.861597659627000e-02 1.330779806567665e+05 1.330779806567665e+05 0.000000000000000e+00 0.000000000000000e+00 0.000000000000000e+00 1.301581294788240e+05 0.000000000000000e+00 0.000000000000000e+00 0.000000000000000e+00 1.284517724927680e+05 1.284517724927680e+05 0.000000000000000e+00
1.872344781723000e-02 1.326985645292465e+05 1.326985645292465e+05 0.000000000000000e+00 0.000000000000000e+00 0.000000000000000e+00 1.297545097116267e+05 0.000000000000000e+00 0.000000000000000e+00 0.000000000000000e+00 1.280544342663872e+05 1.280544342663872e+05 0.000000000000000e+00
1.883153947906000e-02 1.323178963840327e+05 1.323178963840327e+05 0.000000000000000e+00 0.000000000000000e+00 0.000000000000000e+00 1.293495299002919e+05 0.000000000000000e+00 0.000000000000000e+00 0.000000000000000e+00 1.276558251395281e+05 1.276558251395281e+05 0.000000000000000e+00
1.894025516406000e-02 1.319360429252309e+05 1.319360429252309e+05 0.000000000000000e+00 0.000000000000000e+00 0.000000000000000e+00 1.289433095788229e+05 0.000000000000000e+00 0.000000000000000e+00 0.000000000000000e+00 1.272560483920003e+05 1.272560483920003e+05 0.000000000000000e+00
1.904959847531000e-02 1.315529495365648e+05 1.315529495365648e+05 0.000000000000000e+00 0.000000000000000e+00 0.000000000000000e+00 1.285357004641811e+05 0.000000000000000e+00 0.000000000000000e+00 0.000000000000000e+00 1.268549913754787e+05 1.268549913754787e+05 0.000000000000000e+00
1.915957303676000e-02 1.311686663245003e+05 1.311686663245003e+05 0.000000000000000e+00 0.000000000000000e+00 0.000000000000000e+00 1.281268533481057e+05 0.000000000000000e+00 0.000000000000000e+00 0.000000000000000e+00 1.264527650911442e+05 1.264527650911442e+05 0.000000000000000e+00
1.927018249338000e-02 1.307831280258406e+05 1.307831280258406e+05 0.000000000000000e+00 0.000000000000000e+00 0.000000000000000e+00 1.277166070410440e+05 0.000000000000000e+00 0.000000000000000e+00 0.000000000000000e+00 1.260492363444481e+05 1.260492363444481e+05 0.000000000000000e+00
1.938143051131000e-02 1.303964344199554e+05 1.303964344199554e+05 0.000000000000000e+00 0.000000000000000e+00 0.000000000000000e+00 1.273051686368427e+05 0.000000000000000e+00 0.000000000000000e+00 0.000000000000000e+00 1.256445828214372e+05 1.256445828214372e+05 0.000000000000000e+00
1.949332077796000e-02 1.300084968520869e+05 1.300084968520869e+05 0.000000000000000e+00 0.000000000000000e+00 0.000000000000000e+00 1.268923514517451e+05 0.000000000000000e+00 0.000000000000000e+00 0.000000000000000e+00 1.252386447084627e+05 1.252386447084627e+05 0.000000000000000e+00
1.960585700222000e-02 1.296193990904647e+05 1.296193990904647e+05 0.000000000000000e+00 0.000000000000000e+00 0.000000000000000e+00 1.264783343843428e+05 0.000000000000000e+00 0.000000000000000e+00 0.000000000000000e+00 1.248315743506164e+05 1.248315743506164e+05 0.000000000000000e+00
1.971904291451000e-02 1.292291332615021e+05 1.292291332615021e+05 0.000000000000000e+00 0.000000000000000e+00 0.000000000000000e+00 1.260630762365875e+05 0.000000000000000e+00 0.000000000000000e+00 0.000000000000000e+00 1.244233324448833e+05 1.244233324448833e+05 0.000000000000000e+00
1.983288226704000e-02 1.288376691615322e+05 1.288376691615322e+05 0.000000000000000e+00 0.000000000000000e+00 0.000000000000000e+00 1.256465460185077e+05 0.000000000000000e+00 0.000000000000000e+00 0.000000000000000e+00 1.240138985338355e+05 1.240138985338355e+05 0.000000000000000e+00
1.994737883385000e-02 1.284450005448718e+05 1.284450005448718e+05 0.000000000000000e+00 0.000000000000000e+00 0.000000000000000e+00 1.252286879803146e+05 0.000000000000000e+00 0.000000000000000e+00 0.000000000000000e+00 1.236032239878414e+05 1.236032239878414e+05 0.000000000000000e+00
2.006253641106000e-02 1.280512026757330e+05 1.280512026757330e+05 0.000000000000000e+00 0.000000000000000e+00 0.000000000000000e+00 1.248096846217172e+05 0.000000000000000e+00 0.000000000000000e+00 0.000000000000000e+00 1.231914598036997e+05 1.231914598036997e+05 0.000000000000000e+00
2.017835881698000e-02 1.276562392400659e+05 1.276562392400659e+05 0.000000000000000e+00 0.000000000000000e+00 0.000000000000000e+00 1.243894245588073e+05 0.000000000000000e+00 0.000000000000000e+00 0.000000000000000e+00 1.227785242483192e+05 1.227785242483192e+05 0.000000000000000e+00
2.029484989229000e-02 1.272601073500957e+05 1.272601073500957e+05 0.000000000000000e+00 0.000000000000000e+00 0.000000000000000e+00 1.239679232454624e+05 0.000000000000000e+00 0.000000000000000e+00 0.000000000000000e+00 1.223644264070755e+05 1.223644264070755e+05 0.000000000000000e+00
2.041201350024000e-02 1.268628288558752e+05 1.268628288558752e+05 0.000000000000000e+00 0.000000000000000e+00 0.000000000000000e+00 1.235452115713861e+05 0.000000000000000e+00 0.000000000000000e+00 0.000000000000000e+00 1.219491821986423e+05 1.219491821986423e+05 0.000000000000000e+00
2.052985352678000e-02 1.264643802789032e+05 1.264643802789032e+05 0.000000000000000e+00 0.000000000000000e+00 0.000000000000000e+00 1.231212585605998e+05 0.000000000000000e+00 0.000000000000000e+00 0.000000000000000e+00 1.215327812381296e+05 1.215327812381296e+05 0.000000000000000e+00
2.064837388079000e-02 1.260648400279592e+05 1.260648400279592e+05 0.000000000000000e+00 0.000000000000000e+00 0.000000000000000e+00 1.226961945280700e+05 0.000000000000000e+00 0.000000000000000e+00 0.000000000000000e+00 1.211153245998745e+05 1.211153245998745e+05 0.000000000000000e+00
2.076757849425000e-02 1.256641424888826e+05 1.256641424888826e+05 0.000000000000000e+00 0.000000000000000e+00 0.000000000000000e+00 1.222698887965231e+05 0.000000000000000e+00 0.000000000000000e+00 0.000000000000000e+00 1.206967113271670e+05 1.206967113271670e+05 0.000000000000000e+00
2.088747132247000e-02 1.252623339335950e+05 1.252623339335950e+05 0.000000000000000e+00 0.000000000000000e+00 0.000000000000000e+00 1.218424144301471e+05 0.000000000000000e+00 0.000000000000000e+00 0.000000000000000e+00 1.202770052517424e+05 1.202770052517424e+05 0.000000000000000e+00
2.100805634429000e-02 1.248594074779533e+05 1.248594074779533e+05 0.000000000000000e+00 0.000000000000000e+00 0.000000000000000e+00 1.214138006083551e+05 0.000000000000000e+00 0.000000000000000e+00 0.000000000000000e+00 1.198562260820232e+05 1.198562260820232e+05 0.000000000000000e+00
2.112933756229000e-02 1.244553883656650e+05 1.244553883656650e+05 0.000000000000000e+00 0.000000000000000e+00 0.000000000000000e+00 1.209840578568099e+05 0.000000000000000e+00 0.000000000000000e+00 0.000000000000000e+00 1.194343830596466e+05 1.194343830596466e+05 0.000000000000000e+00
2.125131900306000e-02 1.240502316089350e+05 1.240502316089350e+05 0.000000000000000e+00 0.000000000000000e+00 0.000000000000000e+00 1.205531200195566e+05 0.000000000000000e+00 0.000000000000000e+00 0.000000000000000e+00 1.190114285198511e+05 1.190114285198511e+05 0.000000000000000e+00
2.137400471740000e-02 1.236440521170729e+05 1.236440521170729e+05 0.000000000000000e+00 0.000000000000000e+00 0.000000000000000e+00 1.201211558418222e+05 0.000000000000000e+00 0.000000000000000e+00 0.000000000000000e+00 1.185875126895470e+05 1.185875126895470e+05 0.000000000000000e+00
2.149739878066000e-02 1.232367415151921e+05 1.232367415151921e+05 0.000000000000000e+00 0.000000000000000e+00 0.000000000000000e+00 1.196880007535077e+05 0.000000000000000e+00 0.000000000000000e+00 0.000000000000000e+00 1.181624785004787e+05 1.181624785004787e+05 0.000000000000000e+00
2.162150529293000e-02 1.228283885076254e+05 1.228283885076254e+05 0.000000000000000e+00 0.000000000000000e+00 0.000000000000000e+00 1.192538039545762e+05 0.000000000000000e+00 0.000000000000000e+00 0.000000000000000e+00 1.177364764005537e+05 1.177364764005537e+05 0.000000000000000e+00
2.174632837941000e-02 1.224189139535754e+05 1.224189139535754e+05 0.000000000000000e+00 0.000000000000000e+00 0.000000000000000e+00 1.188183909288243e+05 0.000000000000000e+00 0.000000000000000e+00 0.000000000000000e+00 1.173093521458998e+05 1.173093521458998e+05 0.000000000000000e+00
2.187187219067000e-02 1.220084388634576e+05 1.220084388634576e+05 0.000000000000000e+00 0.000000000000000e+00 0.000000000000000e+00 1.183820323389298e+05 0.000000000000000e+00 0.000000000000000e+00 0.000000000000000e+00 1.168813312743595e+05 1.168813312743595e+05 0.000000000000000e+00
2.199814090302000e-02 1.215968998957911e+05 1.215968998957911e+05 0.000000000000000e+00 0.000000000000000e+00 0.000000000000000e+00 1.179445934388477e+05 0.000000000000000e+00 0.000000000000000e+00 0.000000000000000e+00 1.164523005551829e+05 1.164523005551829e+05 0.000000000000000e+00
2.212513871885000e-02 1.211842945439780e+05 1.211842945439780e+05 0.000000000000000e+00 0.000000000000000e+00 0.000000000000000e+00 1.175060236045432e+05 0.000000000000000e+00 0.000000000000000e+00 0.000000000000000e+00 1.160222340073763e+05 1.160222340073763e+05 0.000000000000000e+00
2.225286986701000e-02 1.207707044174398e+05 1.207707044174398e+05 0.000000000000000e+00 0.000000000000000e+00 0.000000000000000e+00 1.170664937976524e+05 0.000000000000000e+00 0.000000000000000e+00 0.000000000000000e+00 1.155912691351277e+05 1.155912691351277e+05 0.000000000000000e+00
2.238133860323000e-02 1.203560758480616e+05 1.203560758480616e+05 0.000000000000000e+00 0.000000000000000e+00 0.000000000000000e+00 1.166259272060006e+05 0.000000000000000e+00 0.000000000000000e+00 0.000000000000000e+00 1.151593410487028e+05 1.151593410487028e+05 0.000000000000000e+00
2.251054921054000e-02 1.199404317221488e+05 1.199404317221488e+05 0.000000000000000e+00 0.000000000000000e+00 0.000000000000000e+00 1.161843216527750e+05 0.000000000000000e+00 0.000000000000000e+00 0.000000000000000e+00 1.147264503849940e+05 1.147264503849940e+05 0.000000000000000e+00
2.264050599974000e-02 1.195237794390441e+05 1.195237794390441e+05 0.000000000000000e+00 0.000000000000000e+00 0.000000000000000e+00 1.157417357058044e+05 0.000000000000000e+00 0.000000000000000e+00 0.000000000000000e+00 1.142926507439245e+05 1.142926507439245e+05 0.000000000000000e+00
2.277121330993000e-02 1.191061999894721e+05 1.191061999894721e+05 0.000000000000000e+00 0.000000000000000e+00 0.000000000000000e+00 1.152982769690028e+05 0.000000000000000e+00 0.000000000000000e+00 0.000000000000000e+00 1.138580325792138e+05 1.138580325792138e+05 0.000000000000000e+00
2.290267550898000e-02 1.186875989072222e+05 1.186875989072222e+05 0.000000000000000e+00 0.000000000000000e+00 0.000000000000000e+00 1.148537855103939e+05 0.000000000000000e+00 0.000000000000000e+00 0.000000000000000e+00 1.134224633102162e+05 1.134224633102162e+05 0.000000000000000e+00
2.303489699418000e-02 1.182680442348304e+05 1.182680442348304e+05 0.000000000000000e+00 0.000000000000000e+00 0.000000000000000e+00 1.144083721245874e+05 0.000000000000000e+00 0.000000000000000e+00 0.000000000000000e+00 1.129860392454982e+05 1.129860392454982e+05 0.000000000000000e+00
2.316788219283000e-02 1.178475496430112e+05 1.178475496430112e+05 0.000000000000000e+00 0.000000000000000e+00 0.000000000000000e+00 1.139620766506183e+05 0.000000000000000e+00 0.000000000000000e+00 0.000000000000000e+00 1.125487921427505e+05 1.125487921427505e+05 0.000000000000000e+00
2.330163556288000e-02 1.174260572883194e+05 1.174260572883194e+05 0.000000000000000e+00 0.000000000000000e+00 0.000000000000000e+00 1.135147160674698e+05 0.000000000000000e+00 0.000000000000000e+00 0.000000000000000e+00 1.121105850340395e+05 1.121105850340395e+05 0.000000000000000e+00
2.343616159371000e-02 1.170036244852422e+05 1.170036244852422e+05 0.000000000000000e+00 0.000000000000000e+00 0.000000000000000e+00 1.130664680622102e+05 0.000000000000000e+00 0.000000000000000e+00 0.000000000000000e+00 1.116715459173064e+05 1.116715459173064e+05 0.000000000000000e+00
2.357146480685000e-02 1.165803162610524e+05 1.165803162610524e+05 0.000000000000000e+00 0.000000000000000e+00 0.000000000000000e+00 1.126174255166348e+05 0.000000000000000e+00 0.000000000000000e+00 0.000000000000000e+00 1.112317697627595e+05 1.112317697627595e+05 0.000000000000000e+00
2.370754975685000e-02 1.161561049441417e+05 1.161561049441417e+05 0.000000000000000e+00 0.000000000000000e+00 0.000000000000000e+00 1.121675699357640e+05 0.000000000000000e+00 0.000000000000000e+00 0.000000000000000e+00 1.107912288223814e+05 1.107912288223814e+05 0.000000000000000e+00
2.384442103213000e-02 1.157310004849656e+05 1.157310004849656e+05 0.000000000000000e+00 0.000000000000000e+00 0.000000000000000e+00 1.117168594467505e+05 0.000000000000000e+00 0.000000000000000e+00 0.000000000000000e+00 1.103499034215080e+05 1.103499034215080e+05 0.000000000000000e+00
2.398208325601000e-02 1.153049397877639e+05 1.153049397877639e+05 0.000000000000000e+00 0.000000000000000e+00 0.000000000000000e+00 1.112651821855675e+05 0.000000000000000e+00 0.000000000000000e+00 0.000000000000000e+00 1.099076940803220e+05 1.099076940803220e+05 0.000000000000000e+00
2.412054108768000e-02 1.148780809132948e+05 1.148780809132948e+05 0.000000000000000e+00 0.000000000000000e+00 0.000000000000000e+00 1.108128529682460e+05 0.000000000000000e+00 0.000000000000000e+00 0.000000000000000e+00 1.094648651895514e+05 1.094648651895514e+05 0.000000000000000e+00
2.425979922336000e-02 1.144503619767170e+05 1.144503619767170e+05 0.000000000000000e+00 0.000000000000000e+00 0.000000000000000e+00 1.103597266264110e+05 0.000000000000000e+00 0.000000000000000e+00 0.000000000000000e+00 1.090212975636984e+05 1.090212975636984e+05 0.000000000000000e+00
2.439986239751000e-02 1.140217588225856e+05 1.140217588225856e+05 0.000000000000000e+00 0.000000000000000e+00 0.000000000000000e+00 1.099057439470533e+05 0.000000000000000e+00 0.000000000000000e+00 0.000000000000000e+00 1.085769432332745e+05 1.085769432332745e+05 0.000000000000000e+00
2.454073538409000e-02 1.135923189432900e+05 1.135923189432900e+05 0.000000000000000e+00 0.000000000000000e+00 0.000000000000000e+00 1.094510565685557e+05 0.000000000000000e+00 0.000000000000000e+00 0.000000000000000e+00 1.081319218776773e+05 1.081319218776773e+05 0.000000000000000e+00
2.468242299799000e-02 1.131621004080088e+05 1.131621004080088e+05 0.000000000000000e+00 0.000000000000000e+00 0.000000000000000e+00 1.089956842377178e+05 0.000000000000000e+00 0.000000000000000e+00 0.000000000000000e+00 1.076862639980736e+05 1.076862639980736e+05 0.000000000000000e+00
2.482493009647000e-02 1.127310417663198e+05 1.127310417663198e+05 0.000000000000000e+00 0.000000000000000e+00 0.000000000000000e+00 1.085395398169176e+05 0.000000000000000e+00 0.000000000000000e+00 0.000000000000000e+00 1.072398873736295e+05 1.072398873736295e+05 0.000000000000000e+00
2.496826158086000e-02 1.122992236223697e+05 1.122992236223697e+05 0.000000000000000e+00 0.000000000000000e+00 0.000000000000000e+00 1.080827426149034e+05 0.000000000000000e+00 0.000000000000000e+00 0.000000000000000e+00 1.067929008889875e+05 1.067929008889875e+05 0.000000000000000e+00
2.511242239818000e-02 1.118666538645193e+05 1.118666538645193e+05 0.000000000000000e+00 0.000000000000000e+00 0.000000000000000e+00 1.076253755567889e+05 0.000000000000000e+00 0.000000000000000e+00 0.000000000000000e+00 1.063453626356261e+05 1.063453626356261e+05 0.000000000000000e+00
2.525741754307000e-02 1.114332808421216e+05 1.114332808421216e+05 0.000000000000000e+00 0.000000000000000e+00 0.000000000000000e+00 1.071672455440074e+05 0.000000000000000e+00 0.000000000000000e+00 0.000000000000000e+00 1.058971218395998e+05 1.058971218395998e+05 0.000000000000000e+00
2.540325205978000e-02 1.109991524250621e+05 1.109991524250621e+05 0.000000000000000e+00 0.000000000000000e+00 0.000000000000000e+00 1.067084838499671e+05 0.000000000000000e+00 0.000000000000000e+00 0.000000000000000e+00 1.054482832662417e+05 1.054482832662417e+05 0.000000000000000e+00
2.554993104424000e-02 1.105643333988663e+05 1.105643333988663e+05 0.000000000000000e+00 0.000000000000000e+00 0.000000000000000e+00 1.062492298817665e+05 0.000000000000000e+00 0.000000000000000e+00 0.000000000000000e+00 1.049989615096804e+05 1.049989615096804e+05 0.000000000000000e+00
2.569745964641000e-02 1.101287415236270e+05 1.101287415236270e+05 0.000000000000000e+00 0.000000000000000e+00 0.000000000000000e+00 1.057892541274039e+05 0.000000000000000e+00 0.000000000000000e+00 0.000000000000000e+00 1.045489704588735e+05 1.045489704588735e+05 0.000000000000000e+00
2.584584307269000e-02 1.096924823112393e+05 1.096924823112393e+05 0.000000000000000e+00 0.000000000000000e+00 0.000000000000000e+00 1.053288114181741e+05 0.000000000000000e+00 0.000000000000000e+00 0.000000000000000e+00 1.040985192010826e+05 1.040985192010826e+05 0.000000000000000e+00
2.599508658857000e-02 1.092555320529247e+05 1.092555320529247e+05 0.000000000000000e+00 0.000000000000000e+00 0.000000000000000e+00 1.048678230328885e+05 0.000000000000000e+00 0.000000000000000e+00 0.000000000000000e+00 1.036475439705557e+05 1.036475439705557e+05 0.000000000000000e+00
2.614519552139000e-02 1.088179648163632e+05 1.088179648163632e+05 0.000000000000000e+00 0.000000000000000e+00 0.000000000000000e+00 1.044063809916096e+05 0.000000000000000e+00 0.000000000000000e+00 0.000000000000000e+00 1.031961315307838e+05 1.031961315307838e+05 0.000000000000000e+00
2.629617526339000e-02 1.083797167239477e+05 1.083797167239477e+05 0.000000000000000e+00 0.000000000000000e+00 0.000000000000000e+00 1.039444475412187e+05 0.000000000000000e+00 0.000000000000000e+00 0.000000000000000e+00 1.027442328241611e+05 1.027442328241611e+05 0.000000000000000e+00
2.644803127484000e-02 1.079408522476115e+05 1.079408522476115e+05 0.000000000000000e+00 0.000000000000000e+00 0.000000000000000e+00 1.034820628622387e+05 0.000000000000000e+00 0.000000000000000e+00 0.000000000000000e+00 1.022918953603692e+05 1.022918953603692e+05 0.000000000000000e+00
2.660076908751000e-02 1.075013782299638e+05 1.075013782299638e+05 0.000000000000000e+00 0.000000000000000e+00 0.000000000000000e+00 1.030192541489885e+05 0.000000000000000e+00 0.000000000000000e+00 0.000000000000000e+00 1.018391371571838e+05 1.018391371571838e+05 0.000000000000000e+00
2.675439430827000e-02 1.070611892830742e+05 1.070611892830742e+05 0.000000000000000e+00 0.000000000000000e+00 0.000000000000000e+00 1.025558138675848e+05 0.000000000000000e+00 0.000000000000000e+00 0.000000000000000e+00 1.013857847176367e+05 1.013857847176367e+05 0.000000000000000e+00
2.690891262297000e-02 1.066206299550191e+05 1.066206299550191e+05 0.000000000000000e+00 0.000000000000000e+00 0.000000000000000e+00 1.020923939538730e+05 0.000000000000000e+00 0.000000000000000e+00 0.000000000000000e+00 1.009323870900135e+05 1.009323870900135e+05 0.000000000000000e+00
2.706432980057000e-02 1.061794121898244e+05 1.061794121898244e+05 0.000000000000000e+00 0.000000000000000e+00 0.000000000000000e+00 1.016284538535088e+05 0.000000000000000e+00 0.000000000000000e+00 0.000000000000000e+00 1.004784871991164e+05 1.004784871991164e+05 0.000000000000000e+00
2.722065169754000e-02 1.057376070105497e+05 1.057376070105497e+05 0.000000000000000e+00 0.000000000000000e+00 0.000000000000000e+00 1.011641054508456e+05 0.000000000000000e+00 0.000000000000000e+00 0.000000000000000e+00 1.000241795569817e+05 1.000241795569817e+05 0.000000000000000e+00
2.737788426249000e-02 1.052953591415611e+05 1.052953591415611e+05 0.000000000000000e+00 0.000000000000000e+00 0.000000000000000e+00 1.006995770326822e+05 0.000000000000000e+00 0.000000000000000e+00 0.000000000000000e+00 9.956967040949916e+04 9.956967040949916e+04 0.000000000000000e+00
2.753603354114000e-02 1.048525514235165e+05 1.048525514235165e+05 0.000000000000000e+00 0.000000000000000e+00 0.000000000000000e+00 1.002346916016259e+05 0.000000000000000e+00 0.000000000000000e+00 0.000000000000000e+00 9.911479307612371e+04 9.911479307612371e+04 0.000000000000000e+00
2.769510568160000e-02 1.044093066645253e+05 1.044093066645253e+05 0.000000000000000e+00 0.000000000000000e+00 0.000000000000000e+00 9.976965052959789e+04 0.000000000000000e+00 0.000000000000000e+00 0.000000000000000e+00 9.865973053467137e+04 9.865973053467137e+04 0.000000000000000e+00
2.785510693989000e-02 1.039655538599341e+05 1.039655538599341e+05 0.000000000000000e+00 0.000000000000000e+00 0.000000000000000e+00 9.930430998619647e+04 0.000000000000000e+00 0.000000000000000e+00 0.000000000000000e+00 9.820435637812823e+04 9.820435637812823e+04 0.000000000000000e+00
2.801604368587000e-02 1.035213529179484e+05 1.035213529179484e+05 0.000000000000000e+00 0.000000000000000e+00 0.000000000000000e+00 9.883879269691501e+04 0.000000000000000e+00 0.000000000000000e+00 0.000000000000000e+00 9.774877595720216e+04 9.774877595720216e+04 0.000000000000000e+00
2.817792240951000e-02 1.030767718876048e+05 1.030767718876048e+05 0.000000000000000e+00 0.000000000000000e+00 0.000000000000000e+00 9.837318420667008e+04 0.000000000000000e+00 0.000000000000000e+00 0.000000000000000e+00 9.729306812705942e+04 9.729306812705942e+04 0.000000000000000e+00
2.834074972746000e-02 1.026317632497172e+05 1.026317632497172e+05 0.000000000000000e+00 0.000000000000000e+00 0.000000000000000e+00 9.790743713960514e+04 0.000000000000000e+00 0.000000000000000e+00 0.000000000000000e+00 9.683718404366818e+04 9.683718404366818e+04 0.000000000000000e+00
2.850453239007000e-02 1.021864343133336e+05 1.021864343133336e+05 0.000000000000000e+00 0.000000000000000e+00 0.000000000000000e+00 9.744167374528514e+04 0.000000000000000e+00 0.000000000000000e+00 0.000000000000000e+00 9.638124296415226e+04 9.638124296415226e+04 0.000000000000000e+00
2.866927728874000e-02 1.017406134998576e+05 1.017406134998576e+05 0.000000000000000e+00 0.000000000000000e+00 0.000000000000000e+00 9.697560121506359e+04 0.000000000000000e+00 0.000000000000000e+00 0.000000000000000e+00 9.592499070327698e+04 9.592499070327698e+04 0.000000000000000e+00
2.883499146375000e-02 1.012945233196810e+05 1.012945233196810e+05 0.000000000000000e+00 0.000000000000000e+00 0.000000000000000e+00 9.650965471219635e+04 0.000000000000000e+00 0.000000000000000e+00 0.000000000000000e+00 9.546879183328335e+04 9.546879183328335e+04 0.000000000000000e+00
2.900168211241000e-02 1.008481492798076e+05 1.008481492798076e+05 0.000000000000000e+00 0.000000000000000e+00 0.000000000000000e+00 9.604374492684270e+04 0.000000000000000e+00 0.000000000000000e+00 0.000000000000000e+00 9.501258564440826e+04 9.501258564440826e+04 0.000000000000000e+00
2.916935659779000e-02 1.004013590704565e+05 1.004013590704565e+05 0.000000000000000e+00 0.000000000000000e+00 0.000000000000000e+00 9.557766957280057e+04 0.000000000000000e+00 0.000000000000000e+00 0.000000000000000e+00 9.455618804603934e+04 9.455618804603934e+04 0.000000000000000e+00
2.933802245776000e-02 9.995437360217613e+04 9.995437360217613e+04 0.000000000000000e+00 0.000000000000000e+00 0.000000000000000e+00 9.511179947812218e+04 0.000000000000000e+00 0.000000000000000e+00 0.000000000000000e+00 9.409992387490092e+04 9.409992387490092e+04 0.000000000000000e+00
2.950768741462000e-02 9.950711559182682e+04 9.950711559182682e+04 0.000000000000000e+00 0.000000000000000e+00 0.000000000000000e+00 9.464598095665008e+04 0.000000000000000e+00 0.000000000000000e+00 0.000000000000000e+00 9.364366618069503e+04 9.364366618069503e+04 0.000000000000000e+00
2.967835938518000e-02 9.905955618272544e+04 9.905955618272544e+04 0.000000000000000e+00 0.000000000000000e+00 0.000000000000000e+00 9.418017871978074e+04 0.000000000000000e+00 0.000000000000000e+00 0.000000000000000e+00 9.318737899221828e+04 9.318737899221828e+04 0.000000000000000e+00
2.985004649132000e-02 9.861186842435508e+04 9.861186842435508e+04 0.000000000000000e+00 0.000000000000000e+00 0.000000000000000e+00 9.371468162581863e+04 0.000000000000000e+00 0.000000000000000e+00 0.000000000000000e+00 9.273131816117861e+04 9.273131816117861e+04 0.000000000000000e+00
3.002275707114000e-02 9.816389791696971e+04 9.816389791696971e+04 0.000000000000000e+00 0.000000000000000e+00 0.000000000000000e+00 9.324919162665511e+04 0.000000000000000e+00 0.000000000000000e+00 0.000000000000000e+00 9.227523051892970e+04 9.227523051892970e+04 0.000000000000000e+00
3.019649969062000e-02 9.771580984178327e+04 9.771580984178327e+04 0.000000000000000e+00 0.000000000000000e+00 0.000000000000000e+00 9.278402780087589e+04 0.000000000000000e+00 0.000000000000000e+00 0.000000000000000e+00 9.181938643862247e+04 9.181938643862247e+04 0.000000000000000e+00
3.037128315584000e-02 9.726747960326113e+04 9.726747960326113e+04 0.000000000000000e+00 0.000000000000000e+00 0.000000000000000e+00 9.231892832999183e+04 0.000000000000000e+00 0.000000000000000e+00 0.000000000000000e+00 9.136357034127122e+04 9.136357034127122e+04 0.000000000000000e+00
3.054711652581000e-02 9.681913030073521e+04 9.681913030073521e+04 0.000000000000000e+00 0.000000000000000e+00 0.000000000000000e+00 9.185430673356651e+04 0.000000000000000e+00 0.000000000000000e+00 0.000000000000000e+00 9.090813391010812e+04 9.090813391010812e+04 0.000000000000000e+00
3.072400912590000e-02 9.637055863837227e+04 9.637055863837227e+04 0.000000000000000e+00 0.000000000000000e+00 0.000000000000000e+00 9.138979120486007e+04 0.000000000000000e+00 0.000000000000000e+00 0.000000000000000e+00 9.045276041737983e+04 9.045276041737983e+04 0.000000000000000e+00
3.090197056189000e-02 9.592193942865045e+04 9.592193942865045e+04 0.000000000000000e+00 0.000000000000000e+00 0.000000000000000e+00 9.092568932637195e+04 0.000000000000000e+00 0.000000000000000e+00 0.000000000000000e+00 8.999771718981801e+04 8.999771718981801e+04 0.000000000000000e+00
3.108101073465000e-02 9.547330442295044e+04 9.547330442295044e+04 0.000000000000000e+00 0.000000000000000e+00 0.000000000000000e+00 9.046203269128280e+04 0.000000000000000e+00 0.000000000000000e+00 0.000000000000000e+00 8.954303747510220e+04 8.954303747510220e+04 0.000000000000000e+00
3.126113985551000e-02 9.502455004432738e+04 9.502455004432738e+04 0.000000000000000e+00 0.000000000000000e+00 0.000000000000000e+00 8.999866028117202e+04 0.000000000000000e+00 0.000000000000000e+00 0.000000000000000e+00 8.908857689945342e+04 8.908857689945342e+04 0.000000000000000e+00
3.144236846236000e-02 9.457580506320445e+04 9.457580506320445e+04 0.000000000000000e+00 0.000000000000000e+00 0.000000000000000e+00 8.953576808426512e+04 0.000000000000000e+00 0.000000000000000e+00 0.000000000000000e+00 8.863451291263057e+04 8.863451291263057e+04 0.000000000000000e+00
3.162470743634000e-02 9.412700801994029e+04 9.412700801994029e+04 0.000000000000000e+00 0.000000000000000e+00 0.000000000000000e+00 8.907327928710423e+04 0.000000000000000e+00 0.000000000000000e+00 0.000000000000000e+00 8.818077358062865e+04 8.818077358062865e+04 0.000000000000000e+00
3.180816801940000e-02 9.367820346647395e+04 9.367820346647395e+04 0.000000000000000e+00 0.000000000000000e+00 0.000000000000000e+00 8.861121590091304e+04 0.000000000000000e+00 0.000000000000000e+00 0.000000000000000e+00 8.772738868035378e+04 8.772738868035378e+04 0.000000000000000e+00
3.199276183254000e-02 9.322939187600632e+04 9.322939187600632e+04 0.000000000000000e+00 0.000000000000000e+00 0.000000000000000e+00 8.814960329692998e+04 0.000000000000000e+00 0.000000000000000e+00 0.000000000000000e+00 8.727437598762968e+04 8.727437598762968e+04 0.000000000000000e+00
3.217850089488000e-02 9.278078279122310e+04 9.278078279122310e+04 0.000000000000000e+00 0.000000000000000e+00 0.000000000000000e+00 8.768880359432082e+04 0.000000000000000e+00 0.000000000000000e+00 0.000000000000000e+00 8.682205484871440e+04 8.682205484871440e+04 0.000000000000000e+00
3.236539764349000e-02 9.233215382142751e+04 9.233215382142751e+04 0.000000000000000e+00 0.000000000000000e+00 0.000000000000000e+00 8.722843218050434e+04 0.000000000000000e+00 0.000000000000000e+00 0.000000000000000e+00 8.637008722977393e+04 8.637008722977393e+04 0.000000000000000e+00
3.255346495411000e-02 9.188361797547110e+04 9.188361797547110e+04 0.000000000000000e+00 0.000000000000000e+00 0.000000000000000e+00 8.676865906289469e+04 0.000000000000000e+00 0.000000000000000e+00 0.000000000000000e+00 8.591862798897566e+04 8.591862798897566e+04 0.000000000000000e+00
3.274271616269000e-02 9.143510884355832e+04 9.143510884355832e+04 0.000000000000000e+00 0.000000000000000e+00 0.000000000000000e+00 8.630938864997770e+04 0.000000000000000e+00 0.000000000000000e+00 0.000000000000000e+00 8.546758942018150e+04 8.546758942018150e+04 0.000000000000000e+00
3.293316508789000e-02 9.098677246148277e+04 9.098677246148277e+04 0.000000000000000e+00 0.000000000000000e+00 0.000000000000000e+00 8.585085913081483e+04 0.000000000000000e+00 0.000000000000000e+00 0.000000000000000e+00 8.501718483279581e+04 8.501718483279581e+04 0.000000000000000e+00
3.312482605444000e-02 9.053871371208341e+04 9.053871371208341e+04 0.000000000000000e+00 0.000000000000000e+00 0.000000000000000e+00 8.539324652841796e+04 0.000000000000000e+00 0.000000000000000e+00 0.000000000000000e+00 8.456756908501068e+04 8.456756908501068e+04 0.000000000000000e+00
3.331771391750000e-02 9.009077316238471e+04 9.009077316238471e+04 0.000000000000000e+00 0.000000000000000e+00 0.000000000000000e+00 8.493624618228989e+04 0.000000000000000e+00 0.000000000000000e+00 0.000000000000000e+00 8.411848028231082e+04 8.411848028231082e+04 0.000000000000000e+00
3.351184408803000e-02 8.964283816661433e+04 8.964283816661433e+04 0.000000000000000e+00 0.000000000000000e+00 0.000000000000000e+00 8.447973750183554e+04 0.000000000000000e+00 0.000000000000000e+00 0.000000000000000e+00 8.366979867341679e+04 8.366979867341679e+04 0.000000000000000e+00
3.370723255912000e-02 8.919521345149697e+04 8.919521345149697e+04 0.000000000000000e+00 0.000000000000000e+00 0.000000000000000e+00 8.402417836821242e+04 0.000000000000000e+00 0.000000000000000e+00 0.000000000000000e+00 8.322193991245792e+04 8.322193991245792e+04 0.000000000000000e+00
3.390389593352000e-02 8.874781972421515e+04 8.874781972421515e+04 0.000000000000000e+00 0.000000000000000e+00 0.000000000000000e+00 8.356944275676872e+04 0.000000000000000e+00 0.000000000000000e+00 0.000000000000000e+00 8.277479094911709e+04 8.277479094911709e+04 0.000000000000000e+00
3.410185145213000e-02 8.830066531783211e+04 8.830066531783211e+04 0.000000000000000e+00 0.000000000000000e+00 0.000000000000000e+00 8.311557858396234e+04 0.000000000000000e+00 0.000000000000000e+00 0.000000000000000e+00 8.232838814949660e+04 8.232838814949660e+04 0.000000000000000e+00
3.430111702380000e-02 8.785368858455993e+04 8.785368858455993e+04 0.000000000000000e+00 0.000000000000000e+00 0.000000000000000e+00 8.266244878665468e+04 0.000000000000000e+00 0.000000000000000e+00 0.000000000000000e+00 8.188261568137271e+04 8.188261568137271e+04 0.000000000000000e+00
3.450171125622000e-02 8.740699590822859e+04 8.740699590822859e+04 0.000000000000000e+00 0.000000000000000e+00 0.000000000000000e+00 8.221023626366517e+04 0.000000000000000e+00 0.000000000000000e+00 0.000000000000000e+00 8.143763482239927e+04 8.143763482239927e+04 0.000000000000000e+00
3.470365348814000e-02 8.696069742245063e+04 8.696069742245063e+04 0.000000000000000e+00 0.000000000000000e+00 0.000000000000000e+00 8.175909163814738e+04 0.000000000000000e+00 0.000000000000000e+00 0.000000000000000e+00 8.099358580139901e+04 8.099358580139901e+04 0.000000000000000e+00
3.490696382286000e-02 8.651447279364498e+04 8.651447279364498e+04 0.000000000000000e+00 0.000000000000000e+00 0.000000000000000e+00 8.130860028630462e+04 0.000000000000000e+00 0.000000000000000e+00 0.000000000000000e+00 8.055007808381178e+04 8.055007808381178e+04 0.000000000000000e+00
3.511166316309000e-02 8.606879720966799e+04 8.606879720966799e+04 0.000000000000000e+00 0.000000000000000e+00 0.000000000000000e+00 8.085937270448547e+04 0.000000000000000e+00 0.000000000000000e+00 0.000000000000000e+00 8.010768713967899e+04 8.010768713967899e+04 0.000000000000000e+00
3.531777324730000e-02 8.562326500261819e+04 8.562326500261819e+04 0.000000000000000e+00 0.000000000000000e+00 0.000000000000000e+00 8.041091507835919e+04 0.000000000000000e+00 0.000000000000000e+00 0.000000000000000e+00 7.966593977438637e+04 7.966593977438637e+04 0.000000000000000e+00
3.552531668747000e-02 8.517819763552977e+04 8.517819763552977e+04 0.000000000000000e+00 0.000000000000000e+00 0.000000000000000e+00 7.996364072555849e+04 0.000000000000000e+00 0.000000000000000e+00 0.000000000000000e+00 7.922522616904981e+04 7.922522616904981e+04 0.000000000000000e+00
3.573431700850000e-02 8.473345343119674e+04 8.473345343119674e+04 0.000000000000000e+00 0.000000000000000e+00 0.000000000000000e+00 7.951737168928971e+04 0.000000000000000e+00 0.000000000000000e+00 0.000000000000000e+00 7.878537692691795e+04 7.878537692691795e+04 0.000000000000000e+00
3.594479868921000e-02 8.428897636688483e+04 8.428897636688483e+04 0.000000000000000e+00 0.000000000000000e+00 0.000000000000000e+00 7.907203781250880e+04 0.000000000000000e+00 0.000000000000000e+00 0.000000000000000e+00 7.834632599685981e+04 7.834632599685981e+04 0.000000000000000e+00
3.615678720507000e-02 8.384487595767705e+04 8.384487595767705e+04 0.000000000000000e+00 0.000000000000000e+00 0.000000000000000e+00 7.862780608479738e+04 0.000000000000000e+00 0.000000000000000e+00 0.000000000000000e+00 7.790822382794895e+04 7.790822382794895e+04 0.000000000000000e+00
3.637030907278000e-02 8.340119183018716e+04 8.340119183018716e+04 0.000000000000000e+00 0.000000000000000e+00 0.000000000000000e+00 7.818472414644582e+04 0.000000000000000e+00 0.000000000000000e+00 0.000000000000000e+00 7.747111607375188e+04 7.747111607375188e+04 0.000000000000000e+00
3.658539189673000e-02 8.295802252268001e+04 8.295802252268001e+04 0.000000000000000e+00 0.000000000000000e+00 0.000000000000000e+00 7.774292248393828e+04 0.000000000000000e+00 0.000000000000000e+00 0.000000000000000e+00 7.703512287367531e+04 7.703512287367531e+04 0.000000000000000e+00
3.680206441749000e-02 8.251506688789431e+04 8.251506688789431e+04 0.000000000000000e+00 0.000000000000000e+00 0.000000000000000e+00 7.730203486229568e+04 0.000000000000000e+00 0.000000000000000e+00 0.000000000000000e+00 7.659989676255880e+04 7.659989676255880e+04 0.000000000000000e+00
3.702035656239000e-02 8.207248042248496e+04 8.207248042248496e+04 0.000000000000000e+00 0.000000000000000e+00 0.000000000000000e+00 7.686226666205535e+04 0.000000000000000e+00 0.000000000000000e+00 0.000000000000000e+00 7.616562836386167e+04 7.616562836386167e+04 0.000000000000000e+00
3.724029949841000e-02 8.163051960647880e+04 8.163051960647880e+04 0.000000000000000e+00 0.000000000000000e+00 0.000000000000000e+00 7.642393939156133e+04 0.000000000000000e+00 0.000000000000000e+00 0.000000000000000e+00 7.573262207268605e+04 7.573262207268605e+04 0.000000000000000e+00
3.746192568736000e-02 8.118883081485442e+04 8.118883081485442e+04 0.000000000000000e+00 0.000000000000000e+00 0.000000000000000e+00 7.598663298291364e+04 0.000000000000000e+00 0.000000000000000e+00 0.000000000000000e+00 7.530047540861432e+04 7.530047540861432e+04 0.000000000000000e+00
3.768526894361000e-02 8.074768096708054e+04 8.074768096708054e+04 0.000000000000000e+00 0.000000000000000e+00 0.000000000000000e+00 7.555071264771884e+04 0.000000000000000e+00 0.000000000000000e+00 0.000000000000000e+00 7.486952421910832e+04 7.486952421910832e+04 0.000000000000000e+00
3.791036449446000e-02 8.030678903786567e+04 8.030678903786567e+04 0.000000000000000e+00 0.000000000000000e+00 0.000000000000000e+00 7.511577869478117e+04 0.000000000000000e+00 0.000000000000000e+00 0.000000000000000e+00 7.443940616685362e+04 7.443940616685362e+04 0.000000000000000e+00
3.813724904332000e-02 7.986641547373153e+04 7.986641547373153e+04 0.000000000000000e+00 0.000000000000000e+00 0.000000000000000e+00 7.468223203629865e+04 0.000000000000000e+00 0.000000000000000e+00 0.000000000000000e+00 7.401048012638123e+04 7.401048012638123e+04 0.000000000000000e+00
3.836596083592000e-02 7.942658885620290e+04 7.942658885620290e+04 0.000000000000000e+00 0.000000000000000e+00 0.000000000000000e+00 7.425009738643959e+04 0.000000000000000e+00 0.000000000000000e+00 0.000000000000000e+00 7.358277200454926e+04 7.358277200454926e+04 0.000000000000000e+00
3.859653972958000e-02 7.898705209851818e+04 7.898705209851818e+04 0.000000000000000e+00 0.000000000000000e+00 0.000000000000000e+00 7.381901565159536e+04 0.000000000000000e+00 0.000000000000000e+00 0.000000000000000e+00 7.315595148186015e+04 7.315595148186015e+04 0.000000000000000e+00
3.882902726594000e-02 7.854799362427546e+04 7.854799362427546e+04 0.000000000000000e+00 0.000000000000000e+00 0.000000000000000e+00 7.338930524687585e+04 0.000000000000000e+00 0.000000000000000e+00 0.000000000000000e+00 7.273030281314421e+04 7.273030281314421e+04 0.000000000000000e+00
3.906346674729000e-02 7.810945317655653e+04 7.810945317655653e+04 0.000000000000000e+00 0.000000000000000e+00 0.000000000000000e+00 7.296101379008536e+04 0.000000000000000e+00 0.000000000000000e+00 0.000000000000000e+00 7.230586840811207e+04 7.230586840811207e+04 0.000000000000000e+00
3.929990331657000e-02 7.767127880518578e+04 7.767127880518578e+04 0.000000000000000e+00 0.000000000000000e+00 0.000000000000000e+00 7.253395413958859e+04 0.000000000000000e+00 0.000000000000000e+00 0.000000000000000e+00 7.188247488657375e+04 7.188247488657375e+04 0.000000000000000e+00
3.953838404159000e-02 7.723354696711402e+04 7.723354696711402e+04 0.000000000000000e+00 0.000000000000000e+00 0.000000000000000e+00 7.210819967167359e+04 0.000000000000000e+00 0.000000000000000e+00 0.000000000000000e+00 7.146019578246145e+04 7.146019578246145e+04 0.000000000000000e+00
3.977895800352000e-02 7.679629121407465e+04 7.679629121407465e+04 0.000000000000000e+00 0.000000000000000e+00 0.000000000000000e+00 7.168383106687789e+04 0.000000000000000e+00 0.000000000000000e+00 0.000000000000000e+00 7.103909996173227e+04 7.103909996173227e+04 0.000000000000000e+00
4.002167638993000e-02 7.635951835386708e+04 7.635951835386708e+04 0.000000000000000e+00 0.000000000000000e+00 0.000000000000000e+00 7.126090998161967e+04 0.000000000000000e+00 0.000000000000000e+00 0.000000000000000e+00 7.061923035984485e+04 7.061923035984485e+04 0.000000000000000e+00
4.026659259287000e-02 7.592303646628135e+04 7.592303646628135e+04 0.000000000000000e+00 0.000000000000000e+00 0.000000000000000e+00 7.083919754902671e+04 0.000000000000000e+00 0.000000000000000e+00 0.000000000000000e+00 7.020036559467258e+04 7.020036559467258e+04 0.000000000000000e+00
4.051376231217000e-02 7.548716470528029e+04 7.548716470528029e+04 0.000000000000000e+00 0.000000000000000e+00 0.000000000000000e+00 7.041904860942536e+04 0.000000000000000e+00 0.000000000000000e+00 0.000000000000000e+00 6.978285280864184e+04 6.978285280864184e+04 0.000000000000000e+00
4.076324366434000e-02 7.505159018245223e+04 7.505159018245223e+04 0.000000000000000e+00 0.000000000000000e+00 0.000000000000000e+00 7.000016257645335e+04 0.000000000000000e+00 0.000000000000000e+00 0.000000000000000e+00 6.936638509802427e+04 6.936638509802427e+04 0.000000000000000e+00
4.101509729754000e-02 7.461640806815898e+04 7.461640806815898e+04 0.000000000000000e+00 0.000000000000000e+00 0.000000000000000e+00 6.958258695119483e+04 0.000000000000000e+00 0.000000000000000e+00 0.000000000000000e+00 6.895103245221931e+04 6.895103245221931e+04 0.000000000000000e+00
4.126938651300000e-02 7.418168952658593e+04 7.418168952658593e+04 0.000000000000000e+00 0.000000000000000e+00 0.000000000000000e+00 6.916648587398310e+04 0.000000000000000e+00 0.000000000000000e+00 0.000000000000000e+00 6.853692647950168e+04 6.853692647950168e+04 0.000000000000000e+00
4.152617739333000e-02 7.374734181929224e+04 7.374734181929224e+04 0.000000000000000e+00 0.000000000000000e+00 0.000000000000000e+00 6.875179132600110e+04 0.000000000000000e+00 0.000000000000000e+00 0.000000000000000e+00 6.812399129940517e+04 6.812399129940517e+04 0.000000000000000e+00
4.178553893823000e-02 7.331335390146010e+04 7.331335390146010e+04 0.000000000000000e+00 0.000000000000000e+00 0.000000000000000e+00 6.833845225542158e+04 0.000000000000000e+00 0.000000000000000e+00 0.000000000000000e+00 6.771219627086729e+04 6.771219627086729e+04 0.000000000000000e+00
4.204754320818000e-02 7.287967256047376e+04 7.287967256047376e+04 0.000000000000000e+00 0.000000000000000e+00 0.000000000000000e+00 6.792640383512129e+04 0.000000000000000e+00 0.000000000000000e+00 0.000000000000000e+00 6.730148210936529e+04 6.730148210936529e+04 0.000000000000000e+00
4.231226547666000e-02 7.244651659671331e+04 7.244651659671331e+04 0.000000000000000e+00 0.000000000000000e+00 0.000000000000000e+00 6.751602132538773e+04 0.000000000000000e+00 0.000000000000000e+00 0.000000000000000e+00 6.689217294907842e+04 6.689217294907842e+04 0.000000000000000e+00
4.257978439145000e-02 7.201365882294014e+04 7.201365882294014e+04 0.000000000000000e+00 0.000000000000000e+00 0.000000000000000e+00 6.710695733778769e+04 0.000000000000000e+00 0.000000000000000e+00 0.000000000000000e+00 6.648396394541758e+04 6.648396394541758e+04 0.000000000000000e+00
4.285018214590000e-02 7.158101685616144e+04 7.158101685616144e+04 0.000000000000000e+00 0.000000000000000e+00 0.000000000000000e+00 6.669915862501219e+04 0.000000000000000e+00 0.000000000000000e+00 0.000000000000000e+00 6.607679526122453e+04 6.607679526122453e+04 0.000000000000000e+00
4.312354466069000e-02 7.114878803871904e+04 7.114878803871904e+04 0.000000000000000e+00 0.000000000000000e+00 0.000000000000000e+00 6.629293340058799e+04 0.000000000000000e+00 0.000000000000000e+00 0.000000000000000e+00 6.567094046490776e+04 6.567094046490776e+04 0.000000000000000e+00
4.339996177704000e-02 7.071676706966614e+04 7.071676706966614e+04 0.000000000000000e+00 0.000000000000000e+00 0.000000000000000e+00 6.588790223250152e+04 0.000000000000000e+00 0.000000000000000e+00 0.000000000000000e+00 6.526608715466039e+04 6.526608715466039e+04 0.000000000000000e+00
4.367952746214000e-02 7.028498911699087e+04 7.028498911699087e+04 0.000000000000000e+00 0.000000000000000e+00 0.000000000000000e+00 6.548425713488751e+04 0.000000000000000e+00 0.000000000000000e+00 0.000000000000000e+00 6.486236922629797e+04 6.486236922629797e+04 0.000000000000000e+00
4.396234002788000e-02 6.985354592873839e+04 6.985354592873839e+04 0.000000000000000e+00 0.000000000000000e+00 0.000000000000000e+00 6.508212010854195e+04 0.000000000000000e+00 0.000000000000000e+00 0.000000000000000e+00 6.445990902167147e+04 6.445990902167147e+04 0.000000000000000e+00
4.424850236373000e-02 6.942223312844755e+04 6.942223312844755e+04 0.000000000000000e+00 0.000000000000000e+00 0.000000000000000e+00 6.468123945703013e+04 0.000000000000000e+00 0.000000000000000e+00 0.000000000000000e+00 6.405846940880964e+04 6.405846940880964e+04 0.000000000000000e+00
4.453812218512000e-02 6.899119659447143e+04 6.899119659447143e+04 0.000000000000000e+00 0.000000000000000e+00 0.000000000000000e+00 6.428178895408686e+04 0.000000000000000e+00 0.000000000000000e+00 0.000000000000000e+00 6.365822060553876e+04 6.365822060553876e+04 0.000000000000000e+00
4.483131229833000e-02 6.856023917183030e+04 6.856023917183030e+04 0.000000000000000e+00 0.000000000000000e+00 0.000000000000000e+00 6.388356967937546e+04 0.000000000000000e+00 0.000000000000000e+00 0.000000000000000e+00 6.325896329596693e+04 6.325896329596693e+04 0.000000000000000e+00
4.512819088345000e-02 6.812943193026738e+04 6.812943193026738e+04 0.000000000000000e+00 0.000000000000000e+00 0.000000000000000e+00 6.348671170752807e+04 0.000000000000000e+00 0.000000000000000e+00 0.000000000000000e+00 6.286081994407903e+04 6.286081994407903e+04 0.000000000000000e+00
4.542888179659000e-02 6.769874487919187e+04 6.769874487919187e+04 0.000000000000000e+00 0.000000000000000e+00 0.000000000000000e+00 6.309119082429322e+04 0.000000000000000e+00 0.000000000000000e+00 0.000000000000000e+00 6.246376256253620e+04 6.246376256253620e+04 0.000000000000000e+00
4.573351489328000e-02 6.726816752139363e+04 6.726816752139363e+04 0.000000000000000e+00 0.000000000000000e+00 0.000000000000000e+00 6.269696676523319e+04 0.000000000000000e+00 0.000000000000000e+00 0.000000000000000e+00 6.206776902617730e+04 6.206776902617730e+04 0.000000000000000e+00
4.604222637449000e-02 6.683754634319321e+04 6.683754634319321e+04 0.000000000000000e+00 0.000000000000000e+00 0.000000000000000e+00 6.230394483148326e+04 0.000000000000000e+00 0.000000000000000e+00 0.000000000000000e+00 6.167272397899761e+04 6.167272397899761e+04 0.000000000000000e+00
4.635515915737000e-02 6.640694032980157e+04 6.640694032980157e+04 0.000000000000000e+00 0.000000000000000e+00 0.000000000000000e+00 6.191217336636011e+04 0.000000000000000e+00 0.000000000000000e+00 0.000000000000000e+00 6.127868614902577e+04 6.127868614902577e+04 0.000000000000000e+00
4.667246327273000e-02 6.597627602954996e+04 6.597627602954996e+04 0.000000000000000e+00 0.000000000000000e+00 0.000000000000000e+00 6.152158351714331e+04 0.000000000000000e+00 0.000000000000000e+00 0.000000000000000e+00 6.088558955871050e+04 6.088558955871050e+04 0.000000000000000e+00
4.699429629156000e-02 6.554552579197512e+04 6.554552579197512e+04 0.000000000000000e+00 0.000000000000000e+00 0.000000000000000e+00 6.113219765890325e+04 0.000000000000000e+00 0.000000000000000e+00 0.000000000000000e+00 6.049344527573945e+04 6.049344527573945e+04 0.000000000000000e+00
4.732082378307000e-02 6.511463621570067e+04 6.511463621570067e+04 0.000000000000000e+00 0.000000000000000e+00 0.000000000000000e+00 6.074396644439791e+04 0.000000000000000e+00 0.000000000000000e+00 0.000000000000000e+00 6.010221626686842e+04 6.010221626686842e+04 0.000000000000000e+00
4.765221980708000e-02 6.468355246246608e+04 6.468355246246608e+04 0.000000000000000e+00 0.000000000000000e+00 0.000000000000000e+00 6.035679121031160e+04 0.000000000000000e+00 0.000000000000000e+00 0.000000000000000e+00 5.971180621457016e+04 5.971180621457016e+04 0.000000000000000e+00
4.798866744368000e-02 6.425226976612506e+04 6.425226976612506e+04 0.000000000000000e+00 0.000000000000000e+00 0.000000000000000e+00 5.997074664431941e+04 0.000000000000000e+00 0.000000000000000e+00 0.000000000000000e+00 5.932227535041438e+04 5.932227535041438e+04 0.000000000000000e+00
4.833035936362000e-02 6.382062253033045e+04 6.382062253033045e+04 0.000000000000000e+00 0.000000000000000e+00 0.000000000000000e+00 5.958562572084151e+04 0.000000000000000e+00 0.000000000000000e+00 0.000000000000000e+00 5.893343938757354e+04 5.893343938757354e+04 0.000000000000000e+00
4.867749844293000e-02 6.338864204316231e+04 6.338864204316231e+04 0.000000000000000e+00 0.000000000000000e+00 0.000000000000000e+00 5.920150507635145e+04 0.000000000000000e+00 0.000000000000000e+00 0.000000000000000e+00 5.854536510984257e+04 5.854536510984257e+04 0.000000000000000e+00
4.903029842595000e-02 6.295626043410772e+04 6.295626043410772e+04 0.000000000000000e+00 0.000000000000000e+00 0.000000000000000e+00 5.881832276945888e+04 0.000000000000000e+00 0.000000000000000e+00 0.000000000000000e+00 5.815799560214637e+04 5.815799560214637e+04 0.000000000000000e+00
4.938898464116000e-02 6.252338268994714e+04 6.252338268994714e+04 0.000000000000000e+00 0.000000000000000e+00 0.000000000000000e+00 5.843596888853007e+04 0.000000000000000e+00 0.000000000000000e+00 0.000000000000000e+00 5.777123239551729e+04 5.777123239551729e+04 0.000000000000000e+00
4.975379477471000e-02 6.208996715011200e+04 6.208996715011200e+04 0.000000000000000e+00 0.000000000000000e+00 0.000000000000000e+00 5.805442877830577e+04 0.000000000000000e+00 0.000000000000000e+00 0.000000000000000e+00 5.738505956124429e+04 5.738505956124429e+04 0.000000000000000e+00
5.012497970704000e-02 6.165589788925045e+04 6.165589788925045e+04 0.000000000000000e+00 0.000000000000000e+00 0.000000000000000e+00 5.767358012760415e+04 0.000000000000000e+00 0.000000000000000e+00 0.000000000000000e+00 5.699900543966841e+04 5.699900543966841e+04 0.000000000000000e+00
5.050280441874000e-02 6.122109932637894e+04 6.122109932637894e+04 0.000000000000000e+00 0.000000000000000e+00 0.000000000000000e+00 5.729333139359727e+04 0.000000000000000e+00 0.000000000000000e+00 0.000000000000000e+00 5.661374627593885e+04 5.661374627593885e+04 0.000000000000000e+00
5.088754897201000e-02 6.078554140728770e+04 6.078554140728770e+04 0.000000000000000e+00 0.000000000000000e+00 0.000000000000000e+00 5.691368272704648e+04 0.000000000000000e+00 0.000000000000000e+00 0.000000000000000e+00 5.622886696041657e+04 5.622886696041657e+04 0.000000000000000e+00
5.127950957537000e-02 6.034907488204564e+04 6.034907488204564e+04 0.000000000000000e+00 0.000000000000000e+00 0.000000000000000e+00 5.653445898798301e+04 0.000000000000000e+00 0.000000000000000e+00 0.000000000000000e+00 5.584421833407335e+04 5.584421833407335e+04 0.000000000000000e+00
5.167899973950000e-02 5.991158036532025e+04 5.991158036532025e+04 0.000000000000000e+00 0.000000000000000e+00 0.000000000000000e+00 5.615555166772047e+04 0.000000000000000e+00 0.000000000000000e+00 0.000000000000000e+00 5.545970026066027e+04 5.545970026066027e+04 0.000000000000000e+00
5.208635153343000e-02 5.947301431972608e+04 5.947301431972608e+04 0.000000000000000e+00 0.000000000000000e+00 0.000000000000000e+00 5.577688397718433e+04 0.000000000000000e+00 0.000000000000000e+00 0.000000000000000e+00 5.507525559050049e+04 5.507525559050049e+04 0.000000000000000e+00
5.250191695098000e-02 5.903317098036895e+04 5.903317098036895e+04 0.000000000000000e+00 0.000000000000000e+00 0.000000000000000e+00 5.539825158584925e+04 0.000000000000000e+00 0.000000000000000e+00 0.000000000000000e+00 5.469068414180831e+04 5.469068414180831e+04 0.000000000000000e+00
5.292606939857000e-02 5.859201814788219e+04 5.859201814788219e+04 0.000000000000000e+00 0.000000000000000e+00 0.000000000000000e+00 5.501958984492597e+04 0.000000000000000e+00 0.000000000000000e+00 0.000000000000000e+00 5.430744781868753e+04 5.430744781868753e+04 0.000000000000000e+00
5.335920531693000e-02 5.814944713899662e+04 5.814944713899662e+04 0.000000000000000e+00 0.000000000000000e+00 0.000000000000000e+00 5.464080337272317e+04 0.000000000000000e+00 0.000000000000000e+00 0.000000000000000e+00 5.392226347002989e+04 5.392226347002989e+04 0.000000000000000e+00
5.380174595024000e-02 5.770517910976271e+04 5.770517910976271e+04 0.000000000000000e+00 0.000000000000000e+00 0.000000000000000e+00 5.426155078366616e+04 0.000000000000000e+00 0.000000000000000e+00 0.000000000000000e+00 5.353656775921569e+04 5.353656775921569e+04 0.000000000000000e+00
5.425413927816000e-02 5.725909594380961e+04 5.725909594380961e+04 0.000000000000000e+00 0.000000000000000e+00 0.000000000000000e+00 5.388168687587232e+04 0.000000000000000e+00 0.000000000000000e+00 0.000000000000000e+00 5.315018523597813e+04 5.315018523597813e+04 0.000000000000000e+00
5.471686212777000e-02 5.681105205978933e+04 5.681105205978933e+04 0.000000000000000e+00 0.000000000000000e+00 0.000000000000000e+00 5.350102672474764e+04 0.000000000000000e+00 0.000000000000000e+00 0.000000000000000e+00 5.276292676695526e+04 5.276292676695526e+04 0.000000000000000e+00
5.519042248431000e-02 5.636084766963129e+04 5.636084766963129e+04 0.000000000000000e+00 0.000000000000000e+00 0.000000000000000e+00 5.311931129195984e+04 0.000000000000000e+00 0.000000000000000e+00 0.000000000000000e+00 5.237454779683548e+04 5.237454779683548e+04 0.000000000000000e+00
5.567536202192000e-02 5.590826168601135e+04 5.590826168601135e+04 0.000000000000000e+00 0.000000000000000e+00 0.000000000000000e+00 5.273628508998461e+04 0.000000000000000e+00 0.000000000000000e+00 0.000000000000000e+00 5.198481181671759e+04 5.198481181671759e+04 0.000000000000000e+00
5.617225887790000e-02 5.545324748341677e+04 5.545324748341677e+04 0.000000000000000e+00 0.000000000000000e+00 0.000000000000000e+00 5.235181800228807e+04 0.000000000000000e+00 0.000000000000000e+00 0.000000000000000e+00 5.160154992221415e+04 5.160154992221415e+04 0.000000000000000e+00
5.668173069663000e-02 5.499550348742017e+04 5.499550348742017e+04 0.000000000000000e+00 0.000000000000000e+00 0.000000000000000e+00 5.196553248501051e+04 0.000000000000000e+00 0.000000000000000e+00 0.000000000000000e+00 5.120774224305205e+04 5.120774224305205e+04 0.000000000000000e+00
5.720443797238000e-02 5.453450362961522e+04 5.453450362961522e+04 0.000000000000000e+00 0.000000000000000e+00 0.000000000000000e+00 5.157679073361061e+04 0.000000000000000e+00 0.000000000000000e+00 0.000000000000000e+00 5.081183484953994e+04 5.081183484953994e+04 0.000000000000000e+00
5.774108772338000e-02 5.407003948159722e+04 5.407003948159722e+04 0.000000000000000e+00 0.000000000000000e+00 0.000000000000000e+00 5.118527972442166e+04 0.000000000000000e+00 0.000000000000000e+00 0.000000000000000e+00 5.041334283393701e+04 5.041334283393701e+04 0.000000000000000e+00
5.829243753323000e-02 5.360187919758234e+04 5.360187919758234e+04 0.000000000000000e+00 0.000000000000000e+00 0.000000000000000e+00 5.079069311478380e+04 0.000000000000000e+00 0.000000000000000e+00 0.000000000000000e+00 5.001191536311559e+04 5.001191536311559e+04 0.000000000000000e+00
5.885929999957000e-02 5.312960568624267e+04 5.312960568624267e+04 0.000000000000000e+00 0.000000000000000e+00 0.000000000000000e+00 5.039245418334383e+04 0.000000000000000e+00 0.000000000000000e+00 0.000000000000000e+00 4.960702595582094e+04 4.960702595582094e+04 0.000000000000000e+00
5.944254763445000e-02 5.265285476101366e+04 5.265285476101366e+04 0.000000000000000e+00 0.000000000000000e+00 0.000000000000000e+00 4.998999170073016e+04 0.000000000000000e+00 0.000000000000000e+00 0.000000000000000e+00 4.919816810027521e+04 4.919816810027521e+04 0.000000000000000e+00
6.004311826506000e-02 5.217124413889625e+04 5.217124413889625e+04 0.000000000000000e+00 0.000000000000000e+00 0.000000000000000e+00 4.958283032338937e+04 0.000000000000000e+00 0.000000000000000e+00 0.000000000000000e+00 4.878492061005195e+04 4.878492061005195e+04 0.000000000000000e+00
6.066202098906000e-02 5.168424536685488e+04 5.168424536685488e+04 0.000000000000000e+00 0.000000000000000e+00 0.000000000000000e+00 4.917015344419736e+04 0.000000000000000e+00 0.000000000000000e+00 0.000000000000000e+00 4.836656385757252e+04 4.836656385757252e+04 0.000000000000000e+00
6.130034274330000e-02 5.119134005285727e+04 5.119134005285727e+04 0.000000000000000e+00 0.000000000000000e+00 0.000000000000000e+00 4.875131814942168e+04 0.000000000000000e+00 0.000000000000000e+00 0.000000000000000e+00 4.794246532522516e+04 4.794246532522516e+04 0.000000000000000e+00
6.195925555050000e-02 5.069194351050796e+04 5.069194351050796e+04 0.000000000000000e+00 0.000000000000000e+00 0.000000000000000e+00 4.832540710566086e+04 0.000000000000000e+00 0.000000000000000e+00 0.000000000000000e+00 4.751186785689400e+04 4.751186785689400e+04 0.000000000000000e+00
6.264002451389999e-02 5.018552917779276e+04 5.018552917779276e+04 0.000000000000000e+00 0.000000000000000e+00 0.000000000000000e+00 4.789164230287326e+04 0.000000000000000e+00 0.000000000000000e+00 0.000000000000000e+00 4.707404341512917e+04 4.707404341512917e+04 0.000000000000000e+00
6.334401663446999e-02 4.967130559907025e+04 4.967130559907025e+04 0.000000000000000e+00 0.000000000000000e+00 0.000000000000000e+00 4.744891168327121e+04 0.000000000000000e+00 0.000000000000000e+00 0.000000000000000e+00 4.662799083790925e+04 4.662799083790925e+04 0.000000000000000e+00
6.407271053060000e-02 4.914858762928619e+04 4.914858762928619e+04 0.000000000000000e+00 0.000000000000000e+00 0.000000000000000e+00 4.699618728509235e+04 0.000000000000000e+00 0.000000000000000e+00 0.000000000000000e+00 4.617279588218685e+04 4.617279588218685e+04 0.000000000000000e+00
6.482770714291000e-02 4.861648231635934e+04 4.861648231635934e+04 0.000000000000000e+00 0.000000000000000e+00 0.000000000000000e+00 4.653216804049296e+04 0.000000000000000e+00 0.000000000000000e+00 0.000000000000000e+00 4.570727016771708e+04 4.570727016771708e+04 0.000000000000000e+00
6.561074150913000e-02 4.807410104397684e+04 4.807410104397684e+04 0.000000000000000e+00 0.000000000000000e+00 0.000000000000000e+00 4.605556897597083e+04 0.000000000000000e+00 0.000000000000000e+00 0.000000000000000e+00 4.523026746511493e+04 4.523026746511493e+04 0.000000000000000e+00
6.642369569249000e-02 4.752046940597204e+04 4.752046940597204e+04 0.000000000000000e+00 0.000000000000000e+00 0.000000000000000e+00 4.556492026452790e+04 0.000000000000000e+00 0.000000000000000e+00 0.000000000000000e+00 4.474045454594062e+04 4.474045454594062e+04 0.000000000000000e+00
6.726861294229999e-02 4.695449743361857e+04 4.695449743361857e+04 0.000000000000000e+00 0.000000000000000e+00 0.000000000000000e+00 4.505864433853472e+04 0.000000000000000e+00 0.000000000000000e+00 0.000000000000000e+00 4.423640809759863e+04 4.423640809759863e+04 0.000000000000000e+00
6.814771315451000e-02 4.637495563407971e+04 4.637495563407971e+04 0.000000000000000e+00 0.000000000000000e+00 0.000000000000000e+00 4.453497349127198e+04 0.000000000000000e+00 0.000000000000000e+00 0.000000000000000e+00 4.371651899842585e+04 4.371651899842585e+04 0.000000000000000e+00
6.906340968088000e-02 4.578058283320333e+04 4.578058283320333e+04 0.000000000000000e+00 0.000000000000000e+00 0.000000000000000e+00 4.399208160458805e+04 0.000000000000000e+00 0.000000000000000e+00 0.000000000000000e+00 4.317912814700986e+04 4.317912814700986e+04 0.000000000000000e+00
7.001832750548000e-02 4.517001336588735e+04 4.517001336588735e+04 0.000000000000000e+00 0.000000000000000e+00 0.000000000000000e+00 4.342792772677350e+04 0.000000000000000e+00 0.000000000000000e+00 0.000000000000000e+00 4.262238926916554e+04 4.262238926916554e+04 0.000000000000000e+00
7.101532276200000e-02 4.454175406943289e+04 4.454175406943289e+04 0.000000000000000e+00 0.000000000000000e+00 0.000000000000000e+00 4.284043503097726e+04 0.000000000000000e+00 0.000000000000000e+00 0.000000000000000e+00 4.204438783388288e+04 4.204438783388288e+04 0.000000000000000e+00
7.205750349991000e-02 4.389423417629196e+04 4.389423417629196e+04 0.000000000000000e+00 0.000000000000000e+00 0.000000000000000e+00 4.222736372133822e+04 0.000000000000000e+00 0.000000000000000e+00 0.000000000000000e+00 4.144307350127231e+04 4.144307350127231e+04 0.000000000000000e+00
7.314825151623000e-02 4.322581444503450e+04 4.322581444503450e+04 0.000000000000000e+00 0.000000000000000e+00 0.000000000000000e+00 4.158643319685067e+04 0.000000000000000e+00 0.000000000000000e+00 0.000000000000000e+00 4.081633551739182e+04 4.081633551739182e+04 0.000000000000000e+00
7.429124494463001e-02 4.253481077131147e+04 4.253481077131147e+04 0.000000000000000e+00 0.000000000000000e+00 0.000000000000000e+00 4.091534812397705e+04 0.000000000000000e+00 0.000000000000000e+00 0.000000000000000e+00 4.016203501621888e+04 4.016203501621888e+04 0.000000000000000e+00
7.549048112662000e-02 4.181950771231981e+04 4.181950771231981e+04 0.000000000000000e+00 0.000000000000000e+00 0.000000000000000e+00 4.021183125978307e+04 0.000000000000000e+00 0.000000000000000e+00 0.000000000000000e+00 3.947803065061751e+04 3.947803065061751e+04 0.000000000000000e+00
7.675029907168000e-02 4.107823763957887e+04 4.107823763957887e+04 0.000000000000000e+00 0.000000000000000e+00 0.000000000000000e+00 3.947377109077605e+04 0.000000000000000e+00 0.000000000000000e+00 0.000000000000000e+00 3.876230375797505e+04 3.876230375797505e+04 0.000000000000000e+00
7.807540053540001e-02 4.030943741323946e+04 4.030943741323946e+04 0.000000000000000e+00 0.000000000000000e+00 0.000000000000000e+00 3.869930669130333e+04 0.000000000000000e+00 0.000000000000000e+00 0.000000000000000e+00 3.801303375994579e+04 3.801303375994579e+04 0.000000000000000e+00
7.947086840108000e-02 3.951173658549431e+04 3.951173658549431e+04 0.000000000000000e+00 0.000000000000000e+00 0.000000000000000e+00 3.788700183213561e+04 0.000000000000000e+00 0.000000000000000e+00 0.000000000000000e+00 3.722875066468285e+04 3.722875066468285e+04 0.000000000000000e+00
8.094218063836001e-02 3.868407923439088e+04 3.868407923439088e+04 0.000000000000000e+00 0.000000000000000e+00 0.000000000000000e+00 3.703602860864509e+04 0.000000000000000e+00 0.000000000000000e+00 0.000000000000000e+00 3.640849712530340e+04 3.640849712530340e+04 0.000000000000000e+00
8.249521764180000e-02 3.782587183093017e+04 3.782587183093017e+04 0.000000000000000e+00 0.000000000000000e+00 0.000000000000000e+00 3.614641581472989e+04 0.000000000000000e+00 0.000000000000000e+00 0.000000000000000e+00 3.555205406303533e+04 3.555205406303533e+04 0.000000000000000e+00
8.413626024739999e-02 3.693716675326211e+04 3.693716675326211e+04 0.000000000000000e+00 0.000000000000000e+00 0.000000000000000e+00 3.521933650413084e+04 0.000000000000000e+00 0.000000000000000e+00 0.000000000000000e+00 3.466019572151794e+04 3.466019572151794e+04 0.000000000000000e+00
8.587197523451000e-02 3.601886341215534e+04 3.601886341215534e+04 0.000000000000000e+00 0.000000000000000e+00 0.000000000000000e+00 3.425741270054570e+04 0.000000000000000e+00 0.000000000000000e+00 0.000000000000000e+00 3.373497242260777e+04 3.373497242260777e+04 0.000000000000000e+00
8.770938472990999e-02 3.507292228555473e+04 3.507292228555473e+04 0.000000000000000e+00 0.000000000000000e+00 0.000000000000000e+00 3.326501302227969e+04 0.000000000000000e+00 0.000000000000000e+00 0.000000000000000e+00 3.277999324070226e+04 3.277999324070226e+04 0.000000000000000e+00
8.965581576547001e-02 3.410260600167096e+04 3.410260600167096e+04 0.000000000000000e+00 0.000000000000000e+00 0.000000000000000e+00 3.224857138950185e+04 0.000000000000000e+00 0.000000000000000e+00 0.000000000000000e+00 3.180072011193006e+04 3.180072011193006e+04 0.000000000000000e+00
9.171882647442001e-02 3.311264336092104e+04 3.311264336092104e+04 0.000000000000000e+00 0.000000000000000e+00 0.000000000000000e+00 3.121675850758700e+04 0.000000000000000e+00 0.000000000000000e+00 0.000000000000000e+00 3.080464847858599e+04 3.080464847858599e+04 0.000000000000000e+00
9.390610625102000e-02 3.210934159850914e+04 3.210934159850914e+04 0.000000000000000e+00 0.000000000000000e+00 0.000000000000000e+00 3.018052259946581e+04 0.000000000000000e+00 0.000000000000000e+00 0.000000000000000e+00 2.980138617534931e+04 2.980138617534931e+04 0.000000000000000e+00
9.622534885925001e-02 3.110056931893092e+04 3.110056931893092e+04 0.000000000000000e+00 0.000000000000000e+00 0.000000000000000e+00 2.915285776953521e+04 0.000000000000000e+00 0.000000000000000e+00 0.000000000000000e+00 2.880245967858258e+04 2.880245967858258e+04 0.000000000000000e+00
9.868410011115999e-02 3.009544623847544e+04 3.009544623847544e+04 0.000000000000000e+00 0.000000000000000e+00 0.000000000000000e+00 2.814814236583406e+04 0.000000000000000e+00 0.000000000000000e+00 0.000000000000000e+00 2.782079502878226e+04 2.782079502878226e+04 0.000000000000000e+00
1.012895853514000e-01 2.910388252692797e+04 2.910388252692797e+04 0.000000000000000e+00 0.000000000000000e+00 0.000000000000000e+00 2.718114987241875e+04 0.000000000000000e+00 0.000000000000000e+00 0.000000000000000e+00 2.686986672385532e+04 2.686986672385532e+04 0.000000000000000e+00
1.040485263225000e-01 2.813562038368605e+04 2.813562038368605e+04 0.000000000000000e+00 0.000000000000000e+00 0.000000000000000e+00 2.626527964219203e+04 0.000000000000000e+00 0.000000000000000e+00 0.000000000000000e+00 2.596216456422146e+04 2.596216456422146e+04 0.000000000000000e+00
1.069669614389000e-01 2.719918139955352e+04 2.719918139955352e+04 0.000000000000000e+00 0.000000000000000e+00 0.000000000000000e+00 2.541072693164344e+04 0.000000000000000e+00 0.000000000000000e+00 0.000000000000000e+00 2.510758051915649e+04 2.510758051915649e+04 0.000000000000000e+00
1.100500871104000e-01 2.630046885087397e+04 2.630046885087397e+04 0.000000000000000e+00 0.000000000000000e+00 0.000000000000000e+00 2.462219375949884e+04 0.000000000000000e+00 0.000000000000000e+00 0.000000000000000e+00 2.431136941750691e+04 2.431136941750691e+04 0.000000000000000e+00
1.133021393624000e-01 2.544144548351943e+04 2.544144548351943e+04 0.000000000000000e+00 0.000000000000000e+00 0.000000000000000e+00 2.389690439837006e+04 0.000000000000000e+00 0.000000000000000e+00 0.000000000000000e+00 2.357230935506910e+04 2.357230935506910e+04 0.000000000000000e+00
1.167263335671000e-01 2.461906095350581e+04 2.461906095350581e+04 0.000000000000000e+00 0.000000000000000e+00 0.000000000000000e+00 2.322327084713896e+04 0.000000000000000e+00 0.000000000000000e+00 0.000000000000000e+00 2.288140481281369e+04 2.288140481281369e+04 0.000000000000000e+00
1.203248751422000e-01 2.382494434800198e+04 2.382494434800198e+04 0.000000000000000e+00 0.000000000000000e+00 0.000000000000000e+00 2.258107497806120e+04 0.000000000000000e+00 0.000000000000000e+00 0.000000000000000e+00 2.222188452963507e+04 2.222188452963507e+04 0.000000000000000e+00
1.240990460248000e-01 2.304611383467502e+04 2.304611383467502e+04 0.000000000000000e+00 0.000000000000000e+00 0.000000000000000e+00 2.194345110663922e+04 0.000000000000000e+00 0.000000000000000e+00 0.000000000000000e+00 2.157077318264249e+04 2.157077318264249e+04 0.000000000000000e+00
1.280493620187000e-01 2.226698654797158e+04 2.226698654797158e+04 0.000000000000000e+00 0.000000000000000e+00 0.000000000000000e+00 2.128099369270606e+04 0.000000000000000e+00 0.000000000000000e+00 0.000000000000000e+00 2.090238458735415e+04 2.090238458735415e+04 0.000000000000000e+00
1.321757868360000e-01 2.147265071847536e+04 2.147265071847536e+04 0.000000000000000e+00 0.000000000000000e+00 0.000000000000000e+00 2.056769216028606e+04 0.000000000000000e+00 0.000000000000000e+00 0.000000000000000e+00 2.019351404216206e+04 2.019351404216206e+04 0.000000000000000e+00
1.364779818753000e-01 2.065267437873523e+04 2.065267437873523e+04 0.000000000000000e+00 0.000000000000000e+00 0.000000000000000e+00 1.978740908707948e+04 0.000000000000000e+00 0.000000000000000e+00 0.000000000000000e+00 1.942918736296504e+04 1.942918736296504e+04 0.000000000000000e+00
1.409555678715000e-01 1.980458681822765e+04 1.980458681822765e+04 0.000000000000000e+00 0.000000000000000e+00 0.000000000000000e+00 1.893933311168118e+04 0.000000000000000e+00 0.000000000000000e+00 0.000000000000000e+00 1.860760374004556e+04 1.860760374004556e+04 0.000000000000000e+00
1.456083757096000e-01 1.893581571653560e+04 1.893581571653560e+04 0.000000000000000e+00 0.000000000000000e+00 0.000000000000000e+00 1.804046437614104e+04 0.000000000000000e+00 0.000000000000000e+00 0.000000000000000e+00 1.774256102219370e+04 1.774256102219370e+04 0.000000000000000e+00
1.504366680565000e-01 1.806331936522442e+04 1.806331936522442e+04 0.000000000000000e+00 0.000000000000000e+00 0.000000000000000e+00 1.712389664241685e+04 0.000000000000000e+00 0.000000000000000e+00 0.000000000000000e+00 1.686220577251618e+04 1.686220577251618e+04 0.000000000000000e+00
1.554413195010000e-01 1.721065045013216e+04 1.721065045013216e+04 0.000000000000000e+00 0.000000000000000e+00 0.000000000000000e+00 1.623259384218153e+04 0.000000000000000e+00 0.000000000000000e+00 0.000000000000000e+00 1.600378756704416e+04 1.600378756704416e+04 0.000000000000000e+00
1.606239490216000e-01 1.640298502073387e+04 1.640298502073387e+04 0.000000000000000e+00 0.000000000000000e+00 0.000000000000000e+00 1.540977373333593e+04 0.000000000000000e+00 0.000000000000000e+00 0.000000000000000e+00 1.520556458661545e+04 1.520556458661545e+04 0.000000000000000e+00
1.659870036286000e-01 1.565988250053014e+04 1.565988250053014e+04 0.000000000000000e+00 0.000000000000000e+00 0.000000000000000e+00 1.468682338742802e+04 0.000000000000000e+00 0.000000000000000e+00 0.000000000000000e+00 1.449587400207137e+04 1.449587400207137e+04 0.000000000000000e+00
1.715337953308000e-01 1.499019408672488e+04 1.499019408672488e+04 0.000000000000000e+00 0.000000000000000e+00 0.000000000000000e+00 1.407449948963392e+04 0.000000000000000e+00 0.000000000000000e+00 0.000000000000000e+00 1.388538552637444e+04 1.388538552637444e+04 0.000000000000000e+00
1.772684950820000e-01 1.438812175197378e+04 1.438812175197378e+04 0.000000000000000e+00 0.000000000000000e+00 0.000000000000000e+00 1.355799871533293e+04 0.000000000000000e+00 0.000000000000000e+00 0.000000000000000e+00 1.336232373678414e+04 1.336232373678414e+04 0.000000000000000e+00
1.831960873340000e-01 1.383507571612869e+04 1.383507571612869e+04 0.000000000000000e+00 0.000000000000000e+00 0.000000000000000e+00 1.310109466872740e+04 0.000000000000000e+00 0.000000000000000e+00 0.000000000000000e+00 1.289598977267335e+04 1.289598977267335e+04 0.000000000000000e+00
1.893222877056000e-01 1.330735973608315e+04 1.330735973608315e+04 0.000000000000000e+00 0.000000000000000e+00 0.000000000000000e+00 1.265941443080867e+04 0.000000000000000e+00 0.000000000000000e+00 0.000000000000000e+00 1.244789634981689e+04 1.244789634981689e+04 0.000000000000000e+00
1.956534245308000e-01 1.277550674848305e+04 1.277550674848305e+04 0.000000000000000e+00 0.000000000000000e+00 0.000000000000000e+00 1.218620752062084e+04 0.000000000000000e+00 0.000000000000000e+00 0.000000000000000e+00 1.197606503680844e+04 1.197606503680844e+04 0.000000000000000e+00
2.021962830753000e-01 1.222334473859247e+04 1.222334473859247e+04 0.000000000000000e+00 0.000000000000000e+00 0.000000000000000e+00 1.165826296512730e+04 0.000000000000000e+00 0.000000000000000e+00 0.000000000000000e+00 1.145887211683079e+04 1.145887211683079e+04 0.000000000000000e+00
2.089579093635000e-01 1.165349774518778e+04 1.165349774518778e+04 0.000000000000000e+00 0.000000000000000e+00 0.000000000000000e+00 1.108398803407677e+04 0.000000000000000e+00 0.000000000000000e+00 0.000000000000000e+00 1.090270665797195e+04 1.090270665797195e+04 0.000000000000000e+00
2.159453691496000e-01 1.108483591783136e+04 1.108483591783136e+04 0.000000000000000e+00 0.000000000000000e+00 0.000000000000000e+00 1.049856381210731e+04 0.000000000000000e+00 0.000000000000000e+00 0.000000000000000e+00 1.033767215450485e+04 1.033767215450485e+04 0.000000000000000e+00
2.231654569115000e-01 1.054076309636612e+04 1.054076309636612e+04 0.000000000000000e+00 0.000000000000000e+00 0.000000000000000e+00 9.945270606426517e+03 0.000000000000000e+00 0.000000000000000e+00 0.000000000000000e+00 9.801397079885326e+03 9.801397079885326e+03 0.000000000000000e+00
2.306243502222000e-01 1.004047701775979e+04 1.004047701775979e+04 0.000000000000000e+00 0.000000000000000e+00 0.000000000000000e+00 9.457851637872587e+03 0.000000000000000e+00 0.000000000000000e+00 0.000000000000000e+00 9.323709556439433e+03 9.323709556439433e+03 0.000000000000000e+00
2.383272068758000e-01 9.592501297965791e+03 9.592501297965791e+03 0.000000000000000e+00 0.000000000000000e+00 0.000000000000000e+00 9.047344770080113e+03 0.000000000000000e+00 0.000000000000000e+00 0.000000000000000e+00 8.915228684481837e+03 8.915228684481837e+03 0.000000000000000e+00
2.462777061817000e-01 9.189072995936631e+03 9.189072995936631e+03 0.000000000000000e+00 0.000000000000000e+00 0.000000000000000e+00 8.695603611278289e+03 0.000000000000000e+00 0.000000000000000e+00 0.000000000000000e+00 8.561278364248870e+03 8.561278364248870e+03 0.000000000000000e+00
2.544775422960000e-01 8.807925170479219e+03 8.807925170479219e+03 0.000000000000000e+00 0.000000000000000e+00 0.000000000000000e+00 8.363114919196407e+03 0.000000000000000e+00 0.000000000000000e+00 0.000000000000000e+00 8.227408866113332e+03 8.227408866113332e+03 0.000000000000000e+00
2.629258865103000e-01 8.427788488494622e+03 8.427788488494622e+03 0.000000000000000e+00 0.000000000000000e+00 0.000000000000000e+00 8.014420685493695e+03 0.000000000000000e+00 0.000000000000000e+00 0.000000000000000e+00 7.882049451181329e+03 7.882049451181329e+03 0.000000000000000e+00
2.716188467622000e-01 8.040172142094365e+03 8.040172142094365e+03 0.000000000000000e+00 0.000000000000000e+00 0.000000000000000e+00 7.638001013553703e+03 0.000000000000000e+00 0.000000000000000e+00 0.000000000000000e+00 7.514284439202200e+03 7.514284439202200e+03 0.000000000000000e+00
2.805489651879000e-01 7.651976960568946e+03 7.651976960568946e+03 0.000000000000000e+00 0.000000000000000e+00 0.000000000000000e+00 7.249830596957746e+03 0.000000000000000e+00 0.000000000000000e+00 0.000000000000000e+00 7.137153333765470e+03 7.137153333765470e+03 0.000000000000000e+00
2.897048061663000e-01 7.282161044190261e+03 7.282161044190261e+03 0.000000000000000e+00 0.000000000000000e+00 0.000000000000000e+00 6.883045063323025e+03 0.000000000000000e+00 0.000000000000000e+00 0.000000000000000e+00 6.779679266922646e+03 6.779679266922646e+03 0.000000000000000e+00
2.990706948585000e-01 6.946118670295819e+03 6.946118670295819e+03 0.000000000000000e+00 0.000000000000000e+00 0.000000000000000e+00 6.562235907785890e+03 0.000000000000000e+00 0.000000000000000e+00 0.000000000000000e+00 6.463999670974859e+03 6.463999670974859e+03 0.000000000000000e+00
3.086266659422000e-01 6.643674864427064e+03 6.643674864427064e+03 0.000000000000000e+00 0.000000000000000e+00 0.000000000000000e+00 6.285807096761606e+03 0.000000000000000e+00 0.000000000000000e+00 0.000000000000000e+00 6.189176390377514e+03 6.189176390377514e+03 0.000000000000000e+00
3.183486707767000e-01 6.364257537507636e+03 6.364257537507636e+03 0.000000000000000e+00 0.000000000000000e+00 0.000000000000000e+00 6.033851321458309e+03 0.000000000000000e+00 0.000000000000000e+00 0.000000000000000e+00 5.938142091062452e+03 5.938142091062452e+03 0.000000000000000e+00
3.282090672128000e-01 6.094706387439145e+03 6.094706387439145e+03 0.000000000000000e+00 0.000000000000000e+00 0.000000000000000e+00 5.784201271120261e+03 0.000000000000000e+00 0.000000000000000e+00 0.000000000000000e+00 5.691270616475336e+03 5.691270616475336e+03 0.000000000000000e+00
3.381773817103000e-01 5.829252009964063e+03 5.829252009964063e+03 0.000000000000000e+00 0.000000000000000e+00 0.000000000000000e+00 5.529041712234620e+03 0.000000000000000e+00 0.000000000000000e+00 0.000000000000000e+00 5.441168704016596e+03 5.441168704016596e+03 0.000000000000000e+00
3.482212942677000e-01 5.573232616681588e+03 5.573232616681588e+03 0.000000000000000e+00 0.000000000000000e+00 0.000000000000000e+00 5.278658871526300e+03 0.000000000000000e+00 0.000000000000000e+00 0.000000000000000e+00 5.196589792921689e+03 5.196589792921689e+03 0.000000000000000e+00
3.583077617166000e-01 5.334337314249051e+03 5.334337314249051e+03 0.000000000000000e+00 0.000000000000000e+00 0.000000000000000e+00 5.047298677618193e+03 0.000000000000000e+00 0.000000000000000e+00 0.000000000000000e+00 4.969900954674784e+03 4.969900954674784e+03 0.000000000000000e+00
3.684041731459000e-01 5.117224771806665e+03 5.117224771806665e+03 0.000000000000000e+00 0.000000000000000e+00 0.000000000000000e+00 4.842389070041628e+03 0.000000000000000e+00 0.000000000000000e+00 0.000000000000000e+00 4.767849281897958e+03 4.767849281897958e+03 0.000000000000000e+00
3.784794284456000e-01 4.919523555509105e+03 4.919523555509105e+03 0.000000000000000e+00 0.000000000000000e+00 0.000000000000000e+00 4.659477312990051e+03 0.000000000000000e+00 0.000000000000000e+00 0.000000000000000e+00 4.586692415474548e+03 4.586692415474548e+03 0.000000000000000e+00
3.885048475953000e-01 4.734861229921074e+03 4.734861229921074e+03 0.000000000000000e+00 0.000000000000000e+00 0.000000000000000e+00 4.488249692668170e+03 0.000000000000000e+00 0.000000000000000e+00 0.000000000000000e+00 4.417287827062136e+03 4.417287827062136e+03 0.000000000000000e+00
3.984548492471000e-01 4.559629826253505e+03 4.559629826253505e+03 0.000000000000000e+00 0.000000000000000e+00 0.000000000000000e+00 4.322833414986814e+03 0.000000000000000e+00 0.000000000000000e+00 0.000000000000000e+00 4.254397661590949e+03 4.254397661590949e+03 0.000000000000000e+00
4.083073739244000e-01 4.392907934326498e+03 4.392907934326498e+03 0.000000000000000e+00 0.000000000000000e+00 0.000000000000000e+00 4.162888824873513e+03 0.000000000000000e+00 0.000000000000000e+00 0.000000000000000e+00 4.097479012244458e+03 4.097479012244458e+03 0.000000000000000e+00
4.180440611703000e-01 4.236269107309118e+03 4.236269107309118e+03 0.000000000000000e+00 0.000000000000000e+00 0.000000000000000e+00 4.012098209149032e+03 0.000000000000000e+00 0.000000000000000e+00 0.000000000000000e+00 3.949606155837374e+03 3.949606155837374e+03 0.000000000000000e+00
4.276502151692000e-01 4.091181428937150e+03 4.091181428937150e+03 0.000000000000000e+00 0.000000000000000e+00 0.000000000000000e+00 3.873614134230190e+03 0.000000000000000e+00 0.000000000000000e+00 0.000000000000000e+00 3.813485111325208e+03 3.813485111325208e+03 0.000000000000000e+00
4.371146073270000e-01 3.957210765429818e+03 3.957210765429818e+03 0.000000000000000e+00 0.000000000000000e+00 0.000000000000000e+00 3.747288615043637e+03 0.000000000000000e+00 0.000000000000000e+00 0.000000000000000e+00 3.688935716822844e+03 3.688935716822844e+03 0.000000000000000e+00
4.464291678206000e-01 3.833384353128963e+03 3.833384353128963e+03 0.000000000000000e+00 0.000000000000000e+00 0.000000000000000e+00 3.631352479759694e+03 0.000000000000000e+00 0.000000000000000e+00 0.000000000000000e+00 3.574464877279424e+03 3.574464877279424e+03 0.000000000000000e+00
4.555886139734000e-01 3.717827524542544e+03 3.717827524542544e+03 0.000000000000000e+00 0.000000000000000e+00 0.000000000000000e+00 3.522954654803362e+03 0.000000000000000e+00 0.000000000000000e+00 0.000000000000000e+00 3.467524237190354e+03 3.467524237190354e+03 0.000000000000000e+00
4.645900547494000e-01 3.608786576772138e+03 3.608786576772138e+03 0.000000000000000e+00 0.000000000000000e+00 0.000000000000000e+00 3.419871854320546e+03 0.000000000000000e+00 0.000000000000000e+00 0.000000000000000e+00 3.366029813586156e+03 3.366029813586156e+03 0.000000000000000e+00
4.734326005541000e-01 3.505700271231427e+03 3.505700271231427e+03 0.000000000000000e+00 0.000000000000000e+00 0.000000000000000e+00 3.321707950594025e+03 0.000000000000000e+00 0.000000000000000e+00 0.000000000000000e+00 3.269542621909624e+03 3.269542621909624e+03 0.000000000000000e+00
4.821169978521000e-01 3.408305402875182e+03 3.408305402875182e+03 0.000000000000000e+00 0.000000000000000e+00 0.000000000000000e+00 3.228708886634132e+03 0.000000000000000e+00 0.000000000000000e+00 0.000000000000000e+00 3.178170581247755e+03 3.178170581247755e+03 0.000000000000000e+00
4.906452999725000e-01 3.316701237592875e+03 3.316701237592875e+03 0.000000000000000e+00 0.000000000000000e+00 0.000000000000000e+00 3.141439609218452e+03 0.000000000000000e+00 0.000000000000000e+00 0.000000000000000e+00 3.092362041159244e+03 3.092362041159244e+03 0.000000000000000e+00
4.990205792407000e-01 3.231057113212275e+03 3.231057113212275e+03 0.000000000000000e+00 0.000000000000000e+00 0.000000000000000e+00 3.060265325343329e+03 0.000000000000000e+00 0.000000000000000e+00 0.000000000000000e+00 3.012449523897083e+03 3.012449523897083e+03 0.000000000000000e+00
5.072466812059000e-01 3.150812247853371e+03 3.150812247853371e+03 0.000000000000000e+00 0.000000000000000e+00 0.000000000000000e+00 2.984548821844027e+03 0.000000000000000e+00 0.000000000000000e+00 0.000000000000000e+00 2.937836076426096e+03 2.937836076426096e+03 0.000000000000000e+00
5.153280189309000e-01 3.075184728200040e+03 3.075184728200040e+03 0.000000000000000e+00 0.000000000000000e+00 0.000000000000000e+00 2.913299642832736e+03 0.000000000000000e+00 0.000000000000000e+00 0.000000000000000e+00 2.867604878750993e+03 2.867604878750993e+03 0.000000000000000e+00
5.232694037178000e-01 3.003636015623135e+03 3.003636015623135e+03 0.000000000000000e+00 0.000000000000000e+00 0.000000000000000e+00 2.845795877281033e+03 0.000000000000000e+00 0.000000000000000e+00 0.000000000000000e+00 2.801097437794225e+03 2.801097437794225e+03 0.000000000000000e+00
5.310759079107999e-01 2.935608240661400e+03 2.935608240661400e+03 0.000000000000000e+00 0.000000000000000e+00 0.000000000000000e+00 2.781411340347879e+03 0.000000000000000e+00 0.000000000000000e+00 0.000000000000000e+00 2.737713169749685e+03 2.737713169749685e+03 0.000000000000000e+00
5.387527552601999e-01 2.870739807042619e+03 2.870739807042619e+03 0.000000000000000e+00 0.000000000000000e+00 0.000000000000000e+00 2.719833800784137e+03 0.000000000000000e+00 0.000000000000000e+00 0.000000000000000e+00 2.677130916743679e+03 2.677130916743679e+03 0.000000000000000e+00
5.463052345208000e-01 2.809018355097226e+03 2.809018355097226e+03 0.000000000000000e+00 0.000000000000000e+00 0.000000000000000e+00 2.661163426094677e+03 0.000000000000000e+00 0.000000000000000e+00 0.000000000000000e+00 2.619426066511257e+03 2.619426066511257e+03 0.000000000000000e+00
5.537386323439000e-01 2.750352289677599e+03 2.750352289677599e+03 0.000000000000000e+00 0.000000000000000e+00 0.000000000000000e+00 2.605420736615069e+03 0.000000000000000e+00 0.000000000000000e+00 0.000000000000000e+00 2.564594200975367e+03 2.564594200975367e+03 0.000000000000000e+00
5.610581819919001e-01 2.694479096543108e+03 2.694479096543108e+03 0.000000000000000e+00 0.000000000000000e+00 0.000000000000000e+00 2.552413478894445e+03 0.000000000000000e+00 0.000000000000000e+00 0.000000000000000e+00 2.512429788291981e+03 2.512429788291981e+03 0.000000000000000e+00
5.682690248897000e-01 2.641256171451176e+03 2.641256171451176e+03 0.000000000000000e+00 0.000000000000000e+00 0.000000000000000e+00 2.502014909272470e+03 0.000000000000000e+00 0.000000000000000e+00 0.000000000000000e+00 2.462809114192019e+03 2.462809114192019e+03 0.000000000000000e+00
5.753761824960000e-01 2.590544892116086e+03 2.590544892116086e+03 0.000000000000000e+00 0.000000000000000e+00 0.000000000000000e+00 2.454064187408515e+03 0.000000000000000e+00 0.000000000000000e+00 0.000000000000000e+00 2.415585177471616e+03 2.415585177471616e+03 0.000000000000000e+00
5.823845363955999e-01 2.542071499766630e+03 2.542071499766630e+03 0.000000000000000e+00 0.000000000000000e+00 0.000000000000000e+00 2.408249734960995e+03 0.000000000000000e+00 0.000000000000000e+00 0.000000000000000e+00 2.370462141460252e+03 2.370462141460252e+03 0.000000000000000e+00
5.892988148901001e-01 2.495586931426672e+03 2.495586931426672e+03 0.000000000000000e+00 0.000000000000000e+00 0.000000000000000e+00 2.364291336087272e+03 0.000000000000000e+00 0.000000000000000e+00 0.000000000000000e+00 2.327172819137553e+03 2.327172819137553e+03 0.000000000000000e+00
5.961235846780000e-01 2.450989635140553e+03 2.450989635140553e+03 0.000000000000000e+00 0.000000000000000e+00 0.000000000000000e+00 2.322074664353726e+03 0.000000000000000e+00 0.000000000000000e+00 0.000000000000000e+00 2.285610681706826e+03 2.285610681706826e+03 0.000000000000000e+00
6.028632464861000e-01 2.408157539288319e+03 2.408157539288319e+03 0.000000000000000e+00 0.000000000000000e+00 0.000000000000000e+00 2.281484968412838e+03 0.000000000000000e+00 0.000000000000000e+00 0.000000000000000e+00 2.245662247945938e+03 2.245662247945938e+03 0.000000000000000e+00
6.095220337354000e-01 2.366918268711691e+03 2.366918268711691e+03 0.000000000000000e+00 0.000000000000000e+00 0.000000000000000e+00 2.242372433950166e+03 0.000000000000000e+00 0.000000000000000e+00 0.000000000000000e+00 2.207173580731279e+03 2.207173580731279e+03 0.000000000000000e+00
6.161040135084001e-01 2.327178987916376e+03 2.327178987916376e+03 0.000000000000000e+00 0.000000000000000e+00 0.000000000000000e+00 2.204671187803745e+03 0.000000000000000e+00 0.000000000000000e+00 0.000000000000000e+00 2.170074009950054e+03 2.170074009950054e+03 0.000000000000000e+00
6.226130892359000e-01 2.288932693138472e+03 2.288932693138472e+03 0.000000000000000e+00 0.000000000000000e+00 0.000000000000000e+00 2.168397675067749e+03 0.000000000000000e+00 0.000000000000000e+00 0.000000000000000e+00 2.134376835441102e+03 2.134376835441102e+03 0.000000000000000e+00
6.290530046410000e-01 2.252114012637491e+03 2.252114012637491e+03 0.000000000000000e+00 0.000000000000000e+00 0.000000000000000e+00 2.133501216471406e+03 0.000000000000000e+00 0.000000000000000e+00 0.000000000000000e+00 2.100030164292770e+03 2.100030164292770e+03 0.000000000000000e+00
6.354273485760000e-01 2.216590442298044e+03 2.216590442298044e+03 0.000000000000000e+00 0.000000000000000e+00 0.000000000000000e+00 2.099854373373512e+03 0.000000000000000e+00 0.000000000000000e+00 0.000000000000000e+00 2.066907455295106e+03 2.066907455295106e+03 0.000000000000000e+00
6.417395604706000e-01 2.182276869812492e+03 2.182276869812492e+03 0.000000000000000e+00 0.000000000000000e+00 0.000000000000000e+00 2.067369348694991e+03 0.000000000000000e+00 0.000000000000000e+00 0.000000000000000e+00 2.034924174094288e+03 2.034924174094288e+03 0.000000000000000e+00
6.479929361664000e-01 2.149137208706712e+03 2.149137208706712e+03 0.000000000000000e+00 0.000000000000000e+00 0.000000000000000e+00 2.036003881958562e+03 0.000000000000000e+00 0.000000000000000e+00 0.000000000000000e+00 2.004042479223933e+03 2.004042479223933e+03 0.000000000000000e+00
6.541906339692000e-01 2.117095887782099e+03 2.117095887782099e+03 0.000000000000000e+00 0.000000000000000e+00 0.000000000000000e+00 2.005676578727395e+03 0.000000000000000e+00 0.000000000000000e+00 0.000000000000000e+00 1.974184605989604e+03 1.974184605989604e+03 0.000000000000000e+00
6.603356807878000e-01 2.086039054539352e+03 2.086039054539352e+03 0.000000000000000e+00 0.000000000000000e+00 0.000000000000000e+00 1.976270842295983e+03 0.000000000000000e+00 0.000000000000000e+00 0.000000000000000e+00 1.945236066414545e+03 1.945236066414545e+03 0.000000000000000e+00
6.664309782584000e-01 2.055899800701193e+03 2.055899800701193e+03 0.000000000000000e+00 0.000000000000000e+00 0.000000000000000e+00 1.947720945829442e+03 0.000000000000000e+00 0.000000000000000e+00 0.000000000000000e+00 1.917132312284249e+03 1.917132312284249e+03 0.000000000000000e+00
6.724793087830000e-01 2.026667776990689e+03 2.026667776990689e+03 0.000000000000000e+00 0.000000000000000e+00 0.000000000000000e+00 1.920021102497916e+03 0.000000000000000e+00 0.000000000000000e+00 0.000000000000000e+00 1.889868004431143e+03 1.889868004431143e+03 0.000000000000000e+00
6.784833414254000e-01 1.998311165798709e+03 1.998311165798709e+03 0.000000000000000e+00 0.000000000000000e+00 0.000000000000000e+00 1.893145923685974e+03 0.000000000000000e+00 0.000000000000000e+00 0.000000000000000e+00 1.863417315631594e+03 1.863417315631594e+03 0.000000000000000e+00
6.844456376272000e-01 1.970753146746403e+03 1.970753146746403e+03 0.000000000000000e+00 0.000000000000000e+00 0.000000000000000e+00 1.867025832546614e+03 0.000000000000000e+00 0.000000000000000e+00 0.000000000000000e+00 1.837709699466271e+03 1.837709699466271e+03 0.000000000000000e+00
6.903686567165001e-01 1.943944010837565e+03 1.943944010837565e+03 0.000000000000000e+00 0.000000000000000e+00 0.000000000000000e+00 1.841617019630561e+03 0.000000000000000e+00 0.000000000000000e+00 0.000000000000000e+00 1.812700690047334e+03 1.812700690047334e+03 0.000000000000000e+00
6.962547611920999e-01 1.917874215412718e+03 1.917874215412718e+03 0.000000000000000e+00 0.000000000000000e+00 0.000000000000000e+00 1.816914121283146e+03 0.000000000000000e+00 0.000000000000000e+00 0.000000000000000e+00 1.788385234075543e+03 1.788385234075543e+03 0.000000000000000e+00
7.021062217736000e-01 1.892531623711376e+03 1.892531623711376e+03 0.000000000000000e+00 0.000000000000000e+00 0.000000000000000e+00 1.792907264346724e+03 0.000000000000000e+00 0.000000000000000e+00 0.000000000000000e+00 1.764754139924826e+03 1.764754139924826e+03 0.000000000000000e+00
7.079252222123000e-01 1.867859551682430e+03 1.867859551682430e+03 0.000000000000000e+00 0.000000000000000e+00 0.000000000000000e+00 1.769540347459102e+03 0.000000000000000e+00 0.000000000000000e+00 0.000000000000000e+00 1.741752061909504e+03 1.741752061909504e+03 0.000000000000000e+00
7.137138638631000e-01 1.843799181568352e+03 1.843799181568352e+03 0.000000000000000e+00 0.000000000000000e+00 0.000000000000000e+00 1.746754246292651e+03 0.000000000000000e+00 0.000000000000000e+00 0.000000000000000e+00 1.719320739026993e+03 1.719320739026993e+03 0.000000000000000e+00
7.194741700205000e-01 1.820331685387325e+03 1.820331685387325e+03 0.000000000000000e+00 0.000000000000000e+00 0.000000000000000e+00 1.724529307299464e+03 0.000000000000000e+00 0.000000000000000e+00 0.000000000000000e+00 1.697441698093078e+03 1.697441698093078e+03 0.000000000000000e+00
7.252080900226000e-01 1.797452834677508e+03 1.797452834677508e+03 0.000000000000000e+00 0.000000000000000e+00 0.000000000000000e+00 1.702861018228376e+03 0.000000000000000e+00 0.000000000000000e+00 0.000000000000000e+00 1.676111570664138e+03 1.676111570664138e+03 0.000000000000000e+00
7.309175031327000e-01 1.775128311828235e+03 1.775128311828235e+03 0.000000000000000e+00 0.000000000000000e+00 0.000000000000000e+00 1.681715639078324e+03 0.000000000000000e+00 0.000000000000000e+00 0.000000000000000e+00 1.655297245499657e+03 1.655297245499657e+03 0.000000000000000e+00
7.366042222032000e-01 1.753310063599262e+03 1.753310063599262e+03 0.000000000000000e+00 0.000000000000000e+00 0.000000000000000e+00 1.661046278424892e+03 0.000000000000000e+00 0.000000000000000e+00 0.000000000000000e+00 1.634951894539384e+03 1.634951894539384e+03 0.000000000000000e+00
7.422699971330000e-01 1.731969582635207e+03 1.731969582635207e+03 0.000000000000000e+00 0.000000000000000e+00 0.000000000000000e+00 1.640826431730640e+03 0.000000000000000e+00 0.000000000000000e+00 0.000000000000000e+00 1.615049116149092e+03 1.615049116149092e+03 0.000000000000000e+00
7.479165181276000e-01 1.711110734793604e+03 1.711110734793604e+03 0.000000000000000e+00 0.000000000000000e+00 0.000000000000000e+00 1.621062045877908e+03 0.000000000000000e+00 0.000000000000000e+00 0.000000000000000e+00 1.595595052915917e+03 1.595595052915917e+03 0.000000000000000e+00
7.535454187690001e-01 1.690726013787219e+03 1.690726013787219e+03 0.000000000000000e+00 0.000000000000000e+00 0.000000000000000e+00 1.601747806734830e+03 0.000000000000000e+00 0.000000000000000e+00 0.000000000000000e+00 1.576584500779677e+03 1.576584500779677e+03 0.000000000000000e+00
7.591582789083000e-01 1.670780418811107e+03 1.670780418811107e+03 0.000000000000000e+00 0.000000000000000e+00 0.000000000000000e+00 1.582850555228374e+03 0.000000000000000e+00 0.000000000000000e+00 0.000000000000000e+00 1.557984184307850e+03 1.557984184307850e+03 0.000000000000000e+00
7.647566273873000e-01 1.651238898166788e+03 1.651238898166788e+03 0.000000000000000e+00 0.000000000000000e+00 0.000000000000000e+00 1.564336639310787e+03 0.000000000000000e+00 0.000000000000000e+00 0.000000000000000e+00 1.539760431039086e+03 1.539760431039086e+03 0.000000000000000e+00
7.703419446006000e-01 1.632093191594682e+03 1.632093191594682e+03 0.000000000000000e+00 0.000000000000000e+00 0.000000000000000e+00 1.546198734922520e+03 0.000000000000000e+00 0.000000000000000e+00 0.000000000000000e+00 1.521906275562824e+03 1.521906275562824e+03 0.000000000000000e+00
7.759156649053000e-01 1.613346601859134e+03 1.613346601859134e+03 0.000000000000000e+00 0.000000000000000e+00 0.000000000000000e+00 1.528440688479120e+03 0.000000000000000e+00 0.000000000000000e+00 0.000000000000000e+00 1.504426100585741e+03 1.504426100585741e+03 0.000000000000000e+00
7.814791788880000e-01 1.594983616134441e+03 1.594983616134441e+03 0.000000000000000e+00 0.000000000000000e+00 0.000000000000000e+00 1.511047198943686e+03 0.000000000000000e+00 0.000000000000000e+00 0.000000000000000e+00 1.487304950412885e+03 1.487304950412885e+03 0.000000000000000e+00
7.870338354976000e-01 1.576968171789729e+03 1.576968171789729e+03 0.000000000000000e+00 0.000000000000000e+00 0.000000000000000e+00 1.493982554575074e+03 0.000000000000000e+00 0.000000000000000e+00 0.000000000000000e+00 1.470507323520343e+03 1.470507323520343e+03 0.000000000000000e+00
7.925809440501000e-01 1.559281017777405e+03 1.559281017777405e+03 0.000000000000000e+00 0.000000000000000e+00 0.000000000000000e+00 1.477227744888757e+03 0.000000000000000e+00 0.000000000000000e+00 0.000000000000000e+00 1.454014457947102e+03 1.454014457947102e+03 0.000000000000000e+00
7.981217761149000e-01 1.541924911174125e+03 1.541924911174125e+03 0.000000000000000e+00 0.000000000000000e+00 0.000000000000000e+00 1.460785930427366e+03 0.000000000000000e+00 0.000000000000000e+00 0.000000000000000e+00 1.437829928938304e+03 1.437829928938304e+03 0.000000000000000e+00
8.036575672880000e-01 1.524899830732365e+03 1.524899830732365e+03 0.000000000000000e+00 0.000000000000000e+00 0.000000000000000e+00 1.444657705100183e+03 0.000000000000000e+00 0.000000000000000e+00 0.000000000000000e+00 1.421954639129539e+03 1.421954639129539e+03 0.000000000000000e+00
8.091895188604999e-01 1.508184256545976e+03 1.508184256545976e+03 0.000000000000000e+00 0.000000000000000e+00 0.000000000000000e+00 1.428822269118948e+03 0.000000000000000e+00 0.000000000000000e+00 0.000000000000000e+00 1.406367812593741e+03 1.406367812593741e+03 0.000000000000000e+00
8.147187993871000e-01 1.491750153611258e+03 1.491750153611258e+03 0.000000000000000e+00 0.000000000000000e+00 0.000000000000000e+00 1.413252480741614e+03 0.000000000000000e+00 0.000000000000000e+00 0.000000000000000e+00 1.391042255310530e+03 1.391042255310530e+03 0.000000000000000e+00
8.202465461612000e-01 1.475591802082404e+03 1.475591802082404e+03 0.000000000000000e+00 0.000000000000000e+00 0.000000000000000e+00 1.397943374932303e+03 0.000000000000000e+00 0.000000000000000e+00 0.000000000000000e+00 1.375973086735444e+03 1.375973086735444e+03 0.000000000000000e+00
8.257738666036000e-01 1.459715913526720e+03 1.459715913526720e+03 0.000000000000000e+00 0.000000000000000e+00 0.000000000000000e+00 1.382902448501900e+03 0.000000000000000e+00 0.000000000000000e+00 0.000000000000000e+00 1.361168048383085e+03 1.361168048383085e+03 0.000000000000000e+00
8.313018395672001e-01 1.444118074493704e+03 1.444118074493704e+03 0.000000000000000e+00 0.000000000000000e+00 0.000000000000000e+00 1.368125875653446e+03 0.000000000000000e+00 0.000000000000000e+00 0.000000000000000e+00 1.346623434234053e+03 1.346623434234053e+03 0.000000000000000e+00
8.368315165660000e-01 1.428773602012406e+03 1.428773602012406e+03 0.000000000000000e+00 0.000000000000000e+00 0.000000000000000e+00 1.353589624549865e+03 0.000000000000000e+00 0.000000000000000e+00 0.000000000000000e+00 1.332315211931460e+03 1.332315211931460e+03 0.000000000000000e+00
8.423639229304000e-01 1.413664961957143e+03 1.413664961957143e+03 0.000000000000000e+00 0.000000000000000e+00 0.000000000000000e+00 1.339276484450168e+03 0.000000000000000e+00 0.000000000000000e+00 0.000000000000000e+00 1.318226216113630e+03 1.318226216113630e+03 0.000000000000000e+00
8.479000588955000e-01 1.398794760453229e+03 1.398794760453229e+03 0.000000000000000e+00 0.000000000000000e+00 0.000000000000000e+00 1.325189352048934e+03 0.000000000000000e+00 0.000000000000000e+00 0.000000000000000e+00 1.304359586693627e+03 1.304359586693627e+03 0.000000000000000e+00
8.534409006240000e-01 1.384167559889758e+03 1.384167559889758e+03 0.000000000000000e+00 0.000000000000000e+00 0.000000000000000e+00 1.311333059005844e+03 0.000000000000000e+00 0.000000000000000e+00 0.000000000000000e+00 1.290720456426654e+03 1.290720456426654e+03 0.000000000000000e+00
8.589874011710000e-01 1.369772629899082e+03 1.369772629899082e+03 0.000000000000000e+00 0.000000000000000e+00 0.000000000000000e+00 1.297697078824704e+03 0.000000000000000e+00 0.000000000000000e+00 0.000000000000000e+00 1.277298389824806e+03 1.277298389824806e+03 0.000000000000000e+00
8.645404913907000e-01 1.355586411716071e+03 1.355586411716071e+03 0.000000000000000e+00 0.000000000000000e+00 0.000000000000000e+00 1.284258205288447e+03 0.000000000000000e+00 0.000000000000000e+00 0.000000000000000e+00 1.264070193350015e+03 1.264070193350015e+03 0.000000000000000e+00
8.701010807914999e-01 1.341601443912729e+03 1.341601443912729e+03 0.000000000000000e+00 0.000000000000000e+00 0.000000000000000e+00 1.271009241938111e+03 0.000000000000000e+00 0.000000000000000e+00 0.000000000000000e+00 1.251028745870526e+03 1.251028745870526e+03 0.000000000000000e+00
8.756700583411000e-01 1.327824570281521e+03 1.327824570281521e+03 0.000000000000000e+00 0.000000000000000e+00 0.000000000000000e+00 1.257957351220883e+03 0.000000000000000e+00 0.000000000000000e+00 0.000000000000000e+00 1.238181431720403e+03 1.238181431720403e+03 0.000000000000000e+00
8.812482932255000e-01 1.314257835241811e+03 1.314257835241811e+03 0.000000000000000e+00 0.000000000000000e+00 0.000000000000000e+00 1.245104964348159e+03 0.000000000000000e+00 0.000000000000000e+00 0.000000000000000e+00 1.225530806627031e+03 1.225530806627031e+03 0.000000000000000e+00
8.868366355639000e-01 1.300883664646987e+03 1.300883664646987e+03 0.000000000000000e+00 0.000000000000000e+00 0.000000000000000e+00 1.232434948364041e+03 0.000000000000000e+00 0.000000000000000e+00 0.000000000000000e+00 1.213059725804927e+03 1.213059725804927e+03 0.000000000000000e+00
8.924359170832000e-01 1.287687754638077e+03 1.287687754638077e+03 0.000000000000000e+00 0.000000000000000e+00 0.000000000000000e+00 1.219933336510399e+03 0.000000000000000e+00 0.000000000000000e+00 0.000000000000000e+00 1.200754144657006e+03 1.200754144657006e+03 0.000000000000000e+00
8.980469517546000e-01 1.274669672401209e+03 1.274669672401209e+03 0.000000000000000e+00 0.000000000000000e+00 0.000000000000000e+00 1.207599999975545e+03 0.000000000000000e+00 0.000000000000000e+00 0.000000000000000e+00 1.188614072581412e+03 1.188614072581412e+03 0.000000000000000e+00
9.036705363939000e-01 1.261837869970979e+03 1.261837869970979e+03 0.000000000000000e+00 0.000000000000000e+00 0.000000000000000e+00 1.195443745945523e+03 0.000000000000000e+00 0.000000000000000e+00 0.000000000000000e+00 1.176648495066570e+03 1.176648495066570e+03 0.000000000000000e+00
9.093074512287000e-01 1.249185978336685e+03 1.249185978336685e+03 0.000000000000000e+00 0.000000000000000e+00 0.000000000000000e+00 1.183458430752096e+03 0.000000000000000e+00 0.000000000000000e+00 0.000000000000000e+00 1.164851345522055e+03 1.164851345522055e+03 0.000000000000000e+00
9.149584604340000e-01 1.236696624379156e+03 1.236696624379156e+03 0.000000000000000e+00 0.000000000000000e+00 0.000000000000000e+00 1.171626883577911e+03 0.000000000000000e+00 0.000000000000000e+00 0.000000000000000e+00 1.153205405830630e+03 1.153205405830630e+03 0.000000000000000e+00
9.206243126393000e-01 1.224361922185878e+03 1.224361922185878e+03 0.000000000000000e+00 0.000000000000000e+00 0.000000000000000e+00 1.159941417202505e+03 0.000000000000000e+00 0.000000000000000e+00 0.000000000000000e+00 1.141703023159555e+03 1.141703023159555e+03 0.000000000000000e+00
9.263057414075000e-01 1.212187714794317e+03 1.212187714794317e+03 0.000000000000000e+00 0.000000000000000e+00 0.000000000000000e+00 1.148408074860791e+03 0.000000000000000e+00 0.000000000000000e+00 0.000000000000000e+00 1.130350439161269e+03 1.130350439161269e+03 0.000000000000000e+00
9.320034656893000e-01 1.200179413964780e+03 1.200179413964780e+03 0.000000000000000e+00 0.000000000000000e+00 0.000000000000000e+00 1.137032375393442e+03 0.000000000000000e+00 0.000000000000000e+00 0.000000000000000e+00 1.119153287740501e+03 1.119153287740501e+03 0.000000000000000e+00
9.377181902530000e-01 1.188323057529193e+03 1.188323057529193e+03 0.000000000000000e+00 0.000000000000000e+00 0.000000000000000e+00 1.125800630940851e+03 0.000000000000000e+00 0.000000000000000e+00 0.000000000000000e+00 1.108097887116845e+03 1.108097887116845e+03 0.000000000000000e+00
9.434506060931001e-01 1.176604930581281e+03 1.176604930581281e+03 0.000000000000000e+00 0.000000000000000e+00 0.000000000000000e+00 1.114699267162191e+03 0.000000000000000e+00 0.000000000000000e+00 0.000000000000000e+00 1.097170616203906e+03 1.097170616203906e+03 0.000000000000000e+00
9.492013908180000e-01 1.165026832936638e+03 1.165026832936638e+03 0.000000000000000e+00 0.000000000000000e+00 0.000000000000000e+00 1.103730300869188e+03 0.000000000000000e+00 0.000000000000000e+00 0.000000000000000e+00 1.086373577397962e+03 1.086373577397962e+03 0.000000000000000e+00
9.549712090187000e-01 1.153596460265999e+03 1.153596460265999e+03 0.000000000000000e+00 0.000000000000000e+00 0.000000000000000e+00 1.092901620019884e+03 0.000000000000000e+00 0.000000000000000e+00 0.000000000000000e+00 1.075714822854842e+03 1.075714822854842e+03 0.000000000000000e+00
9.607607126201000e-01 1.142310782493222e+03 1.142310782493222e+03 0.000000000000000e+00 0.000000000000000e+00 0.000000000000000e+00 1.082210348609873e+03 0.000000000000000e+00 0.000000000000000e+00 0.000000000000000e+00 1.065191485536503e+03 1.065191485536503e+03 0.000000000000000e+00
9.665705412157000e-01 1.131153659515652e+03 1.131153659515652e+03 0.000000000000000e+00 0.000000000000000e+00 0.000000000000000e+00 1.071640582866260e+03 0.000000000000000e+00 0.000000000000000e+00 0.000000000000000e+00 1.054787610086243e+03 1.054787610086243e+03 0.000000000000000e+00
9.724013223874000e-01 1.120119207868837e+03 1.120119207868837e+03 0.000000000000000e+00 0.000000000000000e+00 0.000000000000000e+00 1.061186632474844e+03 0.000000000000000e+00 0.000000000000000e+00 0.000000000000000e+00 1.044497536596367e+03 1.044497536596367e+03 0.000000000000000e+00
9.782536720119001e-01 1.109216434440372e+03 1.109216434440372e+03 0.000000000000000e+00 0.000000000000000e+00 0.000000000000000e+00 1.050857637610992e+03 0.000000000000000e+00 0.000000000000000e+00 0.000000000000000e+00 1.034330536889897e+03 1.034330536889897e+03 0.000000000000000e+00
9.841281945533000e-01 1.098448320540626e+03 1.098448320540626e+03 0.000000000000000e+00 0.000000000000000e+00 0.000000000000000e+00 1.040656667613316e+03 0.000000000000000e+00 0.000000000000000e+00 0.000000000000000e+00 1.024289765846663e+03 1.024289765846663e+03 0.000000000000000e+00
9.900254833454000e-01 1.087801349222633e+03 1.087801349222633e+03 0.000000000000000e+00 0.000000000000000e+00 0.000000000000000e+00 1.030570418046091e+03 0.000000000000000e+00 0.000000000000000e+00 0.000000000000000e+00 1.014361892055216e+03 1.014361892055216e+03 0.000000000000000e+00
9.959461208619000e-01 1.077266021210530e+03 1.077266021210530e+03 0.000000000000000e+00 0.000000000000000e+00 0.000000000000000e+00 1.020589488636127e+03 0.000000000000000e+00 0.000000000000000e+00 0.000000000000000e+00 1.004537479136888e+03 1.004537479136888e+03 0.000000000000000e+00
1.001890678978000e+00 1.066848105666351e+03 1.066848105666351e+03 0.000000000000000e+00 0.000000000000000e+00 0.000000000000000e+00 1.010719742142253e+03 0.000000000000000e+00 0.000000000000000e+00 0.000000000000000e+00 9.948224886050440e+02 9.948224886050440e+02 0.000000000000000e+00
1.007859719222000e+00 1.056552646727627e+03 1.056552646727627e+03 0.000000000000000e+00 0.000000000000000e+00 0.000000000000000e+00 1.000966394186730e+03 0.000000000000000e+00 0.000000000000000e+00 0.000000000000000e+00 9.852222813450251e+02 9.852222813450251e+02 0.000000000000000e+00
1.013853793020000e+00 1.046374242401687e+03 1.046374242401687e+03 0.000000000000000e+00 0.000000000000000e+00 0.000000000000000e+00 9.913240576496522e+02 0.000000000000000e+00 0.000000000000000e+00 0.000000000000000e+00 9.757314186590854e+02 9.757314186590854e+02 0.000000000000000e+00
1.019873441934000e+00 1.036298640608904e+03 1.036298640608904e+03 0.000000000000000e+00 0.000000000000000e+00 0.000000000000000e+00 9.817787073783657e+02 0.000000000000000e+00 0.000000000000000e+00 0.000000000000000e+00 9.663358402328540e+02 9.663358402328540e+02 0.000000000000000e+00
1.025919197888000e+00 1.026327648535793e+03 1.026327648535793e+03 0.000000000000000e+00 0.000000000000000e+00 0.000000000000000e+00 9.723322680579697e+02 0.000000000000000e+00 0.000000000000000e+00 0.000000000000000e+00 9.570375279587054e+02 9.570375279587054e+02 0.000000000000000e+00
1.031991583399000e+00 1.016470108284250e+03 1.016470108284250e+03 0.000000000000000e+00 0.000000000000000e+00 0.000000000000000e+00 9.629936179458155e+02 0.000000000000000e+00 0.000000000000000e+00 0.000000000000000e+00 9.478454822870442e+02 9.478454822870442e+02 0.000000000000000e+00
1.038091111789000e+00 1.006722674398113e+03 1.006722674398113e+03 0.000000000000000e+00 0.000000000000000e+00 0.000000000000000e+00 9.537595344773051e+02 0.000000000000000e+00 0.000000000000000e+00 0.000000000000000e+00 9.387564888437756e+02 9.387564888437756e+02 0.000000000000000e+00
1.044218287407000e+00 9.970723025294675e+02 9.970723025294675e+02 0.000000000000000e+00 0.000000000000000e+00 0.000000000000000e+00 9.446171057239584e+02 0.000000000000000e+00 0.000000000000000e+00 0.000000000000000e+00 9.297575684607391e+02 9.297575684607391e+02 0.000000000000000e+00
1.050373605832000e+00 9.875170192969572e+02 9.875170192969572e+02 0.000000000000000e+00 0.000000000000000e+00 0.000000000000000e+00 9.355644734976403e+02 0.000000000000000e+00 0.000000000000000e+00 0.000000000000000e+00 9.208468980515049e+02 9.208468980515049e+02 0.000000000000000e+00
1.056557554087000e+00 9.780655908091883e+02 9.780655908091883e+02 0.000000000000000e+00 0.000000000000000e+00 0.000000000000000e+00 9.266104873845272e+02 0.000000000000000e+00 0.000000000000000e+00 0.000000000000000e+00 9.120334531036228e+02 9.120334531036228e+02 0.000000000000000e+00
1.062770610835000e+00 9.687189052029944e+02 9.687189052029944e+02 0.000000000000000e+00 0.000000000000000e+00 0.000000000000000e+00 9.177560224008281e+02 0.000000000000000e+00 0.000000000000000e+00 0.000000000000000e+00 9.033181222077882e+02 9.033181222077882e+02 0.000000000000000e+00
1.069013246588000e+00 9.594630602724466e+02 9.594630602724466e+02 0.000000000000000e+00 0.000000000000000e+00 0.000000000000000e+00 9.089874097324250e+02 0.000000000000000e+00 0.000000000000000e+00 0.000000000000000e+00 8.946871910472812e+02 8.946871910472812e+02 0.000000000000000e+00
1.075285923900000e+00 9.502960841864510e+02 9.502960841864510e+02 0.000000000000000e+00 0.000000000000000e+00 0.000000000000000e+00 9.003026456305308e+02 0.000000000000000e+00 0.000000000000000e+00 0.000000000000000e+00 8.861386425597022e+02 8.861386425597022e+02 0.000000000000000e+00
1.081589097564000e+00 9.412262371883671e+02 9.412262371883671e+02 0.000000000000000e+00 0.000000000000000e+00 0.000000000000000e+00 8.917100987995758e+02 0.000000000000000e+00 0.000000000000000e+00 0.000000000000000e+00 8.776809646414147e+02 8.776809646414147e+02 0.000000000000000e+00
1.087923214809000e+00 9.322540850743995e+02 9.322540850743995e+02 0.000000000000000e+00 0.000000000000000e+00 0.000000000000000e+00 8.832104390024379e+02 0.000000000000000e+00 0.000000000000000e+00 0.000000000000000e+00 8.693148772154195e+02 8.693148772154195e+02 0.000000000000000e+00
1.094288715492000e+00 9.233683478295933e+02 9.233683478295933e+02 0.000000000000000e+00 0.000000000000000e+00 0.000000000000000e+00 8.747924547541562e+02 0.000000000000000e+00 0.000000000000000e+00 0.000000000000000e+00 8.610290975701188e+02 8.610290975701188e+02 0.000000000000000e+00
1.100686032289000e+00 9.145650953560032e+02 9.145650953560032e+02 0.000000000000000e+00 0.000000000000000e+00 0.000000000000000e+00 8.664522884054949e+02 0.000000000000000e+00 0.000000000000000e+00 0.000000000000000e+00 8.528197614664971e+02 8.528197614664971e+02 0.000000000000000e+00
1.107115590890000e+00 9.058529489086687e+02 9.058529489086687e+02 0.000000000000000e+00 0.000000000000000e+00 0.000000000000000e+00 8.581986335508384e+02 0.000000000000000e+00 0.000000000000000e+00 0.000000000000000e+00 8.446956696326936e+02 8.446956696326936e+02 0.000000000000000e+00
1.113577810181000e+00 8.972334730614461e+02 8.972334730614461e+02 0.000000000000000e+00 0.000000000000000e+00 0.000000000000000e+00 8.500330648914608e+02 0.000000000000000e+00 0.000000000000000e+00 0.000000000000000e+00 8.366584358951720e+02 8.366584358951720e+02 0.000000000000000e+00
1.120073102443000e+00 8.886952007759819e+02 8.886952007759819e+02 0.000000000000000e+00 0.000000000000000e+00 0.000000000000000e+00 8.419442398633812e+02 0.000000000000000e+00 0.000000000000000e+00 0.000000000000000e+00 8.286966535243552e+02 8.286966535243552e+02 0.000000000000000e+00
1.126601873533000e+00 8.802351125128894e+02 8.802351125128894e+02 0.000000000000000e+00 0.000000000000000e+00 0.000000000000000e+00 8.339291933848500e+02 0.000000000000000e+00 0.000000000000000e+00 0.000000000000000e+00 8.208073496404945e+02 8.208073496404945e+02 0.000000000000000e+00
1.133164523078000e+00 8.718612485553010e+02 8.718612485553010e+02 0.000000000000000e+00 0.000000000000000e+00 0.000000000000000e+00 8.259960247990625e+02 0.000000000000000e+00 0.000000000000000e+00 0.000000000000000e+00 8.129987396215429e+02 8.129987396215429e+02 0.000000000000000e+00
1.139761444658000e+00 8.635747891561807e+02 8.635747891561807e+02 0.000000000000000e+00 0.000000000000000e+00 0.000000000000000e+00 8.181459426461175e+02 0.000000000000000e+00 0.000000000000000e+00 0.000000000000000e+00 8.052720494874178e+02 8.052720494874178e+02 0.000000000000000e+00
1.146393025993000e+00 8.553645078856703e+02 8.553645078856703e+02 0.000000000000000e+00 0.000000000000000e+00 0.000000000000000e+00 8.103677923524666e+02 0.000000000000000e+00 0.000000000000000e+00 0.000000000000000e+00 7.976160569510903e+02 7.976160569510903e+02 0.000000000000000e+00
1.153059649137000e+00 8.472289271851927e+02 8.472289271851927e+02 0.000000000000000e+00 0.000000000000000e+00 0.000000000000000e+00 8.026601640725489e+02 0.000000000000000e+00 0.000000000000000e+00 0.000000000000000e+00 7.900293629431404e+02 7.900293629431404e+02 0.000000000000000e+00
1.159761690653000e+00 8.391768017893254e+02 8.391768017893254e+02 0.000000000000000e+00 0.000000000000000e+00 0.000000000000000e+00 7.950318450002119e+02 0.000000000000000e+00 0.000000000000000e+00 0.000000000000000e+00 7.825208580968969e+02 7.825208580968969e+02 0.000000000000000e+00
1.166499521808000e+00 8.312063019646729e+02 8.312063019646729e+02 0.000000000000000e+00 0.000000000000000e+00 0.000000000000000e+00 7.874810545974735e+02 0.000000000000000e+00 0.000000000000000e+00 0.000000000000000e+00 7.750887679613878e+02 7.750887679613878e+02 0.000000000000000e+00
1.173273508754000e+00 8.233066554644158e+02 8.233066554644158e+02 0.000000000000000e+00 0.000000000000000e+00 0.000000000000000e+00 7.799971130081691e+02 0.000000000000000e+00 0.000000000000000e+00 0.000000000000000e+00 7.677223432943553e+02 7.677223432943553e+02 0.000000000000000e+00
1.180084012711000e+00 8.154792387006470e+02 8.154792387006470e+02 0.000000000000000e+00 0.000000000000000e+00 0.000000000000000e+00 7.725814431751088e+02 0.000000000000000e+00 0.000000000000000e+00 0.000000000000000e+00 7.604230479497720e+02 7.604230479497720e+02 0.000000000000000e+00
1.186931390154000e+00 8.077329875475494e+02 8.077329875475494e+02 0.000000000000000e+00 0.000000000000000e+00 0.000000000000000e+00 7.652429779227142e+02 0.000000000000000e+00 0.000000000000000e+00 0.000000000000000e+00 7.531998956580582e+02 7.531998956580582e+02 0.000000000000000e+00
1.193815992996000e+00 8.000619791184247e+02 8.000619791184247e+02 0.000000000000000e+00 0.000000000000000e+00 0.000000000000000e+00 7.579758648636218e+02 0.000000000000000e+00 0.000000000000000e+00 0.000000000000000e+00 7.460470182926158e+02 7.460470182926158e+02 0.000000000000000e+00
1.200738168765000e+00 7.924576389417232e+02 7.924576389417232e+02 0.000000000000000e+00 0.000000000000000e+00 0.000000000000000e+00 7.507715940285694e+02 0.000000000000000e+00 0.000000000000000e+00 0.000000000000000e+00 7.389558443466964e+02 7.389558443466964e+02 0.000000000000000e+00
1.207698260790000e+00 7.849254092683432e+02 7.849254092683432e+02 0.000000000000000e+00 0.000000000000000e+00 0.000000000000000e+00 7.436356270248905e+02 0.000000000000000e+00 0.000000000000000e+00 0.000000000000000e+00 7.319319043375350e+02 7.319319043375350e+02 0.000000000000000e+00
1.214696608381000e+00 7.774701542723225e+02 7.774701542723225e+02 0.000000000000000e+00 0.000000000000000e+00 0.000000000000000e+00 7.365729007996862e+02 0.000000000000000e+00 0.000000000000000e+00 0.000000000000000e+00 7.249802089494041e+02 7.249802089494041e+02 0.000000000000000e+00
1.221733547002000e+00 7.700836627312445e+02 7.700836627312445e+02 0.000000000000000e+00 0.000000000000000e+00 0.000000000000000e+00 7.295752152814476e+02 0.000000000000000e+00 0.000000000000000e+00 0.000000000000000e+00 7.180924926090704e+02 7.180924926090704e+02 0.000000000000000e+00
1.228809408454000e+00 7.627615756157264e+02 7.627615756157264e+02 0.000000000000000e+00 0.000000000000000e+00 0.000000000000000e+00 7.226382660544817e+02 0.000000000000000e+00 0.000000000000000e+00 0.000000000000000e+00 7.112644258226925e+02 7.112644258226925e+02 0.000000000000000e+00
1.235924521047000e+00 7.555112348278997e+02 7.555112348278997e+02 0.000000000000000e+00 0.000000000000000e+00 0.000000000000000e+00 7.157694578586778e+02 0.000000000000000e+00 0.000000000000000e+00 0.000000000000000e+00 7.045035191569107e+02 7.045035191569107e+02 0.000000000000000e+00
1.243079209773000e+00 7.483334953333989e+02 7.483334953333989e+02 0.000000000000000e+00 0.000000000000000e+00 0.000000000000000e+00 7.089696354089066e+02 0.000000000000000e+00 0.000000000000000e+00 0.000000000000000e+00 6.978106210008938e+02 6.978106210008938e+02 0.000000000000000e+00
1.250273796483000e+00 7.412177735213397e+02 7.412177735213397e+02 0.000000000000000e+00 0.000000000000000e+00 0.000000000000000e+00 7.022283159631885e+02 0.000000000000000e+00 0.000000000000000e+00 0.000000000000000e+00 6.911751855241280e+02 6.911751855241280e+02 0.000000000000000e+00
1.257508600049000e+00 7.341669191171532e+02 7.341669191171532e+02 0.000000000000000e+00 0.000000000000000e+00 0.000000000000000e+00 6.955483358639497e+02 0.000000000000000e+00 0.000000000000000e+00 0.000000000000000e+00 6.846000752374085e+02 6.846000752374085e+02 0.000000000000000e+00
1.264783936538000e+00 7.271869486201164e+02 7.271869486201164e+02 0.000000000000000e+00 0.000000000000000e+00 0.000000000000000e+00 6.889357935205633e+02 0.000000000000000e+00 0.000000000000000e+00 0.000000000000000e+00 6.780914865886348e+02 6.780914865886348e+02 0.000000000000000e+00
1.272100119374000e+00 7.202721566719079e+02 7.202721566719079e+02 0.000000000000000e+00 0.000000000000000e+00 0.000000000000000e+00 6.823849820658721e+02 0.000000000000000e+00 0.000000000000000e+00 0.000000000000000e+00 6.716436554252240e+02 6.716436554252240e+02 0.000000000000000e+00
1.279457459503000e+00 7.134163372883378e+02 7.134163372883378e+02 0.000000000000000e+00 0.000000000000000e+00 0.000000000000000e+00 6.758897614568507e+02 0.000000000000000e+00 0.000000000000000e+00 0.000000000000000e+00 6.652504081160167e+02 6.652504081160167e+02 0.000000000000000e+00
1.286856265549000e+00 7.066270913998616e+02 7.066270913998616e+02 0.000000000000000e+00 0.000000000000000e+00 0.000000000000000e+00 6.694577511978895e+02 0.000000000000000e+00 0.000000000000000e+00 0.000000000000000e+00 6.589194495869995e+02 6.589194495869995e+02 0.000000000000000e+00
1.294296843978000e+00 6.999053295859341e+02 6.999053295859341e+02 0.000000000000000e+00 0.000000000000000e+00 0.000000000000000e+00 6.630898763876028e+02 0.000000000000000e+00 0.000000000000000e+00 0.000000000000000e+00 6.526517206148486e+02 6.526517206148486e+02 0.000000000000000e+00
1.301779499247000e+00 6.932410200664492e+02 6.932410200664492e+02 0.000000000000000e+00 0.000000000000000e+00 0.000000000000000e+00 6.567761874011699e+02 0.000000000000000e+00 0.000000000000000e+00 0.000000000000000e+00 6.464372115516051e+02 6.464372115516051e+02 0.000000000000000e+00
1.309304533959000e+00 6.866369228131410e+02 6.866369228131410e+02 0.000000000000000e+00 0.000000000000000e+00 0.000000000000000e+00 6.505194657233747e+02 0.000000000000000e+00 0.000000000000000e+00 0.000000000000000e+00 6.402787392772130e+02 6.402787392772130e+02 0.000000000000000e+00
1.316872249011000e+00 6.800998781452768e+02 6.800998781452768e+02 0.000000000000000e+00 0.000000000000000e+00 0.000000000000000e+00 6.443265365644656e+02 0.000000000000000e+00 0.000000000000000e+00 0.000000000000000e+00 6.341831945972978e+02 6.341831945972978e+02 0.000000000000000e+00
1.324482943736000e+00 6.736220870793093e+02 6.736220870793093e+02 0.000000000000000e+00 0.000000000000000e+00 0.000000000000000e+00 6.381896682649448e+02 0.000000000000000e+00 0.000000000000000e+00 0.000000000000000e+00 6.281427933520587e+02 6.281427933520587e+02 0.000000000000000e+00
1.332136916054000e+00 6.671994528611359e+02 6.671994528611359e+02 0.000000000000000e+00 0.000000000000000e+00 0.000000000000000e+00 6.321048167819639e+02 0.000000000000000e+00 0.000000000000000e+00 0.000000000000000e+00 6.221534841990493e+02 6.221534841990493e+02 0.000000000000000e+00
1.339834462602000e+00 6.608411707288399e+02 6.608411707288399e+02 0.000000000000000e+00 0.000000000000000e+00 0.000000000000000e+00 6.260811616232650e+02 0.000000000000000e+00 0.000000000000000e+00 0.000000000000000e+00 6.162245148046931e+02 6.162245148046931e+02 0.000000000000000e+00
1.347575878873000e+00 6.545435300051438e+02 6.545435300051438e+02 0.000000000000000e+00 0.000000000000000e+00 0.000000000000000e+00 6.201150401579405e+02 0.000000000000000e+00 0.000000000000000e+00 0.000000000000000e+00 6.103522204812567e+02 6.103522204812567e+02 0.000000000000000e+00
1.355361459350000e+00 6.482989377534661e+02 6.482989377534661e+02 0.000000000000000e+00 0.000000000000000e+00 0.000000000000000e+00 6.141989045299590e+02 0.000000000000000e+00 0.000000000000000e+00 0.000000000000000e+00 6.045290004993676e+02 6.045290004993676e+02 0.000000000000000e+00
1.363191497632000e+00 6.421144364587897e+02 6.421144364587897e+02 0.000000000000000e+00 0.000000000000000e+00 0.000000000000000e+00 6.083397986958145e+02 0.000000000000000e+00 0.000000000000000e+00 0.000000000000000e+00 5.987619578524502e+02 5.987619578524502e+02 0.000000000000000e+00
1.371066286561000e+00 6.359908070953422e+02 6.359908070953422e+02 0.000000000000000e+00 0.000000000000000e+00 0.000000000000000e+00 6.025385541492310e+02 0.000000000000000e+00 0.000000000000000e+00 0.000000000000000e+00 5.930519665896359e+02 5.930519665896359e+02 0.000000000000000e+00
1.378986118340000e+00 6.299198502260414e+02 6.299198502260414e+02 0.000000000000000e+00 0.000000000000000e+00 0.000000000000000e+00 5.967869824416264e+02 0.000000000000000e+00 0.000000000000000e+00 0.000000000000000e+00 5.873907608279202e+02 5.873907608279202e+02 0.000000000000000e+00
1.386951284658000e+00 6.239045970623723e+02 6.239045970623723e+02 0.000000000000000e+00 0.000000000000000e+00 0.000000000000000e+00 5.910881581818052e+02 0.000000000000000e+00 0.000000000000000e+00 0.000000000000000e+00 5.817814582577967e+02 5.817814582577967e+02 0.000000000000000e+00
1.394962076794000e+00 6.179497569302764e+02 6.179497569302764e+02 0.000000000000000e+00 0.000000000000000e+00 0.000000000000000e+00 5.854468022148016e+02 0.000000000000000e+00 0.000000000000000e+00 0.000000000000000e+00 5.762288420767167e+02 5.762288420767167e+02 0.000000000000000e+00
1.403018785739000e+00 6.120469092776668e+02 6.120469092776668e+02 0.000000000000000e+00 0.000000000000000e+00 0.000000000000000e+00 5.798545583442217e+02 0.000000000000000e+00 0.000000000000000e+00 0.000000000000000e+00 5.707244938872913e+02 5.707244938872913e+02 0.000000000000000e+00
1.411121702293000e+00 6.061972183768230e+02 6.061972183768230e+02 0.000000000000000e+00 0.000000000000000e+00 0.000000000000000e+00 5.743125434325493e+02 0.000000000000000e+00 0.000000000000000e+00 0.000000000000000e+00 5.652695293006160e+02 5.652695293006160e+02 0.000000000000000e+00
1.419271117175000e+00 6.004061301019300e+02 6.004061301019300e+02 0.000000000000000e+00 0.000000000000000e+00 0.000000000000000e+00 5.688262940203413e+02 0.000000000000000e+00 0.000000000000000e+00 0.000000000000000e+00 5.598695740928624e+02 5.598695740928624e+02 0.000000000000000e+00
1.427467321119000e+00 5.946672615559692e+02 5.946672615559692e+02 0.000000000000000e+00 0.000000000000000e+00 0.000000000000000e+00 5.633894319570779e+02 0.000000000000000e+00 0.000000000000000e+00 0.000000000000000e+00 5.545181915774499e+02 5.545181915774499e+02 0.000000000000000e+00
1.435710604975000e+00 5.889784138276149e+02 5.889784138276149e+02 0.000000000000000e+00 0.000000000000000e+00 0.000000000000000e+00 5.579997777083576e+02 0.000000000000000e+00 0.000000000000000e+00 0.000000000000000e+00 5.492131952308905e+02 5.492131952308905e+02 0.000000000000000e+00
1.444001259794000e+00 5.833465274450141e+02 5.833465274450141e+02 0.000000000000000e+00 0.000000000000000e+00 0.000000000000000e+00 5.526643167114709e+02 0.000000000000000e+00 0.000000000000000e+00 0.000000000000000e+00 5.439616515096172e+02 5.439616515096172e+02 0.000000000000000e+00
1.452339576926000e+00 5.777666732987987e+02 5.777666732987987e+02 0.000000000000000e+00 0.000000000000000e+00 0.000000000000000e+00 5.473781140252179e+02 0.000000000000000e+00 0.000000000000000e+00 0.000000000000000e+00 5.387585767230759e+02 5.387585767230759e+02 0.000000000000000e+00
1.460725848100000e+00 5.722342276676864e+02 5.722342276676864e+02 0.000000000000000e+00 0.000000000000000e+00 0.000000000000000e+00 5.421366299934936e+02 0.000000000000000e+00 0.000000000000000e+00 0.000000000000000e+00 5.335994277808032e+02 5.335994277808032e+02 0.000000000000000e+00
1.469160365507000e+00 5.667574080955275e+02 5.667574080955275e+02 0.000000000000000e+00 0.000000000000000e+00 0.000000000000000e+00 5.369480518165964e+02 0.000000000000000e+00 0.000000000000000e+00 0.000000000000000e+00 5.284924557391179e+02 5.284924557391179e+02 0.000000000000000e+00
1.477643421883000e+00 5.613312797965190e+02 5.613312797965190e+02 0.000000000000000e+00 0.000000000000000e+00 0.000000000000000e+00 5.318074785894704e+02 0.000000000000000e+00 0.000000000000000e+00 0.000000000000000e+00 5.234327296844591e+02 5.234327296844591e+02 0.000000000000000e+00
1.486175310580000e+00 5.559515060414999e+02 5.559515060414999e+02 0.000000000000000e+00 0.000000000000000e+00 0.000000000000000e+00 5.267106322933998e+02 0.000000000000000e+00 0.000000000000000e+00 0.000000000000000e+00 5.184159521895318e+02 5.184159521895318e+02 0.000000000000000e+00
1.494756325643000e+00 5.506258326849265e+02 5.506258326849265e+02 0.000000000000000e+00 0.000000000000000e+00 0.000000000000000e+00 5.216652346357654e+02 0.000000000000000e+00 0.000000000000000e+00 0.000000000000000e+00 5.134499132860088e+02 5.134499132860088e+02 0.000000000000000e+00
1.503386761876000e+00 5.453491372949455e+02 5.453491372949455e+02 0.000000000000000e+00 0.000000000000000e+00 0.000000000000000e+00 5.166662198537697e+02 0.000000000000000e+00 0.000000000000000e+00 0.000000000000000e+00 5.085295220698467e+02 5.085295220698467e+02 0.000000000000000e+00
1.512066914912000e+00 5.401176474113181e+02 5.401176474113181e+02 0.000000000000000e+00 0.000000000000000e+00 0.000000000000000e+00 5.117098519577278e+02 0.000000000000000e+00 0.000000000000000e+00 0.000000000000000e+00 5.036510219864189e+02 5.036510219864189e+02 0.000000000000000e+00
1.520797081275000e+00 5.349388415501671e+02 5.349388415501671e+02 0.000000000000000e+00 0.000000000000000e+00 0.000000000000000e+00 5.068035959226243e+02 0.000000000000000e+00 0.000000000000000e+00 0.000000000000000e+00 4.988219451440085e+02 4.988219451440085e+02 0.000000000000000e+00
1.529577558442000e+00 5.298074977678476e+02 5.298074977678476e+02 0.000000000000000e+00 0.000000000000000e+00 0.000000000000000e+00 5.019422614702587e+02 0.000000000000000e+00 0.000000000000000e+00 0.000000000000000e+00 4.940370655198453e+02 4.940370655198453e+02 0.000000000000000e+00
1.538408644899000e+00 5.247208019894194e+02 5.247208019894194e+02 0.000000000000000e+00 0.000000000000000e+00 0.000000000000000e+00 4.971230745194069e+02 0.000000000000000e+00 0.000000000000000e+00 0.000000000000000e+00 4.892935987041254e+02 4.892935987041254e+02 0.000000000000000e+00
1.547290640201000e+00 5.196853897914052e+02 5.196853897914052e+02 0.000000000000000e+00 0.000000000000000e+00 0.000000000000000e+00 4.923526778486645e+02 0.000000000000000e+00 0.000000000000000e+00 0.000000000000000e+00 4.845982567489597e+02 4.845982567489597e+02 0.000000000000000e+00
1.556223845020000e+00 5.146950174379238e+02 5.146950174379238e+02 0.000000000000000e+00 0.000000000000000e+00 0.000000000000000e+00 4.876248658929742e+02 0.000000000000000e+00 0.000000000000000e+00 0.000000000000000e+00 4.799447895755608e+02 4.799447895755608e+02 0.000000000000000e+00
1.565208561200000e+00 5.097490347320394e+02 5.097490347320394e+02 0.000000000000000e+00 0.000000000000000e+00 0.000000000000000e+00 4.829390041457405e+02 0.000000000000000e+00 0.000000000000000e+00 0.000000000000000e+00 4.753325649711122e+02 4.753325649711122e+02 0.000000000000000e+00
1.574245091801000e+00 5.048530148020427e+02 5.048530148020427e+02 0.000000000000000e+00 0.000000000000000e+00 0.000000000000000e+00 4.783006837571991e+02 0.000000000000000e+00 0.000000000000000e+00 0.000000000000000e+00 4.707672333630408e+02 4.707672333630408e+02 0.000000000000000e+00
1.583333741151000e+00 4.999993761940091e+02 4.999993761940091e+02 0.000000000000000e+00 0.000000000000000e+00 0.000000000000000e+00 4.737023674840763e+02 0.000000000000000e+00 0.000000000000000e+00 0.000000000000000e+00 4.662412100255153e+02 4.662412100255153e+02 0.000000000000000e+00
1.592474814884000e+00 4.951909534351234e+02 4.951909534351234e+02 0.000000000000000e+00 0.000000000000000e+00 0.000000000000000e+00 4.691468671217339e+02 0.000000000000000e+00 0.000000000000000e+00 0.000000000000000e+00 4.617573177975025e+02 4.617573177975025e+02 0.000000000000000e+00
1.601668619983000e+00 4.904303107957136e+02 4.904303107957136e+02 0.000000000000000e+00 0.000000000000000e+00 0.000000000000000e+00 4.646367999834583e+02 0.000000000000000e+00 0.000000000000000e+00 0.000000000000000e+00 4.573182278073558e+02 4.573182278073558e+02 0.000000000000000e+00
1.610915464826000e+00 4.857107118098070e+02 4.857107118098070e+02 0.000000000000000e+00 0.000000000000000e+00 0.000000000000000e+00 4.601654354951771e+02 0.000000000000000e+00 0.000000000000000e+00 0.000000000000000e+00 4.529171435046811e+02 4.529171435046811e+02 0.000000000000000e+00
1.620215659213000e+00 4.810361552622163e+02 4.810361552622163e+02 0.000000000000000e+00 0.000000000000000e+00 0.000000000000000e+00 4.557368108108979e+02 0.000000000000000e+00 0.000000000000000e+00 0.000000000000000e+00 4.485581620424691e+02 4.485581620424691e+02 0.000000000000000e+00
1.629569514413000e+00 4.764072947743971e+02 4.764072947743971e+02 0.000000000000000e+00 0.000000000000000e+00 0.000000000000000e+00 4.513515711511150e+02 0.000000000000000e+00 0.000000000000000e+00 0.000000000000000e+00 4.442419278328929e+02 4.442419278328929e+02 0.000000000000000e+00
1.638977343193000e+00 4.718179402745614e+02 4.718179402745614e+02 0.000000000000000e+00 0.000000000000000e+00 0.000000000000000e+00 4.470035710857585e+02 0.000000000000000e+00 0.000000000000000e+00 0.000000000000000e+00 4.399622599420491e+02 4.399622599420491e+02 0.000000000000000e+00
1.648439459850000e+00 4.672747203840050e+02 4.672747203840050e+02 0.000000000000000e+00 0.000000000000000e+00 0.000000000000000e+00 4.426994356767057e+02 0.000000000000000e+00 0.000000000000000e+00 0.000000000000000e+00 4.357258440395997e+02 4.357258440395997e+02 0.000000000000000e+00
1.657956180246000e+00 4.627732221999861e+02 4.627732221999861e+02 0.000000000000000e+00 0.000000000000000e+00 0.000000000000000e+00 4.384347905232439e+02 0.000000000000000e+00 0.000000000000000e+00 0.000000000000000e+00 4.315282829096022e+02 4.315282829096022e+02 0.000000000000000e+00
1.667527821837000e+00 4.583115151702996e+02 4.583115151702996e+02 0.000000000000000e+00 0.000000000000000e+00 0.000000000000000e+00 4.342077358640591e+02 0.000000000000000e+00 0.000000000000000e+00 0.000000000000000e+00 4.273676704781056e+02 4.273676704781056e+02 0.000000000000000e+00
1.677154703698000e+00 4.538950651833998e+02 4.538950651833998e+02 0.000000000000000e+00 0.000000000000000e+00 0.000000000000000e+00 4.300237324588811e+02 0.000000000000000e+00 0.000000000000000e+00 0.000000000000000e+00 4.232495198650115e+02 4.232495198650115e+02 0.000000000000000e+00
1.686837146556000e+00 4.495169987230110e+02 4.495169987230110e+02 0.000000000000000e+00 0.000000000000000e+00 0.000000000000000e+00 4.258759449537880e+02 0.000000000000000e+00 0.000000000000000e+00 0.000000000000000e+00 4.191669462281065e+02 4.191669462281065e+02 0.000000000000000e+00
1.696575472813000e+00 4.451806966385770e+02 4.451806966385770e+02 0.000000000000000e+00 0.000000000000000e+00 0.000000000000000e+00 4.217677567504555e+02 0.000000000000000e+00 0.000000000000000e+00 0.000000000000000e+00 4.151233668103345e+02 4.151233668103345e+02 0.000000000000000e+00
1.706370006572000e+00 4.408863353820614e+02 4.408863353820614e+02 0.000000000000000e+00 0.000000000000000e+00 0.000000000000000e+00 4.176993905065065e+02 0.000000000000000e+00 0.000000000000000e+00 0.000000000000000e+00 4.111190283107464e+02 4.111190283107464e+02 0.000000000000000e+00
1.716221073660000e+00 4.366295397660124e+02 4.366295397660124e+02 0.000000000000000e+00 0.000000000000000e+00 0.000000000000000e+00 4.136664491196861e+02 0.000000000000000e+00 0.000000000000000e+00 0.000000000000000e+00 4.071494781483799e+02 4.071494781483799e+02 0.000000000000000e+00
1.726129001651000e+00 4.324151475175981e+02 4.324151475175981e+02 0.000000000000000e+00 0.000000000000000e+00 0.000000000000000e+00 4.096738283000179e+02 0.000000000000000e+00 0.000000000000000e+00 0.000000000000000e+00 4.032196914529217e+02 4.032196914529217e+02 0.000000000000000e+00
1.736094119892000e+00 4.282387857039827e+02 4.282387857039827e+02 0.000000000000000e+00 0.000000000000000e+00 0.000000000000000e+00 4.057171671258214e+02 0.000000000000000e+00 0.000000000000000e+00 0.000000000000000e+00 3.993252645885046e+02 3.993252645885046e+02 0.000000000000000e+00
1.746116759519000e+00 4.241007224342061e+02 4.241007224342061e+02 0.000000000000000e+00 0.000000000000000e+00 0.000000000000000e+00 4.017967463409112e+02 0.000000000000000e+00 0.000000000000000e+00 0.000000000000000e+00 3.954664889032099e+02 3.954664889032099e+02 0.000000000000000e+00
1.756197253479000e+00 4.200041929893271e+02 4.200041929893271e+02 0.000000000000000e+00 0.000000000000000e+00 0.000000000000000e+00 3.979158040685625e+02 0.000000000000000e+00 0.000000000000000e+00 0.000000000000000e+00 3.916466355583645e+02 3.916466355583645e+02 0.000000000000000e+00
1.766335936554000e+00 4.159427336807116e+02 4.159427336807116e+02 0.000000000000000e+00 0.000000000000000e+00 0.000000000000000e+00 3.940679236729633e+02 0.000000000000000e+00 0.000000000000000e+00 0.000000000000000e+00 3.878592464839001e+02 3.878592464839001e+02 0.000000000000000e+00
1.776533145374000e+00 4.119215369326850e+02 4.119215369326850e+02 0.000000000000000e+00 0.000000000000000e+00 0.000000000000000e+00 3.902583124446974e+02 0.000000000000000e+00 0.000000000000000e+00 0.000000000000000e+00 3.841095864622529e+02 3.841095864622529e+02 0.000000000000000e+00
1.786789218440000e+00 4.079374489192747e+02 4.079374489192747e+02 0.000000000000000e+00 0.000000000000000e+00 0.000000000000000e+00 3.864838158980149e+02 0.000000000000000e+00 0.000000000000000e+00 0.000000000000000e+00 3.803944692178804e+02 3.803944692178804e+02 0.000000000000000e+00
1.797104496139000e+00 4.039893017497697e+02 4.039893017497697e+02 0.000000000000000e+00 0.000000000000000e+00 0.000000000000000e+00 3.827433160038663e+02 0.000000000000000e+00 0.000000000000000e+00 0.000000000000000e+00 3.767127885834863e+02 3.767127885834863e+02 0.000000000000000e+00
1.807479320764000e+00 4.000809186238426e+02 4.000809186238426e+02 0.000000000000000e+00 0.000000000000000e+00 0.000000000000000e+00 3.790406136986387e+02 0.000000000000000e+00 0.000000000000000e+00 0.000000000000000e+00 3.730683731161501e+02 3.730683731161501e+02 0.000000000000000e+00
1.817914036529000e+00 3.962060565362835e+02 3.962060565362835e+02 0.000000000000000e+00 0.000000000000000e+00 0.000000000000000e+00 3.753695172560873e+02 0.000000000000000e+00 0.000000000000000e+00 0.000000000000000e+00 3.694549933746492e+02 3.694549933746492e+02 0.000000000000000e+00
1.828408989587000e+00 3.923702468379276e+02 3.923702468379276e+02 0.000000000000000e+00 0.000000000000000e+00 0.000000000000000e+00 3.717355469113383e+02 0.000000000000000e+00 0.000000000000000e+00 0.000000000000000e+00 3.658782185961163e+02 3.658782185961163e+02 0.000000000000000e+00
1.838964528046000e+00 3.885691545719556e+02 3.885691545719556e+02 0.000000000000000e+00 0.000000000000000e+00 0.000000000000000e+00 3.681344028031873e+02 0.000000000000000e+00 0.000000000000000e+00 0.000000000000000e+00 3.623337224909666e+02 3.623337224909666e+02 0.000000000000000e+00
1.849581001982000e+00 3.848038027738341e+02 3.848038027738341e+02 0.000000000000000e+00 0.000000000000000e+00 0.000000000000000e+00 3.645671067730828e+02 0.000000000000000e+00 0.000000000000000e+00 0.000000000000000e+00 3.588225369831378e+02 3.588225369831378e+02 0.000000000000000e+00
1.860258763459000e+00 3.810747324621491e+02 3.810747324621491e+02 0.000000000000000e+00 0.000000000000000e+00 0.000000000000000e+00 3.610342679251042e+02 0.000000000000000e+00 0.000000000000000e+00 0.000000000000000e+00 3.553453076565692e+02 3.553453076565692e+02 0.000000000000000e+00
1.870998166542000e+00 3.773789442196812e+02 3.773789442196812e+02 0.000000000000000e+00 0.000000000000000e+00 0.000000000000000e+00 3.575328293567714e+02 0.000000000000000e+00 0.000000000000000e+00 0.000000000000000e+00 3.518989230160851e+02 3.518989230160851e+02 0.000000000000000e+00
1.881799567309000e+00 3.737206053448667e+02 3.737206053448667e+02 0.000000000000000e+00 0.000000000000000e+00 0.000000000000000e+00 3.540670120618386e+02 0.000000000000000e+00 0.000000000000000e+00 0.000000000000000e+00 3.484876681386958e+02 3.484876681386958e+02 0.000000000000000e+00
1.892663323870000e+00 3.700945698941853e+02 3.700945698941853e+02 0.000000000000000e+00 0.000000000000000e+00 0.000000000000000e+00 3.506316784016776e+02 0.000000000000000e+00 0.000000000000000e+00 0.000000000000000e+00 3.451063605424585e+02 3.451063605424585e+02 0.000000000000000e+00
1.903589796381000e+00 3.665038014147713e+02 3.665038014147713e+02 0.000000000000000e+00 0.000000000000000e+00 0.000000000000000e+00 3.472298268477233e+02 0.000000000000000e+00 0.000000000000000e+00 0.000000000000000e+00 3.417580443409842e+02 3.417580443409842e+02 0.000000000000000e+00
1.914579347056000e+00 3.629467045444765e+02 3.629467045444765e+02 0.000000000000000e+00 0.000000000000000e+00 0.000000000000000e+00 3.438598605456174e+02 0.000000000000000e+00 0.000000000000000e+00 0.000000000000000e+00 3.384411055593628e+02 3.384411055593628e+02 0.000000000000000e+00
1.925632340182000e+00 3.594220942262118e+02 3.594220942262118e+02 0.000000000000000e+00 0.000000000000000e+00 0.000000000000000e+00 3.405206258328303e+02 0.000000000000000e+00 0.000000000000000e+00 0.000000000000000e+00 3.351543943881411e+02 3.351543943881411e+02 0.000000000000000e+00
1.936749142133000e+00 3.559323957789712e+02 3.559323957789712e+02 0.000000000000000e+00 0.000000000000000e+00 0.000000000000000e+00 3.372145545317538e+02 0.000000000000000e+00 0.000000000000000e+00 0.000000000000000e+00 3.319003695700676e+02 3.319003695700676e+02 0.000000000000000e+00
1.947930121384000e+00 3.524735206395554e+02 3.524735206395554e+02 0.000000000000000e+00 0.000000000000000e+00 0.000000000000000e+00 3.339375657679765e+02 0.000000000000000e+00 0.000000000000000e+00 0.000000000000000e+00 3.286749125163980e+02 3.286749125163980e+02 0.000000000000000e+00
1.959175648526000e+00 3.490498615263662e+02 3.490498615263662e+02 0.000000000000000e+00 0.000000000000000e+00 0.000000000000000e+00 3.306940651986638e+02 0.000000000000000e+00 0.000000000000000e+00 0.000000000000000e+00 3.254824794393713e+02 3.254824794393713e+02 0.000000000000000e+00
1.970486096277000e+00 3.456560570843772e+02 3.456560570843772e+02 0.000000000000000e+00 0.000000000000000e+00 0.000000000000000e+00 3.274787287185646e+02 0.000000000000000e+00 0.000000000000000e+00 0.000000000000000e+00 3.223177111830411e+02 3.223177111830411e+02 0.000000000000000e+00
1.981861839497000e+00 3.422957450883706e+02 3.422957450883706e+02 0.000000000000000e+00 0.000000000000000e+00 0.000000000000000e+00 3.242952177110233e+02 0.000000000000000e+00 0.000000000000000e+00 0.000000000000000e+00 3.191843130059619e+02 3.191843130059619e+02 0.000000000000000e+00
1.993303255202000e+00 3.389663029899812e+02 3.389663029899812e+02 0.000000000000000e+00 0.000000000000000e+00 0.000000000000000e+00 3.211408908184222e+02 0.000000000000000e+00 0.000000000000000e+00 0.000000000000000e+00 3.160796115204217e+02 3.160796115204217e+02 0.000000000000000e+00
2.004810722576000e+00 3.356687043266890e+02 3.356687043266890e+02 0.000000000000000e+00 0.000000000000000e+00 0.000000000000000e+00 3.180167533145108e+02 0.000000000000000e+00 0.000000000000000e+00 0.000000000000000e+00 3.130046357995057e+02 3.130046357995057e+02 0.000000000000000e+00
2.016384622987000e+00 3.324020757433400e+02 3.324020757433400e+02 0.000000000000000e+00 0.000000000000000e+00 0.000000000000000e+00 3.149219718160193e+02 0.000000000000000e+00 0.000000000000000e+00 0.000000000000000e+00 3.099585620147009e+02 3.099585620147009e+02 0.000000000000000e+00
2.028025339996000e+00 3.291658276297605e+02 3.291658276297605e+02 0.000000000000000e+00 0.000000000000000e+00 0.000000000000000e+00 3.118559244306615e+02 0.000000000000000e+00 0.000000000000000e+00 0.000000000000000e+00 3.069407474514113e+02 3.069407474514113e+02 0.000000000000000e+00
2.039733259375000e+00 3.259614931354671e+02 3.259614931354671e+02 0.000000000000000e+00 0.000000000000000e+00 0.000000000000000e+00 3.088201858276112e+02 0.000000000000000e+00 0.000000000000000e+00 0.000000000000000e+00 3.039528015754440e+02 3.039528015754440e+02 0.000000000000000e+00
2.051508769119000e+00 3.227852879366955e+02 3.227852879366955e+02 0.000000000000000e+00 0.000000000000000e+00 0.000000000000000e+00 3.058110042460840e+02 0.000000000000000e+00 0.000000000000000e+00 0.000000000000000e+00 3.009909499049240e+02 3.009909499049240e+02 0.000000000000000e+00
2.063352259458000e+00 3.196415068127243e+02 3.196415068127243e+02 0.000000000000000e+00 0.000000000000000e+00 0.000000000000000e+00 3.028326464861214e+02 0.000000000000000e+00 0.000000000000000e+00 0.000000000000000e+00 2.980594883411552e+02 2.980594883411552e+02 0.000000000000000e+00
2.075264122870000e+00 3.165255032759032e+02 3.165255032759032e+02 0.000000000000000e+00 0.000000000000000e+00 0.000000000000000e+00 2.998804953054462e+02 0.000000000000000e+00 0.000000000000000e+00 0.000000000000000e+00 2.951537686033481e+02 2.951537686033481e+02 0.000000000000000e+00
2.087244754099000e+00 3.134403833324172e+02 3.134403833324172e+02 0.000000000000000e+00 0.000000000000000e+00 0.000000000000000e+00 2.969577120490349e+02 0.000000000000000e+00 0.000000000000000e+00 0.000000000000000e+00 2.922770075780221e+02 2.922770075780221e+02 0.000000000000000e+00
2.099294550162000e+00 3.103833666456272e+02 3.103833666456272e+02 0.000000000000000e+00 0.000000000000000e+00 0.000000000000000e+00 2.940614508623228e+02 0.000000000000000e+00 0.000000000000000e+00 0.000000000000000e+00 2.894263018615280e+02 2.894263018615280e+02 0.000000000000000e+00
2.111413910367000e+00 3.073567464113500e+02 3.073567464113500e+02 0.000000000000000e+00 0.000000000000000e+00 0.000000000000000e+00 2.911940822060021e+02 0.000000000000000e+00 0.000000000000000e+00 0.000000000000000e+00 2.866040805930476e+02 2.866040805930476e+02 0.000000000000000e+00
2.123603236325000e+00 3.043570393947604e+02 3.043570393947604e+02 0.000000000000000e+00 0.000000000000000e+00 0.000000000000000e+00 2.883521247984117e+02 0.000000000000000e+00 0.000000000000000e+00 0.000000000000000e+00 2.838068299958879e+02 2.838068299958879e+02 0.000000000000000e+00
2.135862931965000e+00 3.013874026247375e+02 3.013874026247375e+02 0.000000000000000e+00 0.000000000000000e+00 0.000000000000000e+00 2.855387309570286e+02 0.000000000000000e+00 0.000000000000000e+00 0.000000000000000e+00 2.810377298364708e+02 2.810377298364708e+02 0.000000000000000e+00
2.148193403543000e+00 2.984445586660765e+02 2.984445586660765e+02 0.000000000000000e+00 0.000000000000000e+00 0.000000000000000e+00 2.827506545781064e+02 0.000000000000000e+00 0.000000000000000e+00 0.000000000000000e+00 2.782935182039789e+02 2.782935182039789e+02 0.000000000000000e+00
2.160595059664000e+00 2.955306787979001e+02 2.955306787979001e+02 0.000000000000000e+00 0.000000000000000e+00 0.000000000000000e+00 2.799900722302747e+02 0.000000000000000e+00 0.000000000000000e+00 0.000000000000000e+00 2.755763948666205e+02 2.755763948666205e+02 0.000000000000000e+00
2.173068311286000e+00 2.926437642999107e+02 2.926437642999107e+02 0.000000000000000e+00 0.000000000000000e+00 0.000000000000000e+00 2.772549893199406e+02 0.000000000000000e+00 0.000000000000000e+00 0.000000000000000e+00 2.728843477943720e+02 2.728843477943720e+02 0.000000000000000e+00
2.185613571740000e+00 2.897847236154029e+02 2.897847236154029e+02 0.000000000000000e+00 0.000000000000000e+00 0.000000000000000e+00 2.745463521488858e+02 0.000000000000000e+00 0.000000000000000e+00 0.000000000000000e+00 2.702183496198258e+02 2.702183496198258e+02 0.000000000000000e+00
2.198231256744000e+00 2.869523239854141e+02 2.869523239854141e+02 0.000000000000000e+00 0.000000000000000e+00 0.000000000000000e+00 2.718629199770186e+02 0.000000000000000e+00 0.000000000000000e+00 0.000000000000000e+00 2.675771438894940e+02 2.675771438894940e+02 0.000000000000000e+00
2.210921784414000e+00 2.841473625441291e+02 2.841473625441291e+02 0.000000000000000e+00 0.000000000000000e+00 0.000000000000000e+00 2.692055107224899e+02 0.000000000000000e+00 0.000000000000000e+00 0.000000000000000e+00 2.649615663058189e+02 2.649615663058189e+02 0.000000000000000e+00
2.223685575279000e+00 2.813682921436260e+02 2.813682921436260e+02 0.000000000000000e+00 0.000000000000000e+00 0.000000000000000e+00 2.665726029846377e+02 0.000000000000000e+00 0.000000000000000e+00 0.000000000000000e+00 2.623700917165357e+02 2.623700917165357e+02 0.000000000000000e+00
2.236523052294000e+00 2.786162642524255e+02 2.786162642524255e+02 0.000000000000000e+00 0.000000000000000e+00 0.000000000000000e+00 2.639653411019930e+02 0.000000000000000e+00 0.000000000000000e+00 0.000000000000000e+00 2.598038727143763e+02 2.598038727143763e+02 0.000000000000000e+00
2.249434640858000e+00 2.758900018340852e+02 2.758900018340852e+02 0.000000000000000e+00 0.000000000000000e+00 0.000000000000000e+00 2.613824614167139e+02 0.000000000000000e+00 0.000000000000000e+00 0.000000000000000e+00 2.572616390671046e+02 2.572616390671046e+02 0.000000000000000e+00
2.262420768824000e+00 2.731901120507482e+02 2.731901120507482e+02 0.000000000000000e+00 0.000000000000000e+00 0.000000000000000e+00 2.588245972259784e+02 0.000000000000000e+00 0.000000000000000e+00 0.000000000000000e+00 2.547440421298971e+02 2.547440421298971e+02 0.000000000000000e+00
2.275481866513000e+00 2.705150185782959e+02 2.705150185782959e+02 0.000000000000000e+00 0.000000000000000e+00 0.000000000000000e+00 2.562901912864370e+02 0.000000000000000e+00 0.000000000000000e+00 0.000000000000000e+00 2.522495181055398e+02 2.522495181055398e+02 0.000000000000000e+00
2.288618366734000e+00 2.678659968054435e+02 2.678659968054435e+02 0.000000000000000e+00 0.000000000000000e+00 0.000000000000000e+00 2.537805245329644e+02 0.000000000000000e+00 0.000000000000000e+00 0.000000000000000e+00 2.497793628910953e+02 2.497793628910953e+02 0.000000000000000e+00
2.301830704790000e+00 2.652412365955884e+02 2.652412365955884e+02 0.000000000000000e+00 0.000000000000000e+00 0.000000000000000e+00 2.512937989799710e+02 0.000000000000000e+00 0.000000000000000e+00 0.000000000000000e+00 2.473317666330564e+02 2.473317666330564e+02 0.000000000000000e+00
2.315119318500000e+00 2.626432016774659e+02 2.626432016774659e+02 0.000000000000000e+00 0.000000000000000e+00 0.000000000000000e+00 2.488324432304827e+02 0.000000000000000e+00 0.000000000000000e+00 0.000000000000000e+00 2.449091658380048e+02 2.449091658380048e+02 0.000000000000000e+00
2.328484648208000e+00 2.600683316519958e+02 2.600683316519958e+02 0.000000000000000e+00 0.000000000000000e+00 0.000000000000000e+00 2.463929779525883e+02 0.000000000000000e+00 0.000000000000000e+00 0.000000000000000e+00 2.425080835107127e+02 2.425080835107127e+02 0.000000000000000e+00
2.341927136803000e+00 2.575193970726590e+02 2.575193970726590e+02 0.000000000000000e+00 0.000000000000000e+00 0.000000000000000e+00 2.439781464004244e+02 0.000000000000000e+00 0.000000000000000e+00 0.000000000000000e+00 2.401312780535252e+02 2.401312780535252e+02 0.000000000000000e+00
2.355447229728000e+00 2.549930381121091e+02 2.549930381121091e+02 0.000000000000000e+00 0.000000000000000e+00 0.000000000000000e+00 2.415846353476799e+02 0.000000000000000e+00 0.000000000000000e+00 0.000000000000000e+00 2.377754246378086e+02 2.377754246378086e+02 0.000000000000000e+00
2.369045374997000e+00 2.524924703993833e+02 2.524924703993833e+02 0.000000000000000e+00 0.000000000000000e+00 0.000000000000000e+00 2.392156294745720e+02 0.000000000000000e+00 0.000000000000000e+00 0.000000000000000e+00 2.354437258691470e+02 2.354437258691470e+02 0.000000000000000e+00
2.382722023213000e+00 2.500141946486969e+02 2.500141946486969e+02 0.000000000000000e+00 0.000000000000000e+00 0.000000000000000e+00 2.368676699496259e+02 0.000000000000000e+00 0.000000000000000e+00 0.000000000000000e+00 2.331327069928197e+02 2.331327069928197e+02 0.000000000000000e+00
2.396477627579000e+00 2.475608877796850e+02 2.475608877796850e+02 0.000000000000000e+00 0.000000000000000e+00 0.000000000000000e+00 2.345434357113282e+02 0.000000000000000e+00 0.000000000000000e+00 0.000000000000000e+00 2.308450746041738e+02 2.308450746041738e+02 0.000000000000000e+00
2.410312643914000e+00 2.451299418811839e+02 2.451299418811839e+02 0.000000000000000e+00 0.000000000000000e+00 0.000000000000000e+00 2.322403210661229e+02 0.000000000000000e+00 0.000000000000000e+00 0.000000000000000e+00 2.285781981945424e+02 2.285781981945424e+02 0.000000000000000e+00
2.424227530668000e+00 2.427229083998600e+02 2.427229083998600e+02 0.000000000000000e+00 0.000000000000000e+00 0.000000000000000e+00 2.299599140059559e+02 0.000000000000000e+00 0.000000000000000e+00 0.000000000000000e+00 2.263336985598676e+02 2.263336985598676e+02 0.000000000000000e+00
2.438222748939000e+00 2.403380744168184e+02 2.403380744168184e+02 0.000000000000000e+00 0.000000000000000e+00 0.000000000000000e+00 2.277004990845112e+02 0.000000000000000e+00 0.000000000000000e+00 0.000000000000000e+00 2.241098414372570e+02 2.241098414372570e+02 0.000000000000000e+00
2.452298762486000e+00 2.379764860381031e+02 2.379764860381031e+02 0.000000000000000e+00 0.000000000000000e+00 0.000000000000000e+00 2.254631272447334e+02 0.000000000000000e+00 0.000000000000000e+00 0.000000000000000e+00 2.219076910919004e+02 2.219076910919004e+02 0.000000000000000e+00
2.466456037745000e+00 2.356374747760653e+02 2.356374747760653e+02 0.000000000000000e+00 0.000000000000000e+00 0.000000000000000e+00 2.232471439525144e+02 0.000000000000000e+00 0.000000000000000e+00 0.000000000000000e+00 2.197265925093210e+02 2.197265925093210e+02 0.000000000000000e+00
2.480695043845000e+00 2.333191339520163e+02 2.333191339520163e+02 0.000000000000000e+00 0.000000000000000e+00 0.000000000000000e+00 2.210507227268494e+02 0.000000000000000e+00 0.000000000000000e+00 0.000000000000000e+00 2.175647380704632e+02 2.175647380704632e+02 0.000000000000000e+00
2.495016252624000e+00 2.310259460965960e+02 2.310259460965960e+02 0.000000000000000e+00 0.000000000000000e+00 0.000000000000000e+00 2.188781712238399e+02 0.000000000000000e+00 0.000000000000000e+00 0.000000000000000e+00 2.154263971203465e+02 2.154263971203465e+02 0.000000000000000e+00
2.509420138643000e+00 2.287525056824503e+02 2.287525056824503e+02 0.000000000000000e+00 0.000000000000000e+00 0.000000000000000e+00 2.167242745342034e+02 0.000000000000000e+00 0.000000000000000e+00 0.000000000000000e+00 2.133063915695576e+02 2.133063915695576e+02 0.000000000000000e+00
2.523907179202000e+00 2.265021821360611e+02 2.265021821360611e+02 0.000000000000000e+00 0.000000000000000e+00 0.000000000000000e+00 2.145923393373699e+02 0.000000000000000e+00 0.000000000000000e+00 0.000000000000000e+00 2.112080306106740e+02 2.112080306106740e+02 0.000000000000000e+00
2.538477854360000e+00 2.242716427209870e+02 2.242716427209870e+02 0.000000000000000e+00 0.000000000000000e+00 0.000000000000000e+00 2.124790782147059e+02 0.000000000000000e+00 0.000000000000000e+00 0.000000000000000e+00 2.091280231599175e+02 2.091280231599175e+02 0.000000000000000e+00
2.553132646943000e+00 2.220638808214067e+02 2.220638808214067e+02 0.000000000000000e+00 0.000000000000000e+00 0.000000000000000e+00 2.103874648368133e+02 0.000000000000000e+00 0.000000000000000e+00 0.000000000000000e+00 2.070693425618448e+02 2.070693425618448e+02 0.000000000000000e+00
2.567872042566000e+00 2.198765668605410e+02 2.198765668605410e+02 0.000000000000000e+00 0.000000000000000e+00 0.000000000000000e+00 2.083151911858915e+02 0.000000000000000e+00 0.000000000000000e+00 0.000000000000000e+00 2.050296884502464e+02 2.050296884502464e+02 0.000000000000000e+00
2.582696529649000e+00 2.177101579945170e+02 2.177101579945170e+02 0.000000000000000e+00 0.000000000000000e+00 0.000000000000000e+00 2.062627157895817e+02 0.000000000000000e+00 0.000000000000000e+00 0.000000000000000e+00 2.030095171824417e+02 2.030095171824417e+02 0.000000000000000e+00
2.597606599430000e+00 2.155648806619611e+02 2.155648806619611e+02 0.000000000000000e+00 0.000000000000000e+00 0.000000000000000e+00 2.042302925742596e+02 0.000000000000000e+00 0.000000000000000e+00 0.000000000000000e+00 2.010090981452364e+02 2.010090981452364e+02 0.000000000000000e+00
2.612602745983000e+00 2.134394254288719e+02 2.134394254288719e+02 0.000000000000000e+00 0.000000000000000e+00 0.000000000000000e+00 2.022166034359440e+02 0.000000000000000e+00 0.000000000000000e+00 0.000000000000000e+00 1.990270950274728e+02 1.990270950274728e+02 0.000000000000000e+00
2.627685466234000e+00 2.113349546463637e+02 2.113349546463637e+02 0.000000000000000e+00 0.000000000000000e+00 0.000000000000000e+00 2.002228358934975e+02 0.000000000000000e+00 0.000000000000000e+00 0.000000000000000e+00 1.970647244058819e+02 1.970647244058819e+02 0.000000000000000e+00
2.642855259980000e+00 2.092499095024035e+02 2.092499095024035e+02 0.000000000000000e+00 0.000000000000000e+00 0.000000000000000e+00 1.982474418868180e+02 0.000000000000000e+00 0.000000000000000e+00 0.000000000000000e+00 1.951204199289232e+02 1.951204199289232e+02 0.000000000000000e+00
2.658112629900000e+00 2.071857486218405e+02 2.071857486218405e+02 0.000000000000000e+00 0.000000000000000e+00 0.000000000000000e+00 1.962918441821613e+02 0.000000000000000e+00 0.000000000000000e+00 0.000000000000000e+00 1.931956063717454e+02 1.931956063717454e+02 0.000000000000000e+00
2.673458081579000e+00 2.051413771148648e+02 2.051413771148648e+02 0.000000000000000e+00 0.000000000000000e+00 0.000000000000000e+00 1.943550126260500e+02 0.000000000000000e+00 0.000000000000000e+00 0.000000000000000e+00 1.912892714888286e+02 1.912892714888286e+02 0.000000000000000e+00
2.688892123516000e+00 2.031155356349226e+02 2.031155356349226e+02 0.000000000000000e+00 0.000000000000000e+00 0.000000000000000e+00 1.924356958174900e+02 0.000000000000000e+00 0.000000000000000e+00 0.000000000000000e+00 1.894001568130440e+02 1.894001568130440e+02 0.000000000000000e+00
2.704415267150000e+00 2.011098811678850e+02 2.011098811678850e+02 0.000000000000000e+00 0.000000000000000e+00 0.000000000000000e+00 1.905355485513667e+02 0.000000000000000e+00 0.000000000000000e+00 0.000000000000000e+00 1.875299318615674e+02 1.875299318615674e+02 0.000000000000000e+00
2.720028026871000e+00 1.991230418518636e+02 1.991230418518636e+02 0.000000000000000e+00 0.000000000000000e+00 0.000000000000000e+00 1.886531947100611e+02 0.000000000000000e+00 0.000000000000000e+00 0.000000000000000e+00 1.856772044421576e+02 1.856772044421576e+02 0.000000000000000e+00
2.735730920036000e+00 1.971554491052685e+02 1.971554491052685e+02 0.000000000000000e+00 0.000000000000000e+00 0.000000000000000e+00 1.867890799064805e+02 0.000000000000000e+00 0.000000000000000e+00 0.000000000000000e+00 1.838424315954898e+02 1.838424315954898e+02 0.000000000000000e+00
2.751524466994000e+00 1.952068173886295e+02 1.952068173886295e+02 0.000000000000000e+00 0.000000000000000e+00 0.000000000000000e+00 1.849429525772958e+02 0.000000000000000e+00 0.000000000000000e+00 0.000000000000000e+00 1.820253744310141e+02 1.820253744310141e+02 0.000000000000000e+00
2.767409191092000e+00 1.932764923875115e+02 1.932764923875115e+02 0.000000000000000e+00 0.000000000000000e+00 0.000000000000000e+00 1.831141297552069e+02 0.000000000000000e+00 0.000000000000000e+00 0.000000000000000e+00 1.802253299602363e+02 1.802253299602363e+02 0.000000000000000e+00
2.783385618704000e+00 1.913652958707170e+02 1.913652958707170e+02 0.000000000000000e+00 0.000000000000000e+00 0.000000000000000e+00 1.813034632302318e+02 0.000000000000000e+00 0.000000000000000e+00 0.000000000000000e+00 1.784431725790104e+02 1.784431725790104e+02 0.000000000000000e+00
2.799454279239000e+00 1.894719517443388e+02 1.894719517443388e+02 0.000000000000000e+00 0.000000000000000e+00 0.000000000000000e+00 1.795097008176974e+02 0.000000000000000e+00 0.000000000000000e+00 0.000000000000000e+00 1.766776485085506e+02 1.766776485085506e+02 0.000000000000000e+00
2.815615705164000e+00 1.875964381799719e+02 1.875964381799719e+02 0.000000000000000e+00 0.000000000000000e+00 0.000000000000000e+00 1.777328108599555e+02 0.000000000000000e+00 0.000000000000000e+00 0.000000000000000e+00 1.749287215119155e+02 1.749287215119155e+02 0.000000000000000e+00
2.831870432018000e+00 1.857398245849914e+02 1.857398245849914e+02 0.000000000000000e+00 0.000000000000000e+00 0.000000000000000e+00 1.759738633655815e+02 0.000000000000000e+00 0.000000000000000e+00 0.000000000000000e+00 1.731974719274676e+02 1.731974719274676e+02 0.000000000000000e+00
2.848218998435000e+00 1.839003566735577e+02 1.839003566735577e+02 0.000000000000000e+00 0.000000000000000e+00 0.000000000000000e+00 1.742311315680442e+02 0.000000000000000e+00 0.000000000000000e+00 0.000000000000000e+00 1.714821691983506e+02 1.714821691983506e+02 0.000000000000000e+00
2.864661946156000e+00 1.820785418046351e+02 1.820785418046351e+02 0.000000000000000e+00 0.000000000000000e+00 0.000000000000000e+00 1.725051247243538e+02 0.000000000000000e+00 0.000000000000000e+00 0.000000000000000e+00 1.697833281825613e+02 1.697833281825613e+02 0.000000000000000e+00
2.881199820050000e+00 1.802746617086618e+02 1.802746617086618e+02 0.000000000000000e+00 0.000000000000000e+00 0.000000000000000e+00 1.707961350382082e+02 0.000000000000000e+00 0.000000000000000e+00 0.000000000000000e+00 1.681012491571038e+02 1.681012491571038e+02 0.000000000000000e+00
2.897833168132000e+00 1.784878282093788e+02 1.784878282093788e+02 0.000000000000000e+00 0.000000000000000e+00 0.000000000000000e+00 1.691032634290802e+02 0.000000000000000e+00 0.000000000000000e+00 0.000000000000000e+00 1.664350189322549e+02 1.664350189322549e+02 0.000000000000000e+00
2.914562541580000e+00 1.767180855400876e+02 1.767180855400876e+02 0.000000000000000e+00 0.000000000000000e+00 0.000000000000000e+00 1.674265947538349e+02 0.000000000000000e+00 0.000000000000000e+00 0.000000000000000e+00 1.647847420283256e+02 1.647847420283256e+02 0.000000000000000e+00
2.931388494755000e+00 1.749657495812735e+02 1.749657495812735e+02 0.000000000000000e+00 0.000000000000000e+00 0.000000000000000e+00 1.657664348904552e+02 0.000000000000000e+00 0.000000000000000e+00 0.000000000000000e+00 1.631507223599000e+02 1.631507223599000e+02 0.000000000000000e+00
2.948311585218000e+00 1.732296096171836e+02 1.732296096171836e+02 0.000000000000000e+00 0.000000000000000e+00 0.000000000000000e+00 1.641215885420230e+02 0.000000000000000e+00 0.000000000000000e+00 0.000000000000000e+00 1.615317605726543e+02 1.615317605726543e+02 0.000000000000000e+00
2.965332373748000e+00 1.715104363712451e+02 1.715104363712451e+02 0.000000000000000e+00 0.000000000000000e+00 0.000000000000000e+00 1.624928310308439e+02 0.000000000000000e+00 0.000000000000000e+00 0.000000000000000e+00 1.599286411552171e+02 1.599286411552171e+02 0.000000000000000e+00
2.982451424362000e+00 1.698080348246324e+02 1.698080348246324e+02 0.000000000000000e+00 0.000000000000000e+00 0.000000000000000e+00 1.608799771660456e+02 0.000000000000000e+00 0.000000000000000e+00 0.000000000000000e+00 1.583411816760686e+02 1.583411816760686e+02 0.000000000000000e+00
2.999669304335000e+00 1.681214881110220e+02 1.681214881110220e+02 0.000000000000000e+00 0.000000000000000e+00 0.000000000000000e+00 1.592821172187541e+02 0.000000000000000e+00 0.000000000000000e+00 0.000000000000000e+00 1.567684665991703e+02 1.567684665991703e+02 0.000000000000000e+00
3.016986584213000e+00 1.664513611459024e+02 1.664513611459024e+02 0.000000000000000e+00 0.000000000000000e+00 0.000000000000000e+00 1.576998250373998e+02 0.000000000000000e+00 0.000000000000000e+00 0.000000000000000e+00 1.552110796944901e+02 1.552110796944901e+02 0.000000000000000e+00
3.034403837839000e+00 1.647975314143811e+02 1.647975314143811e+02 0.000000000000000e+00 0.000000000000000e+00 0.000000000000000e+00 1.561329885203038e+02 0.000000000000000e+00 0.000000000000000e+00 0.000000000000000e+00 1.536689126125100e+02 1.536689126125100e+02 0.000000000000000e+00
3.051921642368000e+00 1.631593872810076e+02 1.631593872810076e+02 0.000000000000000e+00 0.000000000000000e+00 0.000000000000000e+00 1.545809890919674e+02 0.000000000000000e+00 0.000000000000000e+00 0.000000000000000e+00 1.521413371287174e+02 1.521413371287174e+02 0.000000000000000e+00
3.069540578286000e+00 1.615368436862325e+02 1.615368436862325e+02 0.000000000000000e+00 0.000000000000000e+00 0.000000000000000e+00 1.530437733957151e+02 0.000000000000000e+00 0.000000000000000e+00 0.000000000000000e+00 1.506283144107640e+02 1.506283144107640e+02 0.000000000000000e+00
3.087261229430000e+00 1.599304240815208e+02 1.599304240815208e+02 0.000000000000000e+00 0.000000000000000e+00 0.000000000000000e+00 1.515218532909040e+02 0.000000000000000e+00 0.000000000000000e+00 0.000000000000000e+00 1.491303558048915e+02 1.491303558048915e+02 0.000000000000000e+00
3.105084183011000e+00 1.583392081947587e+02 1.583392081947587e+02 0.000000000000000e+00 0.000000000000000e+00 0.000000000000000e+00 1.500143197617162e+02 0.000000000000000e+00 0.000000000000000e+00 0.000000000000000e+00 1.476465485786909e+02 1.476465485786909e+02 0.000000000000000e+00
3.123010029625000e+00 1.567627285073507e+02 1.567627285073507e+02 0.000000000000000e+00 0.000000000000000e+00 0.000000000000000e+00 1.485207399189031e+02 0.000000000000000e+00 0.000000000000000e+00 0.000000000000000e+00 1.461764717162969e+02 1.461764717162969e+02 0.000000000000000e+00
3.141039363281000e+00 1.552021963344576e+02 1.552021963344576e+02 0.000000000000000e+00 0.000000000000000e+00 0.000000000000000e+00 1.470422893127773e+02 0.000000000000000e+00 0.000000000000000e+00 0.000000000000000e+00 1.447212957187520e+02 1.447212957187520e+02 0.000000000000000e+00
3.159172781416000e+00 1.536566232985020e+02 1.536566232985020e+02 0.000000000000000e+00 0.000000000000000e+00 0.000000000000000e+00 1.455780061831885e+02 0.000000000000000e+00 0.000000000000000e+00 0.000000000000000e+00 1.432800615376327e+02 1.432800615376327e+02 0.000000000000000e+00
3.177410884917000e+00 1.521253896350246e+02 1.521253896350246e+02 0.000000000000000e+00 0.000000000000000e+00 0.000000000000000e+00 1.441272911528206e+02 0.000000000000000e+00 0.000000000000000e+00 0.000000000000000e+00 1.418521733661041e+02 1.418521733661041e+02 0.000000000000000e+00
3.195754278138000e+00 1.506092662028202e+02 1.506092662028202e+02 0.000000000000000e+00 0.000000000000000e+00 0.000000000000000e+00 1.426909038864617e+02 0.000000000000000e+00 0.000000000000000e+00 0.000000000000000e+00 1.404383930370326e+02 1.404383930370326e+02 0.000000000000000e+00
3.214203568924000e+00 1.491077788775246e+02 1.491077788775246e+02 0.000000000000000e+00 0.000000000000000e+00 0.000000000000000e+00 1.412683935516837e+02 0.000000000000000e+00 0.000000000000000e+00 0.000000000000000e+00 1.390382762377123e+02 1.390382762377123e+02 0.000000000000000e+00
3.232759368627000e+00 1.476204978049401e+02 1.476204978049401e+02 0.000000000000000e+00 0.000000000000000e+00 0.000000000000000e+00 1.398593272444204e+02 0.000000000000000e+00 0.000000000000000e+00 0.000000000000000e+00 1.376513840211536e+02 1.376513840211536e+02 0.000000000000000e+00
3.251422292132000e+00 1.461475585021224e+02 1.461475585021224e+02 0.000000000000000e+00 0.000000000000000e+00 0.000000000000000e+00 1.384638431568787e+02 0.000000000000000e+00 0.000000000000000e+00 0.000000000000000e+00 1.362778573835181e+02 1.362778573835181e+02 0.000000000000000e+00
3.270192957870000e+00 1.446889819509411e+02 1.446889819509411e+02 0.000000000000000e+00 0.000000000000000e+00 0.000000000000000e+00 1.370819817896605e+02 0.000000000000000e+00 0.000000000000000e+00 0.000000000000000e+00 1.349177462796123e+02 1.349177462796123e+02 0.000000000000000e+00
3.289071987843000e+00 1.432446019585864e+02 1.432446019585864e+02 0.000000000000000e+00 0.000000000000000e+00 0.000000000000000e+00 1.357135727287769e+02 0.000000000000000e+00 0.000000000000000e+00 0.000000000000000e+00 1.335708760715478e+02 1.335708760715478e+02 0.000000000000000e+00
3.308060007646000e+00 1.418134708350817e+02 1.418134708350817e+02 0.000000000000000e+00 0.000000000000000e+00 0.000000000000000e+00 1.343577003557467e+02 0.000000000000000e+00 0.000000000000000e+00 0.000000000000000e+00 1.322363378431986e+02 1.322363378431986e+02 0.000000000000000e+00
3.327157646484000e+00 1.403967298137910e+02 1.403967298137910e+02 0.000000000000000e+00 0.000000000000000e+00 0.000000000000000e+00 1.330154617782988e+02 0.000000000000000e+00 0.000000000000000e+00 0.000000000000000e+00 1.309152184321590e+02 1.309152184321590e+02 0.000000000000000e+00
3.346365537194000e+00 1.389935785106156e+02 1.389935785106156e+02 0.000000000000000e+00 0.000000000000000e+00 0.000000000000000e+00 1.316861114206180e+02 0.000000000000000e+00 0.000000000000000e+00 0.000000000000000e+00 1.296067905168611e+02 1.296067905168611e+02 0.000000000000000e+00
3.365684316267000e+00 1.376035225214163e+02 1.376035225214163e+02 0.000000000000000e+00 0.000000000000000e+00 0.000000000000000e+00 1.303691673600228e+02 0.000000000000000e+00 0.000000000000000e+00 0.000000000000000e+00 1.283105731651333e+02 1.283105731651333e+02 0.000000000000000e+00
3.385114623869000e+00 1.362273970751362e+02 1.362273970751362e+02 0.000000000000000e+00 0.000000000000000e+00 0.000000000000000e+00 1.290654088689607e+02 0.000000000000000e+00 0.000000000000000e+00 0.000000000000000e+00 1.270273275797207e+02 1.270273275797207e+02 0.000000000000000e+00
3.404657103860000e+00 1.348640864139120e+02 1.348640864139120e+02 0.000000000000000e+00 0.000000000000000e+00 0.000000000000000e+00 1.277737900904322e+02 0.000000000000000e+00 0.000000000000000e+00 0.000000000000000e+00 1.257560296456309e+02 1.257560296456309e+02 0.000000000000000e+00
3.424312403820000e+00 1.335143691972461e+02 1.335143691972461e+02 0.000000000000000e+00 0.000000000000000e+00 0.000000000000000e+00 1.264950606437096e+02 0.000000000000000e+00 0.000000000000000e+00 0.000000000000000e+00 1.244974230487030e+02 1.244974230487030e+02 0.000000000000000e+00
3.444081175065000e+00 1.321773577004421e+02 1.321773577004421e+02 0.000000000000000e+00 0.000000000000000e+00 0.000000000000000e+00 1.252283717297105e+02 0.000000000000000e+00 0.000000000000000e+00 0.000000000000000e+00 1.232506687066923e+02 1.232506687066923e+02 0.000000000000000e+00
3.463964072672000e+00 1.308533992524249e+02 1.308533992524249e+02 0.000000000000000e+00 0.000000000000000e+00 0.000000000000000e+00 1.239740408605889e+02 0.000000000000000e+00 0.000000000000000e+00 0.000000000000000e+00 1.220160729098710e+02 1.220160729098710e+02 0.000000000000000e+00
3.483961755499000e+00 1.295417248163385e+02 1.295417248163385e+02 0.000000000000000e+00 0.000000000000000e+00 0.000000000000000e+00 1.227313421754435e+02 0.000000000000000e+00 0.000000000000000e+00 0.000000000000000e+00 1.207929230614101e+02 1.207929230614101e+02 0.000000000000000e+00
3.504074886209000e+00 1.282429921751497e+02 1.282429921751497e+02 0.000000000000000e+00 0.000000000000000e+00 0.000000000000000e+00 1.215009105830365e+02 0.000000000000000e+00 0.000000000000000e+00 0.000000000000000e+00 1.195818497803832e+02 1.195818497803832e+02 0.000000000000000e+00
3.524304131290000e+00 1.269568390939164e+02 1.269568390939164e+02 0.000000000000000e+00 0.000000000000000e+00 0.000000000000000e+00 1.202824047286309e+02 0.000000000000000e+00 0.000000000000000e+00 0.000000000000000e+00 1.183825176950464e+02 1.183825176950464e+02 0.000000000000000e+00
3.544650161078000e+00 1.256831605020659e+02 1.256831605020659e+02 0.000000000000000e+00 0.000000000000000e+00 0.000000000000000e+00 1.190757154389512e+02 0.000000000000000e+00 0.000000000000000e+00 0.000000000000000e+00 1.171948148724700e+02 1.171948148724700e+02 0.000000000000000e+00
3.565113649777000e+00 1.244215363608218e+02 1.244215363608218e+02 0.000000000000000e+00 0.000000000000000e+00 0.000000000000000e+00 1.178804389581602e+02 0.000000000000000e+00 0.000000000000000e+00 0.000000000000000e+00 1.160183409735819e+02 1.160183409735819e+02 0.000000000000000e+00
3.585695275485000e+00 1.231721527519708e+02 1.231721527519708e+02 0.000000000000000e+00 0.000000000000000e+00 0.000000000000000e+00 1.166967566800004e+02 0.000000000000000e+00 0.000000000000000e+00 0.000000000000000e+00 1.148532770342150e+02 1.148532770342150e+02 0.000000000000000e+00
3.606395720215000e+00 1.219346846206538e+02 1.219346846206538e+02 0.000000000000000e+00 0.000000000000000e+00 0.000000000000000e+00 1.155243681678289e+02 0.000000000000000e+00 0.000000000000000e+00 0.000000000000000e+00 1.136993309682610e+02 1.136993309682610e+02 0.000000000000000e+00
3.627215669917000e+00 1.207093132775761e+02 1.207093132775761e+02 0.000000000000000e+00 0.000000000000000e+00 0.000000000000000e+00 1.143634459557187e+02 0.000000000000000e+00 0.000000000000000e+00 0.000000000000000e+00 1.125566731959594e+02 1.125566731959594e+02 0.000000000000000e+00
3.648155814501000e+00 1.194957857772176e+02 1.194957857772176e+02 0.000000000000000e+00 0.000000000000000e+00 0.000000000000000e+00 1.132137444968573e+02 0.000000000000000e+00 0.000000000000000e+00 0.000000000000000e+00 1.114250588444104e+02 1.114250588444104e+02 0.000000000000000e+00
3.669216847858000e+00 1.182937852240144e+02 1.182937852240144e+02 0.000000000000000e+00 0.000000000000000e+00 0.000000000000000e+00 1.120749584075918e+02 0.000000000000000e+00 0.000000000000000e+00 0.000000000000000e+00 1.103041849897779e+02 1.103041849897779e+02 0.000000000000000e+00
3.690399467888000e+00 1.171033507848382e+02 1.171033507848382e+02 0.000000000000000e+00 0.000000000000000e+00 0.000000000000000e+00 1.109471261958982e+02 0.000000000000000e+00 0.000000000000000e+00 0.000000000000000e+00 1.091940901106973e+02 1.091940901106973e+02 0.000000000000000e+00
3.711704376518000e+00 1.159244144949079e+02 1.159244144949079e+02 0.000000000000000e+00 0.000000000000000e+00 0.000000000000000e+00 1.098301887791195e+02 0.000000000000000e+00 0.000000000000000e+00 0.000000000000000e+00 1.080947185178220e+02 1.080947185178220e+02 0.000000000000000e+00
3.733132279727000e+00 1.147569656085405e+02 1.147569656085405e+02 0.000000000000000e+00 0.000000000000000e+00 0.000000000000000e+00 1.087241390378322e+02 0.000000000000000e+00 0.000000000000000e+00 0.000000000000000e+00 1.070060649711868e+02 1.070060649711868e+02 0.000000000000000e+00
3.754683887572000e+00 1.136006494182921e+02 1.136006494182921e+02 0.000000000000000e+00 0.000000000000000e+00 0.000000000000000e+00 1.076286398263540e+02 0.000000000000000e+00 0.000000000000000e+00 0.000000000000000e+00 1.059277968570318e+02 1.059277968570318e+02 0.000000000000000e+00
3.776359914206000e+00 1.124555944827055e+02 1.124555944827055e+02 0.000000000000000e+00 0.000000000000000e+00 0.000000000000000e+00 1.065438092510724e+02 0.000000000000000e+00 0.000000000000000e+00 0.000000000000000e+00 1.048600286473008e+02 1.048600286473008e+02 0.000000000000000e+00
3.798161077908000e+00 1.113214891175260e+02 1.113214891175260e+02 0.000000000000000e+00 0.000000000000000e+00 0.000000000000000e+00 1.054693492395455e+02 0.000000000000000e+00 0.000000000000000e+00 0.000000000000000e+00 1.038024656495037e+02 1.038024656495037e+02 0.000000000000000e+00
3.820088101102000e+00 1.101980322220003e+02 1.101980322220003e+02 0.000000000000000e+00 0.000000000000000e+00 0.000000000000000e+00 1.044049745293277e+02 0.000000000000000e+00 0.000000000000000e+00 0.000000000000000e+00 1.027548271383841e+02 1.027548271383841e+02 0.000000000000000e+00
3.842141710382000e+00 1.090856298876409e+02 1.090856298876409e+02 0.000000000000000e+00 0.000000000000000e+00 0.000000000000000e+00 1.033510721824956e+02 0.000000000000000e+00 0.000000000000000e+00 0.000000000000000e+00 1.017174952311166e+02 1.017174952311166e+02 0.000000000000000e+00
3.864322636537000e+00 1.079837877544956e+02 1.079837877544956e+02 0.000000000000000e+00 0.000000000000000e+00 0.000000000000000e+00 1.023071764870801e+02 0.000000000000000e+00 0.000000000000000e+00 0.000000000000000e+00 1.006900126793377e+02 1.006900126793377e+02 0.000000000000000e+00
3.886631614577000e+00 1.068927894615505e+02 1.068927894615505e+02 0.000000000000000e+00 0.000000000000000e+00 0.000000000000000e+00 1.012735571726804e+02 0.000000000000000e+00 0.000000000000000e+00 0.000000000000000e+00 9.967264545024166e+01 9.967264545024166e+01 0.000000000000000e+00
3.909069383752000e+00 1.058122911985147e+02 1.058122911985147e+02 0.000000000000000e+00 0.000000000000000e+00 0.000000000000000e+00 1.002498874228405e+02 0.000000000000000e+00 0.000000000000000e+00 0.000000000000000e+00 9.866507149601424e+01 9.866507149601424e+01 0.000000000000000e+00
3.931636687583000e+00 1.047420894962664e+02 1.047420894962664e+02 0.000000000000000e+00 0.000000000000000e+00 0.000000000000000e+00 9.923597321110911e+01 0.000000000000000e+00 0.000000000000000e+00 0.000000000000000e+00 9.766709908708724e+01 9.766709908708724e+01 0.000000000000000e+00
3.954334273880000e+00 1.036820338200821e+02 1.036820338200821e+02 0.000000000000000e+00 0.000000000000000e+00 0.000000000000000e+00 9.823167029822361e+01 0.000000000000000e+00 0.000000000000000e+00 0.000000000000000e+00 9.667858548634885e+01 9.667858548634885e+01 0.000000000000000e+00
3.977162894773000e+00 1.026325032800894e+02 1.026325032800894e+02 0.000000000000000e+00 0.000000000000000e+00 0.000000000000000e+00 9.723733733362451e+01 0.000000000000000e+00 0.000000000000000e+00 0.000000000000000e+00 9.569988344280084e+01 9.569988344280084e+01 0.000000000000000e+00
4.000123306733000e+00 1.015928848778990e+02 1.015928848778990e+02 0.000000000000000e+00 0.000000000000000e+00 0.000000000000000e+00 9.625239399025493e+01 0.000000000000000e+00 0.000000000000000e+00 0.000000000000000e+00 9.473042185468178e+01 9.473042185468178e+01 0.000000000000000e+00
4.023216270598000e+00 1.005632153594200e+02 1.005632153594200e+02 0.000000000000000e+00 0.000000000000000e+00 0.000000000000000e+00 9.527687582108017e+01 0.000000000000000e+00 0.000000000000000e+00 0.000000000000000e+00 9.377023612437928e+01 9.377023612437928e+01 0.000000000000000e+00
4.046442551597000e+00 9.954355327817633e+01 9.954355327817633e+01 0.000000000000000e+00 0.000000000000000e+00 0.000000000000000e+00 9.431083873721367e+01 0.000000000000000e+00 0.000000000000000e+00 0.000000000000000e+00 9.281938183153083e+01 9.281938183153083e+01 0.000000000000000e+00
4.069802919381000e+00 9.853366716666719e+01 9.853366716666719e+01 0.000000000000000e+00 0.000000000000000e+00 0.000000000000000e+00 9.335406446426646e+01 0.000000000000000e+00 0.000000000000000e+00 0.000000000000000e+00 9.187764411788065e+01 9.187764411788065e+01 0.000000000000000e+00
4.093298148039000e+00 9.753334718561257e+01 9.753334718561257e+01 0.000000000000000e+00 0.000000000000000e+00 0.000000000000000e+00 9.240635430948863e+01 0.000000000000000e+00 0.000000000000000e+00 0.000000000000000e+00 9.094482770755221e+01 9.094482770755221e+01 0.000000000000000e+00
4.116929016132000e+00 9.654249861830962e+01 9.654249861830962e+01 0.000000000000000e+00 0.000000000000000e+00 0.000000000000000e+00 9.146761835251078e+01 0.000000000000000e+00 0.000000000000000e+00 0.000000000000000e+00 9.002084395071688e+01 9.002084395071688e+01 0.000000000000000e+00
4.140696306716000e+00 9.556175928831560e+01 9.556175928831560e+01 0.000000000000000e+00 0.000000000000000e+00 0.000000000000000e+00 9.053846052408151e+01 0.000000000000000e+00 0.000000000000000e+00 0.000000000000000e+00 8.910628716177986e+01 8.910628716177986e+01 0.000000000000000e+00
4.164600807366000e+00 9.459016228196133e+01 9.459016228196133e+01 0.000000000000000e+00 0.000000000000000e+00 0.000000000000000e+00 8.961796486544546e+01 0.000000000000000e+00 0.000000000000000e+00 0.000000000000000e+00 8.820025557558080e+01 8.820025557558080e+01 0.000000000000000e+00
4.188643310204000e+00 9.362778762078281e+01 9.362778762078281e+01 0.000000000000000e+00 0.000000000000000e+00 0.000000000000000e+00 8.870620641773110e+01 0.000000000000000e+00 0.000000000000000e+00 0.000000000000000e+00 8.730282303474991e+01 8.730282303474991e+01 0.000000000000000e+00
4.212824611926000e+00 9.267478682334823e+01 9.267478682334823e+01 0.000000000000000e+00 0.000000000000000e+00 0.000000000000000e+00 8.780332881284367e+01 0.000000000000000e+00 0.000000000000000e+00 0.000000000000000e+00 8.641413071373876e+01 8.641413071373876e+01 0.000000000000000e+00
4.237145513826000e+00 9.173084626972593e+01 9.173084626972593e+01 0.000000000000000e+00 0.000000000000000e+00 0.000000000000000e+00 8.690903478448787e+01 0.000000000000000e+00 0.000000000000000e+00 0.000000000000000e+00 8.553388601643633e+01 8.553388601643633e+01 0.000000000000000e+00
4.261606821824000e+00 9.079597965143198e+01 9.079597965143198e+01 0.000000000000000e+00 0.000000000000000e+00 0.000000000000000e+00 8.602333746098384e+01 0.000000000000000e+00 0.000000000000000e+00 0.000000000000000e+00 8.466210189421969e+01 8.466210189421969e+01 0.000000000000000e+00
4.286209346495000e+00 8.986987923490020e+01 8.986987923490020e+01 0.000000000000000e+00 0.000000000000000e+00 0.000000000000000e+00 8.514594510601036e+01 0.000000000000000e+00 0.000000000000000e+00 0.000000000000000e+00 8.379849114341363e+01 8.379849114341363e+01 0.000000000000000e+00
4.310953903091000e+00 8.895299582653394e+01 8.895299582653394e+01 0.000000000000000e+00 0.000000000000000e+00 0.000000000000000e+00 8.427728507030953e+01 0.000000000000000e+00 0.000000000000000e+00 0.000000000000000e+00 8.294347446691846e+01 8.294347446691846e+01 0.000000000000000e+00
4.335841311572000e+00 8.804477673648009e+01 8.804477673648009e+01 0.000000000000000e+00 0.000000000000000e+00 0.000000000000000e+00 8.341683362434767e+01 0.000000000000000e+00 0.000000000000000e+00 0.000000000000000e+00 8.209653637046620e+01 8.209653637046620e+01 0.000000000000000e+00
4.360872396629000e+00 8.714503015811076e+01 8.714503015811076e+01 0.000000000000000e+00 0.000000000000000e+00 0.000000000000000e+00 8.256440936298986e+01 0.000000000000000e+00 0.000000000000000e+00 0.000000000000000e+00 8.125749834686708e+01 8.125749834686708e+01 0.000000000000000e+00
4.386047987717000e+00 8.625407230404973e+01 8.625407230404973e+01 0.000000000000000e+00 0.000000000000000e+00 0.000000000000000e+00 8.172031151206414e+01 0.000000000000000e+00 0.000000000000000e+00 0.000000000000000e+00 8.042665492730984e+01 8.042665492730984e+01 0.000000000000000e+00
4.411368919079000e+00 8.537160659536346e+01 8.537160659536346e+01 0.000000000000000e+00 0.000000000000000e+00 0.000000000000000e+00 8.088425947937147e+01 0.000000000000000e+00 0.000000000000000e+00 0.000000000000000e+00 7.960372991539306e+01 7.960372991539306e+01 0.000000000000000e+00
4.436836029773000e+00 8.449756842924049e+01 8.449756842924049e+01 0.000000000000000e+00 0.000000000000000e+00 0.000000000000000e+00 8.005619193762493e+01 0.000000000000000e+00 0.000000000000000e+00 0.000000000000000e+00 7.878866293553703e+01 7.878866293553703e+01 0.000000000000000e+00
4.462450163701000e+00 8.363202812744474e+01 8.363202812744474e+01 0.000000000000000e+00 0.000000000000000e+00 0.000000000000000e+00 7.923617569890155e+01 0.000000000000000e+00 0.000000000000000e+00 0.000000000000000e+00 7.798151976113971e+01 7.798151976113971e+01 0.000000000000000e+00
4.488212169638000e+00 8.277467074952251e+01 8.277467074952251e+01 0.000000000000000e+00 0.000000000000000e+00 0.000000000000000e+00 7.842391203541956e+01 0.000000000000000e+00 0.000000000000000e+00 0.000000000000000e+00 7.718200639289704e+01 7.718200639289704e+01 0.000000000000000e+00
4.514122901258000e+00 8.192533729245649e+01 8.192533729245649e+01 0.000000000000000e+00 0.000000000000000e+00 0.000000000000000e+00 7.761925071242324e+01 0.000000000000000e+00 0.000000000000000e+00 0.000000000000000e+00 7.638997489630330e+01 7.638997489630330e+01 0.000000000000000e+00
4.540183217165000e+00 8.108437386284191e+01 8.108437386284191e+01 0.000000000000000e+00 0.000000000000000e+00 0.000000000000000e+00 7.682251911753264e+01 0.000000000000000e+00 0.000000000000000e+00 0.000000000000000e+00 7.560574740056073e+01 7.560574740056073e+01 0.000000000000000e+00
4.566393980917000e+00 8.025118229139660e+01 8.025118229139660e+01 0.000000000000000e+00 0.000000000000000e+00 0.000000000000000e+00 7.603315083520971e+01 0.000000000000000e+00 0.000000000000000e+00 0.000000000000000e+00 7.482876674400498e+01 7.482876674400498e+01 0.000000000000000e+00
4.592756061060000e+00 7.942620011001885e+01 7.942620011001885e+01 0.000000000000000e+00 0.000000000000000e+00 0.000000000000000e+00 7.525156059826054e+01 0.000000000000000e+00 0.000000000000000e+00 0.000000000000000e+00 7.405944060145669e+01 7.405944060145669e+01 0.000000000000000e+00
4.619270331152000e+00 7.860902983781205e+01 7.860902983781205e+01 0.000000000000000e+00 0.000000000000000e+00 0.000000000000000e+00 7.447737108676498e+01 0.000000000000000e+00 0.000000000000000e+00 0.000000000000000e+00 7.329739789982824e+01 7.329739789982824e+01 0.000000000000000e+00
4.645937669796000e+00 7.779958032494574e+01 7.779958032494574e+01 0.000000000000000e+00 0.000000000000000e+00 0.000000000000000e+00 7.371049638140597e+01 0.000000000000000e+00 0.000000000000000e+00 0.000000000000000e+00 7.254255388889167e+01 7.254255388889167e+01 0.000000000000000e+00
4.672758960666000e+00 7.699757083608330e+01 7.699757083608330e+01 0.000000000000000e+00 0.000000000000000e+00 0.000000000000000e+00 7.295067050042047e+01 0.000000000000000e+00 0.000000000000000e+00 0.000000000000000e+00 7.179464688611105e+01 7.179464688611105e+01 0.000000000000000e+00
4.699735092537000e+00 7.620372549918260e+01 7.620372549918260e+01 0.000000000000000e+00 0.000000000000000e+00 0.000000000000000e+00 7.219857948122642e+01 0.000000000000000e+00 0.000000000000000e+00 0.000000000000000e+00 7.105435193330105e+01 7.105435193330105e+01 0.000000000000000e+00
4.726866959318000e+00 7.541718506711560e+01 7.541718506711560e+01 0.000000000000000e+00 0.000000000000000e+00 0.000000000000000e+00 7.145340919987444e+01 0.000000000000000e+00 0.000000000000000e+00 0.000000000000000e+00 7.032086798061519e+01 7.032086798061519e+01 0.000000000000000e+00
4.754155460075000e+00 7.463806673189698e+01 7.463806673189698e+01 0.000000000000000e+00 0.000000000000000e+00 0.000000000000000e+00 7.071527091346096e+01 0.000000000000000e+00 0.000000000000000e+00 0.000000000000000e+00 6.959430444699856e+01 6.959430444699856e+01 0.000000000000000e+00
4.781601499066000e+00 7.386645580474683e+01 7.386645580474683e+01 0.000000000000000e+00 0.000000000000000e+00 0.000000000000000e+00 6.998424586769369e+01 0.000000000000000e+00 0.000000000000000e+00 0.000000000000000e+00 6.887474147224763e+01 6.887474147224763e+01 0.000000000000000e+00
4.809205985769000e+00 7.310212702271967e+01 7.310212702271967e+01 0.000000000000000e+00 0.000000000000000e+00 0.000000000000000e+00 6.926012052107380e+01 0.000000000000000e+00 0.000000000000000e+00 0.000000000000000e+00 6.816196893470411e+01 6.816196893470411e+01 0.000000000000000e+00
4.836969834914000e+00 7.234513700952122e+01 7.234513700952122e+01 0.000000000000000e+00 0.000000000000000e+00 0.000000000000000e+00 6.854294882783299e+01 0.000000000000000e+00 0.000000000000000e+00 0.000000000000000e+00 6.745603992464261e+01 6.745603992464261e+01 0.000000000000000e+00
4.864893966508000e+00 7.159514923959688e+01 7.159514923959688e+01 0.000000000000000e+00 0.000000000000000e+00 0.000000000000000e+00 6.783241188972755e+01 0.000000000000000e+00 0.000000000000000e+00 0.000000000000000e+00 6.675664069559963e+01 6.675664069559963e+01 0.000000000000000e+00
4.892979305874000e+00 7.085235883654624e+01 7.085235883654624e+01 0.000000000000000e+00 0.000000000000000e+00 0.000000000000000e+00 6.712869426609994e+01 0.000000000000000e+00 0.000000000000000e+00 0.000000000000000e+00 6.606395259647465e+01 6.606395259647465e+01 0.000000000000000e+00
4.921226783673000e+00 7.011666297562786e+01 7.011666297562786e+01 0.000000000000000e+00 0.000000000000000e+00 0.000000000000000e+00 6.643169803249444e+01 0.000000000000000e+00 0.000000000000000e+00 0.000000000000000e+00 6.537787901067234e+01 6.537787901067234e+01 0.000000000000000e+00
4.949637335941000e+00 6.938795873328213e+01 6.938795873328213e+01 0.000000000000000e+00 0.000000000000000e+00 0.000000000000000e+00 6.574132514161546e+01 0.000000000000000e+00 0.000000000000000e+00 0.000000000000000e+00 6.469832327537169e+01 6.469832327537169e+01 0.000000000000000e+00
4.978211904117000e+00 6.866592443228663e+01 6.866592443228663e+01 0.000000000000000e+00 0.000000000000000e+00 0.000000000000000e+00 6.505727066878040e+01 0.000000000000000e+00 0.000000000000000e+00 0.000000000000000e+00 6.402498502038509e+01 6.402498502038509e+01 0.000000000000000e+00
5.006951435075000e+00 6.795091062245977e+01 6.795091062245977e+01 0.000000000000000e+00 0.000000000000000e+00 0.000000000000000e+00 6.437986693998005e+01 0.000000000000000e+00 0.000000000000000e+00 0.000000000000000e+00 6.335819154765362e+01 6.335819154765362e+01 0.000000000000000e+00
5.035856881156000e+00 6.724249690275960e+01 6.724249690275960e+01 0.000000000000000e+00 0.000000000000000e+00 0.000000000000000e+00 6.370871654498657e+01 0.000000000000000e+00 0.000000000000000e+00 0.000000000000000e+00 6.269755211076117e+01 6.269755211076117e+01 0.000000000000000e+00
5.064929200199000e+00 6.654080954212799e+01 6.654080954212799e+01 0.000000000000000e+00 0.000000000000000e+00 0.000000000000000e+00 6.304393997283137e+01 0.000000000000000e+00 0.000000000000000e+00 0.000000000000000e+00 6.204318565860984e+01 6.204318565860984e+01 0.000000000000000e+00
5.094169355571000e+00 6.584580250949010e+01 6.584580250949010e+01 0.000000000000000e+00 0.000000000000000e+00 0.000000000000000e+00 6.238549410233013e+01 0.000000000000000e+00 0.000000000000000e+00 0.000000000000000e+00 6.139504993968803e+01 6.139504993968803e+01 0.000000000000000e+00
5.123578316202000e+00 6.515737797030091e+01 6.515737797030091e+01 0.000000000000000e+00 0.000000000000000e+00 0.000000000000000e+00 6.173328532005775e+01 0.000000000000000e+00 0.000000000000000e+00 0.000000000000000e+00 6.075305248922967e+01 6.075305248922967e+01 0.000000000000000e+00
5.153157056616000e+00 6.447534363466691e+01 6.447534363466691e+01 0.000000000000000e+00 0.000000000000000e+00 0.000000000000000e+00 6.108713019256952e+01 0.000000000000000e+00 0.000000000000000e+00 0.000000000000000e+00 6.011701203854992e+01 6.011701203854992e+01 0.000000000000000e+00
5.182906556962000e+00 6.379969886290459e+01 6.379969886290459e+01 0.000000000000000e+00 0.000000000000000e+00 0.000000000000000e+00 6.044702713292442e+01 0.000000000000000e+00 0.000000000000000e+00 0.000000000000000e+00 5.948692656588852e+01 5.948692656588852e+01 0.000000000000000e+00
5.212827803047000e+00 6.313046374420502e+01 6.313046374420502e+01 0.000000000000000e+00 0.000000000000000e+00 0.000000000000000e+00 5.981299590089795e+01 0.000000000000000e+00 0.000000000000000e+00 0.000000000000000e+00 5.886281583146318e+01 5.886281583146318e+01 0.000000000000000e+00
5.242921786372000e+00 6.246729829644462e+01 6.246729829644462e+01 0.000000000000000e+00 0.000000000000000e+00 0.000000000000000e+00 5.918471622106920e+01 0.000000000000000e+00 0.000000000000000e+00 0.000000000000000e+00 5.824436557617430e+01 5.824436557617430e+01 0.000000000000000e+00
5.273189504158000e+00 6.181056561573917e+01 6.181056561573917e+01 0.000000000000000e+00 0.000000000000000e+00 0.000000000000000e+00 5.856253326306248e+01 0.000000000000000e+00 0.000000000000000e+00 0.000000000000000e+00 5.763191598432079e+01 5.763191598432079e+01 0.000000000000000e+00
5.303631959385000e+00 6.116000806899523e+01 6.116000806899523e+01 0.000000000000000e+00 0.000000000000000e+00 0.000000000000000e+00 5.794620166377762e+01 0.000000000000000e+00 0.000000000000000e+00 0.000000000000000e+00 5.702522497506756e+01 5.702522497506756e+01 0.000000000000000e+00
5.334250160825000e+00 6.051542616901417e+01 6.051542616901417e+01 0.000000000000000e+00 0.000000000000000e+00 0.000000000000000e+00 5.733553011158842e+01 0.000000000000000e+00 0.000000000000000e+00 0.000000000000000e+00 5.642410317519925e+01 5.642410317519925e+01 0.000000000000000e+00
5.365045123070000e+00 5.987668019328296e+01 5.987668019328296e+01 0.000000000000000e+00 0.000000000000000e+00 0.000000000000000e+00 5.673038587202531e+01 0.000000000000000e+00 0.000000000000000e+00 0.000000000000000e+00 5.582841957533339e+01 5.582841957533339e+01 0.000000000000000e+00
5.396017866573000e+00 5.924419406240332e+01 5.924419406240332e+01 0.000000000000000e+00 0.000000000000000e+00 0.000000000000000e+00 5.613117300219967e+01 0.000000000000000e+00 0.000000000000000e+00 0.000000000000000e+00 5.523857322376149e+01 5.523857322376149e+01 0.000000000000000e+00
5.427169417675000e+00 5.861758742920139e+01 5.861758742920139e+01 0.000000000000000e+00 0.000000000000000e+00 0.000000000000000e+00 5.553753317566230e+01 0.000000000000000e+00 0.000000000000000e+00 0.000000000000000e+00 5.465421233233612e+01 5.465421233233612e+01 0.000000000000000e+00
5.458500808644000e+00 5.799679858307320e+01 5.799679858307320e+01 0.000000000000000e+00 0.000000000000000e+00 0.000000000000000e+00 5.494940597458334e+01 0.000000000000000e+00 0.000000000000000e+00 0.000000000000000e+00 5.407527645305220e+01 5.407527645305220e+01 0.000000000000000e+00
5.490013077708000e+00 5.738169402757109e+01 5.738169402757109e+01 0.000000000000000e+00 0.000000000000000e+00 0.000000000000000e+00 5.436666186806419e+01 0.000000000000000e+00 0.000000000000000e+00 0.000000000000000e+00 5.350163664867451e+01 5.350163664867451e+01 0.000000000000000e+00
5.521707269086000e+00 5.677230200040400e+01 5.677230200040400e+01 0.000000000000000e+00 0.000000000000000e+00 0.000000000000000e+00 5.378932894345203e+01 0.000000000000000e+00 0.000000000000000e+00 0.000000000000000e+00 5.293332122513630e+01 5.293332122513630e+01 0.000000000000000e+00
5.553584433027000e+00 5.616857961084690e+01 5.616857961084690e+01 0.000000000000000e+00 0.000000000000000e+00 0.000000000000000e+00 5.321737029128080e+01 0.000000000000000e+00 0.000000000000000e+00 0.000000000000000e+00 5.237029559973070e+01 5.237029559973070e+01 0.000000000000000e+00
5.585645625845000e+00 5.557051817820602e+01 5.557051817820602e+01 0.000000000000000e+00 0.000000000000000e+00 0.000000000000000e+00 5.265077653118416e+01 0.000000000000000e+00 0.000000000000000e+00 0.000000000000000e+00 5.181254992501609e+01 5.181254992501609e+01 0.000000000000000e+00
5.617891909948000e+00 5.497788588878822e+01 5.497788588878822e+01 0.000000000000000e+00 0.000000000000000e+00 0.000000000000000e+00 5.208932399501423e+01 0.000000000000000e+00 0.000000000000000e+00 0.000000000000000e+00 5.125986191277324e+01 5.125986191277324e+01 0.000000000000000e+00
5.650324353881000e+00 5.439053323770865e+01 5.439053323770865e+01 0.000000000000000e+00 0.000000000000000e+00 0.000000000000000e+00 5.153287258076278e+01 0.000000000000000e+00 0.000000000000000e+00 0.000000000000000e+00 5.071209525354894e+01 5.071209525354894e+01 0.000000000000000e+00
5.682944032356000e+00 5.380885786178314e+01 5.380885786178314e+01 0.000000000000000e+00 0.000000000000000e+00 0.000000000000000e+00 5.098180317364686e+01 0.000000000000000e+00 0.000000000000000e+00 0.000000000000000e+00 5.016962588403577e+01 5.016962588403577e+01 0.000000000000000e+00
5.715752026290000e+00 5.323240846028722e+01 5.323240846028722e+01 0.000000000000000e+00 0.000000000000000e+00 0.000000000000000e+00 5.043568549782969e+01 0.000000000000000e+00 0.000000000000000e+00 0.000000000000000e+00 4.963202936515314e+01 4.963202936515314e+01 0.000000000000000e+00
5.748749422841000e+00 5.266127615765273e+01 5.266127615765273e+01 0.000000000000000e+00 0.000000000000000e+00 0.000000000000000e+00 4.989460239220256e+01 0.000000000000000e+00 0.000000000000000e+00 0.000000000000000e+00 4.909938545996532e+01 4.909938545996532e+01 0.000000000000000e+00
5.781937315440000e+00 5.209534578105649e+01 5.209534578105649e+01 0.000000000000000e+00 0.000000000000000e+00 0.000000000000000e+00 4.935844909194292e+01 0.000000000000000e+00 0.000000000000000e+00 0.000000000000000e+00 4.857159318221935e+01 4.857159318221935e+01 0.000000000000000e+00
5.815316803834000e+00 5.153477180288596e+01 5.153477180288596e+01 0.000000000000000e+00 0.000000000000000e+00 0.000000000000000e+00 4.882737338532373e+01 0.000000000000000e+00 0.000000000000000e+00 0.000000000000000e+00 4.804879867985325e+01 4.804879867985325e+01 0.000000000000000e+00
5.848888994118000e+00 5.097924522494338e+01 5.097924522494338e+01 0.000000000000000e+00 0.000000000000000e+00 0.000000000000000e+00 4.830107700084395e+01 0.000000000000000e+00 0.000000000000000e+00 0.000000000000000e+00 4.753070568816835e+01 4.753070568816835e+01 0.000000000000000e+00
5.882654998771000e+00 5.042867848727942e+01 5.042867848727942e+01 0.000000000000000e+00 0.000000000000000e+00 0.000000000000000e+00 4.777947947418090e+01 0.000000000000000e+00 0.000000000000000e+00 0.000000000000000e+00 4.701723621767945e+01 4.701723621767945e+01 0.000000000000000e+00
5.916615936696000e+00 4.988320342119321e+01 4.988320342119321e+01 0.000000000000000e+00 0.000000000000000e+00 0.000000000000000e+00 4.726270947453019e+01 0.000000000000000e+00 0.000000000000000e+00 0.000000000000000e+00 4.650851879642843e+01 4.650851879642843e+01 0.000000000000000e+00
5.950772933256000e+00 4.934268379604060e+01 4.934268379604060e+01 0.000000000000000e+00 0.000000000000000e+00 0.000000000000000e+00 4.675063197892906e+01 0.000000000000000e+00 0.000000000000000e+00 0.000000000000000e+00 4.600441749450632e+01 4.600441749450632e+01 0.000000000000000e+00
5.985127120309000e+00 4.880702080490193e+01 4.880702080490193e+01 0.000000000000000e+00 0.000000000000000e+00 0.000000000000000e+00 4.624315530951007e+01 0.000000000000000e+00 0.000000000000000e+00 0.000000000000000e+00 4.550484310878630e+01 4.550484310878630e+01 0.000000000000000e+00
6.019679636247000e+00 4.827642554921191e+01 4.827642554921191e+01 0.000000000000000e+00 0.000000000000000e+00 0.000000000000000e+00 4.574048351472359e+01 0.000000000000000e+00 0.000000000000000e+00 0.000000000000000e+00 4.500999838641300e+01 4.500999838641300e+01 0.000000000000000e+00
6.054431626038000e+00 4.775041006169516e+01 4.775041006169516e+01 0.000000000000000e+00 0.000000000000000e+00 0.000000000000000e+00 4.524214776516758e+01 0.000000000000000e+00 0.000000000000000e+00 0.000000000000000e+00 4.451941870145053e+01 4.451941870145053e+01 0.000000000000000e+00
6.089384241255000e+00 4.722922768025605e+01 4.722922768025605e+01 0.000000000000000e+00 0.000000000000000e+00 0.000000000000000e+00 4.474839191432949e+01 0.000000000000000e+00 0.000000000000000e+00 0.000000000000000e+00 4.403334598522403e+01 4.403334598522403e+01 0.000000000000000e+00
6.124538640121000e+00 4.671240264132745e+01 4.671240264132745e+01 0.000000000000000e+00 0.000000000000000e+00 0.000000000000000e+00 4.425876677862433e+01 0.000000000000000e+00 0.000000000000000e+00 0.000000000000000e+00 4.355133887808250e+01 4.355133887808250e+01 0.000000000000000e+00
6.159895987547000e+00 4.620089691336734e+01 4.620089691336734e+01 0.000000000000000e+00 0.000000000000000e+00 0.000000000000000e+00 4.377417787273000e+01 0.000000000000000e+00 0.000000000000000e+00 0.000000000000000e+00 4.307428564174952e+01 4.307428564174952e+01 0.000000000000000e+00
6.195457455167000e+00 4.569364270191921e+01 4.569364270191921e+01 0.000000000000000e+00 0.000000000000000e+00 0.000000000000000e+00 4.329362027579943e+01 0.000000000000000e+00 0.000000000000000e+00 0.000000000000000e+00 4.260120067002744e+01 4.260120067002744e+01 0.000000000000000e+00
6.231224221381000e+00 4.519084474859982e+01 4.519084474859982e+01 0.000000000000000e+00 0.000000000000000e+00 0.000000000000000e+00 4.281728379164856e+01 0.000000000000000e+00 0.000000000000000e+00 0.000000000000000e+00 4.213226857639393e+01 4.213226857639393e+01 0.000000000000000e+00
6.267197471389000e+00 4.469255967101449e+01 4.469255967101449e+01 0.000000000000000e+00 0.000000000000000e+00 0.000000000000000e+00 4.234522197998513e+01 0.000000000000000e+00 0.000000000000000e+00 0.000000000000000e+00 4.166754208649058e+01 4.166754208649058e+01 0.000000000000000e+00
6.303378397235000e+00 4.419877445355023e+01 4.419877445355023e+01 0.000000000000000e+00 0.000000000000000e+00 0.000000000000000e+00 4.187742651524526e+01 0.000000000000000e+00 0.000000000000000e+00 0.000000000000000e+00 4.120701493768637e+01 4.120701493768637e+01 0.000000000000000e+00
6.339768197846000e+00 4.370945994309719e+01 4.370945994309719e+01 0.000000000000000e+00 0.000000000000000e+00 0.000000000000000e+00 4.141386349648654e+01 0.000000000000000e+00 0.000000000000000e+00 0.000000000000000e+00 4.075065064716988e+01 4.075065064716988e+01 0.000000000000000e+00
6.376368079069000e+00 4.322442455158139e+01 4.322442455158139e+01 0.000000000000000e+00 0.000000000000000e+00 0.000000000000000e+00 4.095435821468878e+01 0.000000000000000e+00 0.000000000000000e+00 0.000000000000000e+00 4.029828066541954e+01 4.029828066541954e+01 0.000000000000000e+00
6.413179253712000e+00 4.274357965508094e+01 4.274357965508094e+01 0.000000000000000e+00 0.000000000000000e+00 0.000000000000000e+00 4.049882073545399e+01 0.000000000000000e+00 0.000000000000000e+00 0.000000000000000e+00 3.984981348821955e+01 3.984981348821955e+01 0.000000000000000e+00
6.450202941585000e+00 4.226717520862701e+01 4.226717520862701e+01 0.000000000000000e+00 0.000000000000000e+00 0.000000000000000e+00 4.004749210447847e+01 0.000000000000000e+00 0.000000000000000e+00 0.000000000000000e+00 3.940548851404440e+01 3.940548851404440e+01 0.000000000000000e+00
6.487440369541000e+00 4.179464831640661e+01 4.179464831640661e+01 0.000000000000000e+00 0.000000000000000e+00 0.000000000000000e+00 3.959983692169104e+01 0.000000000000000e+00 0.000000000000000e+00 0.000000000000000e+00 3.896477773328488e+01 3.896477773328488e+01 0.000000000000000e+00
6.524892771514000e+00 4.132650058972402e+01 4.132650058972402e+01 0.000000000000000e+00 0.000000000000000e+00 0.000000000000000e+00 3.915633046978160e+01 0.000000000000000e+00 0.000000000000000e+00 0.000000000000000e+00 3.852814883167913e+01 3.852814883167913e+01 0.000000000000000e+00
6.562561388564000e+00 4.086244141897404e+01 4.086244141897404e+01 0.000000000000000e+00 0.000000000000000e+00 0.000000000000000e+00 3.871669907794755e+01 0.000000000000000e+00 0.000000000000000e+00 0.000000000000000e+00 3.809533345446644e+01 3.809533345446644e+01 0.000000000000000e+00
6.600447468912000e+00 4.040241795821768e+01 4.040241795821768e+01 0.000000000000000e+00 0.000000000000000e+00 0.000000000000000e+00 3.828088979204121e+01 0.000000000000000e+00 0.000000000000000e+00 0.000000000000000e+00 3.766627785046711e+01 3.766627785046711e+01 0.000000000000000e+00
6.638552267990000e+00 3.994643260728955e+01 3.994643260728955e+01 0.000000000000000e+00 0.000000000000000e+00 0.000000000000000e+00 3.784890855512045e+01 0.000000000000000e+00 0.000000000000000e+00 0.000000000000000e+00 3.724098986808652e+01 3.724098986808652e+01 0.000000000000000e+00
6.676877048474000e+00 3.949438804680354e+01 3.949438804680354e+01 0.000000000000000e+00 0.000000000000000e+00 0.000000000000000e+00 3.742065908046851e+01 0.000000000000000e+00 0.000000000000000e+00 0.000000000000000e+00 3.681937252586544e+01 3.681937252586544e+01 0.000000000000000e+00
6.715423080329000e+00 3.904619668761010e+01 3.904619668761010e+01 0.000000000000000e+00 0.000000000000000e+00 0.000000000000000e+00 3.699606254742476e+01 0.000000000000000e+00 0.000000000000000e+00 0.000000000000000e+00 3.640135062843226e+01 3.640135062843226e+01 0.000000000000000e+00
6.754191640855000e+00 3.860197812278718e+01 3.860197812278718e+01 0.000000000000000e+00 0.000000000000000e+00 0.000000000000000e+00 3.657522837254381e+01 0.000000000000000e+00 0.000000000000000e+00 0.000000000000000e+00 3.598702958521610e+01 3.598702958521610e+01 0.000000000000000e+00
6.793184014724000e+00 3.816144918904355e+01 3.816144918904355e+01 0.000000000000000e+00 0.000000000000000e+00 0.000000000000000e+00 3.615789156675800e+01 0.000000000000000e+00 0.000000000000000e+00 0.000000000000000e+00 3.557615037858958e+01 3.557615037858958e+01 0.000000000000000e+00
6.832401494023000e+00 3.772492744038978e+01 3.772492744038978e+01 0.000000000000000e+00 0.000000000000000e+00 0.000000000000000e+00 3.574435056862594e+01 0.000000000000000e+00 0.000000000000000e+00 0.000000000000000e+00 3.516900551141848e+01 3.516900551141848e+01 0.000000000000000e+00
6.871845378301000e+00 3.729195025353424e+01 3.729195025353424e+01 0.000000000000000e+00 0.000000000000000e+00 0.000000000000000e+00 3.533416836179886e+01 0.000000000000000e+00 0.000000000000000e+00 0.000000000000000e+00 3.476516550838767e+01 3.476516550838767e+01 0.000000000000000e+00
6.911516974609000e+00 3.686272511713137e+01 3.686272511713137e+01 0.000000000000000e+00 0.000000000000000e+00 0.000000000000000e+00 3.492754174529085e+01 0.000000000000000e+00 0.000000000000000e+00 0.000000000000000e+00 3.436482431443395e+01 3.436482431443395e+01 0.000000000000000e+00
6.951417597541000e+00 3.643724584435100e+01 3.643724584435100e+01 0.000000000000000e+00 0.000000000000000e+00 0.000000000000000e+00 3.452446291219116e+01 0.000000000000000e+00 0.000000000000000e+00 0.000000000000000e+00 3.396797300762469e+01 3.396797300762469e+01 0.000000000000000e+00
6.991548569283000e+00 3.601525858235889e+01 3.601525858235889e+01 0.000000000000000e+00 0.000000000000000e+00 0.000000000000000e+00 3.412469493963957e+01 0.000000000000000e+00 0.000000000000000e+00 0.000000000000000e+00 3.357438037677176e+01 3.357438037677176e+01 0.000000000000000e+00
7.031911219653000e+00 3.559689519710155e+01 3.559689519710155e+01 0.000000000000000e+00 0.000000000000000e+00 0.000000000000000e+00 3.372835795952176e+01 0.000000000000000e+00 0.000000000000000e+00 0.000000000000000e+00 3.318416229762298e+01 3.318416229762298e+01 0.000000000000000e+00
7.072506886146000e+00 3.518198111845600e+01 3.518198111845600e+01 0.000000000000000e+00 0.000000000000000e+00 0.000000000000000e+00 3.333529171985887e+01 0.000000000000000e+00 0.000000000000000e+00 0.000000000000000e+00 3.279716347349741e+01 3.279716347349741e+01 0.000000000000000e+00
7.113336913980000e+00 3.477056162816410e+01 3.477056162816410e+01 0.000000000000000e+00 0.000000000000000e+00 0.000000000000000e+00 3.294553489955305e+01 0.000000000000000e+00 0.000000000000000e+00 0.000000000000000e+00 3.241342001132372e+01 3.241342001132372e+01 0.000000000000000e+00
7.154402656137000e+00 3.436279497354710e+01 3.436279497354710e+01 0.000000000000000e+00 0.000000000000000e+00 0.000000000000000e+00 3.255923944567012e+01 0.000000000000000e+00 0.000000000000000e+00 0.000000000000000e+00 3.203308236229116e+01 3.203308236229116e+01 0.000000000000000e+00
7.195705473411000e+00 3.395827301656522e+01 3.395827301656522e+01 0.000000000000000e+00 0.000000000000000e+00 0.000000000000000e+00 3.217601958521015e+01 0.000000000000000e+00 0.000000000000000e+00 0.000000000000000e+00 3.165577135130544e+01 3.165577135130544e+01 0.000000000000000e+00
7.237246734451000e+00 3.355716547303628e+01 3.355716547303628e+01 0.000000000000000e+00 0.000000000000000e+00 0.000000000000000e+00 3.179603265458650e+01 0.000000000000000e+00 0.000000000000000e+00 0.000000000000000e+00 3.128163984710239e+01 3.128163984710239e+01 0.000000000000000e+00
7.279027815808000e+00 3.315930466756091e+01 3.315930466756091e+01 0.000000000000000e+00 0.000000000000000e+00 0.000000000000000e+00 3.141912404209195e+01 0.000000000000000e+00 0.000000000000000e+00 0.000000000000000e+00 3.091053872566856e+01 3.091053872566856e+01 0.000000000000000e+00
7.321050101980000e+00 3.276490451087158e+01 3.276490451087158e+01 0.000000000000000e+00 0.000000000000000e+00 0.000000000000000e+00 3.104549392760087e+01 0.000000000000000e+00 0.000000000000000e+00 0.000000000000000e+00 3.054266271543145e+01 3.054266271543145e+01 0.000000000000000e+00
7.363314985458000e+00 3.237338461032536e+01 3.237338461032536e+01 0.000000000000000e+00 0.000000000000000e+00 0.000000000000000e+00 3.067459160013600e+01 0.000000000000000e+00 0.000000000000000e+00 0.000000000000000e+00 3.017747011899447e+01 3.017747011899447e+01 0.000000000000000e+00
7.405823866771000e+00 3.198533330744483e+01 3.198533330744483e+01 0.000000000000000e+00 0.000000000000000e+00 0.000000000000000e+00 3.030697764261107e+01 0.000000000000000e+00 0.000000000000000e+00 0.000000000000000e+00 2.981551370176590e+01 2.981551370176590e+01 0.000000000000000e+00
7.418397626113000e+00 3.187171213503393e+01 3.187171213503393e+01 0.000000000000000e+00 0.000000000000000e+00 0.000000000000000e+00 3.019933984891960e+01 0.000000000000000e+00 0.000000000000000e+00 0.000000000000000e+00 2.970953156369477e+01 2.970953156369477e+01 0.000000000000000e+00
7.448578154533000e+00 3.160055918027587e+01 3.160055918027587e+01 0.000000000000000e+00 0.000000000000000e+00 0.000000000000000e+00 2.994246806979509e+01 0.000000000000000e+00 0.000000000000000e+00 0.000000000000000e+00 2.945661135579769e+01 2.945661135579769e+01 0.000000000000000e+00
7.491579265493000e+00 3.121863671345507e+01 3.121863671345507e+01 0.000000000000000e+00 0.000000000000000e+00 0.000000000000000e+00 2.958065940965976e+01 0.000000000000000e+00 0.000000000000000e+00 0.000000000000000e+00 2.910036600327427e+01 2.910036600327427e+01 0.000000000000000e+00
7.534828624575000e+00 3.083993936503878e+01 3.083993936503878e+01 0.000000000000000e+00 0.000000000000000e+00 0.000000000000000e+00 2.922190817666571e+01 0.000000000000000e+00 0.000000000000000e+00 0.000000000000000e+00 2.874712969607246e+01 2.874712969607246e+01 0.000000000000000e+00
7.578327664932000e+00 3.046434770689323e+01 3.046434770689323e+01 0.000000000000000e+00 0.000000000000000e+00 0.000000000000000e+00 2.886609932286363e+01 0.000000000000000e+00 0.000000000000000e+00 0.000000000000000e+00 2.839678814771721e+01 2.839678814771721e+01 0.000000000000000e+00
7.622077827989000e+00 3.009162800038015e+01 3.009162800038015e+01 0.000000000000000e+00 0.000000000000000e+00 0.000000000000000e+00 2.851301042853138e+01 0.000000000000000e+00 0.000000000000000e+00 0.000000000000000e+00 2.804912225758887e+01 2.804912225758887e+01 0.000000000000000e+00
7.666080563494000e+00 2.972203107521628e+01 2.972203107521628e+01 0.000000000000000e+00 0.000000000000000e+00 0.000000000000000e+00 2.816288118151362e+01 0.000000000000000e+00 0.000000000000000e+00 0.000000000000000e+00 2.770436891658139e+01 2.770436891658139e+01 0.000000000000000e+00
7.710337329564000e+00 2.935526776375195e+01 2.935526776375195e+01 0.000000000000000e+00 0.000000000000000e+00 0.000000000000000e+00 2.781543763012978e+01 0.000000000000000e+00 0.000000000000000e+00 0.000000000000000e+00 2.736225850190657e+01 2.736225850190657e+01 0.000000000000000e+00
7.754849592732000e+00 2.899146525265718e+01 2.899146525265718e+01 0.000000000000000e+00 0.000000000000000e+00 0.000000000000000e+00 2.747079849678768e+01 0.000000000000000e+00 0.000000000000000e+00 0.000000000000000e+00 2.702290680300171e+01 2.702290680300171e+01 0.000000000000000e+00
7.799618828000000e+00 2.863059033118450e+01 2.863059033118450e+01 0.000000000000000e+00 0.000000000000000e+00 0.000000000000000e+00 2.712893267471150e+01 0.000000000000000e+00 0.000000000000000e+00 0.000000000000000e+00 2.668628362127516e+01 2.668628362127516e+01 0.000000000000000e+00
7.844646518884000e+00 2.827244491241221e+01 2.827244491241221e+01 0.000000000000000e+00 0.000000000000000e+00 0.000000000000000e+00 2.678965390028658e+01 0.000000000000000e+00 0.000000000000000e+00 0.000000000000000e+00 2.635220648409937e+01 2.635220648409937e+01 0.000000000000000e+00
7.889934157463000e+00 2.791717663171208e+01 2.791717663171208e+01 0.000000000000000e+00 0.000000000000000e+00 0.000000000000000e+00 2.645310175084193e+01 0.000000000000000e+00 0.000000000000000e+00 0.000000000000000e+00 2.602081244051780e+01 2.602081244051780e+01 0.000000000000000e+00
7.935483244434000e+00 2.756478863544105e+01 2.756478863544105e+01 0.000000000000000e+00 0.000000000000000e+00 0.000000000000000e+00 2.611927809831990e+01 0.000000000000000e+00 0.000000000000000e+00 0.000000000000000e+00 2.569210272320823e+01 2.569210272320823e+01 0.000000000000000e+00
7.981295289153000e+00 2.721494142045964e+01 2.721494142045964e+01 0.000000000000000e+00 0.000000000000000e+00 0.000000000000000e+00 2.578786117213958e+01 0.000000000000000e+00 0.000000000000000e+00 0.000000000000000e+00 2.536576086060131e+01 2.536576086060131e+01 0.000000000000000e+00
8.027371809692999e+00 2.686788922862733e+01 2.686788922862733e+01 0.000000000000000e+00 0.000000000000000e+00 0.000000000000000e+00 2.545909272169092e+01 0.000000000000000e+00 0.000000000000000e+00 0.000000000000000e+00 2.504202520428232e+01 2.504202520428232e+01 0.000000000000000e+00
8.073714332889001e+00 2.652340585894642e+01 2.652340585894642e+01 0.000000000000000e+00 0.000000000000000e+00 0.000000000000000e+00 2.513275881574255e+01 0.000000000000000e+00 0.000000000000000e+00 0.000000000000000e+00 2.472068539162928e+01 2.472068539162928e+01 0.000000000000000e+00
8.120324394391000e+00 2.618172578658171e+01 2.618172578658171e+01 0.000000000000000e+00 0.000000000000000e+00 0.000000000000000e+00 2.480908125065750e+01 0.000000000000000e+00 0.000000000000000e+00 0.000000000000000e+00 2.440195947186240e+01 2.440195947186240e+01 0.000000000000000e+00
8.167203538714000e+00 2.584256363617508e+01 2.584256363617508e+01 0.000000000000000e+00 0.000000000000000e+00 0.000000000000000e+00 2.448778909078668e+01 0.000000000000000e+00 0.000000000000000e+00 0.000000000000000e+00 2.408558084151952e+01 2.408558084151952e+01 0.000000000000000e+00
8.214353319291000e+00 2.550591404507804e+01 2.550591404507804e+01 0.000000000000000e+00 0.000000000000000e+00 0.000000000000000e+00 2.416887706907592e+01 0.000000000000000e+00 0.000000000000000e+00 0.000000000000000e+00 2.377154385659952e+01 2.377154385659952e+01 0.000000000000000e+00
8.261775298522000e+00 2.517197165972943e+01 2.517197165972943e+01 0.000000000000000e+00 0.000000000000000e+00 0.000000000000000e+00 2.385253002016218e+01 0.000000000000000e+00 0.000000000000000e+00 0.000000000000000e+00 2.346003116228712e+01 2.346003116228712e+01 0.000000000000000e+00
8.309471047825999e+00 2.484044269989042e+01 2.484044269989042e+01 0.000000000000000e+00 0.000000000000000e+00 0.000000000000000e+00 2.353846968776433e+01 0.000000000000000e+00 0.000000000000000e+00 0.000000000000000e+00 2.315076855293891e+01 2.315076855293891e+01 0.000000000000000e+00
8.357442147697000e+00 2.451139394811405e+01 2.451139394811405e+01 0.000000000000000e+00 0.000000000000000e+00 0.000000000000000e+00 2.322675955424062e+01 0.000000000000000e+00 0.000000000000000e+00 0.000000000000000e+00 2.284381887894300e+01 2.284381887894300e+01 0.000000000000000e+00
8.405690187749000e+00 2.418476685109903e+01 2.418476685109903e+01 0.000000000000000e+00 0.000000000000000e+00 0.000000000000000e+00 2.291734412167531e+01 0.000000000000000e+00 0.000000000000000e+00 0.000000000000000e+00 2.253912776159606e+01 2.253912776159606e+01 0.000000000000000e+00
8.454216766776000e+00 2.386071986107110e+01 2.386071986107110e+01 0.000000000000000e+00 0.000000000000000e+00 0.000000000000000e+00 2.261037324865760e+01 0.000000000000000e+00 0.000000000000000e+00 0.000000000000000e+00 2.223684215786684e+01 2.223684215786684e+01 0.000000000000000e+00
8.503023492801001e+00 2.353887105660873e+01 2.353887105660873e+01 0.000000000000000e+00 0.000000000000000e+00 0.000000000000000e+00 2.230548501978240e+01 0.000000000000000e+00 0.000000000000000e+00 0.000000000000000e+00 2.193660626945157e+01 2.193660626945157e+01 0.000000000000000e+00
8.552111983130001e+00 2.321940780807353e+01 2.321940780807353e+01 0.000000000000000e+00 0.000000000000000e+00 0.000000000000000e+00 2.200285691765539e+01 0.000000000000000e+00 0.000000000000000e+00 0.000000000000000e+00 2.163859467306631e+01 2.163859467306631e+01 0.000000000000000e+00
8.601483864405999e+00 2.290228657527294e+01 2.290228657527294e+01 0.000000000000000e+00 0.000000000000000e+00 0.000000000000000e+00 2.170244768598486e+01 0.000000000000000e+00 0.000000000000000e+00 0.000000000000000e+00 2.134276696964596e+01 2.134276696964596e+01 0.000000000000000e+00
8.651140772664000e+00 2.258754514989462e+01 2.258754514989462e+01 0.000000000000000e+00 0.000000000000000e+00 0.000000000000000e+00 2.140429312773320e+01 0.000000000000000e+00 0.000000000000000e+00 0.000000000000000e+00 2.104915818341373e+01 2.104915818341373e+01 0.000000000000000e+00
8.701084353382001e+00 2.227506080809160e+01 2.227506080809160e+01 0.000000000000000e+00 0.000000000000000e+00 0.000000000000000e+00 2.110827699940447e+01 0.000000000000000e+00 0.000000000000000e+00 0.000000000000000e+00 2.075765420529057e+01 2.075765420529057e+01 0.000000000000000e+00
8.751316261536999e+00 2.196467268309329e+01 2.196467268309329e+01 0.000000000000000e+00 0.000000000000000e+00 0.000000000000000e+00 2.081424689383006e+01 0.000000000000000e+00 0.000000000000000e+00 0.000000000000000e+00 2.046810532245752e+01 2.046810532245752e+01 0.000000000000000e+00
8.801838161662999e+00 2.165670759550850e+01 2.165670759550850e+01 0.000000000000000e+00 0.000000000000000e+00 0.000000000000000e+00 2.052251242710649e+01 0.000000000000000e+00 0.000000000000000e+00 0.000000000000000e+00 2.018081569594050e+01 2.018081569594050e+01 0.000000000000000e+00
8.852651727901000e+00 2.135089347221675e+01 2.135089347221675e+01 0.000000000000000e+00 0.000000000000000e+00 0.000000000000000e+00 2.023281587911416e+01 0.000000000000000e+00 0.000000000000000e+00 0.000000000000000e+00 1.989553244110412e+01 1.989553244110412e+01 0.000000000000000e+00
8.903758644059000e+00 2.104710411680496e+01 2.104710411680496e+01 0.000000000000000e+00 0.000000000000000e+00 0.000000000000000e+00 1.994503756082168e+01 0.000000000000000e+00 0.000000000000000e+00 0.000000000000000e+00 1.961213741618334e+01 1.961213741618334e+01 0.000000000000000e+00
8.955160603663000e+00 2.074569019625379e+01 2.074569019625379e+01 0.000000000000000e+00 0.000000000000000e+00 0.000000000000000e+00 1.965950982352757e+01 0.000000000000000e+00 0.000000000000000e+00 0.000000000000000e+00 1.933095787620327e+01 1.933095787620327e+01 0.000000000000000e+00
9.006859310018999e+00 2.044624249583430e+01 2.044624249583430e+01 0.000000000000000e+00 0.000000000000000e+00 0.000000000000000e+00 1.937584484105354e+01 0.000000000000000e+00 0.000000000000000e+00 0.000000000000000e+00 1.905161239274698e+01 1.905161239274698e+01 0.000000000000000e+00
9.058856476263999e+00 2.014895378588110e+01 2.014895378588110e+01 0.000000000000000e+00 0.000000000000000e+00 0.000000000000000e+00 1.909422528388398e+01 0.000000000000000e+00 0.000000000000000e+00 0.000000000000000e+00 1.877428074479228e+01 1.877428074479228e+01 0.000000000000000e+00
9.111153825424999e+00 1.985374591854994e+01 1.985374591854994e+01 0.000000000000000e+00 0.000000000000000e+00 0.000000000000000e+00 1.881457703988184e+01 0.000000000000000e+00 0.000000000000000e+00 0.000000000000000e+00 1.849888991375882e+01 1.849888991375882e+01 0.000000000000000e+00
9.163753090477000e+00 1.956061965639500e+01 1.956061965639500e+01 0.000000000000000e+00 0.000000000000000e+00 0.000000000000000e+00 1.853690077842601e+01 0.000000000000000e+00 0.000000000000000e+00 0.000000000000000e+00 1.822544066154556e+01 1.822544066154556e+01 0.000000000000000e+00
9.216656014401000e+00 1.926946841780577e+01 1.926946841780577e+01 0.000000000000000e+00 0.000000000000000e+00 0.000000000000000e+00 1.826109552156404e+01 0.000000000000000e+00 0.000000000000000e+00 0.000000000000000e+00 1.795383403757366e+01 1.795383403757366e+01 0.000000000000000e+00
9.269864350238000e+00 1.898045432171822e+01 1.898045432171822e+01 0.000000000000000e+00 0.000000000000000e+00 0.000000000000000e+00 1.798731479929915e+01 0.000000000000000e+00 0.000000000000000e+00 0.000000000000000e+00 1.768422075124445e+01 1.768422075124445e+01 0.000000000000000e+00
9.323379861149000e+00 1.869324401696433e+01 1.869324401696433e+01 0.000000000000000e+00 0.000000000000000e+00 0.000000000000000e+00 1.771524274618740e+01 0.000000000000000e+00 0.000000000000000e+00 0.000000000000000e+00 1.741629059597247e+01 1.741629059597247e+01 0.000000000000000e+00
9.377204320477000e+00 1.840809355688296e+01 1.840809355688296e+01 0.000000000000000e+00 0.000000000000000e+00 0.000000000000000e+00 1.744512198001241e+01 0.000000000000000e+00 0.000000000000000e+00 0.000000000000000e+00 1.715028193034960e+01 1.715028193034960e+01 0.000000000000000e+00
9.431339511799001e+00 1.812477952121231e+01 1.812477952121231e+01 0.000000000000000e+00 0.000000000000000e+00 0.000000000000000e+00 1.717674092630936e+01 0.000000000000000e+00 0.000000000000000e+00 0.000000000000000e+00 1.688598716268217e+01 1.688598716268217e+01 0.000000000000000e+00
9.485787228991001e+00 1.784348919882959e+01 1.784348919882959e+01 0.000000000000000e+00 0.000000000000000e+00 0.000000000000000e+00 1.691027705950178e+01 0.000000000000000e+00 0.000000000000000e+00 0.000000000000000e+00 1.662358073554766e+01 1.662358073554766e+01 0.000000000000000e+00
9.540549276285001e+00 1.756411433176523e+01 1.756411433176523e+01 0.000000000000000e+00 0.000000000000000e+00 0.000000000000000e+00 1.664562781271956e+01 0.000000000000000e+00 0.000000000000000e+00 0.000000000000000e+00 1.636296197687212e+01 1.636296197687212e+01 0.000000000000000e+00
9.595627468329001e+00 1.728666779403630e+01 1.728666779403630e+01 0.000000000000000e+00 0.000000000000000e+00 0.000000000000000e+00 1.638280514835194e+01 0.000000000000000e+00 0.000000000000000e+00 0.000000000000000e+00 1.610414260374460e+01 1.610414260374460e+01 0.000000000000000e+00
9.651023630245000e+00 1.701102728079118e+01 1.701102728079118e+01 0.000000000000000e+00 0.000000000000000e+00 0.000000000000000e+00 1.612169295052206e+01 0.000000000000000e+00 0.000000000000000e+00 0.000000000000000e+00 1.584700853710369e+01 1.584700853710369e+01 0.000000000000000e+00
9.706739597693000e+00 1.673726452241933e+01 1.673726452241933e+01 0.000000000000000e+00 0.000000000000000e+00 0.000000000000000e+00 1.586235915319827e+01 0.000000000000000e+00 0.000000000000000e+00 0.000000000000000e+00 1.559162676617890e+01 1.559162676617890e+01 0.000000000000000e+00
9.762777216931999e+00 1.646532344921222e+01 1.646532344921222e+01 0.000000000000000e+00 0.000000000000000e+00 0.000000000000000e+00 1.560475081683163e+01 0.000000000000000e+00 0.000000000000000e+00 0.000000000000000e+00 1.533794530220431e+01 1.533794530220431e+01 0.000000000000000e+00
9.819138344877000e+00 1.619509429416770e+01 1.619509429416770e+01 0.000000000000000e+00 0.000000000000000e+00 0.000000000000000e+00 1.534876423915130e+01 0.000000000000000e+00 0.000000000000000e+00 0.000000000000000e+00 1.508586258546063e+01 1.508586258546063e+01 0.000000000000000e+00
9.875824849164999e+00 1.592681331865447e+01 1.592681331865447e+01 0.000000000000000e+00 0.000000000000000e+00 0.000000000000000e+00 1.509462317184314e+01 0.000000000000000e+00 0.000000000000000e+00 0.000000000000000e+00 1.483559864389914e+01 1.483559864389914e+01 0.000000000000000e+00
9.932838608214000e+00 1.566028811382553e+01 1.566028811382553e+01 0.000000000000000e+00 0.000000000000000e+00 0.000000000000000e+00 1.484214470092455e+01 0.000000000000000e+00 0.000000000000000e+00 0.000000000000000e+00 1.458697351624624e+01 1.458697351624624e+01 0.000000000000000e+00
9.990181511285000e+00 1.539552508188769e+01 1.539552508188769e+01 0.000000000000000e+00 0.000000000000000e+00 0.000000000000000e+00 1.459133483400847e+01 0.000000000000000e+00 0.000000000000000e+00 0.000000000000000e+00 1.433999336484875e+01 1.433999336484875e+01 0.000000000000000e+00
1.004785545855000e+01 1.513257099213981e+01 1.513257099213981e+01 0.000000000000000e+00 0.000000000000000e+00 0.000000000000000e+00 1.434223849819409e+01 0.000000000000000e+00 0.000000000000000e+00 0.000000000000000e+00 1.409470256971268e+01 1.409470256971268e+01 0.000000000000000e+00
1.010586236114000e+01 1.487121224154546e+01 1.487121224154546e+01 0.000000000000000e+00 0.000000000000000e+00 0.000000000000000e+00 1.409465331608953e+01 0.000000000000000e+00 0.000000000000000e+00 0.000000000000000e+00 1.385090263821142e+01 1.385090263821142e+01 0.000000000000000e+00
1.016420414124000e+01 1.461176546149234e+01 1.461176546149234e+01 0.000000000000000e+00 0.000000000000000e+00 0.000000000000000e+00 1.384887844990111e+01 0.000000000000000e+00 0.000000000000000e+00 0.000000000000000e+00 1.360888698216032e+01 1.360888698216032e+01 0.000000000000000e+00
1.022288273211000e+01 1.435401362691941e+01 1.435401362691941e+01 0.000000000000000e+00 0.000000000000000e+00 0.000000000000000e+00 1.360470847718656e+01 0.000000000000000e+00 0.000000000000000e+00 0.000000000000000e+00 1.336845445185871e+01 1.336845445185871e+01 0.000000000000000e+00
1.028190007818000e+01 1.409797900867116e+01 1.409797900867116e+01 0.000000000000000e+00 0.000000000000000e+00 0.000000000000000e+00 1.336216523001387e+01 0.000000000000000e+00 0.000000000000000e+00 0.000000000000000e+00 1.312962679403105e+01 1.312962679403105e+01 0.000000000000000e+00
1.034125813511000e+01 1.384356873249577e+01 1.384356873249577e+01 0.000000000000000e+00 0.000000000000000e+00 0.000000000000000e+00 1.312115993972506e+01 0.000000000000000e+00 0.000000000000000e+00 0.000000000000000e+00 1.289231677694106e+01 1.289231677694106e+01 0.000000000000000e+00
1.040095886984000e+01 1.359078046631716e+01 1.359078046631716e+01 0.000000000000000e+00 0.000000000000000e+00 0.000000000000000e+00 1.288168996329951e+01 0.000000000000000e+00 0.000000000000000e+00 0.000000000000000e+00 1.265652160344339e+01 1.265652160344339e+01 0.000000000000000e+00
1.046100426068000e+01 1.333974280141744e+01 1.333974280141744e+01 0.000000000000000e+00 0.000000000000000e+00 0.000000000000000e+00 1.264387825884913e+01 0.000000000000000e+00 0.000000000000000e+00 0.000000000000000e+00 1.242236280312037e+01 1.242236280312037e+01 0.000000000000000e+00
1.052139629734000e+01 1.309050812162531e+01 1.309050812162531e+01 0.000000000000000e+00 0.000000000000000e+00 0.000000000000000e+00 1.240777378843453e+01 0.000000000000000e+00 0.000000000000000e+00 0.000000000000000e+00 1.218988899995418e+01 1.218988899995418e+01 0.000000000000000e+00
1.058213698103000e+01 1.284297106389247e+01 1.284297106389247e+01 0.000000000000000e+00 0.000000000000000e+00 0.000000000000000e+00 1.217327612728637e+01 0.000000000000000e+00 0.000000000000000e+00 0.000000000000000e+00 1.195900021722508e+01 1.195900021722508e+01 0.000000000000000e+00
1.064322832451000e+01 1.259702137063758e+01 1.259702137063758e+01 0.000000000000000e+00 0.000000000000000e+00 0.000000000000000e+00 1.194028198553714e+01 0.000000000000000e+00 0.000000000000000e+00 0.000000000000000e+00 1.172959661584842e+01 1.172959661584842e+01 0.000000000000000e+00
1.070467235217000e+01 1.235282080587893e+01 1.235282080587893e+01 0.000000000000000e+00 0.000000000000000e+00 0.000000000000000e+00 1.170894335500804e+01 0.000000000000000e+00 0.000000000000000e+00 0.000000000000000e+00 1.150182719825895e+01 1.150182719825895e+01 0.000000000000000e+00
1.076647110007000e+01 1.211003717056048e+01 1.211003717056048e+01 0.000000000000000e+00 0.000000000000000e+00 0.000000000000000e+00 1.147894618728417e+01 0.000000000000000e+00 0.000000000000000e+00 0.000000000000000e+00 1.127538375167559e+01 1.127538375167559e+01 0.000000000000000e+00
1.082862661604000e+01 1.186918025017054e+01 1.186918025017054e+01 0.000000000000000e+00 0.000000000000000e+00 0.000000000000000e+00 1.125077338581980e+01 0.000000000000000e+00 0.000000000000000e+00 0.000000000000000e+00 1.105074107079090e+01 1.105074107079090e+01 0.000000000000000e+00
1.089114095972000e+01 1.162974253402994e+01 1.162974253402994e+01 0.000000000000000e+00 0.000000000000000e+00 0.000000000000000e+00 1.102394341099760e+01 0.000000000000000e+00 0.000000000000000e+00 0.000000000000000e+00 1.082742558467993e+01 1.082742558467993e+01 0.000000000000000e+00
1.095401620264000e+01 1.139214426354839e+01 1.139214426354839e+01 0.000000000000000e+00 0.000000000000000e+00 0.000000000000000e+00 1.079885551052871e+01 0.000000000000000e+00 0.000000000000000e+00 0.000000000000000e+00 1.060583096985155e+01 1.060583096985155e+01 0.000000000000000e+00
1.101725442830000e+01 1.115595252362037e+01 1.115595252362037e+01 0.000000000000000e+00 0.000000000000000e+00 0.000000000000000e+00 1.057509802970730e+01 0.000000000000000e+00 0.000000000000000e+00 0.000000000000000e+00 1.038555195164752e+01 1.038555195164752e+01 0.000000000000000e+00
1.108085773222000e+01 1.092186915313615e+01 1.092186915313615e+01 0.000000000000000e+00 0.000000000000000e+00 0.000000000000000e+00 1.035333745044752e+01 0.000000000000000e+00 0.000000000000000e+00 0.000000000000000e+00 1.016724392676689e+01 1.016724392676689e+01 0.000000000000000e+00
1.114482822202000e+01 1.068900139876247e+01 1.068900139876247e+01 0.000000000000000e+00 0.000000000000000e+00 0.000000000000000e+00 1.013272625862538e+01 0.000000000000000e+00 0.000000000000000e+00 0.000000000000000e+00 9.950074520922531e+00 9.950074520922531e+00 0.000000000000000e+00
1.120916801749000e+01 1.045810727608577e+01 1.045810727608577e+01 0.000000000000000e+00 0.000000000000000e+00 0.000000000000000e+00 9.913984095367846e+00 0.000000000000000e+00 0.000000000000000e+00 0.000000000000000e+00 9.734751123723282e+00 9.734751123723282e+00 0.000000000000000e+00
1.127387925065000e+01 1.022868590057368e+01 1.022868590057368e+01 0.000000000000000e+00 0.000000000000000e+00 0.000000000000000e+00 9.696634963031830e+00 0.000000000000000e+00 0.000000000000000e+00 0.000000000000000e+00 9.520806120532612e+00 9.520806120532612e+00 0.000000000000000e+00
1.133896406584000e+01 1.000074970624092e+01 1.000074970624092e+01 0.000000000000000e+00 0.000000000000000e+00 0.000000000000000e+00 9.480691545523529e+00 0.000000000000000e+00 0.000000000000000e+00 0.000000000000000e+00 9.308252532255036e+00 9.308252532255036e+00 0.000000000000000e+00
1.140442461976000e+01 9.774751484395827e+00 9.774751484395827e+00 0.000000000000000e+00 0.000000000000000e+00 0.000000000000000e+00 9.266582385384861e+00 0.000000000000000e+00 0.000000000000000e+00 0.000000000000000e+00 9.097511486386129e+00 9.097511486386129e+00 0.000000000000000e+00
1.147026308159000e+01 9.550328081254706e+00 9.550328081254706e+00 0.000000000000000e+00 0.000000000000000e+00 0.000000000000000e+00 9.053963391894602e+00 0.000000000000000e+00 0.000000000000000e+00 0.000000000000000e+00 8.888245159159673e+00 8.888245159159673e+00 0.000000000000000e+00
1.153648163301000e+01 9.327809331382522e+00 9.327809331382522e+00 0.000000000000000e+00 0.000000000000000e+00 0.000000000000000e+00 8.843147310527595e+00 0.000000000000000e+00 0.000000000000000e+00 0.000000000000000e+00 8.680760955422469e+00 8.680760955422469e+00 0.000000000000000e+00
1.160308246830000e+01 9.106778634284684e+00 9.106778634284684e+00 0.000000000000000e+00 0.000000000000000e+00 0.000000000000000e+00 8.633738582008263e+00 0.000000000000000e+00 0.000000000000000e+00 0.000000000000000e+00 8.474670860905302e+00 8.474670860905302e+00 0.000000000000000e+00
1.167006779440000e+01 8.887280409528540e+00 8.887280409528540e+00 0.000000000000000e+00 0.000000000000000e+00 0.000000000000000e+00 8.425780119401646e+00 0.000000000000000e+00 0.000000000000000e+00 0.000000000000000e+00 8.270017594284532e+00 8.270017594284532e+00 0.000000000000000e+00
1.173743983101000e+01 8.669794577903867e+00 8.669794577903867e+00 0.000000000000000e+00 0.000000000000000e+00 0.000000000000000e+00 8.219725959601666e+00 0.000000000000000e+00 0.000000000000000e+00 0.000000000000000e+00 8.067246600005046e+00 8.067246600005046e+00 0.000000000000000e+00
1.180520081063000e+01 8.453867896064196e+00 8.453867896064196e+00 0.000000000000000e+00 0.000000000000000e+00 0.000000000000000e+00 8.015146670661629e+00 0.000000000000000e+00 0.000000000000000e+00 0.000000000000000e+00 7.865936963784979e+00 7.865936963784979e+00 0.000000000000000e+00
1.187335297866000e+01 8.239718636624142e+00 8.239718636624142e+00 0.000000000000000e+00 0.000000000000000e+00 0.000000000000000e+00 7.812249518142038e+00 0.000000000000000e+00 0.000000000000000e+00 0.000000000000000e+00 7.666292596896585e+00 7.666292596896585e+00 0.000000000000000e+00
1.194189859345000e+01 8.027375049371255e+00 8.027375049371255e+00 0.000000000000000e+00 0.000000000000000e+00 0.000000000000000e+00 7.611060479277441e+00 0.000000000000000e+00 0.000000000000000e+00 0.000000000000000e+00 7.468339025424364e+00 7.468339025424364e+00 0.000000000000000e+00
1.201083992639000e+01 7.816814155382804e+00 7.816814155382804e+00 0.000000000000000e+00 0.000000000000000e+00 0.000000000000000e+00 7.411557955621235e+00 0.000000000000000e+00 0.000000000000000e+00 0.000000000000000e+00 7.272055251575943e+00 7.272055251575943e+00 0.000000000000000e+00
1.208017926199000e+01 7.607990830512589e+00 7.607990830512589e+00 0.000000000000000e+00 0.000000000000000e+00 0.000000000000000e+00 7.213699551561419e+00 0.000000000000000e+00 0.000000000000000e+00 0.000000000000000e+00 7.077400638923016e+00 7.077400638923016e+00 0.000000000000000e+00
1.214991889794000e+01 7.400969880824919e+00 7.400969880824919e+00 0.000000000000000e+00 0.000000000000000e+00 0.000000000000000e+00 7.017546162923948e+00 0.000000000000000e+00 0.000000000000000e+00 0.000000000000000e+00 6.884435029879112e+00 6.884435029879112e+00 0.000000000000000e+00
1.222006114520000e+01 7.195780950127425e+00 7.195780950127425e+00 0.000000000000000e+00 0.000000000000000e+00 0.000000000000000e+00 6.823125502160077e+00 0.000000000000000e+00 0.000000000000000e+00 0.000000000000000e+00 6.693185059174410e+00 6.693185059174410e+00 0.000000000000000e+00
1.229060832808000e+01 6.992460162783130e+00 6.992460162783130e+00 0.000000000000000e+00 0.000000000000000e+00 0.000000000000000e+00 6.630472318570809e+00 0.000000000000000e+00 0.000000000000000e+00 0.000000000000000e+00 6.503686255946200e+00 6.503686255946200e+00 0.000000000000000e+00
1.236156278429000e+01 6.790981091197866e+00 6.790981091197866e+00 0.000000000000000e+00 0.000000000000000e+00 0.000000000000000e+00 6.439561461056051e+00 0.000000000000000e+00 0.000000000000000e+00 0.000000000000000e+00 6.315914015957061e+00 6.315914015957061e+00 0.000000000000000e+00
1.243292686504000e+01 6.591334481285163e+00 6.591334481285163e+00 0.000000000000000e+00 0.000000000000000e+00 0.000000000000000e+00 6.250383823690843e+00 0.000000000000000e+00 0.000000000000000e+00 0.000000000000000e+00 6.129859671021851e+00 6.129859671021851e+00 0.000000000000000e+00
1.250470293513000e+01 6.393637902949781e+00 6.393637902949781e+00 0.000000000000000e+00 0.000000000000000e+00 0.000000000000000e+00 6.063050633424169e+00 0.000000000000000e+00 0.000000000000000e+00 0.000000000000000e+00 5.945632331521997e+00 5.945632331521997e+00 0.000000000000000e+00
1.257689337299000e+01 6.197819073383211e+00 6.197819073383211e+00 0.000000000000000e+00 0.000000000000000e+00 0.000000000000000e+00 5.877493541505121e+00 0.000000000000000e+00 0.000000000000000e+00 0.000000000000000e+00 5.763166155038219e+00 5.763166155038219e+00 0.000000000000000e+00
1.264950057080000e+01 6.004039664597771e+00 6.004039664597771e+00 0.000000000000000e+00 0.000000000000000e+00 0.000000000000000e+00 5.693865619279375e+00 0.000000000000000e+00 0.000000000000000e+00 0.000000000000000e+00 5.582610366615658e+00 5.582610366615658e+00 0.000000000000000e+00
1.272252693454000e+01 5.812241579566845e+00 5.812241579566845e+00 0.000000000000000e+00 0.000000000000000e+00 0.000000000000000e+00 5.512111981468017e+00 0.000000000000000e+00 0.000000000000000e+00 0.000000000000000e+00 5.403912867108693e+00 5.403912867108693e+00 0.000000000000000e+00
1.279597488407000e+01 5.622446480392775e+00 5.622446480392775e+00 0.000000000000000e+00 0.000000000000000e+00 0.000000000000000e+00 5.332252783685409e+00 0.000000000000000e+00 0.000000000000000e+00 0.000000000000000e+00 5.227092608883858e+00 5.227092608883858e+00 0.000000000000000e+00
1.286984685325000e+01 5.434704741954252e+00 5.434704741954252e+00 0.000000000000000e+00 0.000000000000000e+00 0.000000000000000e+00 5.154335800554112e+00 0.000000000000000e+00 0.000000000000000e+00 0.000000000000000e+00 5.052197467027542e+00 5.052197467027542e+00 0.000000000000000e+00
1.294414528995000e+01 5.248953875021590e+00 5.248953875021590e+00 0.000000000000000e+00 0.000000000000000e+00 0.000000000000000e+00 4.978301648759872e+00 0.000000000000000e+00 0.000000000000000e+00 0.000000000000000e+00 4.879169456316008e+00 4.879169456316008e+00 0.000000000000000e+00
1.301887265621000e+01 5.065343733835035e+00 5.065343733835035e+00 0.000000000000000e+00 0.000000000000000e+00 0.000000000000000e+00 4.804292314141519e+00 0.000000000000000e+00 0.000000000000000e+00 0.000000000000000e+00 4.708147993631536e+00 4.708147993631536e+00 0.000000000000000e+00
1.309403142827000e+01 4.883936956193276e+00 4.883936956193276e+00 0.000000000000000e+00 0.000000000000000e+00 0.000000000000000e+00 4.632367025794164e+00 0.000000000000000e+00 0.000000000000000e+00 0.000000000000000e+00 4.539190398561463e+00 4.539190398561463e+00 0.000000000000000e+00
1.316962409665000e+01 4.704694854584003e+00 4.704694854584003e+00 0.000000000000000e+00 0.000000000000000e+00 0.000000000000000e+00 4.462489282243761e+00 0.000000000000000e+00 0.000000000000000e+00 0.000000000000000e+00 4.372263416432236e+00 4.372263416432236e+00 0.000000000000000e+00
1.324565316627000e+01 4.527609500189392e+00 4.527609500189392e+00 0.000000000000000e+00 0.000000000000000e+00 0.000000000000000e+00 4.294651446174419e+00 0.000000000000000e+00 0.000000000000000e+00 0.000000000000000e+00 4.207359111536994e+00 4.207359111536994e+00 0.000000000000000e+00
1.332212115650000e+01 4.352801831517764e+00 4.352801831517764e+00 0.000000000000000e+00 0.000000000000000e+00 0.000000000000000e+00 4.128967888365237e+00 0.000000000000000e+00 0.000000000000000e+00 0.000000000000000e+00 4.044589005979664e+00 4.044589005979664e+00 0.000000000000000e+00
1.339903060125000e+01 4.180231980562987e+00 4.180231980562987e+00 0.000000000000000e+00 0.000000000000000e+00 0.000000000000000e+00 3.965400852703304e+00 0.000000000000000e+00 0.000000000000000e+00 0.000000000000000e+00 3.883917066172947e+00 3.883917066172947e+00 0.000000000000000e+00
1.347638404908000e+01 4.009937458252072e+00 4.009937458252072e+00 0.000000000000000e+00 0.000000000000000e+00 0.000000000000000e+00 3.803985823120229e+00 0.000000000000000e+00 0.000000000000000e+00 0.000000000000000e+00 3.725378012992224e+00 3.725378012992224e+00 0.000000000000000e+00
1.355418406323000e+01 3.842114137958658e+00 3.842114137958658e+00 0.000000000000000e+00 0.000000000000000e+00 0.000000000000000e+00 3.644908502801971e+00 0.000000000000000e+00 0.000000000000000e+00 0.000000000000000e+00 3.569154634906462e+00 3.569154634906462e+00 0.000000000000000e+00
1.363243322176000e+01 3.676602541667108e+00 3.676602541667108e+00 0.000000000000000e+00 0.000000000000000e+00 0.000000000000000e+00 3.488017548856294e+00 0.000000000000000e+00 0.000000000000000e+00 0.000000000000000e+00 3.415098246917981e+00 3.415098246917981e+00 0.000000000000000e+00
1.371113411762000e+01 3.513642420183697e+00 3.513642420183697e+00 0.000000000000000e+00 0.000000000000000e+00 0.000000000000000e+00 3.333540288882066e+00 0.000000000000000e+00 0.000000000000000e+00 0.000000000000000e+00 3.263432203966647e+00 3.263432203966647e+00 0.000000000000000e+00
1.379028935870000e+01 3.353015773981799e+00 3.353015773981799e+00 0.000000000000000e+00 0.000000000000000e+00 0.000000000000000e+00 3.181269852286068e+00 0.000000000000000e+00 0.000000000000000e+00 0.000000000000000e+00 3.113954047885058e+00 3.113954047885058e+00 0.000000000000000e+00
1.386990156798000e+01 3.194992551568969e+00 3.194992551568969e+00 0.000000000000000e+00 0.000000000000000e+00 0.000000000000000e+00 3.031462230848021e+00 0.000000000000000e+00 0.000000000000000e+00 0.000000000000000e+00 2.966914755011570e+00 2.966914755011570e+00 0.000000000000000e+00
1.394997338356000e+01 3.039522895072121e+00 3.039522895072121e+00 0.000000000000000e+00 0.000000000000000e+00 0.000000000000000e+00 2.884070067750757e+00 0.000000000000000e+00 0.000000000000000e+00 0.000000000000000e+00 2.822267856131612e+00 2.822267856131612e+00 0.000000000000000e+00
1.403050745878000e+01 2.886702619345768e+00 2.886702619345768e+00 0.000000000000000e+00 0.000000000000000e+00 0.000000000000000e+00 2.739184341574020e+00 0.000000000000000e+00 0.000000000000000e+00 0.000000000000000e+00 2.680103119724288e+00 2.680103119724288e+00 0.000000000000000e+00
1.411150646229000e+01 2.736368192553738e+00 2.736368192553738e+00 0.000000000000000e+00 0.000000000000000e+00 0.000000000000000e+00 2.596649772480829e+00 0.000000000000000e+00 0.000000000000000e+00 0.000000000000000e+00 2.540268280703146e+00 2.540268280703146e+00 0.000000000000000e+00
1.419297307814000e+01 2.588853944356493e+00 2.588853944356493e+00 0.000000000000000e+00 0.000000000000000e+00 0.000000000000000e+00 2.456783436746203e+00 0.000000000000000e+00 0.000000000000000e+00 0.000000000000000e+00 2.403073659169452e+00 2.403073659169452e+00 0.000000000000000e+00
1.427491000590000e+01 2.444002591951236e+00 2.444002591951236e+00 0.000000000000000e+00 0.000000000000000e+00 0.000000000000000e+00 2.319436055547215e+00 0.000000000000000e+00 0.000000000000000e+00 0.000000000000000e+00 2.268373800615454e+00 2.268373800615454e+00 0.000000000000000e+00
1.435731996071000e+01 2.301906352398473e+00 2.301906352398473e+00 0.000000000000000e+00 0.000000000000000e+00 0.000000000000000e+00 2.184695017396705e+00 0.000000000000000e+00 0.000000000000000e+00 0.000000000000000e+00 2.136254064807191e+00 2.136254064807191e+00 0.000000000000000e+00
1.444020567338000e+01 2.162787928946283e+00 2.162787928946283e+00 0.000000000000000e+00 0.000000000000000e+00 0.000000000000000e+00 2.052771752138361e+00 0.000000000000000e+00 0.000000000000000e+00 0.000000000000000e+00 2.006921138194709e+00 2.006921138194709e+00 0.000000000000000e+00
1.452356989049000e+01 2.026380572553785e+00 2.026380572553785e+00 0.000000000000000e+00 0.000000000000000e+00 0.000000000000000e+00 1.923413248823609e+00 0.000000000000000e+00 0.000000000000000e+00 0.000000000000000e+00 1.880128086561100e+00 1.880128086561100e+00 0.000000000000000e+00
1.460741537448000e+01 1.892992173742824e+00 1.892992173742824e+00 0.000000000000000e+00 0.000000000000000e+00 0.000000000000000e+00 1.796911362576159e+00 0.000000000000000e+00 0.000000000000000e+00 0.000000000000000e+00 1.756159803614837e+00 1.756159803614837e+00 0.000000000000000e+00
1.469174490373000e+01 1.762712814555366e+00 1.762712814555366e+00 0.000000000000000e+00 0.000000000000000e+00 0.000000000000000e+00 1.673351375847774e+00 0.000000000000000e+00 0.000000000000000e+00 0.000000000000000e+00 1.635098537893749e+00 1.635098537893749e+00 0.000000000000000e+00
1.477656127266000e+01 1.635087909952268e+00 1.635087909952268e+00 0.000000000000000e+00 0.000000000000000e+00 0.000000000000000e+00 1.552302693312601e+00 0.000000000000000e+00 0.000000000000000e+00 0.000000000000000e+00 1.516526572909149e+00 1.516526572909149e+00 0.000000000000000e+00
1.486186729184000e+01 1.510720686711408e+00 1.510720686711408e+00 0.000000000000000e+00 0.000000000000000e+00 0.000000000000000e+00 1.434337144477834e+00 0.000000000000000e+00 0.000000000000000e+00 0.000000000000000e+00 1.400999707687990e+00 1.400999707687990e+00 0.000000000000000e+00
1.494766578804000e+01 1.389399406128408e+00 1.389399406128408e+00 0.000000000000000e+00 0.000000000000000e+00 0.000000000000000e+00 1.319253760361350e+00 0.000000000000000e+00 0.000000000000000e+00 0.000000000000000e+00 1.288322155586629e+00 1.288322155586629e+00 0.000000000000000e+00
1.503395960436000e+01 1.271260269226156e+00 1.271260269226156e+00 0.000000000000000e+00 0.000000000000000e+00 0.000000000000000e+00 1.207182234987876e+00 0.000000000000000e+00 0.000000000000000e+00 0.000000000000000e+00 1.178615736733875e+00 1.178615736733875e+00 0.000000000000000e+00
1.512075160032000e+01 1.156309086855233e+00 1.156309086855233e+00 0.000000000000000e+00 0.000000000000000e+00 0.000000000000000e+00 1.098127880205061e+00 0.000000000000000e+00 0.000000000000000e+00 0.000000000000000e+00 1.071895389304766e+00 1.071895389304766e+00 0.000000000000000e+00
1.520804465195000e+01 1.044557892636842e+00 1.044557892636842e+00 0.000000000000000e+00 0.000000000000000e+00 0.000000000000000e+00 9.921021381566525e-01 0.000000000000000e+00 0.000000000000000e+00 0.000000000000000e+00 9.681665664516829e-01 9.681665664516829e-01 0.000000000000000e+00
1.529584165186000e+01 9.360508502505505e-01 9.360508502505505e-01 0.000000000000000e+00 0.000000000000000e+00 0.000000000000000e+00 8.891472314092641e-01 0.000000000000000e+00 0.000000000000000e+00 0.000000000000000e+00 8.674701830969657e-01 8.674701830969657e-01 0.000000000000000e+00
1.538414550938000e+01 8.308656077191310e-01 8.308656077191310e-01 0.000000000000000e+00 0.000000000000000e+00 0.000000000000000e+00 7.893365929198314e-01 0.000000000000000e+00 0.000000000000000e+00 0.000000000000000e+00 7.698776934211423e-01 7.698776934211423e-01 0.000000000000000e+00
1.547295915063000e+01 7.290440584343479e-01 7.290440584343479e-01 0.000000000000000e+00 0.000000000000000e+00 0.000000000000000e+00 6.927105537333014e-01 0.000000000000000e+00 0.000000000000000e+00 0.000000000000000e+00 6.754282888497848e-01 6.754282888497848e-01 0.000000000000000e+00
1.556228551863000e+01 6.305918754554172e-01 6.305918754554172e-01 0.000000000000000e+00 0.000000000000000e+00 0.000000000000000e+00 5.992740830340013e-01 0.000000000000000e+00 0.000000000000000e+00 0.000000000000000e+00 5.841253621190305e-01 5.841253621190305e-01 0.000000000000000e+00
1.565212757338000e+01 5.355669761986592e-01 5.355669761986592e-01 0.000000000000000e+00 0.000000000000000e+00 0.000000000000000e+00 5.090828204794016e-01 0.000000000000000e+00 0.000000000000000e+00 0.000000000000000e+00 4.960232936898757e-01 4.960232936898757e-01 0.000000000000000e+00
1.574248829197000e+01 4.439844444983359e-01 4.439844444983359e-01 0.000000000000000e+00 0.000000000000000e+00 0.000000000000000e+00 4.221505302166866e-01 0.000000000000000e+00 0.000000000000000e+00 0.000000000000000e+00 4.111384876330672e-01 4.111384876330672e-01 0.000000000000000e+00
1.583337066869000e+01 3.558716775628347e-01 3.558716775628347e-01 0.000000000000000e+00 0.000000000000000e+00 0.000000000000000e+00 3.385042565334312e-01 0.000000000000000e+00 0.000000000000000e+00 0.000000000000000e+00 3.294837992994333e-01 3.294837992994333e-01 0.000000000000000e+00
1.592477771509000e+01 2.712926501426139e-01 2.712926501426139e-01 0.000000000000000e+00 0.000000000000000e+00 0.000000000000000e+00 2.582044702916524e-01 0.000000000000000e+00 0.000000000000000e+00 0.000000000000000e+00 2.511333515422120e-01 2.511333515422120e-01 0.000000000000000e+00
1.601671246012000e+01 1.902225541170649e-01 1.902225541170649e-01 0.000000000000000e+00 0.000000000000000e+00 0.000000000000000e+00 1.812278371207562e-01 0.000000000000000e+00 0.000000000000000e+00 0.000000000000000e+00 1.760537217296662e-01 1.760537217296662e-01 0.000000000000000e+00
1.610917795024000e+01 1.127109769127932e-01 1.127109769127932e-01 0.000000000000000e+00 0.000000000000000e+00 0.000000000000000e+00 1.076217455801315e-01 0.000000000000000e+00 0.000000000000000e+00 0.000000000000000e+00 1.042912241842086e-01 1.042912241842086e-01 0.000000000000000e+00
1.620217724945000e+01 3.881369153667141e-02 3.881369153667141e-02 0.000000000000000e+00 0.000000000000000e+00 0.000000000000000e+00 3.743927523344209e-02 0.000000000000000e+00 0.000000000000000e+00 0.000000000000000e+00 3.589975255359059e-02 3.589975255359059e-02 0.000000000000000e+00
1.629571343948000e+01 -3.151892956682273e-02 -3.151892956682273e-02 0.000000000000000e+00 0.000000000000000e+00 0.000000000000000e+00 -2.936616546894428e-02 0.000000000000000e+00 0.000000000000000e+00 0.000000000000000e+00 -2.916686992422634e-02 -2.916686992422634e-02 0.000000000000000e+00
1.638978961982000e+01 -9.822623108268884e-02 -9.822623108268884e-02 0.000000000000000e+00 0.000000000000000e+00 0.000000000000000e+00 -9.273701684764317e-02 0.000000000000000e+00 0.000000000000000e+00 0.000000000000000e+00 -9.086107847434478e-02 -9.086107847434478e-02 0.000000000000000e+00
1.648440890788000e+01 -1.612955774601011e-01 -1.612955774601011e-01 0.000000000000000e+00 0.000000000000000e+00 0.000000000000000e+00 -1.526609595848182e-01 0.000000000000000e+00 0.000000000000000e+00 0.000000000000000e+00 -1.491654342199430e-01 -1.491654342199430e-01 0.000000000000000e+00
1.657957443905000e+01 -2.207536143024072e-01 -2.207536143024072e-01 0.000000000000000e+00 0.000000000000000e+00 0.000000000000000e+00 -2.091626584725838e-01 0.000000000000000e+00 0.000000000000000e+00 0.000000000000000e+00 -2.041064763246841e-01 -2.041064763246841e-01 0.000000000000000e+00
1.667528936683000e+01 -2.765284595406054e-01 -2.765284595406054e-01 0.000000000000000e+00 0.000000000000000e+00 0.000000000000000e+00 -2.621735905335472e-01 0.000000000000000e+00 0.000000000000000e+00 0.000000000000000e+00 -2.556195992819009e-01 -2.556195992819009e-01 0.000000000000000e+00
1.677155686292000e+01 -3.287635424522778e-01 -3.287635424522778e-01 0.000000000000000e+00 0.000000000000000e+00 0.000000000000000e+00 -3.118298276487585e-01 0.000000000000000e+00 0.000000000000000e+00 0.000000000000000e+00 -3.038377686433212e-01 -3.038377686433212e-01 0.000000000000000e+00
1.686838011733000e+01 -3.772766798493314e-01 -3.772766798493314e-01 0.000000000000000e+00 0.000000000000000e+00 0.000000000000000e+00 -3.579576202045140e-01 0.000000000000000e+00 0.000000000000000e+00 0.000000000000000e+00 -3.485962756446466e-01 -3.485962756446466e-01 0.000000000000000e+00
1.696576233848000e+01 -4.222443663293866e-01 -4.222443663293866e-01 0.000000000000000e+00 0.000000000000000e+00 0.000000000000000e+00 -4.007243955689272e-01 0.000000000000000e+00 0.000000000000000e+00 0.000000000000000e+00 -3.900593164770707e-01 -3.900593164770707e-01 0.000000000000000e+00
1.706370675333000e+01 -4.635584888020636e-01 -4.635584888020636e-01 0.000000000000000e+00 0.000000000000000e+00 0.000000000000000e+00 -4.400268977150393e-01 0.000000000000000e+00 0.000000000000000e+00 0.000000000000000e+00 -4.281275429245869e-01 -4.281275429245869e-01 0.000000000000000e+00
1.716221660746000e+01 -5.012813545245175e-01 -5.012813545245175e-01 0.000000000000000e+00 0.000000000000000e+00 0.000000000000000e+00 -4.759238961944798e-01 0.000000000000000e+00 0.000000000000000e+00 0.000000000000000e+00 -4.628586592889286e-01 -4.628586592889286e-01 0.000000000000000e+00
1.726129516519000e+01 -5.354309758760216e-01 -5.354309758760216e-01 0.000000000000000e+00 0.000000000000000e+00 0.000000000000000e+00 -5.084318500363239e-01 0.000000000000000e+00 0.000000000000000e+00 0.000000000000000e+00 -4.942744926227596e-01 -4.942744926227596e-01 0.000000000000000e+00
1.736094570967000e+01 -5.661118243806779e-01 -5.661118243806779e-01 0.000000000000000e+00 0.000000000000000e+00 0.000000000000000e+00 -5.376497122739082e-01 0.000000000000000e+00 0.000000000000000e+00 0.000000000000000e+00 -5.224696667242732e-01 -5.224696667242732e-01 0.000000000000000e+00
1.746117154302000e+01 -5.932577697844930e-01 -5.932577697844930e-01 0.000000000000000e+00 0.000000000000000e+00 0.000000000000000e+00 -5.635138831258173e-01 0.000000000000000e+00 0.000000000000000e+00 0.000000000000000e+00 -5.473862984838109e-01 -5.473862984838109e-01 0.000000000000000e+00
1.756197598642000e+01 -6.169650162351622e-01 -6.169650162351622e-01 0.000000000000000e+00 0.000000000000000e+00 0.000000000000000e+00 -5.861152850209252e-01 0.000000000000000e+00 0.000000000000000e+00 0.000000000000000e+00 -5.691150053845735e-01 -5.691150053845735e-01 0.000000000000000e+00
1.766336238023000e+01 -6.372575531959570e-01 -6.372575531959570e-01 0.000000000000000e+00 0.000000000000000e+00 0.000000000000000e+00 -6.054760400804629e-01 0.000000000000000e+00 0.000000000000000e+00 0.000000000000000e+00 -5.876798239215338e-01 -5.876798239215338e-01 0.000000000000000e+00
1.776533408407000e+01 -6.542116802551575e-01 -6.542116802551575e-01 0.000000000000000e+00 0.000000000000000e+00 0.000000000000000e+00 -6.216681547234117e-01 0.000000000000000e+00 0.000000000000000e+00 0.000000000000000e+00 -6.031530175416950e-01 -6.031530175416950e-01 0.000000000000000e+00
1.786789447698000e+01 -6.678655374000414e-01 -6.678655374000414e-01 0.000000000000000e+00 0.000000000000000e+00 0.000000000000000e+00 -6.347271217203476e-01 0.000000000000000e+00 0.000000000000000e+00 0.000000000000000e+00 -6.155718249915723e-01 -6.155718249915723e-01 0.000000000000000e+00
1.797104695751000e+01 -6.782951671903156e-01 -6.782951671903156e-01 0.000000000000000e+00 0.000000000000000e+00 0.000000000000000e+00 -6.447245939508680e-01 0.000000000000000e+00 0.000000000000000e+00 0.000000000000000e+00 -6.250084752116226e-01 -6.250084752116226e-01 0.000000000000000e+00
1.807479494380000e+01 -6.855761706236188e-01 -6.855761706236188e-01 0.000000000000000e+00 0.000000000000000e+00 0.000000000000000e+00 -6.517316302479088e-01 0.000000000000000e+00 0.000000000000000e+00 0.000000000000000e+00 -6.315346644613083e-01 -6.315346644613083e-01 0.000000000000000e+00
1.817914187375000e+01 -6.897529574538079e-01 -6.897529574538079e-01 0.000000000000000e+00 0.000000000000000e+00 0.000000000000000e+00 -6.557898411769285e-01 0.000000000000000e+00 0.000000000000000e+00 0.000000000000000e+00 -6.351935288508569e-01 -6.351935288508569e-01 0.000000000000000e+00
1.828409120511000e+01 -6.909970941845940e-01 -6.909970941845940e-01 0.000000000000000e+00 0.000000000000000e+00 0.000000000000000e+00 -6.570616115292324e-01 0.000000000000000e+00 0.000000000000000e+00 0.000000000000000e+00 -6.361454340838052e-01 -6.361454340838052e-01 0.000000000000000e+00
1.838964641557000e+01 -6.892924868114045e-01 -6.892924868114045e-01 0.000000000000000e+00 0.000000000000000e+00 0.000000000000000e+00 -6.555308323883413e-01 0.000000000000000e+00 0.000000000000000e+00 0.000000000000000e+00 -6.343778010070492e-01 -6.343778010070492e-01 0.000000000000000e+00
1.849581100290000e+01 -6.848632912445477e-01 -6.848632912445477e-01 0.000000000000000e+00 0.000000000000000e+00 0.000000000000000e+00 -6.514099236065284e-01 0.000000000000000e+00 0.000000000000000e+00 0.000000000000000e+00 -6.300992893059917e-01 -6.300992893059917e-01 0.000000000000000e+00
1.860258848509000e+01 -6.776529121789079e-01 -6.776529121789079e-01 0.000000000000000e+00 0.000000000000000e+00 0.000000000000000e+00 -6.446441467649033e-01 0.000000000000000e+00 0.000000000000000e+00 0.000000000000000e+00 -6.232598079290180e-01 -6.232598079290180e-01 0.000000000000000e+00
1.870998240041000e+01 -6.679391745652534e-01 -6.679391745652534e-01 0.000000000000000e+00 0.000000000000000e+00 0.000000000000000e+00 -6.354972263485994e-01 0.000000000000000e+00 0.000000000000000e+00 0.000000000000000e+00 -6.141191191673596e-01 -6.141191191673596e-01 0.000000000000000e+00
1.881799630757000e+01 -6.557198777272583e-01 -6.557198777272583e-01 0.000000000000000e+00 0.000000000000000e+00 0.000000000000000e+00 -6.239659539665537e-01 0.000000000000000e+00 0.000000000000000e+00 0.000000000000000e+00 -6.026737889282457e-01 -6.026737889282457e-01 0.000000000000000e+00
1.892663378582000e+01 -6.411961301029763e-01 -6.411961301029763e-01 0.000000000000000e+00 0.000000000000000e+00 0.000000000000000e+00 -6.102408670548822e-01 0.000000000000000e+00 0.000000000000000e+00 0.000000000000000e+00 -5.891152067588474e-01 -5.891152067588474e-01 0.000000000000000e+00
1.903589843508000e+01 -6.244463644811734e-01 -6.244463644811734e-01 0.000000000000000e+00 0.000000000000000e+00 0.000000000000000e+00 -5.943960566486127e-01 0.000000000000000e+00 0.000000000000000e+00 0.000000000000000e+00 -5.735152070807762e-01 -5.735152070807762e-01 0.000000000000000e+00
1.914579387604000e+01 -6.056439318316728e-01 -6.056439318316728e-01 0.000000000000000e+00 0.000000000000000e+00 0.000000000000000e+00 -5.765951945075836e-01 0.000000000000000e+00 0.000000000000000e+00 0.000000000000000e+00 -5.560358629963434e-01 -5.560358629963434e-01 0.000000000000000e+00
1.925632375030000e+01 -5.848900489746363e-01 -5.848900489746363e-01 0.000000000000000e+00 0.000000000000000e+00 0.000000000000000e+00 -5.569341750742569e-01 0.000000000000000e+00 0.000000000000000e+00 0.000000000000000e+00 -5.367729518730179e-01 -5.367729518730179e-01 0.000000000000000e+00
1.936749172049000e+01 -5.623484126711054e-01 -5.623484126711054e-01 0.000000000000000e+00 0.000000000000000e+00 0.000000000000000e+00 -5.355677520940575e-01 0.000000000000000e+00 0.000000000000000e+00 0.000000000000000e+00 -5.158775200902432e-01 -5.158775200902432e-01 0.000000000000000e+00
1.947930147038000e+01 -5.381923190332708e-01 -5.381923190332708e-01 0.000000000000000e+00 0.000000000000000e+00 0.000000000000000e+00 -5.126600881133547e-01 0.000000000000000e+00 0.000000000000000e+00 0.000000000000000e+00 -4.935133889968338e-01 -4.935133889968338e-01 0.000000000000000e+00
1.959175670500000e+01 -5.125739383630279e-01 -5.125739383630279e-01 0.000000000000000e+00 0.000000000000000e+00 0.000000000000000e+00 -4.883553289544337e-01 0.000000000000000e+00 0.000000000000000e+00 0.000000000000000e+00 -4.698212499455293e-01 -4.698212499455293e-01 0.000000000000000e+00
1.970486115077000e+01 -4.856055895794726e-01 -4.856055895794726e-01 0.000000000000000e+00 0.000000000000000e+00 0.000000000000000e+00 -4.627595979295827e-01 0.000000000000000e+00 0.000000000000000e+00 0.000000000000000e+00 -4.449060557051478e-01 -4.449060557051478e-01 0.000000000000000e+00
1.981861855564000e+01 -4.575210816223774e-01 -4.575210816223774e-01 0.000000000000000e+00 0.000000000000000e+00 0.000000000000000e+00 -4.360946928824409e-01 0.000000000000000e+00 0.000000000000000e+00 0.000000000000000e+00 -4.189840708597778e-01 -4.189840708597778e-01 0.000000000000000e+00
1.993303268917000e+01 -4.284656884056333e-01 -4.284656884056333e-01 0.000000000000000e+00 0.000000000000000e+00 0.000000000000000e+00 -4.084983649852632e-01 0.000000000000000e+00 0.000000000000000e+00 0.000000000000000e+00 -3.921905634140070e-01 -3.921905634140070e-01 0.000000000000000e+00
2.004810734270000e+01 -3.985930946854636e-01 -3.985930946854636e-01 0.000000000000000e+00 0.000000000000000e+00 0.000000000000000e+00 -3.801161059340729e-01 0.000000000000000e+00 0.000000000000000e+00 0.000000000000000e+00 -3.646678307759933e-01 -3.646678307759933e-01 0.000000000000000e+00
2.016384632945000e+01 -3.680540425069586e-01 -3.680540425069586e-01 0.000000000000000e+00 0.000000000000000e+00 0.000000000000000e+00 -3.510910882712813e-01 0.000000000000000e+00 0.000000000000000e+00 0.000000000000000e+00 -3.365558744382699e-01 -3.365558744382699e-01 0.000000000000000e+00
2.028025348467000e+01 -3.370983074338396e-01 -3.370983074338396e-01 0.000000000000000e+00 0.000000000000000e+00 0.000000000000000e+00 -3.216604033310896e-01 0.000000000000000e+00 0.000000000000000e+00 0.000000000000000e+00 -3.080844801397545e-01 -3.080844801397545e-01 0.000000000000000e+00
2.039733266573000e+01 -3.057910917855342e-01 -3.057910917855342e-01 0.000000000000000e+00 0.000000000000000e+00 0.000000000000000e+00 -2.918857864634199e-01 0.000000000000000e+00 0.000000000000000e+00 0.000000000000000e+00 -2.793158225506849e-01 -2.793158225506849e-01 0.000000000000000e+00
2.051508775227000e+01 -2.744319267781499e-01 -2.744319267781499e-01 0.000000000000000e+00 0.000000000000000e+00 0.000000000000000e+00 -2.620521244807127e-01 0.000000000000000e+00 0.000000000000000e+00 0.000000000000000e+00 -2.505230433398030e-01 -2.505230433398030e-01 0.000000000000000e+00
2.063352264635000e+01 -2.430399167800919e-01 -2.430399167800919e-01 0.000000000000000e+00 0.000000000000000e+00 0.000000000000000e+00 -2.321769941448042e-01 0.000000000000000e+00 0.000000000000000e+00 0.000000000000000e+00 -2.217254519637788e-01 -2.217254519637788e-01 0.000000000000000e+00
2.075264127254000e+01 -2.119515850763412e-01 -2.119515850763412e-01 0.000000000000000e+00 0.000000000000000e+00 0.000000000000000e+00 -2.025810912408125e-01 0.000000000000000e+00 0.000000000000000e+00 0.000000000000000e+00 -1.932314739628912e-01 -1.932314739628912e-01 0.000000000000000e+00
2.087244757806000e+01 -1.811992063541385e-01 -1.811992063541385e-01 0.000000000000000e+00 0.000000000000000e+00 0.000000000000000e+00 -1.732946453658995e-01 0.000000000000000e+00 0.000000000000000e+00 0.000000000000000e+00 -1.650710995919280e-01 -1.650710995919280e-01 0.000000000000000e+00
2.099294553293000e+01 -1.510726841082529e-01 -1.510726841082529e-01 0.000000000000000e+00 0.000000000000000e+00 0.000000000000000e+00 -1.445938925247356e-01 0.000000000000000e+00 0.000000000000000e+00 0.000000000000000e+00 -1.375090746612231e-01 -1.375090746612231e-01 0.000000000000000e+00
2.111413913008000e+01 -1.215639877812383e-01 -1.215639877812383e-01 0.000000000000000e+00 0.000000000000000e+00 0.000000000000000e+00 -1.164709939790764e-01 0.000000000000000e+00 0.000000000000000e+00 0.000000000000000e+00 -1.105379472383610e-01 -1.105379472383610e-01 0.000000000000000e+00
2.123603238550000e+01 -9.299334555106417e-02 -9.299334555106417e-02 0.000000000000000e+00 0.000000000000000e+00 0.000000000000000e+00 -8.923137688026772e-02 0.000000000000000e+00 0.000000000000000e+00 0.000000000000000e+00 -8.445061664034439e-02 -8.445061664034439e-02 0.000000000000000e+00
2.135862933837000e+01 -6.541763320213216e-02 -6.541763320213216e-02 0.000000000000000e+00 0.000000000000000e+00 0.000000000000000e+00 -6.292931617421837e-02 0.000000000000000e+00 0.000000000000000e+00 0.000000000000000e+00 -5.929796638184429e-02 -5.929796638184429e-02 0.000000000000000e+00
2.148193405117000e+01 -3.900203338910776e-02 -3.900203338910776e-02 0.000000000000000e+00 0.000000000000000e+00 0.000000000000000e+00 -3.772249975026128e-02 0.000000000000000e+00 0.000000000000000e+00 0.000000000000000e+00 -3.522977484742945e-02 -3.522977484742945e-02 0.000000000000000e+00
2.160595060985000e+01 -1.391875758336281e-02 -1.391875758336281e-02 0.000000000000000e+00 0.000000000000000e+00 0.000000000000000e+00 -1.377555000097317e-02 0.000000000000000e+00 0.000000000000000e+00 0.000000000000000e+00 -1.240161157885969e-02 -1.240161157885969e-02 0.000000000000000e+00
2.173068312393000e+01 9.829536551539226e-03 9.829536551539226e-03 0.000000000000000e+00 0.000000000000000e+00 0.000000000000000e+00 8.908760418875070e-03 0.000000000000000e+00 0.000000000000000e+00 0.000000000000000e+00 9.184776231193501e-03 9.184776231193501e-03 0.000000000000000e+00
2.185613572668000e+01 3.197170161403963e-02 3.197170161403963e-02 0.000000000000000e+00 0.000000000000000e+00 0.000000000000000e+00 3.007099215068066e-02 0.000000000000000e+00 0.000000000000000e+00 0.000000000000000e+00 2.928476676136456e-02 2.928476676136456e-02 0.000000000000000e+00
2.198231257520000e+01 5.258227308899566e-02 5.258227308899566e-02 0.000000000000000e+00 0.000000000000000e+00 0.000000000000000e+00 4.978203459250512e-02 0.000000000000000e+00 0.000000000000000e+00 0.000000000000000e+00 4.796769117983450e-02 4.796769117983450e-02 0.000000000000000e+00
2.210921785062000e+01 7.143373011266997e-02 7.143373011266997e-02 0.000000000000000e+00 0.000000000000000e+00 0.000000000000000e+00 6.782373860569620e-02 0.000000000000000e+00 0.000000000000000e+00 0.000000000000000e+00 6.502890575993721e-02 6.502890575993721e-02 0.000000000000000e+00
2.223685575820000e+01 8.846198891973835e-02 8.846198891973835e-02 0.000000000000000e+00 0.000000000000000e+00 0.000000000000000e+00 8.413410371569170e-02 0.000000000000000e+00 0.000000000000000e+00 0.000000000000000e+00 8.041257690092347e-02 8.041257690092347e-02 0.000000000000000e+00
2.236523052745000e+01 1.036758193175557e-01 1.036758193175557e-01 0.000000000000000e+00 0.000000000000000e+00 0.000000000000000e+00 9.872081705337526e-02 0.000000000000000e+00 0.000000000000000e+00 0.000000000000000e+00 9.412916895028015e-02 9.412916895028015e-02 0.000000000000000e+00
2.249434641233000e+01 1.169755682999122e-01 1.169755682999122e-01 0.000000000000000e+00 0.000000000000000e+00 0.000000000000000e+00 1.114874660180973e-01 0.000000000000000e+00 0.000000000000000e+00 0.000000000000000e+00 1.060912069109682e-01 1.060912069109682e-01 0.000000000000000e+00
2.262420769135000e+01 1.283496217210368e-01 1.283496217210368e-01 0.000000000000000e+00 0.000000000000000e+00 0.000000000000000e+00 1.224219659698272e-01 0.000000000000000e+00 0.000000000000000e+00 0.000000000000000e+00 1.162912195163499e-01 1.162912195163499e-01 0.000000000000000e+00
2.275481866772000e+01 1.377214770273895e-01 1.377214770273895e-01 0.000000000000000e+00 0.000000000000000e+00 0.000000000000000e+00 1.314498574846777e-01 0.000000000000000e+00 0.000000000000000e+00 0.000000000000000e+00 1.246632230198813e-01 1.246632230198813e-01 0.000000000000000e+00
2.288618366948000e+01 1.451659114051894e-01 1.451659114051894e-01 0.000000000000000e+00 0.000000000000000e+00 0.000000000000000e+00 1.386414608931482e-01 0.000000000000000e+00 0.000000000000000e+00 0.000000000000000e+00 1.312783253502747e-01 1.312783253502747e-01 0.000000000000000e+00
2.301830704967000e+01 1.506427471752763e-01 1.506427471752763e-01 0.000000000000000e+00 0.000000000000000e+00 0.000000000000000e+00 1.439568490462386e-01 0.000000000000000e+00 0.000000000000000e+00 0.000000000000000e+00 1.361039248011419e-01 1.361039248011419e-01 0.000000000000000e+00
2.315119318647000e+01 1.542128871490276e-01 1.542128871490276e-01 0.000000000000000e+00 0.000000000000000e+00 0.000000000000000e+00 1.474528399239712e-01 0.000000000000000e+00 0.000000000000000e+00 0.000000000000000e+00 1.391988247472039e-01 1.391988247472039e-01 0.000000000000000e+00
2.328484648330000e+01 1.558809186601111e-01 1.558809186601111e-01 0.000000000000000e+00 0.000000000000000e+00 0.000000000000000e+00 1.491321748720241e-01 0.000000000000000e+00 0.000000000000000e+00 0.000000000000000e+00 1.405702717767528e-01 1.405702717767528e-01 0.000000000000000e+00
2.341927136903000e+01 1.557665677405813e-01 1.557665677405813e-01 0.000000000000000e+00 0.000000000000000e+00 0.000000000000000e+00 1.491080904619092e-01 0.000000000000000e+00 0.000000000000000e+00 0.000000000000000e+00 1.403322101399058e-01 1.403322101399058e-01 0.000000000000000e+00
2.355447229810000e+01 1.538819905435849e-01 1.538819905435849e-01 0.000000000000000e+00 0.000000000000000e+00 0.000000000000000e+00 1.473903071161723e-01 0.000000000000000e+00 0.000000000000000e+00 0.000000000000000e+00 1.384977692764442e-01 1.384977692764442e-01 0.000000000000000e+00
2.369045375065000e+01 1.503636559587330e-01 1.503636559587330e-01 0.000000000000000e+00 0.000000000000000e+00 0.000000000000000e+00 1.441077353189932e-01 0.000000000000000e+00 0.000000000000000e+00 0.000000000000000e+00 1.351948481070956e-01 1.351948481070956e-01 0.000000000000000e+00
2.382722023269000e+01 1.452865312656986e-01 1.452865312656986e-01 0.000000000000000e+00 0.000000000000000e+00 0.000000000000000e+00 1.393305802380939e-01 0.000000000000000e+00 0.000000000000000e+00 0.000000000000000e+00 1.304955158654460e-01 1.304955158654460e-01 0.000000000000000e+00
2.396477627625000e+01 1.387936965945977e-01 1.387936965945977e-01 0.000000000000000e+00 0.000000000000000e+00 0.000000000000000e+00 1.331941464308818e-01 0.000000000000000e+00 0.000000000000000e+00 0.000000000000000e+00 1.245308309460522e-01 1.245308309460522e-01 0.000000000000000e+00
2.410312643952000e+01 1.309992722076965e-01 1.309992722076965e-01 0.000000000000000e+00 0.000000000000000e+00 0.000000000000000e+00 1.258060635724840e-01 0.000000000000000e+00 0.000000000000000e+00 0.000000000000000e+00 1.174088940034462e-01 1.174088940034462e-01 0.000000000000000e+00
2.424227530699000e+01 1.220499526704632e-01 1.220499526704632e-01 0.000000000000000e+00 0.000000000000000e+00 0.000000000000000e+00 1.173052836162000e-01 0.000000000000000e+00 0.000000000000000e+00 0.000000000000000e+00 1.092631106168769e-01 1.092631106168769e-01 0.000000000000000e+00
2.438222748964000e+01 1.121041280363459e-01 1.121041280363459e-01 0.000000000000000e+00 0.000000000000000e+00 0.000000000000000e+00 1.078419904349932e-01 0.000000000000000e+00 0.000000000000000e+00 0.000000000000000e+00 1.002400512378439e-01 1.002400512378439e-01 0.000000000000000e+00
2.452298762506000e+01 1.013175556841506e-01 1.013175556841506e-01 0.000000000000000e+00 0.000000000000000e+00 0.000000000000000e+00 9.756404825088545e-02 0.000000000000000e+00 0.000000000000000e+00 0.000000000000000e+00 9.048175536872798e-02 9.048175536872798e-02 0.000000000000000e+00
2.466456037761000e+01 8.985686831558598e-02 8.985686831558598e-02 0.000000000000000e+00 0.000000000000000e+00 0.000000000000000e+00 8.662992573386000e-02 0.000000000000000e+00 0.000000000000000e+00 0.000000000000000e+00 8.014003006789323e-02 8.014003006789323e-02 0.000000000000000e+00
2.480695043858000e+01 7.789558453760448e-02 7.789558453760448e-02 0.000000000000000e+00 0.000000000000000e+00 0.000000000000000e+00 7.520470316393781e-02 0.000000000000000e+00 0.000000000000000e+00 0.000000000000000e+00 6.937378981691336e-02 6.937378981691336e-02 0.000000000000000e+00
2.495016252635000e+01 6.560190062978728e-02 6.560190062978728e-02 0.000000000000000e+00 0.000000000000000e+00 0.000000000000000e+00 6.344878898795531e-02 0.000000000000000e+00 0.000000000000000e+00 0.000000000000000e+00 5.833461798481855e-02 5.833461798481855e-02 0.000000000000000e+00
2.509420138651000e+01 5.316713684172990e-02 5.316713684172990e-02 0.000000000000000e+00 0.000000000000000e+00 0.000000000000000e+00 5.154477465822867e-02 0.000000000000000e+00 0.000000000000000e+00 0.000000000000000e+00 4.719386941420204e-02 4.719386941420204e-02 0.000000000000000e+00
2.523907179210000e+01 4.075311434675478e-02 4.075311434675478e-02 0.000000000000000e+00 0.000000000000000e+00 0.000000000000000e+00 3.964736327056249e-02 0.000000000000000e+00 0.000000000000000e+00 0.000000000000000e+00 3.609874834256310e-02 3.609874834256310e-02 0.000000000000000e+00
2.538477854366000e+01 2.852903534697591e-02 2.852903534697591e-02 0.000000000000000e+00 0.000000000000000e+00 0.000000000000000e+00 2.791853358174063e-02 0.000000000000000e+00 0.000000000000000e+00 0.000000000000000e+00 2.519928050678175e-02 2.519928050678175e-02 0.000000000000000e+00
2.553132646948000e+01 1.667233097817755e-02 1.667233097817755e-02 0.000000000000000e+00 0.000000000000000e+00 0.000000000000000e+00 1.652844494564645e-02 0.000000000000000e+00 0.000000000000000e+00 0.000000000000000e+00 1.465385257305428e-02 1.465385257305428e-02 0.000000000000000e+00
2.567872042570000e+01 5.327919788587196e-03 5.327919788587196e-03 0.000000000000000e+00 0.000000000000000e+00 0.000000000000000e+00 5.616331608743449e-03 0.000000000000000e+00 0.000000000000000e+00 0.000000000000000e+00 4.590724419398940e-03 4.590724419398940e-03 0.000000000000000e+00
2.582696529652000e+01 -5.344734811232637e-03 -5.344734811232637e-03 0.000000000000000e+00 0.000000000000000e+00 0.000000000000000e+00 -4.664302491194370e-03 0.000000000000000e+00 0.000000000000000e+00 0.000000000000000e+00 -4.850244870575903e-03 -4.850244870575903e-03 0.000000000000000e+00
2.597606599432000e+01 -1.521873520534760e-02 -1.521873520534760e-02 0.000000000000000e+00 0.000000000000000e+00 0.000000000000000e+00 -1.419085927972015e-02 0.000000000000000e+00 0.000000000000000e+00 0.000000000000000e+00 -1.355838128099093e-02 -1.355838128099093e-02 0.000000000000000e+00
2.612602745985000e+01 -2.417210036371602e-02 -2.417210036371602e-02 0.000000000000000e+00 0.000000000000000e+00 0.000000000000000e+00 -2.284524713242311e-02 0.000000000000000e+00 0.000000000000000e+00 0.000000000000000e+00 -2.142788744740111e-02 -2.142788744740111e-02 0.000000000000000e+00
2.627685466236000e+01 -3.210569953514940e-02 -3.210569953514940e-02 0.000000000000000e+00 0.000000000000000e+00 0.000000000000000e+00 -3.053103584056172e-02 0.000000000000000e+00 0.000000000000000e+00 0.000000000000000e+00 -2.837504039546164e-02 -2.837504039546164e-02 0.000000000000000e+00
2.642855259981000e+01 -3.892317866055170e-02 -3.892317866055170e-02 0.000000000000000e+00 0.000000000000000e+00 0.000000000000000e+00 -3.715404673983530e-02 0.000000000000000e+00 0.000000000000000e+00 0.000000000000000e+00 -3.431593074230276e-02 -3.431593074230276e-02 0.000000000000000e+00
2.658112629901000e+01 -4.456679866657205e-02 -4.456679866657205e-02 0.000000000000000e+00 0.000000000000000e+00 0.000000000000000e+00 -4.265722531619213e-02 0.000000000000000e+00 0.000000000000000e+00 0.000000000000000e+00 -3.920469537771413e-02 -3.920469537771413e-02 0.000000000000000e+00
2.673458081580000e+01 -4.898612467204878e-02 -4.898612467204878e-02 0.000000000000000e+00 0.000000000000000e+00 0.000000000000000e+00 -4.699001183411252e-02 0.000000000000000e+00 0.000000000000000e+00 0.000000000000000e+00 -4.300107158939664e-02 -4.300107158939664e-02 0.000000000000000e+00
2.688892123517000e+01 -5.216144054125079e-02 -5.216144054125079e-02 0.000000000000000e+00 0.000000000000000e+00 0.000000000000000e+00 -5.013130292002641e-02 0.000000000000000e+00 0.000000000000000e+00 0.000000000000000e+00 -4.569219194513422e-02 -4.569219194513422e-02 0.000000000000000e+00
2.704415267151000e+01 -5.408295678864004e-02 -5.408295678864004e-02 0.000000000000000e+00 0.000000000000000e+00 0.000000000000000e+00 -5.206940128555319e-02 0.000000000000000e+00 0.000000000000000e+00 0.000000000000000e+00 -4.727515614895872e-02 -4.727515614895872e-02 0.000000000000000e+00
2.720028026871000e+01 -5.478094398723660e-02 -5.478094398723660e-02 0.000000000000000e+00 0.000000000000000e+00 0.000000000000000e+00 -5.283106161319137e-02 0.000000000000000e+00 0.000000000000000e+00 0.000000000000000e+00 -4.778134996643933e-02 -4.778134996643933e-02 0.000000000000000e+00
2.735730920037000e+01 -5.428548837072139e-02 -5.428548837072139e-02 0.000000000000000e+00 0.000000000000000e+00 0.000000000000000e+00 -5.244263367046841e-02 0.000000000000000e+00 0.000000000000000e+00 0.000000000000000e+00 -4.724260678747218e-02 -4.724260678747218e-02 0.000000000000000e+00
2.751524466994000e+01 -5.267066497240420e-02 -5.267066497240420e-02 0.000000000000000e+00 0.000000000000000e+00 0.000000000000000e+00 -5.097301101146685e-02 0.000000000000000e+00 0.000000000000000e+00 0.000000000000000e+00 -4.572903237803061e-02 -4.572903237803061e-02 0.000000000000000e+00
2.767409191093000e+01 -5.000926617780594e-02 -5.000926617780594e-02 0.000000000000000e+00 0.000000000000000e+00 0.000000000000000e+00 -4.848961591170342e-02 0.000000000000000e+00 0.000000000000000e+00 0.000000000000000e+00 -4.330958163169032e-02 -4.330958163169032e-02 0.000000000000000e+00
2.783385618704000e+01 -4.641170377785413e-02 -4.641170377785413e-02 0.000000000000000e+00 0.000000000000000e+00 0.000000000000000e+00 -4.509651075014573e-02 0.000000000000000e+00 0.000000000000000e+00 0.000000000000000e+00 -4.008563931009482e-02 -4.008563931009482e-02 0.000000000000000e+00
2.799454279239000e+01 -4.199599223607085e-02 -4.199599223607085e-02 0.000000000000000e+00 0.000000000000000e+00 0.000000000000000e+00 -4.090501871324879e-02 0.000000000000000e+00 0.000000000000000e+00 0.000000000000000e+00 -3.616501954560669e-02 -3.616501954560669e-02 0.000000000000000e+00
2.815615705164000e+01 -3.689221669146141e-02 -3.689221669146141e-02 0.000000000000000e+00 0.000000000000000e+00 0.000000000000000e+00 -3.603846451959176e-02 0.000000000000000e+00 0.000000000000000e+00 0.000000000000000e+00 -3.166396703816581e-02 -3.166396703816581e-02 0.000000000000000e+00
2.831870432019000e+01 -3.124844147974995e-02 -3.124844147974995e-02 0.000000000000000e+00 0.000000000000000e+00 0.000000000000000e+00 -3.063775348301769e-02 0.000000000000000e+00 0.000000000000000e+00 0.000000000000000e+00 -2.671644717347705e-02 -2.671644717347705e-02 0.000000000000000e+00
2.848218998435000e+01 -2.521896963372399e-02 -2.521896963372399e-02 0.000000000000000e+00 0.000000000000000e+00 0.000000000000000e+00 -2.485016228528809e-02 0.000000000000000e+00 0.000000000000000e+00 0.000000000000000e+00 -2.145779713915332e-02 -2.145779713915332e-02 0.000000000000000e+00
2.864661946156000e+01 -1.896044262446785e-02 -1.896044262446785e-02 0.000000000000000e+00 0.000000000000000e+00 0.000000000000000e+00 -1.882556125427229e-02 0.000000000000000e+00 0.000000000000000e+00 0.000000000000000e+00 -1.602648723093729e-02 -1.602648723093729e-02 0.000000000000000e+00
2.881199820050000e+01 -1.263359741999397e-02 -1.263359741999397e-02 0.000000000000000e+00 0.000000000000000e+00 0.000000000000000e+00 -1.271838861890792e-02 0.000000000000000e+00 0.000000000000000e+00 0.000000000000000e+00 -1.056272049968187e-02 -1.056272049968187e-02 0.000000000000000e+00
2.897833168132000e+01 -6.393868522764872e-03 -6.393868522764872e-03 0.000000000000000e+00 0.000000000000000e+00 0.000000000000000e+00 -6.678393566591817e-03 0.000000000000000e+00 0.000000000000000e+00 0.000000000000000e+00 -5.200923562480459e-03 -5.200923562480459e-03 0.000000000000000e+00
2.914562541580000e+01 -4.051165529937940e-04 -4.051165529937940e-04 0.000000000000000e+00 0.000000000000000e+00 0.000000000000000e+00 -8.639571683536934e-04 0.000000000000000e+00 0.000000000000000e+00 0.000000000000000e+00 -8.160020925360364e-05 -8.160020925360364e-05 0.000000000000000e+00
2.931388494755000e+01 5.201848188121693e-03 5.201848188121693e-03 0.000000000000000e+00 0.000000000000000e+00 0.000000000000000e+00 4.597888143258676e-03 0.000000000000000e+00 0.000000000000000e+00 0.000000000000000e+00 4.684213485751523e-03 4.684213485751523e-03 0.000000000000000e+00
2.948311585218000e+01 1.028793428691096e-02 1.028793428691096e-02 0.000000000000000e+00 0.000000000000000e+00 0.000000000000000e+00 9.571451338469700e-03 0.000000000000000e+00 0.000000000000000e+00 0.000000000000000e+00 8.979784830193191e-03 8.979784830193191e-03 0.000000000000000e+00
2.965332373748000e+01 1.474669301146666e-02 1.474669301146666e-02 0.000000000000000e+00 0.000000000000000e+00 0.000000000000000e+00 1.395231518530169e-02 0.000000000000000e+00 0.000000000000000e+00 0.000000000000000e+00 1.271729477367022e-02 1.271729477367022e-02 0.000000000000000e+00
2.982451424363000e+01 1.847712037812769e-02 1.847712037812769e-02 0.000000000000000e+00 0.000000000000000e+00 0.000000000000000e+00 1.764044158857470e-02 0.000000000000000e+00 0.000000000000000e+00 0.000000000000000e+00 1.581494876499392e-02 1.581494876499392e-02 0.000000000000000e+00
2.999669304335000e+01 2.141091854877299e-02 2.141091854877299e-02 0.000000000000000e+00 0.000000000000000e+00 0.000000000000000e+00 2.056726558134798e-02 0.000000000000000e+00 0.000000000000000e+00 0.000000000000000e+00 1.821945264228323e-02 1.821945264228323e-02 0.000000000000000e+00
3.016986584213000e+01 2.349623239916354e-02 2.349623239916354e-02 0.000000000000000e+00 0.000000000000000e+00 0.000000000000000e+00 2.267946952508347e-02 0.000000000000000e+00 0.000000000000000e+00 0.000000000000000e+00 1.989248358521368e-02 1.989248358521368e-02 0.000000000000000e+00
3.034403837839000e+01 2.470983205913381e-02 2.470983205913381e-02 0.000000000000000e+00 0.000000000000000e+00 0.000000000000000e+00 2.395135889737540e-02 0.000000000000000e+00 0.000000000000000e+00 0.000000000000000e+00 2.082064076264884e-02 2.082064076264884e-02 0.000000000000000e+00
3.051921642368000e+01 2.505857001547970e-02 2.505857001547970e-02 0.000000000000000e+00 0.000000000000000e+00 0.000000000000000e+00 2.438602697928760e-02 0.000000000000000e+00 0.000000000000000e+00 0.000000000000000e+00 2.101615263263038e-02 2.101615263263038e-02 0.000000000000000e+00
3.069540578286000e+01 2.456903466631418e-02 2.456903466631418e-02 0.000000000000000e+00 0.000000000000000e+00 0.000000000000000e+00 2.400548895158943e-02 0.000000000000000e+00 0.000000000000000e+00 0.000000000000000e+00 2.050887225520210e-02 2.050887225520210e-02 0.000000000000000e+00
3.087261229431000e+01 2.329604065356027e-02 2.329604065356027e-02 0.000000000000000e+00 0.000000000000000e+00 0.000000000000000e+00 2.285916253207452e-02 0.000000000000000e+00 0.000000000000000e+00 0.000000000000000e+00 1.935066336008966e-02 1.935066336008966e-02 0.000000000000000e+00
3.105084183011000e+01 2.131594421383270e-02 2.131594421383270e-02 0.000000000000000e+00 0.000000000000000e+00 0.000000000000000e+00 2.101759524339202e-02 0.000000000000000e+00 0.000000000000000e+00 0.000000000000000e+00 1.761213742527917e-02 1.761213742527917e-02 0.000000000000000e+00
3.123010029625000e+01 1.873167449574901e-02 1.873167449574901e-02 0.000000000000000e+00 0.000000000000000e+00 0.000000000000000e+00 1.857726273098470e-02 0.000000000000000e+00 0.000000000000000e+00 0.000000000000000e+00 1.538598042786232e-02 1.538598042786232e-02 0.000000000000000e+00
3.141039363281000e+01 1.565775104651947e-02 1.565775104651947e-02 0.000000000000000e+00 0.000000000000000e+00 0.000000000000000e+00 1.564630735271721e-02 0.000000000000000e+00 0.000000000000000e+00 0.000000000000000e+00 1.277239374278211e-02 1.277239374278211e-02 0.000000000000000e+00
3.159172781416000e+01 1.222645465984284e-02 1.222645465984284e-02 0.000000000000000e+00 0.000000000000000e+00 0.000000000000000e+00 1.235060033529552e-02 0.000000000000000e+00 0.000000000000000e+00 0.000000000000000e+00 9.886360673026123e-03 9.886360673026123e-03 0.000000000000000e+00
3.177410884917000e+01 8.578878544145756e-03 8.578878544145756e-03 0.000000000000000e+00 0.000000000000000e+00 0.000000000000000e+00 8.825475995183952e-03 0.000000000000000e+00 0.000000000000000e+00 0.000000000000000e+00 6.847889484737153e-03 6.847889484737153e-03 0.000000000000000e+00
3.195754278138000e+01 4.857678836266561e-03 4.857678836266561e-03 0.000000000000000e+00 0.000000000000000e+00 0.000000000000000e+00 5.208308558850985e-03 0.000000000000000e+00 0.000000000000000e+00 0.000000000000000e+00 3.777044716824902e-03 3.777044716824902e-03 0.000000000000000e+00
3.214203568924000e+01 1.205330160302641e-03 1.205330160302641e-03 0.000000000000000e+00 0.000000000000000e+00 0.000000000000000e+00 1.637092745706088e-03 0.000000000000000e+00 0.000000000000000e+00 0.000000000000000e+00 7.914816858826605e-04 7.914816858826605e-04 0.000000000000000e+00
3.232759368627000e+01 -2.236558859460536e-03 -2.236558859460536e-03 0.000000000000000e+00 0.000000000000000e+00 0.000000000000000e+00 -1.749703581400039e-03 0.000000000000000e+00 0.000000000000000e+00 0.000000000000000e+00 -1.993237128496435e-03 -1.993237128496435e-03 0.000000000000000e+00
3.251422292132000e+01 -5.343098562804790e-03 -5.343098562804790e-03 0.000000000000000e+00 0.000000000000000e+00 0.000000000000000e+00 -4.829333802680030e-03 0.000000000000000e+00 0.000000000000000e+00 0.000000000000000e+00 -4.477387070010143e-03 -4.477387070010143e-03 0.000000000000000e+00
3.270192957870000e+01 -8.004105707669230e-03 -8.004105707669230e-03 0.000000000000000e+00 0.000000000000000e+00 0.000000000000000e+00 -7.492313291357971e-03 0.000000000000000e+00 0.000000000000000e+00 0.000000000000000e+00 -6.575134826785403e-03 -6.575134826785403e-03 0.000000000000000e+00
3.289071987843000e+01 -1.012868254810653e-02 -1.012868254810653e-02 0.000000000000000e+00 0.000000000000000e+00 0.000000000000000e+00 -9.646979491552807e-03 0.000000000000000e+00 0.000000000000000e+00 0.000000000000000e+00 -8.217537017317223e-03 -8.217537017317223e-03 0.000000000000000e+00
3.308060007646000e+01 -1.165082494282253e-02 -1.165082494282253e-02 0.000000000000000e+00 0.000000000000000e+00 0.000000000000000e+00 -1.122519574026712e-02 0.000000000000000e+00 0.000000000000000e+00 0.000000000000000e+00 -9.357852205111815e-03 -9.357852205111815e-03 0.000000000000000e+00
3.327157646484000e+01 -1.253403056070386e-02 -1.253403056070386e-02 0.000000000000000e+00 0.000000000000000e+00 0.000000000000000e+00 -1.218694172815736e-02 0.000000000000000e+00 0.000000000000000e+00 0.000000000000000e+00 -9.974509227317456e-03 -9.974509227317456e-03 0.000000000000000e+00
3.346365537194000e+01 -1.276465605071737e-02 -1.276465605071737e-02 0.000000000000000e+00 0.000000000000000e+00 0.000000000000000e+00 -1.251411614238007e-02 0.000000000000000e+00 0.000000000000000e+00 0.000000000000000e+00 -1.006373083878066e-02 -1.006373083878066e-02 0.000000000000000e+00
3.365684316267000e+01 -1.236797208075186e-02 -1.236797208075186e-02 0.000000000000000e+00 0.000000000000000e+00 0.000000000000000e+00 -1.222608874754862e-02 0.000000000000000e+00 0.000000000000000e+00 0.000000000000000e+00 -9.654650381599033e-03 -9.654650381599033e-03 0.000000000000000e+00
3.385114623869000e+01 -1.138711367185360e-02 -1.138711367185360e-02 0.000000000000000e+00 0.000000000000000e+00 0.000000000000000e+00 -1.135994301919123e-02 0.000000000000000e+00 0.000000000000000e+00 0.000000000000000e+00 -8.790334987771450e-03 -8.790334987771450e-03 0.000000000000000e+00
3.404657103861000e+01 -9.898428507160422e-03 -9.898428507160422e-03 0.000000000000000e+00 0.000000000000000e+00 0.000000000000000e+00 -9.985135908829233e-03 0.000000000000000e+00 0.000000000000000e+00 0.000000000000000e+00 -7.539350278070180e-03 -7.539350278070180e-03 0.000000000000000e+00
3.424312403820000e+01 -7.996585660303208e-03 -7.996585660303208e-03 0.000000000000000e+00 0.000000000000000e+00 0.000000000000000e+00 -8.189856442801817e-03 0.000000000000000e+00 0.000000000000000e+00 0.000000000000000e+00 -5.983565623967132e-03 -5.983565623967132e-03 0.000000000000000e+00
3.444081175065000e+01 -5.798303120857135e-03 -5.798303120857135e-03 0.000000000000000e+00 0.000000000000000e+00 0.000000000000000e+00 -6.084315039295593e-03 0.000000000000000e+00 0.000000000000000e+00 0.000000000000000e+00 -4.221535154151211e-03 -4.221535154151211e-03 0.000000000000000e+00
3.463964072672000e+01 -3.424489008121355e-03 -3.424489008121355e-03 0.000000000000000e+00 0.000000000000000e+00 0.000000000000000e+00 -3.784015779038629e-03 0.000000000000000e+00 0.000000000000000e+00 0.000000000000000e+00 -2.351668253686903e-03 -2.351668253686903e-03 0.000000000000000e+00
3.483961755499000e+01 -1.013600977729873e-03 -1.013600977729873e-03 0.000000000000000e+00 0.000000000000000e+00 0.000000000000000e+00 -1.422769535186360e-03 0.000000000000000e+00 0.000000000000000e+00 0.000000000000000e+00 -4.845982152641825e-04 -4.845982152641825e-04 0.000000000000000e+00
3.504074886210000e+01 1.304559385619417e-03 1.304559385619417e-03 0.000000000000000e+00 0.000000000000000e+00 0.000000000000000e+00 8.726424990602934e-04 0.000000000000000e+00 0.000000000000000e+00 0.000000000000000e+00 1.278621764232733e-03 1.278621764232733e-03 0.000000000000000e+00
3.524304131290000e+01 3.406279647460553e-03 3.406279647460553e-03 0.000000000000000e+00 0.000000000000000e+00 0.000000000000000e+00 2.980004799895552e-03 0.000000000000000e+00 0.000000000000000e+00 0.000000000000000e+00 2.844468487424895e-03 2.844468487424895e-03 0.000000000000000e+00
3.544650161078000e+01 5.182532632018205e-03 5.182532632018205e-03 0.000000000000000e+00 0.000000000000000e+00 0.000000000000000e+00 4.790059142169696e-03 0.000000000000000e+00 0.000000000000000e+00 0.000000000000000e+00 4.133240750318201e-03 4.133240750318201e-03 0.000000000000000e+00
3.565113649777000e+01 6.546589851914583e-03 6.546589851914583e-03 0.000000000000000e+00 0.000000000000000e+00 0.000000000000000e+00 6.213829514140338e-03 0.000000000000000e+00 0.000000000000000e+00 0.000000000000000e+00 5.085165285536982e-03 5.085165285536982e-03 0.000000000000000e+00
3.585695275485000e+01 7.435574753726835e-03 7.435574753726835e-03 0.000000000000000e+00 0.000000000000000e+00 0.000000000000000e+00 7.184787107242321e-03 0.000000000000000e+00 0.000000000000000e+00 0.000000000000000e+00 5.660537629360279e-03 5.660537629360279e-03 0.000000000000000e+00
3.606395720216000e+01 7.815737795666642e-03 7.815737795666642e-03 0.000000000000000e+00 0.000000000000000e+00 0.000000000000000e+00 7.663670043104158e-03 0.000000000000000e+00 0.000000000000000e+00 0.000000000000000e+00 5.843556897733679e-03 5.843556897733679e-03 0.000000000000000e+00
3.627215669918000e+01 7.685110442045808e-03 7.685110442045808e-03 0.000000000000000e+00 0.000000000000000e+00 0.000000000000000e+00 7.641806667174102e-03 0.000000000000000e+00 0.000000000000000e+00 0.000000000000000e+00 5.643407010938086e-03 5.643407010938086e-03 0.000000000000000e+00
3.648155814501000e+01 7.074503449140239e-03 7.074503449140239e-03 0.000000000000000e+00 0.000000000000000e+00 0.000000000000000e+00 7.142583041777865e-03 0.000000000000000e+00 0.000000000000000e+00 0.000000000000000e+00 5.094032683958806e-03 5.094032683958806e-03 0.000000000000000e+00
3.669216847858000e+01 6.042466574806880e-03 6.042466574806880e-03 0.000000000000000e+00 0.000000000000000e+00 0.000000000000000e+00 6.216735562358284e-03 0.000000000000000e+00 0.000000000000000e+00 0.000000000000000e+00 4.249285222793207e-03 4.249285222793207e-03 0.000000000000000e+00
3.690399467888000e+01 4.676081765981086e-03 4.676081765981086e-03 0.000000000000000e+00 0.000000000000000e+00 0.000000000000000e+00 4.943587534199274e-03 0.000000000000000e+00 0.000000000000000e+00 0.000000000000000e+00 3.183289300072197e-03 3.183289300072197e-03 0.000000000000000e+00
3.711704376518000e+01 3.080946407446475e-03 3.080946407446475e-03 0.000000000000000e+00 0.000000000000000e+00 0.000000000000000e+00 3.421805201061394e-03 0.000000000000000e+00 0.000000000000000e+00 0.000000000000000e+00 1.980947709516879e-03 1.980947709516879e-03 0.000000000000000e+00
3.733132279727000e+01 1.374995105545645e-03 1.374995105545645e-03 0.000000000000000e+00 0.000000000000000e+00 0.000000000000000e+00 1.763767994163372e-03 0.000000000000000e+00 0.000000000000000e+00 0.000000000000000e+00 7.335391003995174e-04 7.335391003995174e-04 0.000000000000000e+00
3.754683887572000e+01 -3.169178344002238e-04 -3.169178344002238e-04 0.000000000000000e+00 0.000000000000000e+00 0.000000000000000e+00 9.046485185411400e-05 0.000000000000000e+00 0.000000000000000e+00 0.000000000000000e+00 -4.662864049573920e-04 -4.662864049573920e-04 0.000000000000000e+00
3.776359914206000e+01 -1.875310719259523e-03 -1.875310719259523e-03 0.000000000000000e+00 0.000000000000000e+00 0.000000000000000e+00 -1.480414004058060e-03 0.000000000000000e+00 0.000000000000000e+00 0.000000000000000e+00 -1.533900872568147e-03 -1.533900872568147e-03 0.000000000000000e+00
3.798161077908000e+01 -3.190587826786217e-03 -3.190587826786217e-03 0.000000000000000e+00 0.000000000000000e+00 0.000000000000000e+00 -2.838546694222014e-03 0.000000000000000e+00 0.000000000000000e+00 0.000000000000000e+00 -2.395318656846734e-03 -2.395318656846734e-03 0.000000000000000e+00
3.820088101102000e+01 -4.176263439864541e-03 -4.176263439864541e-03 0.000000000000000e+00 0.000000000000000e+00 0.000000000000000e+00 -3.894420813113833e-03 0.000000000000000e+00 0.000000000000000e+00 0.000000000000000e+00 -2.996667614126334e-03 -2.996667614126334e-03 0.000000000000000e+00
3.842141710382000e+01 -4.769817718770926e-03 -4.769817718770926e-03 0.000000000000000e+00 0.000000000000000e+00 0.000000000000000e+00 -4.580214090230126e-03 0.000000000000000e+00 0.000000000000000e+00 0.000000000000000e+00 -3.304535320214301e-03 -3.304535320214301e-03 0.000000000000000e+00
3.864322636537000e+01 -4.940799171481942e-03 -4.940799171481942e-03 0.000000000000000e+00 0.000000000000000e+00 0.000000000000000e+00 -4.858123465959771e-03 0.000000000000000e+00 0.000000000000000e+00 0.000000000000000e+00 -3.310370321298883e-03 -3.310370321298883e-03 0.000000000000000e+00
3.886631614577000e+01 -4.693389737927801e-03 -4.693389737927801e-03 0.000000000000000e+00 0.000000000000000e+00 0.000000000000000e+00 -4.723687059531512e-03 0.000000000000000e+00 0.000000000000000e+00 0.000000000000000e+00 -3.030164461353135e-03 -3.030164461353135e-03 0.000000000000000e+00
3.909069383753000e+01 -4.065719208223263e-03 -4.065719208223263e-03 0.000000000000000e+00 0.000000000000000e+00 0.000000000000000e+00 -4.205491477004565e-03 0.000000000000000e+00 0.000000000000000e+00 0.000000000000000e+00 -2.504810996194950e-03 -2.504810996194950e-03 0.000000000000000e+00
3.931636687583000e+01 -3.125480546875324e-03 -3.125480546875324e-03 0.000000000000000e+00 0.000000000000000e+00 0.000000000000000e+00 -3.361798357634129e-03 0.000000000000000e+00 0.000000000000000e+00 0.000000000000000e+00 -1.793140416059581e-03 -1.793140416059581e-03 0.000000000000000e+00
3.954334273880000e+01 -1.966661513922429e-03 -1.966661513922429e-03 0.000000000000000e+00 0.000000000000000e+00 0.000000000000000e+00 -2.278016988683301e-03 0.000000000000000e+00 0.000000000000000e+00 0.000000000000000e+00 -9.693260739073102e-04 -9.693260739073102e-04 0.000000000000000e+00
3.977162894774000e+01 -6.986515423630383e-04 -6.986515423630383e-04 0.000000000000000e+00 0.000000000000000e+00 0.000000000000000e+00 -1.056706318685120e-03 0.000000000000000e+00 0.000000000000000e+00 0.000000000000000e+00 -1.139711941312657e-04 -1.139711941312657e-04 0.000000000000000e+00
4.000123306733000e+01 5.614171179700472e-04 5.614171179700472e-04 0.000000000000000e+00 0.000000000000000e+00 0.000000000000000e+00 1.895875352585557e-04 0.000000000000000e+00 0.000000000000000e+00 0.000000000000000e+00 6.918977202064143e-04 6.918977202064143e-04 0.000000000000000e+00
4.023216270598000e+01 1.697902507595966e-03 1.697902507595966e-03 0.000000000000000e+00 0.000000000000000e+00 0.000000000000000e+00 1.346692442597108e-03 0.000000000000000e+00 0.000000000000000e+00 0.000000000000000e+00 1.373930546957591e-03 1.373930546957591e-03 0.000000000000000e+00
4.046442551598000e+01 2.610794769065099e-03 2.610794769065099e-03 0.000000000000000e+00 0.000000000000000e+00 0.000000000000000e+00 2.312997610375730e-03 0.000000000000000e+00 0.000000000000000e+00 0.000000000000000e+00 1.873341384904713e-03 1.873341384904713e-03 0.000000000000000e+00
4.069802919381000e+01 3.223114898914476e-03 3.223114898914476e-03 0.000000000000000e+00 0.000000000000000e+00 0.000000000000000e+00 3.006751908096759e-03 0.000000000000000e+00 0.000000000000000e+00 0.000000000000000e+00 2.151468517972157e-03 2.151468517972157e-03 0.000000000000000e+00
4.093298148039000e+01 3.487244755856323e-03 3.487244755856323e-03 0.000000000000000e+00 0.000000000000000e+00 0.000000000000000e+00 3.372583879248938e-03 0.000000000000000e+00 0.000000000000000e+00 0.000000000000000e+00 2.192607841899359e-03 2.192607841899359e-03 0.000000000000000e+00
4.116929016133000e+01 3.391670458649515e-03 3.391670458649515e-03 0.000000000000000e+00 0.000000000000000e+00 0.000000000000000e+00 3.389055940234956e-03 0.000000000000000e+00 0.000000000000000e+00 0.000000000000000e+00 2.006414004796645e-03 2.006414004796645e-03 0.000000000000000e+00
4.140696306716000e+01 2.961072405004188e-03 2.961072405004188e-03 0.000000000000000e+00 0.000000000000000e+00 0.000000000000000e+00 3.069613597470530e-03 0.000000000000000e+00 0.000000000000000e+00 0.000000000000000e+00 1.626461721802577e-03 1.626461721802577e-03 0.000000000000000e+00
4.164600807366000e+01 2.254126301043911e-03 2.254126301043911e-03 0.000000000000000e+00 0.000000000000000e+00 0.000000000000000e+00 2.461490522402613e-03 0.000000000000000e+00 0.000000000000000e+00 0.000000000000000e+00 1.105751430200786e-03 1.105751430200786e-03 0.000000000000000e+00
4.188643310204000e+01 1.358026787445365e-03 1.358026787445365e-03 0.000000000000000e+00 0.000000000000000e+00 0.000000000000000e+00 1.641357814143989e-03 0.000000000000000e+00 0.000000000000000e+00 0.000000000000000e+00 5.115371808379209e-04 5.115371808379209e-04 0.000000000000000e+00
4.212824611926000e+01 3.770502491080264e-04 3.770502491080264e-04 0.000000000000000e+00 0.000000000000000e+00 0.000000000000000e+00 7.053332040879809e-04 0.000000000000000e+00 0.000000000000000e+00 0.000000000000000e+00 -8.423648855332561e-05 -8.423648855332561e-05 0.000000000000000e+00
4.237145513826000e+01 -5.754327386792272e-04 -5.754327386792272e-04 0.000000000000000e+00 0.000000000000000e+00 0.000000000000000e+00 -2.382742114969589e-04 0.000000000000000e+00 0.000000000000000e+00 0.000000000000000e+00 -6.107036790598449e-04 -6.107036790598449e-04 0.000000000000000e+00
4.261606821825000e+01 -1.393679473380512e-03 -1.393679473380512e-03 0.000000000000000e+00 0.000000000000000e+00 0.000000000000000e+00 -1.084841931614002e-03 0.000000000000000e+00 0.000000000000000e+00 0.000000000000000e+00 -1.009745776412912e-03 -1.009745776412912e-03 0.000000000000000e+00
4.286209346496000e+01 -1.987759083452703e-03 -1.987759083452703e-03 0.000000000000000e+00 0.000000000000000e+00 0.000000000000000e+00 -1.741358245982366e-03 0.000000000000000e+00 0.000000000000000e+00 0.000000000000000e+00 -1.239383946628906e-03 -1.239383946628906e-03 0.000000000000000e+00
4.310953903092000e+01 -2.297304993580160e-03 -2.297304993580160e-03 0.000000000000000e+00 0.000000000000000e+00 0.000000000000000e+00 -2.140313312899775e-03 0.000000000000000e+00 0.000000000000000e+00 0.000000000000000e+00 -1.281503280292744e-03 -1.281503280292744e-03 0.000000000000000e+00
4.335841311572000e+01 -2.297071358546375e-03 -2.297071358546375e-03 0.000000000000000e+00 0.000000000000000e+00 0.000000000000000e+00 -2.245820425524269e-03 0.000000000000000e+00 0.000000000000000e+00 0.000000000000000e+00 -1.142666030391427e-03 -1.142666030391427e-03 0.000000000000000e+00
4.360872396629000e+01 -2.000333662211824e-03 -2.000333662211824e-03 0.000000000000000e+00 0.000000000000000e+00 0.000000000000000e+00 -2.058468999100365e-03 0.000000000000000e+00 0.000000000000000e+00 0.000000000000000e+00 -8.527129890453170e-04 -8.527129890453170e-04 0.000000000000000e+00
4.386047987717000e+01 -1.458105157263130e-03 -1.458105157263130e-03 0.000000000000000e+00 0.000000000000000e+00 0.000000000000000e+00 -1.615693994078450e-03 0.000000000000000e+00 0.000000000000000e+00 0.000000000000000e+00 -4.614080861987531e-04 -4.614080861987531e-04 0.000000000000000e+00
4.411368919079000e+01 -7.512337896737355e-04 -7.512337896737355e-04 0.000000000000000e+00 0.000000000000000e+00 0.000000000000000e+00 -9.857476017254743e-04 0.000000000000000e+00 0.000000000000000e+00 0.000000000000000e+00 -3.014356870929319e-05 -3.014356870929319e-05 0.000000000000000e+00
4.436836029773000e+01 1.887506378807883e-05 1.887506378807883e-05 0.000000000000000e+00 0.000000000000000e+00 0.000000000000000e+00 -2.601079100894420e-04 0.000000000000000e+00 0.000000000000000e+00 0.000000000000000e+00 3.759014220663730e-04 3.759014220663730e-04 0.000000000000000e+00
4.462450163701000e+01 7.438444160639256e-04 7.438444160639256e-04 0.000000000000000e+00 0.000000000000000e+00 0.000000000000000e+00 4.587603159942600e-04 0.000000000000000e+00 0.000000000000000e+00 0.000000000000000e+00 6.974756569453556e-04 6.974756569453556e-04 0.000000000000000e+00
4.488212169638000e+01 1.324583505422984e-03 1.324583505422984e-03 0.000000000000000e+00 0.000000000000000e+00 0.000000000000000e+00 1.072662945436034e-03 0.000000000000000e+00 0.000000000000000e+00 0.000000000000000e+00 8.904544573689657e-04 8.904544573689657e-04 0.000000000000000e+00
4.514122901259000e+01 1.683438762468411e-03 1.683438762468411e-03 0.000000000000000e+00 0.000000000000000e+00 0.000000000000000e+00 1.499417382585286e-03 0.000000000000000e+00 0.000000000000000e+00 0.000000000000000e+00 9.318268254360332e-04 9.318268254360332e-04 0.000000000000000e+00
4.540183217165000e+01 1.776916838226044e-03 1.776916838226044e-03 0.000000000000000e+00 0.000000000000000e+00 0.000000000000000e+00 1.686060260381634e-03 0.000000000000000e+00 0.000000000000000e+00 0.000000000000000e+00 8.234829111448844e-04 8.234829111448844e-04 0.000000000000000e+00
4.566393980917000e+01 1.600929187518936e-03 1.600929187518936e-03 0.000000000000000e+00 0.000000000000000e+00 0.000000000000000e+00 1.615199395035020e-03 0.000000000000000e+00 0.000000000000000e+00 0.000000000000000e+00 5.911069375245651e-04 5.911069375245651e-04 0.000000000000000e+00
4.592756061060000e+01 1.192845467875804e-03 1.192845467875804e-03 0.000000000000000e+00 0.000000000000000e+00 0.000000000000000e+00 1.308828623067631e-03 0.000000000000000e+00 0.000000000000000e+00 0.000000000000000e+00 2.807758938613691e-04 2.807758938613691e-04 0.000000000000000e+00
4.619270331152000e+01 6.247524954971396e-04 6.247524954971396e-04 0.000000000000000e+00 0.000000000000000e+00 0.000000000000000e+00 8.239014795937244e-04 0.000000000000000e+00 0.000000000000000e+00 0.000000000000000e+00 -4.990036055719533e-05 -4.990036055719533e-05 0.000000000000000e+00
4.645937669796000e+01 -6.996711716470029e-06 -6.996711716470029e-06 0.000000000000000e+00 0.000000000000000e+00 0.000000000000000e+00 2.440196110763725e-04 0.000000000000000e+00 0.000000000000000e+00 0.000000000000000e+00 -3.409956584897246e-04 -3.409956584897246e-04 0.000000000000000e+00
4.672758960666000e+01 -5.977700469080170e-04 -5.977700469080170e-04 0.000000000000000e+00 0.000000000000000e+00 0.000000000000000e+00 -3.342570985002820e-04 0.000000000000000e+00 0.000000000000000e+00 0.000000000000000e+00 -5.420227918418232e-04 -5.420227918418232e-04 0.000000000000000e+00
4.699735092538000e+01 -1.050400513437201e-03 -1.050400513437201e-03 0.000000000000000e+00 0.000000000000000e+00 0.000000000000000e+00 -8.158431869081657e-04 0.000000000000000e+00 0.000000000000000e+00 0.000000000000000e+00 -6.190318726185298e-04 -6.190318726185298e-04 0.000000000000000e+00
4.726866959318000e+01 -1.293377528611565e-03 -1.293377528611565e-03 0.000000000000000e+00 0.000000000000000e+00 0.000000000000000e+00 -1.124606042099301e-03 0.000000000000000e+00 0.000000000000000e+00 0.000000000000000e+00 -5.630286926368839e-04 -5.630286926368839e-04 0.000000000000000e+00
4.754155460075000e+01 -1.292208970455394e-03 -1.292208970455394e-03 0.000000000000000e+00 0.000000000000000e+00 0.000000000000000e+00 -1.215330268249788e-03 0.000000000000000e+00 0.000000000000000e+00 0.000000000000000e+00 -3.905661943903293e-04 -3.905661943903293e-04 0.000000000000000e+00
4.781601499066000e+01 -1.054978551922417e-03 -1.054978551922417e-03 0.000000000000000e+00 0.000000000000000e+00 0.000000000000000e+00 -1.080706926787244e-03 0.000000000000000e+00 0.000000000000000e+00 0.000000000000000e+00 -1.404322681560258e-04 -1.404322681560258e-04 0.000000000000000e+00
4.809205985770000e+01 -6.329296687138076e-04 -6.329296687138076e-04 0.000000000000000e+00 0.000000000000000e+00 0.000000000000000e+00 -7.544356237507804e-04 0.000000000000000e+00 0.000000000000000e+00 0.000000000000000e+00 1.329926513490018e-04 1.329926513490018e-04 0.000000000000000e+00
4.836969834914000e+01 -1.096615705451033e-04 -1.096615705451033e-04 0.000000000000000e+00 0.000000000000000e+00 0.000000000000000e+00 -3.034847860821011e-04 0.000000000000000e+00 0.000000000000000e+00 0.000000000000000e+00 3.717150583553925e-04 3.717150583553925e-04 0.000000000000000e+00
4.864893966508000e+01 4.127093795273210e-04 4.127093795273210e-04 0.000000000000000e+00 0.000000000000000e+00 0.000000000000000e+00 1.829649682533429e-04 0.000000000000000e+00 0.000000000000000e+00 0.000000000000000e+00 5.251083131698807e-04 5.251083131698807e-04 0.000000000000000e+00
4.892979305874000e+01 8.345937884058367e-04 8.345937884058367e-04 0.000000000000000e+00 0.000000000000000e+00 0.000000000000000e+00 6.117025307430035e-04 0.000000000000000e+00 0.000000000000000e+00 0.000000000000000e+00 5.619038749022573e-04 5.619038749022573e-04 0.000000000000000e+00
4.921226783673000e+01 1.076568541427495e-03 1.076568541427495e-03 0.000000000000000e+00 0.000000000000000e+00 0.000000000000000e+00 9.019489149530136e-04 0.000000000000000e+00 0.000000000000000e+00 0.000000000000000e+00 4.764159344441175e-04 4.764159344441175e-04 0.000000000000000e+00
4.949637335941000e+01 1.096375870536587e-03 1.096375870536587e-03 0.000000000000000e+00 0.000000000000000e+00 0.000000000000000e+00 1.002345418001483e-03 0.000000000000000e+00 0.000000000000000e+00 0.000000000000000e+00 2.901713029029821e-04 2.901713029029821e-04 0.000000000000000e+00
4.978211904117000e+01 8.971995800651720e-04 8.971995800651720e-04 0.000000000000000e+00 0.000000000000000e+00 0.000000000000000e+00 9.004557899146292e-04 0.000000000000000e+00 0.000000000000000e+00 0.000000000000000e+00 4.820158946248773e-05 4.820158946248773e-05 0.000000000000000e+00
5.006951435075000e+01 5.280316818515212e-04 5.280316818515212e-04 0.000000000000000e+00 0.000000000000000e+00 0.000000000000000e+00 6.261868668568568e-04 0.000000000000000e+00 0.000000000000000e+00 0.000000000000000e+00 -1.914607786402516e-04 -1.914607786402516e-04 0.000000000000000e+00
5.035856881157000e+01 7.260826300306902e-05 7.260826300306902e-05 0.000000000000000e+00 0.000000000000000e+00 0.000000000000000e+00 2.443750305800293e-04 0.000000000000000e+00 0.000000000000000e+00 0.000000000000000e+00 -3.710823849121265e-04 -3.710823849121265e-04 0.000000000000000e+00
5.064929200199000e+01 -3.676633922193128e-04 -3.676633922193128e-04 0.000000000000000e+00 0.000000000000000e+00 0.000000000000000e+00 -1.583047281220344e-04 0.000000000000000e+00 0.000000000000000e+00 0.000000000000000e+00 -4.474389970287823e-04 -4.474389970287823e-04 0.000000000000000e+00
5.094169355571000e+01 -6.963661498475122e-04 -6.963661498475122e-04 0.000000000000000e+00 0.000000000000000e+00 0.000000000000000e+00 -4.929345013479821e-04 0.000000000000000e+00 0.000000000000000e+00 0.000000000000000e+00 -4.022911286868185e-04 -4.022911286868185e-04 0.000000000000000e+00
5.123578316203000e+01 -8.435068608245114e-04 -8.435068608245114e-04 0.000000000000000e+00 0.000000000000000e+00 0.000000000000000e+00 -6.877440717819581e-04 0.000000000000000e+00 0.000000000000000e+00 0.000000000000000e+00 -2.482470279655717e-04 -2.482470279655717e-04 0.000000000000000e+00
5.153157056616000e+01 -7.820990030223843e-04 -7.820990030223843e-04 0.000000000000000e+00 0.000000000000000e+00 0.000000000000000e+00 -7.049265644684862e-04 0.000000000000000e+00 0.000000000000000e+00 0.000000000000000e+00 -2.620050872543629e-05 -2.620050872543629e-05 0.000000000000000e+00
5.182906556962000e+01 -5.349606800115115e-04 -5.349606800115115e-04 0.000000000000000e+00 0.000000000000000e+00 0.000000000000000e+00 -5.494508041387551e-04 0.000000000000000e+00 0.000000000000000e+00 0.000000000000000e+00 2.043364434747187e-04 2.043364434747187e-04 0.000000000000000e+00
5.212827803048000e+01 -1.688395726025998e-04 -1.688395726025998e-04 0.000000000000000e+00 0.000000000000000e+00 0.000000000000000e+00 -2.671478542650340e-04 0.000000000000000e+00 0.000000000000000e+00 0.000000000000000e+00 3.808353949660587e-04 3.808353949660587e-04 0.000000000000000e+00
5.242921786372000e+01 2.208253089990252e-04 2.208253089990252e-04 0.000000000000000e+00 0.000000000000000e+00 0.000000000000000e+00 6.581357177598097e-05 0.000000000000000e+00 0.000000000000000e+00 0.000000000000000e+00 4.541954685053999e-04 4.541954685053999e-04 0.000000000000000e+00
5.273189504158000e+01 5.350224619891401e-04 5.350224619891401e-04 0.000000000000000e+00 0.000000000000000e+00 0.000000000000000e+00 3.632734454981123e-04 0.000000000000000e+00 0.000000000000000e+00 0.000000000000000e+00 4.035115602595662e-04 4.035115602595662e-04 0.000000000000000e+00
5.303631959385000e+01 6.949138100107448e-04 6.949138100107448e-04 0.000000000000000e+00 0.000000000000000e+00 0.000000000000000e+00 5.497487153025794e-04 0.000000000000000e+00 0.000000000000000e+00 0.000000000000000e+00 2.425655473639241e-04 2.425655473639241e-04 0.000000000000000e+00
5.334250160825000e+01 6.639608810762275e-04 6.639608810762275e-04 0.000000000000000e+00 0.000000000000000e+00 0.000000000000000e+00 5.812622996216185e-04 0.000000000000000e+00 0.000000000000000e+00 0.000000000000000e+00 1.773156835579328e-05 1.773156835579328e-05 0.000000000000000e+00
5.365045123070000e+01 4.577977102109051e-04 4.577977102109051e-04 0.000000000000000e+00 0.000000000000000e+00 0.000000000000000e+00 4.568419517759772e-04 0.000000000000000e+00 0.000000000000000e+00 0.000000000000000e+00 -2.045453362270620e-04 -2.045453362270620e-04 0.000000000000000e+00
5.396017866573000e+01 1.396473723434991e-04 1.396473723434991e-04 0.000000000000000e+00 0.000000000000000e+00 0.000000000000000e+00 2.181792970578693e-04 0.000000000000000e+00 0.000000000000000e+00 0.000000000000000e+00 -3.567772708103597e-04 -3.567772708103597e-04 0.000000000000000e+00
5.427169417675000e+01 -1.959506238113637e-04 -1.959506238113637e-04 0.000000000000000e+00 0.000000000000000e+00 0.000000000000000e+00 -6.131687186961385e-05 0.000000000000000e+00 0.000000000000000e+00 0.000000000000000e+00 -3.910310263201896e-04 -3.910310263201896e-04 0.000000000000000e+00
5.458500808645000e+01 -4.511119869408455e-04 -4.511119869408455e-04 0.000000000000000e+00 0.000000000000000e+00 0.000000000000000e+00 -2.985319184943064e-04 0.000000000000000e+00 0.000000000000000e+00 0.000000000000000e+00 -2.950443873436679e-04 -2.950443873436679e-04 0.000000000000000e+00
5.490013077708000e+01 -5.527818340413920e-04 -5.527818340413920e-04 0.000000000000000e+00 0.000000000000000e+00 0.000000000000000e+00 -4.246694258253315e-04 0.000000000000000e+00 0.000000000000000e+00 0.000000000000000e+00 -9.763776761616767e-05 -9.763776761616767e-05 0.000000000000000e+00
5.521707269086000e+01 -4.747911532755301e-04 -4.747911532755301e-04 0.000000000000000e+00 0.000000000000000e+00 0.000000000000000e+00 -4.058074445832854e-04 0.000000000000000e+00 0.000000000000000e+00 0.000000000000000e+00 1.380979636408774e-04 1.380979636408774e-04 0.000000000000000e+00
5.553584433027000e+01 -2.466292805863936e-04 -2.466292805863936e-04 0.000000000000000e+00 0.000000000000000e+00 0.000000000000000e+00 -2.537397701687454e-04 0.000000000000000e+00 0.000000000000000e+00 0.000000000000000e+00 3.343835025422817e-04 3.343835025422817e-04 0.000000000000000e+00
5.585645625845000e+01 5.512019497790840e-05 5.512019497790840e-05 0.000000000000000e+00 0.000000000000000e+00 0.000000000000000e+00 -2.218041391557428e-05 0.000000000000000e+00 0.000000000000000e+00 0.000000000000000e+00 4.234859220292487e-04 4.234859220292487e-04 0.000000000000000e+00
5.617891909948000e+01 3.309849153444179e-04 3.309849153444179e-04 0.000000000000000e+00 0.000000000000000e+00 0.000000000000000e+00 2.104721702450830e-04 0.000000000000000e+00 0.000000000000000e+00 0.000000000000000e+00 3.719892700141190e-04 3.719892700141190e-04 0.000000000000000e+00
5.650324353881000e+01 4.905055625304581e-04 4.905055625304581e-04 0.000000000000000e+00 0.000000000000000e+00 0.000000000000000e+00 3.666003781770038e-04 0.000000000000000e+00 0.000000000000000e+00 0.000000000000000e+00 1.941766514397463e-04 1.941766514397463e-04 0.000000000000000e+00
5.682944032356000e+01 4.825333468642898e-04 4.825333468642898e-04 0.000000000000000e+00 0.000000000000000e+00 0.000000000000000e+00 3.954585383623305e-04 0.000000000000000e+00 0.000000000000000e+00 0.000000000000000e+00 -5.015250850540601e-05 -5.015250850540601e-05 0.000000000000000e+00
5.715752026291000e+01 3.133655671404913e-04 3.133655671404913e-04 0.000000000000000e+00 0.000000000000000e+00 0.000000000000000e+00 2.908664364433288e-04 0.000000000000000e+00 0.000000000000000e+00 0.000000000000000e+00 -2.747816087378272e-04 -2.747816087378272e-04 0.000000000000000e+00
5.748749422841000e+01 4.503268050734995e-05 4.503268050734995e-05 0.000000000000000e+00 0.000000000000000e+00 0.000000000000000e+00 9.333323399189858e-05 0.000000000000000e+00 0.000000000000000e+00 0.000000000000000e+00 -3.970273802264874e-04 -3.970273802264874e-04 0.000000000000000e+00
5.781937315440000e+01 -2.252354170033750e-04 -2.252354170033750e-04 0.000000000000000e+00 0.000000000000000e+00 0.000000000000000e+00 -1.235198552799711e-04 0.000000000000000e+00 0.000000000000000e+00 0.000000000000000e+00 -3.688793710369535e-04 -3.688793710369535e-04 0.000000000000000e+00
5.815316803834000e+01 -4.000880646163328e-04 -4.000880646163328e-04 0.000000000000000e+00 0.000000000000000e+00 0.000000000000000e+00 -2.799769762194337e-04 0.000000000000000e+00 0.000000000000000e+00 0.000000000000000e+00 -1.974486367283181e-04 -1.974486367283181e-04 0.000000000000000e+00
5.848888994118000e+01 -4.175782078360938e-04 -4.175782078360938e-04 0.000000000000000e+00 0.000000000000000e+00 0.000000000000000e+00 -3.196378184350602e-04 0.000000000000000e+00 0.000000000000000e+00 0.000000000000000e+00 5.487944731593033e-05 5.487944731593033e-05 0.000000000000000e+00
5.882654998771000e+01 -2.748503842198494e-04 -2.748503842198494e-04 0.000000000000000e+00 0.000000000000000e+00 0.000000000000000e+00 -2.308633661859467e-04 0.000000000000000e+00 0.000000000000000e+00 0.000000000000000e+00 2.913569288466274e-04 2.913569288466274e-04 0.000000000000000e+00
5.916615936696000e+01 -3.052492981690532e-05 -3.052492981690532e-05 0.000000000000000e+00 0.000000000000000e+00 0.000000000000000e+00 -5.209052560641717e-05 0.000000000000000e+00 0.000000000000000e+00 0.000000000000000e+00 4.178813176974214e-04 4.178813176974214e-04 0.000000000000000e+00
5.950772933256000e+01 2.178241045233614e-04 2.178241045233614e-04 0.000000000000000e+00 0.000000000000000e+00 0.000000000000000e+00 1.432669897381589e-04 0.000000000000000e+00 0.000000000000000e+00 0.000000000000000e+00 3.817340656090543e-04 3.817340656090543e-04 0.000000000000000e+00
5.985127120309000e+01 3.714988761016160e-04 3.714988761016160e-04 0.000000000000000e+00 0.000000000000000e+00 0.000000000000000e+00 2.757927068495686e-04 0.000000000000000e+00 0.000000000000000e+00 0.000000000000000e+00 1.952037190054304e-04 1.952037190054304e-04 0.000000000000000e+00
6.019679636248000e+01 3.710725199277694e-04 3.710725199277694e-04 0.000000000000000e+00 0.000000000000000e+00 0.000000000000000e+00 2.928733509066736e-04 0.000000000000000e+00 0.000000000000000e+00 0.000000000000000e+00 -6.560420804898027e-05 -6.560420804898027e-05 0.000000000000000e+00
6.054431626038000e+01 2.214677752108667e-04 2.214677752108667e-04 0.000000000000000e+00 0.000000000000000e+00 0.000000000000000e+00 1.910917964246103e-04 0.000000000000000e+00 0.000000000000000e+00 0.000000000000000e+00 -2.903792079975978e-04 -2.903792079975978e-04 0.000000000000000e+00
6.089384241255000e+01 -9.361218527765106e-06 -9.361218527765106e-06 0.000000000000000e+00 0.000000000000000e+00 0.000000000000000e+00 1.810025141958323e-05 0.000000000000000e+00 0.000000000000000e+00 0.000000000000000e+00 -3.812002811621751e-04 -3.812002811621751e-04 0.000000000000000e+00
6.124538640121000e+01 -2.190233665609565e-04 -2.190233665609565e-04 0.000000000000000e+00 0.000000000000000e+00 0.000000000000000e+00 -1.476907482125798e-04 0.000000000000000e+00 0.000000000000000e+00 0.000000000000000e+00 -2.971808910435029e-04 -2.971808910435029e-04 0.000000000000000e+00
6.159895987547000e+01 -3.155290461004576e-04 -3.155290461004576e-04 0.000000000000000e+00 0.000000000000000e+00 0.000000000000000e+00 -2.319380814931919e-04 0.000000000000000e+00 0.000000000000000e+00 0.000000000000000e+00 -7.583111423729863e-05 -7.583111423729863e-05 0.000000000000000e+00
6.195457455168000e+01 -2.591033780877083e-04 -2.591033780877083e-04 0.000000000000000e+00 0.000000000000000e+00 0.000000000000000e+00 -1.985843369792341e-04 0.000000000000000e+00 0.000000000000000e+00 0.000000000000000e+00 1.802747976572095e-04 1.802747976572095e-04 0.000000000000000e+00
6.231224221381000e+01 -8.105201038045683e-05 -8.105201038045683e-05 0.000000000000000e+00 0.000000000000000e+00 0.000000000000000e+00 -6.713439751303633e-05 0.000000000000000e+00 0.000000000000000e+00 0.000000000000000e+00 3.493445293530590e-04 3.493445293530590e-04 0.000000000000000e+00
6.267197471389000e+01 1.300994388652040e-04 1.300994388652040e-04 0.000000000000000e+00 0.000000000000000e+00 0.000000000000000e+00 9.594439265692175e-05 0.000000000000000e+00 0.000000000000000e+00 0.000000000000000e+00 3.484354268925144e-04 3.484354268925144e-04 0.000000000000000e+00
6.303378397236000e+01 2.705336067103154e-04 2.705336067103154e-04 0.000000000000000e+00 0.000000000000000e+00 0.000000000000000e+00 2.090021180336906e-04 0.000000000000000e+00 0.000000000000000e+00 0.000000000000000e+00 1.767526719586891e-04 1.767526719586891e-04 0.000000000000000e+00
6.339768197847000e+01 2.720064551934481e-04 2.720064551934481e-04 0.000000000000000e+00 0.000000000000000e+00 0.000000000000000e+00 2.157546852712964e-04 0.000000000000000e+00 0.000000000000000e+00 0.000000000000000e+00 -7.999916205309935e-05 -7.999916205309935e-05 0.000000000000000e+00
6.376368079069000e+01 1.366541158354899e-04 1.366541158354899e-04 0.000000000000000e+00 0.000000000000000e+00 0.000000000000000e+00 1.143522049642476e-04 0.000000000000000e+00 0.000000000000000e+00 0.000000000000000e+00 -2.895362206300029e-04 -2.895362206300029e-04 0.000000000000000e+00
6.413179253712001e+01 -6.254785255568804e-05 -6.254785255568804e-05 0.000000000000000e+00 0.000000000000000e+00 0.000000000000000e+00 -4.022119279993074e-05 0.000000000000000e+00 0.000000000000000e+00 0.000000000000000e+00 -3.398198770000450e-04 -3.398198770000450e-04 0.000000000000000e+00
6.450202941585000e+01 -2.191487612815411e-04 -2.191487612815411e-04 0.000000000000000e+00 0.000000000000000e+00 0.000000000000000e+00 -1.644686346960799e-04 0.000000000000000e+00 0.000000000000000e+00 0.000000000000000e+00 -2.010886661644629e-04 -2.010886661644629e-04 0.000000000000000e+00
6.487440369541000e+01 -2.493107832647579e-04 -2.493107832647579e-04 0.000000000000000e+00 0.000000000000000e+00 0.000000000000000e+00 -1.906934801762715e-04 0.000000000000000e+00 0.000000000000000e+00 0.000000000000000e+00 5.382983375716397e-05 5.382983375716397e-05 0.000000000000000e+00
6.524892771514000e+01 -1.379690476810829e-04 -1.379690476810829e-04 0.000000000000000e+00 0.000000000000000e+00 0.000000000000000e+00 -1.048188587570460e-04 0.000000000000000e+00 0.000000000000000e+00 0.000000000000000e+00 2.844856190854647e-04 2.844856190854647e-04 0.000000000000000e+00
6.562561388564001e+01 5.110512357995719e-05 5.110512357995719e-05 0.000000000000000e+00 0.000000000000000e+00 0.000000000000000e+00 4.411098470944070e-05 0.000000000000000e+00 0.000000000000000e+00 0.000000000000000e+00 3.591791684175205e-04 3.591791684175205e-04 0.000000000000000e+00
6.600447468913001e+01 2.100209365345627e-04 2.100209365345627e-04 0.000000000000000e+00 0.000000000000000e+00 0.000000000000000e+00 1.705492280152819e-04 0.000000000000000e+00 0.000000000000000e+00 0.000000000000000e+00 2.313807990864301e-04 2.313807990864301e-04 0.000000000000000e+00
6.638552267990001e+01 2.476734828175160e-04 2.476734828175160e-04 0.000000000000000e+00 0.000000000000000e+00 0.000000000000000e+00 2.009667115612860e-04 0.000000000000000e+00 0.000000000000000e+00 0.000000000000000e+00 -2.801537012031045e-05 -2.801537012031045e-05 0.000000000000000e+00
6.676877048474000e+01 1.436898655616541e-04 1.436898655616541e-04 0.000000000000000e+00 0.000000000000000e+00 0.000000000000000e+00 1.178898127085579e-04 0.000000000000000e+00 0.000000000000000e+00 0.000000000000000e+00 -2.670776169951925e-04 -2.670776169951925e-04 0.000000000000000e+00
6.715423080329001e+01 -3.799699652482837e-05 -3.799699652482837e-05 0.000000000000000e+00 0.000000000000000e+00 0.000000000000000e+00 -2.809979564327230e-05 0.000000000000000e+00 0.000000000000000e+00 0.000000000000000e+00 -3.414925957217154e-04 -3.414925957217154e-04 0.000000000000000e+00
6.754191640856000e+01 -1.865183060148784e-04 -1.865183060148784e-04 0.000000000000000e+00 0.000000000000000e+00 0.000000000000000e+00 -1.477183596762861e-04 0.000000000000000e+00 0.000000000000000e+00 0.000000000000000e+00 -2.043607108334402e-04 -2.043607108334402e-04 0.000000000000000e+00
6.793184014724000e+01 -2.119468363661718e-04 -2.119468363661718e-04 0.000000000000000e+00 0.000000000000000e+00 0.000000000000000e+00 -1.678034502593842e-04 0.000000000000000e+00 0.000000000000000e+00 0.000000000000000e+00 5.953643655506173e-05 5.953643655506173e-05 0.000000000000000e+00
6.832401494023000e+01 -1.020924588653481e-04 -1.020924588653481e-04 0.000000000000000e+00 0.000000000000000e+00 0.000000000000000e+00 -7.793086226803531e-05 0.000000000000000e+00 0.000000000000000e+00 0.000000000000000e+00 2.823127873562665e-04 2.823127873562665e-04 0.000000000000000e+00
6.871845378302000e+01 6.842061027614591e-05 6.842061027614591e-05 0.000000000000000e+00 0.000000000000000e+00 0.000000000000000e+00 6.139685945153370e-05 0.000000000000000e+00 0.000000000000000e+00 0.000000000000000e+00 3.199293351538092e-04 3.199293351538092e-04 0.000000000000000e+00
6.911516974609000e+01 1.864421886102268e-04 1.864421886102268e-04 0.000000000000000e+00 0.000000000000000e+00 0.000000000000000e+00 1.576465154008158e-04 0.000000000000000e+00 0.000000000000000e+00 0.000000000000000e+00 1.492300601216822e-04 1.492300601216822e-04 0.000000000000000e+00
6.951417597541000e+01 1.756168730283081e-04 1.756168730283081e-04 0.000000000000000e+00 0.000000000000000e+00 0.000000000000000e+00 1.479332081435006e-04 0.000000000000000e+00 0.000000000000000e+00 0.000000000000000e+00 -1.115003142252856e-04 -1.115003142252856e-04 0.000000000000000e+00
6.991548569283000e+01 4.868331425825871e-05 4.868331425825871e-05 0.000000000000000e+00 0.000000000000000e+00 0.000000000000000e+00 4.248142718871255e-05 0.000000000000000e+00 0.000000000000000e+00 0.000000000000000e+00 -2.803035333468998e-04 -2.803035333468998e-04 0.000000000000000e+00
7.031911219653000e+01 -1.007288300037670e-04 -1.007288300037670e-04 0.000000000000000e+00 0.000000000000000e+00 0.000000000000000e+00 -8.150999687550908e-05 0.000000000000000e+00 0.000000000000000e+00 0.000000000000000e+00 -2.386771092581521e-04 -2.386771092581521e-04 0.000000000000000e+00
7.072506886147001e+01 -1.646746380462483e-04 -1.646746380462483e-04 0.000000000000000e+00 0.000000000000000e+00 0.000000000000000e+00 -1.344775238865282e-04 0.000000000000000e+00 0.000000000000000e+00 0.000000000000000e+00 -2.027391268137665e-05 -2.027391268137665e-05 0.000000000000000e+00
7.113336913981000e+01 -9.956368915413378e-05 -9.956368915413378e-05 0.000000000000000e+00 0.000000000000000e+00 0.000000000000000e+00 -7.985861866768630e-05 0.000000000000000e+00 0.000000000000000e+00 0.000000000000000e+00 2.090828780396633e-04 2.090828780396633e-04 0.000000000000000e+00
7.154402656137999e+01 4.081514959327935e-05 4.081514959327935e-05 0.000000000000000e+00 0.000000000000000e+00 0.000000000000000e+00 3.789163706362704e-05 0.000000000000000e+00 0.000000000000000e+00 0.000000000000000e+00 2.730057178414079e-04 2.730057178414079e-04 0.000000000000000e+00
7.195705473411000e+01 1.456319736987214e-04 1.456319736987214e-04 0.000000000000000e+00 0.000000000000000e+00 0.000000000000000e+00 1.261894712786122e-04 0.000000000000000e+00 0.000000000000000e+00 0.000000000000000e+00 1.216048117288520e-04 1.216048117288520e-04 0.000000000000000e+00
7.237246734451000e+01 1.328764758273599e-04 1.328764758273599e-04 0.000000000000000e+00 0.000000000000000e+00 0.000000000000000e+00 1.158318313941167e-04 0.000000000000000e+00 0.000000000000000e+00 0.000000000000000e+00 -1.240914217862425e-04 -1.240914217862425e-04 0.000000000000000e+00
7.279027815808000e+01 1.498943427777676e-05 1.498943427777676e-05 0.000000000000000e+00 0.000000000000000e+00 0.000000000000000e+00 1.645125393906211e-05 0.000000000000000e+00 0.000000000000000e+00 0.000000000000000e+00 -2.634072012101818e-04 -2.634072012101818e-04 0.000000000000000e+00
7.321050101980001e+01 -1.098443598714459e-04 -1.098443598714459e-04 0.000000000000000e+00 0.000000000000000e+00 0.000000000000000e+00 -8.978837522756846e-05 0.000000000000000e+00 0.000000000000000e+00 0.000000000000000e+00 -1.786192448184722e-04 -1.786192448184722e-04 0.000000000000000e+00
7.363314985458000e+01 -1.376186407302606e-04 -1.376186407302606e-04 0.000000000000000e+00 0.000000000000000e+00 0.000000000000000e+00 -1.146732211379987e-04 0.000000000000000e+00 0.000000000000000e+00 0.000000000000000e+00 6.166365788792026e-05 6.166365788792026e-05 0.000000000000000e+00
7.405823866771000e+01 -4.611583289098012e-05 -4.611583289098012e-05 0.000000000000000e+00 0.000000000000000e+00 0.000000000000000e+00 -3.808124843247688e-05 0.000000000000000e+00 0.000000000000000e+00 0.000000000000000e+00 2.531766597399323e-04 2.531766597399323e-04 0.000000000000000e+00
7.448578154533000e+01 8.473291282224364e-05 8.473291282224364e-05 0.000000000000000e+00 0.000000000000000e+00 0.000000000000000e+00 7.354011950879657e-05 0.000000000000000e+00 0.000000000000000e+00 0.000000000000000e+00 2.282683474471367e-04 2.282683474471367e-04 0.000000000000000e+00
7.491579265493000e+01 1.407444474072199e-04 1.407444474072199e-04 0.000000000000000e+00 0.000000000000000e+00 0.000000000000000e+00 1.232024355510813e-04 0.000000000000000e+00 0.000000000000000e+00 0.000000000000000e+00 6.388044114399499e-06 6.388044114399499e-06 0.000000000000000e+00
7.534828624575000e+01 7.429305400865927e-05 7.429305400865927e-05 0.000000000000000e+00 0.000000000000000e+00 0.000000000000000e+00 6.868162584551836e-05 0.000000000000000e+00 0.000000000000000e+00 0.000000000000000e+00 -2.151603185059472e-04 -2.151603185059472e-04 0.000000000000000e+00
7.578327664932000e+01 -5.199879766290954e-05 -5.199879766290954e-05 0.000000000000000e+00 0.000000000000000e+00 0.000000000000000e+00 -3.887280566413417e-05 0.000000000000000e+00 0.000000000000000e+00 0.000000000000000e+00 -2.355626799135090e-04 -2.355626799135090e-04 0.000000000000000e+00
7.622077827989000e+01 -1.217116962642165e-04 -1.217116962642165e-04 0.000000000000000e+00 0.000000000000000e+00 0.000000000000000e+00 -1.007670043905903e-04 0.000000000000000e+00 0.000000000000000e+00 0.000000000000000e+00 -3.764581243752157e-05 -3.764581243752157e-05 0.000000000000000e+00
7.666080563494999e+01 -7.296282892958942e-05 -7.296282892958942e-05 0.000000000000000e+00 0.000000000000000e+00 0.000000000000000e+00 -6.222660225254725e-05 0.000000000000000e+00 0.000000000000000e+00 0.000000000000000e+00 1.894025633518913e-04 1.894025633518913e-04 0.000000000000000e+00
7.710337329564000e+01 4.253701812475052e-05 4.253701812475052e-05 0.000000000000000e+00 0.000000000000000e+00 0.000000000000000e+00 3.557210467873677e-05 0.000000000000000e+00 0.000000000000000e+00 0.000000000000000e+00 2.273483777116618e-04 2.273483777116618e-04 0.000000000000000e+00
7.754849592732000e+01 1.099032749650624e-04 1.099032749650624e-04 0.000000000000000e+00 0.000000000000000e+00 0.000000000000000e+00 9.558024837670855e-05 0.000000000000000e+00 0.000000000000000e+00 0.000000000000000e+00 4.361400454420403e-05 4.361400454420403e-05 0.000000000000000e+00
7.799618828000000e+01 6.505571253987315e-05 6.505571253987315e-05 0.000000000000000e+00 0.000000000000000e+00 0.000000000000000e+00 6.083032351610797e-05 0.000000000000000e+00 0.000000000000000e+00 0.000000000000000e+00 -1.710117616026534e-04 -1.710117616026534e-04 0.000000000000000e+00
7.844646518883999e+01 -4.053534218066383e-05 -4.053534218066383e-05 0.000000000000000e+00 0.000000000000000e+00 0.000000000000000e+00 -2.832077760552962e-05 0.000000000000000e+00 0.000000000000000e+00 0.000000000000000e+00 -1.940698217187922e-04 -1.940698217187922e-04 0.000000000000000e+00
7.889934157464000e+01 -9.362858969428282e-05 -9.362858969428282e-05 0.000000000000000e+00 0.000000000000000e+00 0.000000000000000e+00 -7.643934063520521e-05 0.000000000000000e+00 0.000000000000000e+00 0.000000000000000e+00 -5.284004356340779e-06 -5.284004356340779e-06 0.000000000000000e+00
7.935483244434000e+01 -3.950942105232092e-05 -3.950942105232092e-05 0.000000000000000e+00 0.000000000000000e+00 0.000000000000000e+00 -3.413354717285380e-05 0.000000000000000e+00 0.000000000000000e+00 0.000000000000000e+00 1.860746825093051e-04 1.860746825093051e-04 0.000000000000000e+00
7.981295289153999e+01 5.859864156404110e-05 5.859864156404110e-05 0.000000000000000e+00 0.000000000000000e+00 0.000000000000000e+00 4.871687711839566e-05 0.000000000000000e+00 0.000000000000000e+00 0.000000000000000e+00 1.655361684764376e-04 1.655361684764376e-04 0.000000000000000e+00
8.027371809693000e+01 8.901700902456468e-05 8.901700902456468e-05 0.000000000000000e+00 0.000000000000000e+00 0.000000000000000e+00 7.791773684724780e-05 0.000000000000000e+00 0.000000000000000e+00 0.000000000000000e+00 -4.459057472321659e-05 -4.459057472321659e-05 0.000000000000000e+00
8.073714332889000e+01 1.768036677746354e-05 1.768036677746354e-05 0.000000000000000e+00 0.000000000000000e+00 0.000000000000000e+00 2.103255019547222e-05 0.000000000000000e+00 0.000000000000000e+00 0.000000000000000e+00 -2.017839346075113e-04 -2.017839346075113e-04 0.000000000000000e+00
8.120324394391000e+01 -7.149124581255191e-05 -7.149124581255191e-05 0.000000000000000e+00 0.000000000000000e+00 0.000000000000000e+00 -5.476761287966257e-05 0.000000000000000e+00 0.000000000000000e+00 0.000000000000000e+00 -1.185353240649482e-04 -1.185353240649482e-04 0.000000000000000e+00
8.167203538714000e+01 -7.317291495374260e-05 -7.317291495374260e-05 0.000000000000000e+00 0.000000000000000e+00 0.000000000000000e+00 -6.016338754976078e-05 0.000000000000000e+00 0.000000000000000e+00 0.000000000000000e+00 1.109634654178479e-04 1.109634654178479e-04 0.000000000000000e+00
8.214353319291000e+01 1.409570574233036e-05 1.409570574233036e-05 0.000000000000000e+00 0.000000000000000e+00 0.000000000000000e+00 1.033903238594231e-05 0.000000000000000e+00 0.000000000000000e+00 0.000000000000000e+00 2.118656606639605e-04 2.118656606639605e-04 0.000000000000000e+00
8.261775298521999e+01 8.425140467942412e-05 8.425140467942412e-05 0.000000000000000e+00 0.000000000000000e+00 0.000000000000000e+00 7.069249217176005e-05 0.000000000000000e+00 0.000000000000000e+00 0.000000000000000e+00 5.854951946201287e-05 5.854951946201287e-05 0.000000000000000e+00
8.309471047827000e+01 5.237657269737683e-05 5.237657269737683e-05 0.000000000000000e+00 0.000000000000000e+00 0.000000000000000e+00 4.791913677421423e-05 0.000000000000000e+00 0.000000000000000e+00 0.000000000000000e+00 -1.622850037398231e-04 -1.622850037398231e-04 0.000000000000000e+00
8.357442147697000e+01 -3.948749558218526e-05 -3.948749558218526e-05 0.000000000000000e+00 0.000000000000000e+00 0.000000000000000e+00 -2.721666262429316e-05 0.000000000000000e+00 0.000000000000000e+00 0.000000000000000e+00 -1.754849993809755e-04 -1.754849993809755e-04 0.000000000000000e+00
8.405690187749001e+01 -7.473471146375598e-05 -7.473471146375598e-05 0.000000000000000e+00 0.000000000000000e+00 0.000000000000000e+00 -5.898399185677578e-05 0.000000000000000e+00 0.000000000000000e+00 0.000000000000000e+00 3.261370393151787e-05 3.261370393151787e-05 0.000000000000000e+00
8.454216766776000e+01 -1.190480316919092e-05 -1.190480316919092e-05 0.000000000000000e+00 0.000000000000000e+00 0.000000000000000e+00 -9.872911149009196e-06 0.000000000000000e+00 0.000000000000000e+00 0.000000000000000e+00 1.897107334094714e-04 1.897107334094714e-04 0.000000000000000e+00
8.503023492801000e+01 6.197206846626607e-05 6.197206846626607e-05 0.000000000000000e+00 0.000000000000000e+00 0.000000000000000e+00 5.133276920266916e-05 0.000000000000000e+00 0.000000000000000e+00 0.000000000000000e+00 9.245323758239922e-05 9.245323758239922e-05 0.000000000000000e+00
8.552111983130000e+01 4.876451119386715e-05 4.876451119386715e-05 0.000000000000000e+00 0.000000000000000e+00 0.000000000000000e+00 4.291404942824953e-05 0.000000000000000e+00 0.000000000000000e+00 0.000000000000000e+00 -1.183642007386997e-04 -1.183642007386997e-04 0.000000000000000e+00
8.601483864407000e+01 -2.752175987405746e-05 -2.752175987405746e-05 0.000000000000000e+00 0.000000000000000e+00 0.000000000000000e+00 -1.857320881114386e-05 0.000000000000000e+00 0.000000000000000e+00 0.000000000000000e+00 -1.484640001943002e-04 -1.484640001943002e-04 0.000000000000000e+00
8.651140772664000e+01 -5.629390053314968e-05 -5.629390053314968e-05 0.000000000000000e+00 0.000000000000000e+00 0.000000000000000e+00 -4.346130115333165e-05 0.000000000000000e+00 0.000000000000000e+00 0.000000000000000e+00 3.681561198521416e-05 3.681561198521416e-05 0.000000000000000e+00
8.701084353381999e+01 8.392167456035053e-07 8.392167456035053e-07 0.000000000000000e+00 0.000000000000000e+00 0.000000000000000e+00 1.718867213005390e-06 0.000000000000000e+00 0.000000000000000e+00 0.000000000000000e+00 1.602672356223949e-04 1.602672356223949e-04 0.000000000000000e+00
8.751316261537001e+01 5.526034066511031e-05 5.526034066511031e-05 0.000000000000000e+00 0.000000000000000e+00 0.000000000000000e+00 4.636793886160093e-05 0.000000000000000e+00 0.000000000000000e+00 0.000000000000000e+00 3.794935012773740e-05 3.794935012773740e-05 0.000000000000000e+00
8.801838161662999e+01 2.431747532182110e-05 2.431747532182110e-05 0.000000000000000e+00 0.000000000000000e+00 0.000000000000000e+00 2.227695585584161e-05 0.000000000000000e+00 0.000000000000000e+00 0.000000000000000e+00 -1.406420766422080e-04 -1.406420766422080e-04 0.000000000000000e+00
8.852651727902000e+01 -4.261153910080384e-05 -4.261153910080384e-05 0.000000000000000e+00 0.000000000000000e+00 0.000000000000000e+00 -3.194031519692038e-05 0.000000000000000e+00 0.000000000000000e+00 0.000000000000000e+00 -9.534417976481648e-05 -9.534417976481648e-05 0.000000000000000e+00
8.903758644059000e+01 -3.992585061997994e-05 -3.992585061997994e-05 0.000000000000000e+00 0.000000000000000e+00 0.000000000000000e+00 -3.035180468248752e-05 0.000000000000000e+00 0.000000000000000e+00 0.000000000000000e+00 1.060738827595695e-04 1.060738827595695e-04 0.000000000000000e+00
8.955160603664000e+01 2.793597678856810e-05 2.793597678856810e-05 0.000000000000000e+00 0.000000000000000e+00 0.000000000000000e+00 2.444130499085106e-05 0.000000000000000e+00 0.000000000000000e+00 0.000000000000000e+00 1.425424564690630e-04 1.425424564690630e-04 0.000000000000000e+00
9.006859310019000e+01 5.187967548192116e-05 5.187967548192116e-05 0.000000000000000e+00 0.000000000000000e+00 0.000000000000000e+00 4.395979527195739e-05 0.000000000000000e+00 0.000000000000000e+00 0.000000000000000e+00 -4.878555602205174e-05 -4.878555602205174e-05 0.000000000000000e+00
9.058856476264000e+01 -6.166364512789403e-06 -6.166364512789403e-06 0.000000000000000e+00 0.000000000000000e+00 0.000000000000000e+00 -3.192979591067845e-06 0.000000000000000e+00 0.000000000000000e+00 0.000000000000000e+00 -1.585050054365429e-04 -1.585050054365429e-04 0.000000000000000e+00
9.111153825424999e+01 -4.997716435606478e-05 -4.997716435606478e-05 0.000000000000000e+00 0.000000000000000e+00 0.000000000000000e+00 -3.873558894089716e-05 0.000000000000000e+00 0.000000000000000e+00 0.000000000000000e+00 -6.581033750285344e-06 -6.581033750285344e-06 0.000000000000000e+00
9.163753090477999e+01 -8.527045936767094e-06 -8.527045936767094e-06 0.000000000000000e+00 0.000000000000000e+00 0.000000000000000e+00 -4.700941639723897e-06 0.000000000000000e+00 0.000000000000000e+00 0.000000000000000e+00 1.507938988994816e-04 1.507938988994816e-04 0.000000000000000e+00
9.216656014401001e+01 4.460732639414156e-05 4.460732639414156e-05 0.000000000000000e+00 0.000000000000000e+00 0.000000000000000e+00 3.855013368645571e-05 0.000000000000000e+00 0.000000000000000e+00 0.000000000000000e+00 4.954439919905321e-05 4.954439919905321e-05 0.000000000000000e+00
9.269864350237999e+01 1.904824294266780e-05 1.904824294266780e-05 0.000000000000000e+00 0.000000000000000e+00 0.000000000000000e+00 1.711302935702155e-05 0.000000000000000e+00 0.000000000000000e+00 0.000000000000000e+00 -1.255442261803861e-04 -1.255442261803861e-04 0.000000000000000e+00
9.323379861149000e+01 -3.499962161045822e-05 -3.499962161045822e-05 0.000000000000000e+00 0.000000000000000e+00 0.000000000000000e+00 -2.726288345863233e-05 0.000000000000000e+00 0.000000000000000e+00 0.000000000000000e+00 -6.504168198521232e-05 -6.504168198521232e-05 0.000000000000000e+00
9.377204320477000e+01 -1.957891400446899e-05 -1.957891400446899e-05 0.000000000000000e+00 0.000000000000000e+00 0.000000000000000e+00 -1.402919560953378e-05 0.000000000000000e+00 0.000000000000000e+00 0.000000000000000e+00 1.091322182560104e-04 1.091322182560104e-04 0.000000000000000e+00
9.431339511799000e+01 3.208280670417788e-05 3.208280670417788e-05 0.000000000000000e+00 0.000000000000000e+00 0.000000000000000e+00 2.868277647247933e-05 0.000000000000000e+00 0.000000000000000e+00 0.000000000000000e+00 6.891183007825902e-05 6.891183007825902e-05 0.000000000000000e+00
9.485787228992000e+01 2.029716854366433e-05 2.029716854366433e-05 0.000000000000000e+00 0.000000000000000e+00 0.000000000000000e+00 1.836206895806222e-05 0.000000000000000e+00 0.000000000000000e+00 0.000000000000000e+00 -1.021544539868170e-04 -1.021544539868170e-04 0.000000000000000e+00
9.540549276286001e+01 -3.002297362395122e-05 -3.002297362395122e-05 0.000000000000000e+00 0.000000000000000e+00 0.000000000000000e+00 -2.358204666291657e-05 0.000000000000000e+00 0.000000000000000e+00 0.000000000000000e+00 -6.554688999564016e-05 -6.554688999564016e-05 0.000000000000000e+00
9.595627468329000e+01 -1.814142292802401e-05 -1.814142292802401e-05 0.000000000000000e+00 0.000000000000000e+00 0.000000000000000e+00 -1.324259509814087e-05 0.000000000000000e+00 0.000000000000000e+00 0.000000000000000e+00 1.082142360523823e-04 1.082142360523823e-04 0.000000000000000e+00
9.651023630245000e+01 3.238730640426856e-05 3.238730640426856e-05 0.000000000000000e+00 0.000000000000000e+00 0.000000000000000e+00 2.909699738168542e-05 0.000000000000000e+00 0.000000000000000e+00 0.000000000000000e+00 6.680135711617483e-05 6.680135711617483e-05 0.000000000000000e+00
9.706739597693000e+01 1.884612542625350e-05 1.884612542625350e-05 0.000000000000000e+00 0.000000000000000e+00 0.000000000000000e+00 1.741333926271816e-05 0.000000000000000e+00 0.000000000000000e+00 0.000000000000000e+00 -1.129985286590633e-04 -1.129985286590633e-04 0.000000000000000e+00
9.762777216932000e+01 -3.178014742593383e-05 -3.178014742593383e-05 0.000000000000000e+00 0.000000000000000e+00 0.000000000000000e+00 -2.527168697519120e-05 0.000000000000000e+00 0.000000000000000e+00 0.000000000000000e+00 -6.314631876092227e-05 -6.314631876092227e-05 0.000000000000000e+00
9.819138344878000e+01 -1.570122724659787e-05 -1.570122724659787e-05 0.000000000000000e+00 0.000000000000000e+00 0.000000000000000e+00 -1.163910638124666e-05 0.000000000000000e+00 0.000000000000000e+00 0.000000000000000e+00 1.177549298937359e-04 1.177549298937359e-04 0.000000000000000e+00
9.875824849164999e+01 3.245526048217500e-05 3.245526048217500e-05 0.000000000000000e+00 0.000000000000000e+00 0.000000000000000e+00 2.909774274333988e-05 0.000000000000000e+00 0.000000000000000e+00 0.000000000000000e+00 5.422284386675803e-05 5.422284386675803e-05 0.000000000000000e+00
9.932838608214000e+01 1.209577033108996e-05 1.209577033108996e-05 0.000000000000000e+00 0.000000000000000e+00 0.000000000000000e+00 1.198524226929023e-05 0.000000000000000e+00 0.000000000000000e+00 0.000000000000000e+00 -1.154368215619748e-04 -1.154368215619748e-04 0.000000000000000e+00
9.990181511285000e+01 -2.968771706571182e-05 -2.968771706571182e-05 0.000000000000000e+00 0.000000000000000e+00 0.000000000000000e+00 -2.353740354212877e-05 0.000000000000000e+00 0.000000000000000e+00 0.000000000000000e+00 -3.009885832379282e-05 -3.009885832379282e-05 0.000000000000000e+00
1.004785545855000e+02 -3.124427326831675e-06 -3.124427326831675e-06 0.000000000000000e+00 0.000000000000000e+00 0.000000000000000e+00 -1.349496459375069e-06 0.000000000000000e+00 0.000000000000000e+00 0.000000000000000e+00 1.109959815429218e-04 1.109959815429218e-04 0.000000000000000e+00
1.010586236114000e+02 2.762014446456483e-05 2.762014446456483e-05 0.000000000000000e+00 0.000000000000000e+00 0.000000000000000e+00 2.492983594593595e-05 0.000000000000000e+00 0.000000000000000e+00 0.000000000000000e+00 -3.740385571527449e-06 -3.740385571527449e-06 0.000000000000000e+00
1.016420414124000e+02 -5.997829265045932e-06 -5.997829265045932e-06 0.000000000000000e+00 0.000000000000000e+00 0.000000000000000e+00 -3.215815987347464e-06 0.000000000000000e+00 0.000000000000000e+00 0.000000000000000e+00 -9.672411521495614e-05 -9.672411521495614e-05 0.000000000000000e+00
1.022288273211000e+02 -2.127521811189583e-05 -2.127521811189583e-05 0.000000000000000e+00 0.000000000000000e+00 0.000000000000000e+00 -1.660646421003171e-05 0.000000000000000e+00 0.000000000000000e+00 0.000000000000000e+00 4.679813103508995e-05 4.679813103508995e-05 0.000000000000000e+00
1.028190007818000e+02 1.712456687215631e-05 1.712456687215631e-05 0.000000000000000e+00 0.000000000000000e+00 0.000000000000000e+00 1.561083405174207e-05 0.000000000000000e+00 0.000000000000000e+00 0.000000000000000e+00 7.253058207758909e-05 7.253058207758909e-05 0.000000000000000e+00
1.034125813511000e+02 1.348087293884705e-05 1.348087293884705e-05 0.000000000000000e+00 0.000000000000000e+00 0.000000000000000e+00 1.314093331896099e-05 0.000000000000000e+00 0.000000000000000e+00 0.000000000000000e+00 -8.411159541877750e-05 -8.411159541877750e-05 0.000000000000000e+00
1.040095886984000e+02 -2.342160763844401e-05 -2.342160763844401e-05 0.000000000000000e+00 0.000000000000000e+00 0.000000000000000e+00 -1.801345052851095e-05 0.000000000000000e+00 0.000000000000000e+00 0.000000000000000e+00 -3.034167666390335e-05 -3.034167666390335e-05 0.000000000000000e+00
1.046100426068000e+02 -7.025455719352620e-07 -7.025455719352620e-07 0.000000000000000e+00 0.000000000000000e+00 0.000000000000000e+00 4.201937694660915e-07 0.000000000000000e+00 0.000000000000000e+00 0.000000000000000e+00 1.056263693181060e-04 1.056263693181060e-04 0.000000000000000e+00
1.052139629734000e+02 2.497572201193819e-05 2.497572201193819e-05 0.000000000000000e+00 0.000000000000000e+00 0.000000000000000e+00 2.230527894491847e-05 0.000000000000000e+00 0.000000000000000e+00 0.000000000000000e+00 -2.213032443477358e-05 -2.213032443477358e-05 0.000000000000000e+00
1.058213698103000e+02 -1.126179936593972e-05 -1.126179936593972e-05 0.000000000000000e+00 0.000000000000000e+00 0.000000000000000e+00 -7.592351232247359e-06 0.000000000000000e+00 0.000000000000000e+00 0.000000000000000e+00 -9.277938583548933e-05 -9.277938583548933e-05 0.000000000000000e+00
1.064322832451000e+02 -1.639593644241905e-05 -1.639593644241905e-05 0.000000000000000e+00 0.000000000000000e+00 0.000000000000000e+00 -1.242850294024598e-05 0.000000000000000e+00 0.000000000000000e+00 0.000000000000000e+00 7.290877041514033e-05 7.290877041514033e-05 0.000000000000000e+00
1.070467235217000e+02 2.043390820525761e-05 2.043390820525761e-05 0.000000000000000e+00 0.000000000000000e+00 0.000000000000000e+00 1.814382120003618e-05 0.000000000000000e+00 0.000000000000000e+00 0.000000000000000e+00 4.416717994275462e-05 4.416717994275462e-05 0.000000000000000e+00
1.076647110007000e+02 2.288241199797948e-06 2.288241199797948e-06 0.000000000000000e+00 0.000000000000000e+00 0.000000000000000e+00 3.478416226406119e-06 0.000000000000000e+00 0.000000000000000e+00 0.000000000000000e+00 -9.176943071112954e-05 -9.176943071112954e-05 0.000000000000000e+00
1.082862661604000e+02 -1.810199083474866e-05 -1.810199083474866e-05 0.000000000000000e+00 0.000000000000000e+00 0.000000000000000e+00 -1.362840049559092e-05 0.000000000000000e+00 0.000000000000000e+00 0.000000000000000e+00 2.747923843302084e-05 2.747923843302084e-05 0.000000000000000e+00
1.089114095972000e+02 1.317655935920263e-05 1.317655935920263e-05 0.000000000000000e+00 0.000000000000000e+00 0.000000000000000e+00 1.210884176348624e-05 0.000000000000000e+00 0.000000000000000e+00 0.000000000000000e+00 5.989924738592118e-05 5.989924738592118e-05 0.000000000000000e+00
1.095401620264000e+02 5.516656492088982e-06 5.516656492088982e-06 0.000000000000000e+00 0.000000000000000e+00 0.000000000000000e+00 5.929638762810260e-06 0.000000000000000e+00 0.000000000000000e+00 0.000000000000000e+00 -7.772243132352442e-05 -7.772243132352442e-05 0.000000000000000e+00
1.101725442830000e+02 -1.709361188096016e-05 -1.709361188096016e-05 0.000000000000000e+00 0.000000000000000e+00 0.000000000000000e+00 -1.279817680719408e-05 0.000000000000000e+00 0.000000000000000e+00 0.000000000000000e+00 1.771158226922164e-05 1.771158226922164e-05 0.000000000000000e+00
1.108085773222000e+02 1.239236651321311e-05 1.239236651321311e-05 0.000000000000000e+00 0.000000000000000e+00 0.000000000000000e+00 1.152502473212324e-05 0.000000000000000e+00 0.000000000000000e+00 0.000000000000000e+00 6.496708545943487e-05 6.496708545943487e-05 0.000000000000000e+00
1.114482822202000e+02 6.599567133557906e-06 6.599567133557906e-06 0.000000000000000e+00 0.000000000000000e+00 0.000000000000000e+00 6.681050940810653e-06 0.000000000000000e+00 0.000000000000000e+00 0.000000000000000e+00 -8.411773727765761e-05 -8.411773727765761e-05 0.000000000000000e+00
1.120916801749000e+02 -1.868653722215489e-05 -1.868653722215489e-05 0.000000000000000e+00 0.000000000000000e+00 0.000000000000000e+00 -1.421262888066553e-05 0.000000000000000e+00 0.000000000000000e+00 0.000000000000000e+00 1.453489827226295e-05 1.453489827226295e-05 0.000000000000000e+00
1.127387925065000e+02 1.208305808413841e-05 1.208305808413841e-05 0.000000000000000e+00 0.000000000000000e+00 0.000000000000000e+00 1.135977390640317e-05 0.000000000000000e+00 0.000000000000000e+00 0.000000000000000e+00 7.460184552050414e-05 7.460184552050414e-05 0.000000000000000e+00
1.133896406584000e+02 7.324971463057489e-06 7.324971463057489e-06 0.000000000000000e+00 0.000000000000000e+00 0.000000000000000e+00 7.213118981914119e-06 0.000000000000000e+00 0.000000000000000e+00 0.000000000000000e+00 -8.550502613653107e-05 -8.550502613653107e-05 0.000000000000000e+00
1.140442461976000e+02 -1.734480678760254e-05 -1.734480678760254e-05 0.000000000000000e+00 0.000000000000000e+00 0.000000000000000e+00 -1.324820108757037e-05 0.000000000000000e+00 0.000000000000000e+00 0.000000000000000e+00 1.451520962808101e-05 1.451520962808101e-05 0.000000000000000e+00
1.147026308159000e+02 1.159583924073892e-05 1.159583924073892e-05 0.000000000000000e+00 0.000000000000000e+00 0.000000000000000e+00 1.098418993602307e-05 0.000000000000000e+00 0.000000000000000e+00 0.000000000000000e+00 6.171332956845530e-05 6.171332956845530e-05 0.000000000000000e+00
1.153648163301000e+02 2.836252257246353e-06 2.836252257246353e-06 0.000000000000000e+00 0.000000000000000e+00 0.000000000000000e+00 3.470017239036369e-06 0.000000000000000e+00 0.000000000000000e+00 0.000000000000000e+00 -7.657563323677537e-05 -7.657563323677537e-05 0.000000000000000e+00
1.160308246830000e+02 -1.188867555015881e-05 -1.188867555015881e-05 0.000000000000000e+00 0.000000000000000e+00 0.000000000000000e+00 -8.792734554833416e-06 0.000000000000000e+00 0.000000000000000e+00 0.000000000000000e+00 3.700057452846049e-05 3.700057452846049e-05 0.000000000000000e+00
1.167006779440000e+02 1.302380014439649e-05 1.302380014439649e-05 0.000000000000000e+00 0.000000000000000e+00 0.000000000000000e+00 1.214364602230847e-05 0.000000000000000e+00 0.000000000000000e+00 0.000000000000000e+00 2.007547018088816e-05 2.007547018088816e-05 0.000000000000000e+00
1.173743983101000e+02 -6.141516458528208e-06 -6.141516458528208e-06 0.000000000000000e+00 0.000000000000000e+00 0.000000000000000e+00 -4.068047435911186e-06 0.000000000000000e+00 0.000000000000000e+00 0.000000000000000e+00 -6.139927229652795e-05 -6.139927229652795e-05 0.000000000000000e+00
1.180520081063000e+02 -3.570429245179639e-06 -3.570429245179639e-06 0.000000000000000e+00 0.000000000000000e+00 0.000000000000000e+00 -1.880595724306094e-06 0.000000000000000e+00 0.000000000000000e+00 0.000000000000000e+00 6.999419975470909e-05 6.999419975470909e-05 0.000000000000000e+00
1.187335297866000e+02 1.252274012039965e-05 1.252274012039965e-05 0.000000000000000e+00 0.000000000000000e+00 0.000000000000000e+00 1.170454755806163e-05 0.000000000000000e+00 0.000000000000000e+00 0.000000000000000e+00 -3.555433304203945e-05 -3.555433304203945e-05 0.000000000000000e+00
1.194189859345000e+02 -1.344191588150231e-05 -1.344191588150231e-05 0.000000000000000e+00 0.000000000000000e+00 0.000000000000000e+00 -1.023985002592974e-05 0.000000000000000e+00 0.000000000000000e+00 0.000000000000000e+00 -2.408082347406785e-05 -2.408082347406785e-05 0.000000000000000e+00
1.201083992639000e+02 6.564597979982592e-06 6.564597979982592e-06 0.000000000000000e+00 0.000000000000000e+00 0.000000000000000e+00 6.569725921167160e-06 0.000000000000000e+00 0.000000000000000e+00 0.000000000000000e+00 7.155782605364701e-05 7.155782605364701e-05 0.000000000000000e+00
1.208017926199000e+02 4.434497112890543e-06 4.434497112890543e-06 0.000000000000000e+00 0.000000000000000e+00 0.000000000000000e+00 4.899370600389525e-06 0.000000000000000e+00 0.000000000000000e+00 0.000000000000000e+00 -7.389655665204751e-05 -7.389655665204751e-05 0.000000000000000e+00
1.214991889794000e+02 -1.107886456970100e-05 -1.107886456970100e-05 0.000000000000000e+00 0.000000000000000e+00 0.000000000000000e+00 -8.310227183264473e-06 0.000000000000000e+00 0.000000000000000e+00 0.000000000000000e+00 3.678976334105504e-05 3.678976334105504e-05 0.000000000000000e+00
1.222006114520000e+02 1.189160898825318e-05 1.189160898825318e-05 0.000000000000000e+00 0.000000000000000e+00 0.000000000000000e+00 1.103151693042781e-05 0.000000000000000e+00 0.000000000000000e+00 0.000000000000000e+00 1.153366227193078e-05 1.153366227193078e-05 0.000000000000000e+00
1.229060832808000e+02 -7.584098887998619e-06 -7.584098887998619e-06 0.000000000000000e+00 0.000000000000000e+00 0.000000000000000e+00 -5.255779773841730e-06 0.000000000000000e+00 0.000000000000000e+00 0.000000000000000e+00 -4.449576379222432e-05 -4.449576379222432e-05 0.000000000000000e+00
1.236156278429000e+02 2.640800349536611e-06 2.640800349536611e-06 0.000000000000000e+00 0.000000000000000e+00 0.000000000000000e+00 3.158717405174363e-06 0.000000000000000e+00 0.000000000000000e+00 0.000000000000000e+00 5.881869199208767e-05 5.881869199208767e-05 0.000000000000000e+00
1.243292686504000e+02 2.770153944699741e-06 2.770153944699741e-06 0.000000000000000e+00 0.000000000000000e+00 0.000000000000000e+00 3.407327486844863e-06 0.000000000000000e+00 0.000000000000000e+00 0.000000000000000e+00 -5.819157068941123e-05 -5.819157068941123e-05 0.000000000000000e+00
1.250470293513000e+02 -7.138980877121882e-06 -7.138980877121882e-06 0.000000000000000e+00 0.000000000000000e+00 0.000000000000000e+00 -4.999392441746928e-06 0.000000000000000e+00 0.000000000000000e+00 0.000000000000000e+00 4.551856287432136e-05 4.551856287432136e-05 0.000000000000000e+00
1.257689337299000e+02 1.071406376953062e-05 1.071406376953062e-05 0.000000000000000e+00 0.000000000000000e+00 0.000000000000000e+00 9.939035244132307e-06 0.000000000000000e+00 0.000000000000000e+00 0.000000000000000e+00 -1.781182218145544e-05 -1.781182218145544e-05 0.000000000000000e+00
1.264950057080000e+02 -1.082364726500842e-05 -1.082364726500842e-05 0.000000000000000e+00 0.000000000000000e+00 0.000000000000000e+00 -8.017758494113886e-06 0.000000000000000e+00 0.000000000000000e+00 0.000000000000000e+00 -1.868203695793431e-05 -1.868203695793431e-05 0.000000000000000e+00
1.272252693454000e+02 8.022840554117133e-06 8.022840554117133e-06 0.000000000000000e+00 0.000000000000000e+00 0.000000000000000e+00 7.633909354890030e-06 0.000000000000000e+00 0.000000000000000e+00 0.000000000000000e+00 5.185601501323283e-05 5.185601501323283e-05 0.000000000000000e+00
1.279597488407000e+02 -2.599470019662512e-06 -2.599470019662512e-06 0.000000000000000e+00 0.000000000000000e+00 0.000000000000000e+00 -1.197920268939957e-06 0.000000000000000e+00 0.000000000000000e+00 0.000000000000000e+00 -6.744557967241527e-05 -6.744557967241527e-05 0.000000000000000e+00
1.286984685325000e+02 -2.100497516174376e-06 -2.100497516174376e-06 0.000000000000000e+00 0.000000000000000e+00 0.000000000000000e+00 -7.909904383430087e-07 0.000000000000000e+00 0.000000000000000e+00 0.000000000000000e+00 6.393077835475938e-05 6.393077835475938e-05 0.000000000000000e+00
1.294414528995000e+02 5.488157216197910e-06 5.488157216197910e-06 0.000000000000000e+00 0.000000000000000e+00 0.000000000000000e+00 5.502441752066165e-06 0.000000000000000e+00 0.000000000000000e+00 0.000000000000000e+00 -4.800482216522911e-05 -4.800482216522911e-05 0.000000000000000e+00
1.301887265622000e+02 -6.563258850784779e-06 -6.563258850784779e-06 0.000000000000000e+00 0.000000000000000e+00 0.000000000000000e+00 -4.542832535107353e-06 0.000000000000000e+00 0.000000000000000e+00 0.000000000000000e+00 3.142125599112210e-05 3.142125599112210e-05 0.000000000000000e+00
1.309403142827000e+02 7.209918417882195e-06 7.209918417882195e-06 0.000000000000000e+00 0.000000000000000e+00 0.000000000000000e+00 6.943891089987617e-06 0.000000000000000e+00 0.000000000000000e+00 0.000000000000000e+00 -1.840678460809098e-05 -1.840678460809098e-05 0.000000000000000e+00
1.316962409665000e+02 -7.361387976041972e-06 -7.361387976041972e-06 0.000000000000000e+00 0.000000000000000e+00 0.000000000000000e+00 -5.263986439675762e-06 0.000000000000000e+00 0.000000000000000e+00 0.000000000000000e+00 8.661791863103869e-06 8.661791863103869e-06 0.000000000000000e+00
1.324565316627000e+02 7.998968000566689e-06 7.998968000566689e-06 0.000000000000000e+00 0.000000000000000e+00 0.000000000000000e+00 7.618903507755038e-06 0.000000000000000e+00 0.000000000000000e+00 0.000000000000000e+00 2.715928903163072e-06 2.715928903163072e-06 0.000000000000000e+00
1.332212115650000e+02 -7.848532111631877e-06 -7.848532111631877e-06 0.000000000000000e+00 0.000000000000000e+00 0.000000000000000e+00 -5.725877237431280e-06 0.000000000000000e+00 0.000000000000000e+00 0.000000000000000e+00 -1.623527953973900e-05 -1.623527953973900e-05 0.000000000000000e+00
1.339903060125000e+02 7.348638254746302e-06 7.348638254746302e-06 0.000000000000000e+00 0.000000000000000e+00 0.000000000000000e+00 7.073973790452539e-06 0.000000000000000e+00 0.000000000000000e+00 0.000000000000000e+00 3.064840766360954e-05 3.064840766360954e-05 0.000000000000000e+00
1.347638404908000e+02 -5.778801121758575e-06 -5.778801121758575e-06 0.000000000000000e+00 0.000000000000000e+00 0.000000000000000e+00 -4.009679983658216e-06 0.000000000000000e+00 0.000000000000000e+00 0.000000000000000e+00 -4.108582810568638e-05 -4.108582810568638e-05 0.000000000000000e+00
1.355418406323000e+02 4.372057892592027e-06 4.372057892592027e-06 0.000000000000000e+00 0.000000000000000e+00 0.000000000000000e+00 4.536431228806765e-06 0.000000000000000e+00 0.000000000000000e+00 0.000000000000000e+00 4.598251135966535e-05 4.598251135966535e-05 0.000000000000000e+00
1.363243322176000e+02 -2.954552657554440e-06 -2.954552657554440e-06 0.000000000000000e+00 0.000000000000000e+00 0.000000000000000e+00 -1.632655497652767e-06 0.000000000000000e+00 0.000000000000000e+00 0.000000000000000e+00 -4.480180445289923e-05 -4.480180445289923e-05 0.000000000000000e+00
1.371113411762000e+02 2.561185238424514e-06 2.561185238424514e-06 0.000000000000000e+00 0.000000000000000e+00 0.000000000000000e+00 2.975693208909920e-06 0.000000000000000e+00 0.000000000000000e+00 0.000000000000000e+00 4.109323217984831e-05 4.109323217984831e-05 0.000000000000000e+00
1.379028935870000e+02 -2.490409075070325e-06 -2.490409075070325e-06 0.000000000000000e+00 0.000000000000000e+00 0.000000000000000e+00 -1.250010715060820e-06 0.000000000000000e+00 0.000000000000000e+00 0.000000000000000e+00 -3.716376478431773e-05 -3.716376478431773e-05 0.000000000000000e+00
1.386990156798000e+02 3.150509700004316e-06 3.150509700004316e-06 0.000000000000000e+00 0.000000000000000e+00 0.000000000000000e+00 3.444212922587962e-06 0.000000000000000e+00 0.000000000000000e+00 0.000000000000000e+00 3.570501943052846e-05 3.570501943052846e-05 0.000000000000000e+00
1.394997338356000e+02 -3.588221138391989e-06 -3.588221138391989e-06 0.000000000000000e+00 0.000000000000000e+00 0.000000000000000e+00 -2.184005440667858e-06 0.000000000000000e+00 0.000000000000000e+00 0.000000000000000e+00 -3.612063698136014e-05 -3.612063698136014e-05 0.000000000000000e+00
1.403050745878000e+02 4.203586384869740e-06 4.203586384869740e-06 0.000000000000000e+00 0.000000000000000e+00 0.000000000000000e+00 4.302814766955651e-06 0.000000000000000e+00 0.000000000000000e+00 0.000000000000000e+00 3.785229658500840e-05 3.785229658500840e-05 0.000000000000000e+00
1.411150646229000e+02 -4.317569421209519e-06 -4.317569421209519e-06 0.000000000000000e+00 0.000000000000000e+00 0.000000000000000e+00 -2.810910864719520e-06 0.000000000000000e+00 0.000000000000000e+00 0.000000000000000e+00 -3.833774404743129e-05 -3.833774404743129e-05 0.000000000000000e+00
1.419297307814000e+02 4.552292629011809e-06 4.552292629011809e-06 0.000000000000000e+00 0.000000000000000e+00 0.000000000000000e+00 4.579307876123391e-06 0.000000000000000e+00 0.000000000000000e+00 0.000000000000000e+00 3.664560333626349e-05 3.664560333626349e-05 0.000000000000000e+00
1.427491000590000e+02 -4.423935334643796e-06 -4.423935334643796e-06 0.000000000000000e+00 0.000000000000000e+00 0.000000000000000e+00 -2.925978301774847e-06 0.000000000000000e+00 0.000000000000000e+00 0.000000000000000e+00 -3.119324594352271e-05 -3.119324594352271e-05 0.000000000000000e+00
1.435731996071000e+02 4.516934898667657e-06 4.516934898667657e-06 0.000000000000000e+00 0.000000000000000e+00 0.000000000000000e+00 4.542066803021101e-06 0.000000000000000e+00 0.000000000000000e+00 0.000000000000000e+00 2.248581287500431e-05 2.248581287500431e-05 0.000000000000000e+00
1.444020567338000e+02 -4.287368649257617e-06 -4.287368649257617e-06 0.000000000000000e+00 0.000000000000000e+00 0.000000000000000e+00 -2.838395193335459e-06 0.000000000000000e+00 0.000000000000000e+00 0.000000000000000e+00 -1.044045787475616e-05 -1.044045787475616e-05 0.000000000000000e+00
1.452356989049000e+02 4.149803504631147e-06 4.149803504631147e-06 0.000000000000000e+00 0.000000000000000e+00 0.000000000000000e+00 4.222466388156988e-06 0.000000000000000e+00 0.000000000000000e+00 0.000000000000000e+00 -3.229227896598703e-06 -3.229227896598703e-06 0.000000000000000e+00
1.460741537448000e+02 -3.485785238715970e-06 -3.485785238715970e-06 0.000000000000000e+00 0.000000000000000e+00 0.000000000000000e+00 -2.185477905832922e-06 0.000000000000000e+00 0.000000000000000e+00 0.000000000000000e+00 1.760391010046215e-05 1.760391010046215e-05 0.000000000000000e+00
1.469174490373000e+02 2.665579447872040e-06 2.665579447872040e-06 0.000000000000000e+00 0.000000000000000e+00 0.000000000000000e+00 2.960160360085723e-06 0.000000000000000e+00 0.000000000000000e+00 0.000000000000000e+00 -3.012652974559885e-05 -3.012652974559885e-05 0.000000000000000e+00
1.477656127266000e+02 -1.209103736211417e-06 -1.209103736211417e-06 0.000000000000000e+00 0.000000000000000e+00 0.000000000000000e+00 -2.907999395317037e-07 0.000000000000000e+00 0.000000000000000e+00 0.000000000000000e+00 3.903345011839989e-05 3.903345011839989e-05 0.000000000000000e+00
1.486186729184000e+02 -3.196878841563198e-07 -3.196878841563198e-07 0.000000000000000e+00 0.000000000000000e+00 0.000000000000000e+00 4.362592193465087e-07 0.000000000000000e+00 0.000000000000000e+00 0.000000000000000e+00 -4.153097901104432e-05 -4.153097901104432e-05 0.000000000000000e+00
1.494766578804000e+02 2.057064454671955e-06 2.057064454671955e-06 0.000000000000000e+00 0.000000000000000e+00 0.000000000000000e+00 2.436089987802391e-06 0.000000000000000e+00 0.000000000000000e+00 0.000000000000000e+00 3.643571479174292e-05 3.643571479174292e-05 0.000000000000000e+00
1.503395960436000e+02 -3.157455844800796e-06 -3.157455844800796e-06 0.000000000000000e+00 0.000000000000000e+00 0.000000000000000e+00 -1.964340516817582e-06 0.000000000000000e+00 0.000000000000000e+00 0.000000000000000e+00 -2.314540791651728e-05 -2.314540791651728e-05 0.000000000000000e+00
1.512075160033000e+02 3.559352625774828e-06 3.559352625774828e-06 0.000000000000000e+00 0.000000000000000e+00 0.000000000000000e+00 3.683413159268991e-06 0.000000000000000e+00 0.000000000000000e+00 0.000000000000000e+00 4.489432806997847e-06 4.489432806997847e-06 0.000000000000000e+00
1.520804465195000e+02 -2.589218064254896e-06 -2.589218064254896e-06 0.000000000000000e+00 0.000000000000000e+00 0.000000000000000e+00 -1.504544756261304e-06 0.000000000000000e+00 0.000000000000000e+00 0.000000000000000e+00 1.479246674709699e-05 1.479246674709699e-05 0.000000000000000e+00
1.529584165186000e+02 7.230390066038215e-07 7.230390066038215e-07 0.000000000000000e+00 0.000000000000000e+00 0.000000000000000e+00 1.285368285169515e-06 0.000000000000000e+00 0.000000000000000e+00 0.000000000000000e+00 -2.725199421396767e-05 -2.725199421396767e-05 0.000000000000000e+00
1.538414550938000e+02 1.770317288988774e-06 1.770317288988774e-06 0.000000000000000e+00 0.000000000000000e+00 0.000000000000000e+00 2.143662435202300e-06 0.000000000000000e+00 0.000000000000000e+00 0.000000000000000e+00 2.703619618777717e-05 2.703619618777717e-05 0.000000000000000e+00
1.547295915063000e+02 -3.507428749909138e-06 -3.507428749909138e-06 0.000000000000000e+00 0.000000000000000e+00 0.000000000000000e+00 -2.287614268959812e-06 0.000000000000000e+00 0.000000000000000e+00 0.000000000000000e+00 -1.207378271942227e-05 -1.207378271942227e-05 0.000000000000000e+00
1.556228551863000e+02 3.825865402589862e-06 3.825865402589862e-06 0.000000000000000e+00 0.000000000000000e+00 0.000000000000000e+00 3.860204795093224e-06 0.000000000000000e+00 0.000000000000000e+00 0.000000000000000e+00 -1.134988604830025e-05 -1.134988604830025e-05 0.000000000000000e+00
1.565212757338000e+02 -2.101902586093587e-06 -2.101902586093587e-06 0.000000000000000e+00 0.000000000000000e+00 0.000000000000000e+00 -1.126348002138922e-06 0.000000000000000e+00 0.000000000000000e+00 0.000000000000000e+00 3.099318431801690e-05 3.099318431801690e-05 0.000000000000000e+00
1.574248829197000e+02 -4.942267577699404e-07 -4.942267577699404e-07 0.000000000000000e+00 0.000000000000000e+00 0.000000000000000e+00 2.182413245373797e-07 0.000000000000000e+00 0.000000000000000e+00 0.000000000000000e+00 -3.348796209105376e-05 -3.348796209105376e-05 0.000000000000000e+00
1.583337066869000e+02 2.515061620751119e-06 2.515061620751119e-06 0.000000000000000e+00 0.000000000000000e+00 0.000000000000000e+00 2.737226144313225e-06 0.000000000000000e+00 0.000000000000000e+00 0.000000000000000e+00 1.567683339136137e-05 1.567683339136137e-05 0.000000000000000e+00
1.592477771509000e+02 -2.167168818986225e-06 -2.167168818986225e-06 0.000000000000000e+00 0.000000000000000e+00 0.000000000000000e+00 -1.201666650682700e-06 0.000000000000000e+00 0.000000000000000e+00 0.000000000000000e+00 1.063543931010496e-05 1.063543931010496e-05 0.000000000000000e+00
1.601671246012000e+02 -1.073619527437979e-07 -1.073619527437979e-07 0.000000000000000e+00 0.000000000000000e+00 0.000000000000000e+00 5.180889860863737e-07 0.000000000000000e+00 0.000000000000000e+00 0.000000000000000e+00 -2.329959535878199e-05 -2.329959535878199e-05 0.000000000000000e+00
1.610917795024000e+02 2.463085562778354e-06 2.463085562778354e-06 0.000000000000000e+00 0.000000000000000e+00 0.000000000000000e+00 2.676571743699281e-06 0.000000000000000e+00 0.000000000000000e+00 0.000000000000000e+00 9.494036707633551e-06 9.494036707633551e-06 0.000000000000000e+00
1.620217724945000e+02 -2.242925648780953e-06 -2.242925648780953e-06 0.000000000000000e+00 0.000000000000000e+00 0.000000000000000e+00 -1.290595159467489e-06 0.000000000000000e+00 0.000000000000000e+00 0.000000000000000e+00 1.917812061118147e-05 1.917812061118147e-05 0.000000000000000e+00
1.629571343948000e+02 -3.742332686013509e-07 -3.742332686013509e-07 0.000000000000000e+00 0.000000000000000e+00 0.000000000000000e+00 2.744007261327232e-07 0.000000000000000e+00 0.000000000000000e+00 0.000000000000000e+00 -3.207620265546479e-05 -3.207620265546479e-05 0.000000000000000e+00
1.638978961982000e+02 2.779294594290874e-06 2.779294594290874e-06 0.000000000000000e+00 0.000000000000000e+00 0.000000000000000e+00 2.922521518967982e-06 0.000000000000000e+00 0.000000000000000e+00 0.000000000000000e+00 1.262192612590689e-05 1.262192612590689e-05 0.000000000000000e+00
1.648440890788000e+02 -1.943094026780841e-06 -1.943094026780841e-06 0.000000000000000e+00 0.000000000000000e+00 0.000000000000000e+00 -1.061503303920628e-06 0.000000000000000e+00 0.000000000000000e+00 0.000000000000000e+00 1.793978631945826e-05 1.793978631945826e-05 0.000000000000000e+00
1.657957443905000e+02 -8.318487850547740e-07 -8.318487850547740e-07 0.000000000000000e+00 0.000000000000000e+00 0.000000000000000e+00 -1.283692633729703e-07 0.000000000000000e+00 0.000000000000000e+00 0.000000000000000e+00 -2.066545833045585e-05 -2.066545833045585e-05 0.000000000000000e+00
1.667528936683000e+02 1.726553102886468e-06 1.726553102886468e-06 0.000000000000000e+00 0.000000000000000e+00 0.000000000000000e+00 2.015470924547962e-06 0.000000000000000e+00 0.000000000000000e+00 0.000000000000000e+00 -6.789393331837329e-06 -6.789393331837329e-06 0.000000000000000e+00
1.677155686292000e+02 7.287400655768547e-07 7.287400655768547e-07 0.000000000000000e+00 0.000000000000000e+00 0.000000000000000e+00 1.166579114086170e-06 0.000000000000000e+00 0.000000000000000e+00 0.000000000000000e+00 2.031717122148387e-05 2.031717122148387e-05 0.000000000000000e+00
1.686838011733000e+02 -2.260580933722347e-06 -2.260580933722347e-06 0.000000000000000e+00 0.000000000000000e+00 0.000000000000000e+00 -1.350595099958961e-06 0.000000000000000e+00 0.000000000000000e+00 0.000000000000000e+00 6.066429669603849e-06 6.066429669603849e-06 0.000000000000000e+00
1.696576233848000e+02 -4.309792445125188e-08 -4.309792445125188e-08 0.000000000000000e+00 0.000000000000000e+00 0.000000000000000e+00 5.077522441239305e-07 0.000000000000000e+00 0.000000000000000e+00 0.000000000000000e+00 -2.961674085896696e-05 -2.961674085896696e-05 0.000000000000000e+00
1.706370675333000e+02 2.619045616523185e-06 2.619045616523185e-06 0.000000000000000e+00 0.000000000000000e+00 0.000000000000000e+00 2.737993941770449e-06 0.000000000000000e+00 0.000000000000000e+00 0.000000000000000e+00 5.929252679759650e-06 5.929252679759650e-06 0.000000000000000e+00
1.716221660746000e+02 -7.749727008711614e-07 -7.749727008711614e-07 0.000000000000000e+00 0.000000000000000e+00 0.000000000000000e+00 -1.202540079910825e-07 0.000000000000000e+00 0.000000000000000e+00 0.000000000000000e+00 2.559021320926048e-05 2.559021320926048e-05 0.000000000000000e+00
1.726129516519000e+02 -1.754327616484426e-06 -1.754327616484426e-06 0.000000000000000e+00 0.000000000000000e+00 0.000000000000000e+00 -9.517201911363294e-07 0.000000000000000e+00 0.000000000000000e+00 0.000000000000000e+00 -7.854416726074741e-06 -7.854416726074741e-06 0.000000000000000e+00
1.736094570967000e+02 2.026467070260952e-07 2.026467070260952e-07 0.000000000000000e+00 0.000000000000000e+00 0.000000000000000e+00 6.881080135526981e-07 0.000000000000000e+00 0.000000000000000e+00 0.000000000000000e+00 -1.746087439431277e-05 -1.746087439431277e-05 0.000000000000000e+00
1.746117154302000e+02 1.429096796269266e-06 1.429096796269266e-06 0.000000000000000e+00 0.000000000000000e+00 0.000000000000000e+00 1.715048528706904e-06 0.000000000000000e+00 0.000000000000000e+00 0.000000000000000e+00 -5.135273208141719e-06 -5.135273208141719e-06 0.000000000000000e+00
1.756197598642000e+02 1.044056778820079e-06 1.044056778820079e-06 0.000000000000000e+00 0.000000000000000e+00 0.000000000000000e+00 1.384829830287364e-06 0.000000000000000e+00 0.000000000000000e+00 0.000000000000000e+00 1.761401685322283e-05 1.761401685322283e-05 0.000000000000000e+00
1.766336238023000e+02 -1.415969002447791e-06 -1.415969002447791e-06 0.000000000000000e+00 0.000000000000000e+00 0.000000000000000e+00 -6.927500374369816e-07 0.000000000000000e+00 0.000000000000000e+00 0.000000000000000e+00 1.772809122472958e-05 1.772809122472958e-05 0.000000000000000e+00
1.776533408407000e+02 -1.692608452972348e-06 -1.692608452972348e-06 0.000000000000000e+00 0.000000000000000e+00 0.000000000000000e+00 -9.296390040831663e-07 0.000000000000000e+00 0.000000000000000e+00 0.000000000000000e+00 -1.519870381099279e-05 -1.519870381099279e-05 0.000000000000000e+00
1.786789447698000e+02 7.565284128822812e-07 7.565284128822812e-07 0.000000000000000e+00 0.000000000000000e+00 0.000000000000000e+00 1.126218352497240e-06 0.000000000000000e+00 0.000000000000000e+00 0.000000000000000e+00 -2.176712192498942e-05 -2.176712192498942e-05 0.000000000000000e+00
1.797104695751000e+02 1.551658106292652e-06 1.551658106292652e-06 0.000000000000000e+00 0.000000000000000e+00 0.000000000000000e+00 1.787897696145279e-06 0.000000000000000e+00 0.000000000000000e+00 0.000000000000000e+00 7.685071036157776e-07 7.685071036157776e-07 0.000000000000000e+00
1.807479494380000e+02 7.171263092442799e-07 7.171263092442799e-07 0.000000000000000e+00 0.000000000000000e+00 0.000000000000000e+00 1.079673550512261e-06 0.000000000000000e+00 0.000000000000000e+00 0.000000000000000e+00 1.315807398233633e-05 1.315807398233633e-05 0.000000000000000e+00
1.817914187376000e+02 -2.006451062194833e-07 -2.006451062194833e-07 0.000000000000000e+00 0.000000000000000e+00 0.000000000000000e+00 3.024224536446427e-07 0.000000000000000e+00 0.000000000000000e+00 0.000000000000000e+00 1.633674363904419e-05 1.633674363904419e-05 0.000000000000000e+00
1.828409120511000e+02 -1.372679958298753e-06 -1.372679958298753e-06 0.000000000000000e+00 0.000000000000000e+00 0.000000000000000e+00 -6.888873511643706e-07 0.000000000000000e+00 0.000000000000000e+00 0.000000000000000e+00 9.626199642910364e-06 9.626199642910364e-06 0.000000000000000e+00
1.838964641557000e+02 -1.562762502564518e-06 -1.562762502564518e-06 0.000000000000000e+00 0.000000000000000e+00 0.000000000000000e+00 -8.548958711484000e-07 0.000000000000000e+00 0.000000000000000e+00 0.000000000000000e+00 -1.252122931881612e-05 -1.252122931881612e-05 0.000000000000000e+00
1.849581100290000e+02 1.530887467206124e-08 1.530887467206124e-08 0.000000000000000e+00 0.000000000000000e+00 0.000000000000000e+00 4.673614207026036e-07 0.000000000000000e+00 0.000000000000000e+00 0.000000000000000e+00 -2.536278485284890e-05 -2.536278485284890e-05 0.000000000000000e+00
1.860258848509000e+02 1.444272802658627e-06 1.444272802658627e-06 0.000000000000000e+00 0.000000000000000e+00 0.000000000000000e+00 1.665346235079449e-06 0.000000000000000e+00 0.000000000000000e+00 0.000000000000000e+00 -1.307351034585084e-05 -1.307351034585084e-05 0.000000000000000e+00
1.870998240041000e+02 1.403824846376644e-06 1.403824846376644e-06 0.000000000000000e+00 0.000000000000000e+00 0.000000000000000e+00 1.626076910377226e-06 0.000000000000000e+00 0.000000000000000e+00 0.000000000000000e+00 4.497253458054597e-06 4.497253458054597e-06 0.000000000000000e+00
1.881799630757000e+02 8.259824149372096e-07 8.259824149372096e-07 0.000000000000000e+00 0.000000000000000e+00 0.000000000000000e+00 1.133988616787533e-06 0.000000000000000e+00 0.000000000000000e+00 0.000000000000000e+00 1.157871694833199e-05 1.157871694833199e-05 0.000000000000000e+00
1.892663378582000e+02 4.589923523022135e-07 4.589923523022135e-07 0.000000000000000e+00 0.000000000000000e+00 0.000000000000000e+00 8.196368948061998e-07 0.000000000000000e+00 0.000000000000000e+00 0.000000000000000e+00 1.525140457722424e-05 1.525140457722424e-05 0.000000000000000e+00
1.903589843508000e+02 -1.185417632239424e-07 -1.185417632239424e-07 0.000000000000000e+00 0.000000000000000e+00 0.000000000000000e+00 3.282223877514156e-07 0.000000000000000e+00 0.000000000000000e+00 0.000000000000000e+00 1.998651907898115e-05 1.998651907898115e-05 0.000000000000000e+00
1.914579387604000e+02 -1.029350776609804e-06 -1.029350776609804e-06 0.000000000000000e+00 0.000000000000000e+00 0.000000000000000e+00 -4.430998965613763e-07 0.000000000000000e+00 0.000000000000000e+00 0.000000000000000e+00 1.809803301906271e-05 1.809803301906271e-05 0.000000000000000e+00
1.925632375030000e+02 -1.623718551087987e-06 -1.623718551087987e-06 0.000000000000000e+00 0.000000000000000e+00 0.000000000000000e+00 -9.479650003165415e-07 0.000000000000000e+00 0.000000000000000e+00 0.000000000000000e+00 6.754079690583994e-06 6.754079690583994e-06 0.000000000000000e+00
1.936749172049000e+02 -1.519432081655496e-06 -1.519432081655496e-06 0.000000000000000e+00 0.000000000000000e+00 0.000000000000000e+00 -8.652897346946146e-07 0.000000000000000e+00 0.000000000000000e+00 0.000000000000000e+00 -5.517061409355795e-06 -5.517061409355795e-06 0.000000000000000e+00
1.947930147038000e+02 -1.100107676166315e-06 -1.100107676166315e-06 0.000000000000000e+00 0.000000000000000e+00 0.000000000000000e+00 -5.175414095661525e-07 0.000000000000000e+00 0.000000000000000e+00 0.000000000000000e+00 -1.094588871143618e-05 -1.094588871143618e-05 0.000000000000000e+00
1.959175670500000e+02 -8.937451221457313e-07 -8.937451221457313e-07 0.000000000000000e+00 0.000000000000000e+00 0.000000000000000e+00 -3.488322430092022e-07 0.000000000000000e+00 0.000000000000000e+00 0.000000000000000e+00 -1.118588435664867e-05 -1.118588435664867e-05 0.000000000000000e+00
1.970486115077000e+02 -9.728399035935889e-07 -9.728399035935889e-07 0.000000000000000e+00 0.000000000000000e+00 0.000000000000000e+00 -4.202449171401202e-07 0.000000000000000e+00 0.000000000000000e+00 0.000000000000000e+00 -1.231548090902682e-05 -1.231548090902682e-05 0.000000000000000e+00
1.981861855564000e+02 -1.064019914727083e-06 -1.064019914727083e-06 0.000000000000000e+00 0.000000000000000e+00 0.000000000000000e+00 -5.016387997886036e-07 0.000000000000000e+00 0.000000000000000e+00 0.000000000000000e+00 -1.674623539796154e-05 -1.674623539796154e-05 0.000000000000000e+00
1.993303268917000e+02 -9.733968203354602e-07 -9.733968203354602e-07 0.000000000000000e+00 0.000000000000000e+00 0.000000000000000e+00 -4.298251604425555e-07 0.000000000000000e+00 0.000000000000000e+00 0.000000000000000e+00 -2.184139714777657e-05 -2.184139714777657e-05 0.000000000000000e+00
2.004810734270000e+02 -7.650806434963616e-07 -7.650806434963616e-07 0.000000000000000e+00 0.000000000000000e+00 0.000000000000000e+00 -2.589626957932331e-07 0.000000000000000e+00 0.000000000000000e+00 0.000000000000000e+00 -2.399343258071614e-05 -2.399343258071614e-05 0.000000000000000e+00
